es_31_[4]	spanish	No obstante, sería imprudente ejecutar un proyecto únicamente con el resultado de un análisis de rentabilidad; puesto que, para realizar el flujo de caja proyectado se realizaron varios supuestos que no necesariamente tienen que cumplirse.	necesariamente	-1.5577467641072986
es_32_[2]	spanish	La quiebra del capítulo 13 permanece en tus antecedentes crediticios por al menos siete años.	antecedentes	-2.058447204904321
es_33_[1]	spanish	Esta modalidad de cheques posfechados no es avalada por la legislación de algunos países que considera que el cheque se convierte en un instrumento de crédito.	legislación	-2.1574592119792757
es_34_[1]	spanish	Para realizar el presupuesto, digamos finalmente, que los autores que se han dedicado a este asunto y al de las finanzas personales y familiares, han propuesto diferentes modelos, alguno o algunos de los cuales presentaremos en el capítulo antes aludido.	aludido	-3.1645402571378467
es_35_[1]	spanish	De todas maneras, señala el Diccionario aludido, computable o medible en dinero.	computable	-3.9864704321000777
es_36_[1]	spanish	El proceso está orientado para que se eduque de un modo gradual y constante en las habilidades y conocimientos requeridos para los negocios, finanzas e inversiones.	requeridos	-2.722511747811679
es_37_[2]	spanish	Existen ocho áreas fundamentales que debes tener en cuenta cuando planeas mantenerte tú mismo cuando te jubiles:	fundamentales	-1.60889928655468
es_38_[1]	spanish	El caso más frecuente es el de la ansiedad, zozobra y desesperación por mantener y obtener cada vez ingresos más altos, lo cual creo se comprende como una resultante impuesta por la sociedad de consumo que nos rige.	resultante	-2.4573201773764053
es_39_[4]	spanish	Un problema de solvencia implica que la compañía no está generando rentabilidad para los accionistas y si este problema persiste, no tendría sentido seguir operando.	rentabilidad	-2.121528075453212
es_40_[1]	spanish	El crédito personal es, igualmente, una facilidad crediticia en la cual la garantía del mismo es la promesa de pago incondicional de un deudor que goza de muy buena reputación y solvencia económica, moral y crediticia (Garantía fiduciaria).	igualmente	-1.3573389594762229
es_41_[1]	spanish	Si detecta algún dispositivo inusual o anormal en el equipo, añadidos, reparaciones mal hechas, no realice transacciones y notifique a la entidad financiera a la mayor brevedad posible.	inusual	-2.1493413217570962
es_42_[1]	spanish	El ingreso de una persona, de una familia o de una empresa, e incluso del Estado, es la cantidad de dinero que ésta recibe por realizar una actividad determinada remunerable (negocio, trabajo, venta de productos, etc.	remunerable	-4.726833121594321
es_43_[1]	spanish	En esta lista se deben incluir la casa, los alquileres, los servicios, alimentación, vestuario y otros gastos obvios.	obvios	-2.8695006251630533
es_44_[1]	spanish	Se otorga sobre vehículos del año, 0 kilómetros, nuevos, de agencias reconocidas.	vehículos	-1.6281893957772646
es_45_[2]	spanish	Posiblemente sea mejor cambiar el auto por otro más barato o usar un medio de transporte alternativo, en vez de dejar que el acreedor recupere el auto, lo que dañaría tus antecedentes crediticios.	acreedor	-2.9344414320960674
es_46_[1]	spanish	Los pagos electrónicos son aquellas transacciones en que se utilizan canales electrónicos para realizar pagos monetarios sin el empleo de efectivo como medio de pago.	utilizan	-1.3426589827872881
es_47_[1]	spanish	Los intereses corresponden a pagos que se realizan por la utilización de dinero por un cierto plazo.	utilización	-1.9801989226567427
es_48_[3]	spanish	Los principales delitos de este tipo son el tráfico de influencias, el fraude, el lavado de dinero, el cohecho, la quiebra fraudulenta y la estafa.	fraudulenta	-3.1827650772440457
es_49_[1]	spanish	Éste, está probado, no se tiene con el simple ahorro, o al menos con éste aquél es lento y no con la celeridad que quizás se desea, al fin y al cabo la vida es bastante corta y llena de permanentes riesgos y contingencias que es necesario enfrentar permanentemente.	celeridad	-2.881735081580065
es_50_[1]	spanish	No va a saber exactamente lo que cuesta cada uno de sus gastos mensuales (por ejemplo, los servicios), pero debe ser un estimativo bastante realista.	estimativo	-3.797414195880029
es_51_[3]	spanish	Este impuesto siempre está incorporado en el precio de las boletas de compras y ventas.	incorporado	-2.076525598462385
es_52_[1]	spanish	Control centralizado de cuentas: verificar el detalle de todas las cuentas (tanto corrientes como de ahorro) en una sola pantalla.	verificar	-1.7353855235905187
es_53_[2]	spanish	Un ejemplo sería ahorrar al menos $5 000 cada año para invertir para la jubilación.	jubilación	-2.46795649222219
es_54_[1]	spanish	Los bancos usan varios métodos para calcular los intereses y le toca a usted aprender cómo su banco computa estos cargos:	computa	-3.4480795206414925
es_55_[3]	spanish	Por ejemplo, cuando se invierte en una casa y se habita disfrutando de esta y además se puede obtener rentabilidad financiera en caso de venta o arriendo.	además	-0.4610133294639043
es_56_[4]	spanish	Las cifras también muestran un incremento en la capitalización de la compañía a través del aumento de acciones, superávit de capital y utilidades retenidas.	cifras	-1.8183481027156718
es_57_[4]	spanish	Por cada $100 de ingresos, la empresa gana $3.80 de utilidad neta.	utilidad	-1.5743918835353667
es_58_[1]	spanish	La jerarquía de necesidades de Maslow (pirámide de Maslow) consta de 5 niveles: Los cuatro primeros niveles pueden ser agrupados como necesidades del déficit (Deficit needs); el nivel superior se le denomina como una necesidad del ser (being needs).	denomina	-1.9429295423215867
es_59_[1]	spanish	Sobre el particular, dicen que las personas dentro de una multitud son arrastradas a hacer cosas que solas no lo harían y, citan lo siguiente:	citan	-2.8695006251630533
es_60_[1]	spanish	El crédito de los ciudadanos en las cosas más nimias no debe ser esclavizado y dependiente de una multitud de oficiales subalternos de las rentas.	nimias	-4.182765077244046
es_61_[1]	spanish	Los que ahorran piden que se les pague un precio por postergar su consumo, y los que demandan el dinero ahorrado (piden un crédito) para hacer una inversión están dispuestos a pagar un precio por ese dinero con tal de no perder la oportunidad de invertir y sacar un mayor resultado.	postergar	-3.2354714277600487
es_62_[3]	spanish	La última columna indica la diferencia favorable entre los flujos de ingresos por exportaciones menos los flujos de egresos por el pago de importaciones.	egresos	-3.1766047685392276
es_63_[2]	spanish	Pero si eso ocurre habitualmente, tienes un flujo de fondos negativo y tu presupuesto está desequilibrado.	ocurre	-1.120666806986701
es_64_[1]	spanish	En virtud de estas y otras reflexiones fue que se diseñó este capítulo en el marco del Libro Maestro de la cual forma parte sustantiva.	sustantiva	-3.3466218798827154
es_65_[1]	spanish	Afiliación: Están relacionadas con el desarrollo afectivo del individuo, son las necesidades de asociación, participación y aceptación en el grupo de trabajo, entre estas se encuentran: la amistad, el afecto y el amor.	individuo	-1.7974141958800287
es_66_[1]	spanish	Antivirus es un programa informático específicamente diseñado para detectar y eliminar virus; el uso correcto permite el bloqueo infranqueable de los virus y demás códigos maliciosos.	infranqueable	-3.509349177380415
es_67_[1]	spanish	En esta coyuntura surge el dinero que es casi un concepto abstracto, por lo simbólico, de allí la dificultad para algunos de definirlo y más para comprenderlo.	coyuntura	-2.582258913984705
es_68_[1]	spanish	Estas alternativas permiten rendimientos más reducidos, mientras los de plazo definido consideran pago de intereses.	rendimientos	-2.4596613931913076
es_69_[3]	spanish	Los segundos enfatizan en la dependencia y pérdida de identidad cultural que traen las nuevas prácticas y costumbre foráneas.	enfatizan	-3.2570111056161584
es_70_[1]	spanish	Para la operación óptima de dicha infraestructura ha sido necesaria la inversión de cifras millonarias de dinero para la compra, actualización y mantenimiento de equipo, redes de comunicación y software, con el fin de mantener los servicios operando las 24 horas de todos los días del año.	óptima	-2.2129499359832288
es_71_[2]	spanish	Es cierto que mis padres no tenían los medios financieros para que fuera a la universidad cuando terminé la secundaria, pero fue mi miedo lo que me impidió hacerlo.	financieros	-1.9548783726303725
es_72_[1]	spanish	Con frecuencia en el país la gente se queja del alto costo de vida, especialmente en los últimos tiempos, y esto porque los productos de uso inmediato, así como muchos de los servicios esenciales, aumentan su valor constantemente.	esenciales	-1.8638078253648511
es_73_[1]	spanish	Esto es, la entrega del cheque no libera jurídicamente al deudor ni, consecuentemente extingue su débito.	extingue	-3.09844419154401
es_74_[4]	spanish	Si alguno de los rubros mencionados en estas tablas no involucra efectivo, entonces no debe considerarse para la elaboración del estado financiero.	involucra	-2.201788314557476
es_75_[3]	spanish	El precio de los bienes o servicios es determinado por el comprador ya que, al ser único, posee el poder de mercado y los numerosos oferentes deben adaptarse a sus exigencias.	oferentes	-3.4963842002160477
es_76_[1]	spanish	Si existe igualdad fiscal todos los ciudadanos tendrán constante necesidad de reunirse y de obrar en asuntos que a todos interesa y eso basta para conservar un nexo entre ellos.	nexo	-2.619623151946453
es_77_[2]	spanish	Es cierto que algunas cuentas 401(k) te permiten pedir dinero prestado, pero hacerlo enlentece el ritmo de crecimiento de la cuenta.	enlentece	-4.073620607818978
es_78_[3]	spanish	En la actualidad, los impuestos que recauda el fisco permiten financiar gasto e inversiones y actividades de bien general en beneficio de los habitantes del territorio.	recauda	-3.208319181716434
es_79_[1]	spanish	Son diferentes las teorías psicológicas y psicosociales que sugieren la manera de llegar al cambio de las actitudes, las cuales afortunadamente no discrepan de manera preocupante.	afortunadamente	-1.707093888919616
es_80_[1]	spanish	¡Cuánto más sencillo sería aceptar dinero de quien tuviere un aparato de televisión que necesitara reparación, y luego comprar sus comestibles y otros artículos con ese dinero!	sencillo	-1.0338100536706274
es_81_[1]	spanish	Su audiencia hasta este punto había sido muy cortés y receptiva, y había estado muy contenta con el material que ella había mostrado.	audiencia	-1.5956958478157144
es_82_[4]	spanish	Su valor indica que por cada dólar invertido en el negocio, la compañía genera $2.05 en ventas.	genera	-1.2840398956545525
es_83_[1]	spanish	La entidad bancaria o institución emisora de la tarjeta proporcionará un estado de cuenta de las transacciones efectuadas por un período de tiempo determinado.	proporcionará	-2.7654120275278733
es_84_[3]	spanish	En sus comienzos cada moneda valía alrededor de $300, a fines de 2019 llega a $15.000 y continúa con alzas y bajas.	comienzos	-2.1108830699379206
es_85_[1]	spanish	Como, en general, las personas no han recibido educación financiera, en el manejo que hacen de sus ingresos no prevén recursos que les permita tener alguna reserva económica para enfrentar alguna de las múltiples contingencias o imprevistos de que antes se ha hablado aquí.	prevén	-3.0108297779595223
es_86_[1]	spanish	Cuando empecé a estudiar las leyes fiscales (dice Mollien en sus Memorias) me horroricé de lo que veía: multas, prisiones, castigos corporales al arbitrio de tribunales especiales; los delegados tenían en sus manos a personas y bienes.	horroricé	-4.42580312593034
es_87_[3]	spanish	Los primeros sostienen que la integración e interacción de las naciones favorece a todos los pueblos, sin importar su origen o latitud.	favorece	-2.0669169215244714
es_88_[1]	spanish	Para lograr una buena administración de los recursos financieros, si aún no se ha hecho, es imprescindible iniciar un programa regular de planificación financiera.	imprescindible	-1.9206531476104343
es_89_[3]	spanish	Estado de flujo de efectivo igual que el estado de resultados, este informe es complementario al balance.	complementario	-2.582258913984705
es_90_[4]	spanish	Éstos incluyen: sueldos, arriendos, seguros, mantenimientos, suministros, combustible, depreciaciones, entre otros.	depreciaciones	-3.9864704321000777
es_91_[4]	spanish	Incluso, un mismo producto podría tener precio distinto para la misma persona, si ésta lo adquiere en sucursales que pertenezcan a diferentes estratos sociales.	estratos	-2.744561888554753
es_92_[2]	spanish	En el largo plazo, las acciones, en promedio, superan de forma sistemática y sustancial al efectivo y a la inflación.	inflación	-1.9856815227425364
es_93_[3]	spanish	En general, se dice que la rentabilidad normal de una inversión en países desarrollados fluctúa, en promedio, entre el 6 % y el 8 % anual.	fluctúa	-3.2216831432744155
es_94_[3]	spanish	En ciertos casos hay aranceles de referencia, como los que operan en el sector de la salud para determinadas prestaciones médicas.	aranceles	-2.9671652769046912
es_95_[4]	spanish	Es uno de los puestos claves de la organización, y en muchas ocasiones se lo reconoce como el segundo al mando luego del gerente general; quien lo supervisa, acorde a la estructura jerárquica.	luego	-0.4288976152346742
es_96_[2]	spanish	Casi todos los estados exigen a los automovilistas el seguro de responsabilidad para automóviles que cubre costos médicos y reparaciones del vehículo entre otros costos.	vehículo	-1.5224417896750218
es_97_[4]	spanish	Si este indicador baja de 1, implicaría que la empresa no está en capacidad de cubrir sus obligaciones de corto plazo con los activos líquidos que posee.	cubrir	-1.5185261592406587
es_98_[4]	spanish	Cuando este último caso sucede, el proyecto o la inversión no es económicamente rentable y no debe ejecutarse.	ejecutarse	-2.900758318893495
es_99_[4]	spanish	Entonces, esta persona se dirige a un banco con la factura y realiza una operación conocida como factoring.	factoring	-3.913919764951466
es_100_[4]	spanish	El administrador de escenarios es una herramienta en Excel que permite alterar múltiples variables con el objetivo de observar el efecto en otras variables de resultados.	observar	-1.277277589917294
es_101_[1]	spanish	Para el conjunto de la economía, porque contribuyen de forma decisiva a la asignación eficiente de los recursos.	asignación	-2.380480147143683
es_102_[1]	spanish	Las deudas, la elaboración del presupuesto familiar, las cuentas por pagar, etc. pueden ser objeto de dolorosos conflictos familiares y, por esta razón, muchas parejas optan por no hablar de dinero para evitar disputas y con lo cual no se hacen ningún favor.	disputas	-2.4913046746867726
es_103_[1]	spanish	Elusión tributaria: Es una figura consistente en no pagar determinados impuestos que se han establecido, amparándose en subterfugios o resquicios legales, no previstos por el legislador en el momento de redactar la ley.	previstos	-2.7203670793450896
es_104_[1]	spanish	El impuesto a los réditos es también un buen instrumento para conocer el monto de las rentas y de la riqueza nacional.	instrumento	-1.7178073795074111
es_105_[1]	spanish	Los hombres se dedicaban preferentemente a la caza y confeccionaban los utensilios de piedra.	confeccionaban	-4.182765077244046
es_106_[4]	spanish	En este sentido, el análisis vertical permite responder la interrogante anterior, señalando el uso que se dio a los ingresos de la compañía en el período de análisis.	interrogante	-2.6281893957772646
es_107_[1]	spanish	Así se podrán reparar más rápido los carros, y se podrá recibir mayor número de los que actualmente se pueden atender.	número	-0.7207737522096869
es_108_[1]	spanish	Luego, haga un cuadro donde pueda colocar cuánto debe reunir semanal o mensualmente para lograr cada una de sus metas, dependiendo del plazo que éstas tengan.	colocar	-1.1231475719796218
es_109_[2]	spanish	Estas tarjetas acarrean pocos riesgos y te ayudan a crear buenos antecedentes crediticios al mostrar tu capacidad para usar una tarjeta con responsabilidad.	acarrean	-3.5507418625386404
es_110_[2]	spanish	Los acreedores confían en la información crediticia para ver cómo has gestionado tus préstamos en el pasado y determinar qué posibilidades tienes de pagar un nuevo préstamo.	acreedores	-2.900758318893495
es_111_[1]	spanish	Cheque de caja: se solicita al banco, y este procede a retirar el monto solicitado de la cuenta corriente o de inversión del solicitante o se deposita en la cuenta que el banco destine.	solicita	-2.2533461515297533
es_112_[1]	spanish	Las fuerzas de crecimiento dan lugar a un movimiento hacia arriba en la jerarquía, mientras que las fuerzas regresivas empujan las necesidades prepotentes hacia abajo en la misma.	prepotentes	-3.6476518755466967
es_113_[1]	spanish	Prepararse para el futuro es también prepararse para la jubilación y para los posibles gastos médicos todo lo cual requiere planeación, ahorro y un número limitado de deudas.	requiere	-1.3281987970559295
es_114_[3]	spanish	El mercado es el lugar donde se transan las mercancías y los servicios; es la expresión que define el lugar físico o figurado donde se encuentran vendedores y compradores.	mercancías	-2.352084775584218
es_115_[1]	spanish	En cambio, aunque desaparecieran todos los privilegios y quedara únicamente el privilegio fiscal, bastaría esta desigualdad para mantener separadas las clases, ya que nunca podrían reunirse para discutir y decidir los asuntos que más les interesan y los que con mayor frecuencia se suscitan.	suscitan	-3.3035872476575134
es_116_[4]	spanish	Finalmente, se incluye el valor positivo por la adquisición del préstamo y los valores negativos por la amortización de la deuda que se obtiene de la tabla 21.	amortización	-3.09844419154401
es_117_[3]	spanish	Además de los anteriores, en la economía global hay indicadores financieros que entregan información sobre el pulso bursátil, el número y los montos de las transacciones de acciones de sociedades, bonos u otros instrumentos financieros y de inversión.	bursátil	-2.8755747728752463
es_118_[1]	spanish	Con lo anterior, surge otro paso en la planeación y lo que sigue lo explican muy bien los varias veces mencionados Alonso, Brailovsky y Ortiz y a lo cual queremos ceñirnos adaptándolo y trascribiéndolo aquí en toda su dimensión, dada su relevancia.	ceñirnos	-3.7056438225243835
es_119_[2]	spanish	En la quiebra prevista en el capítulo 7, tus activos se venden y el dinero se divide entre tus acreedores.	divide	-1.8297561183849012
es_120_[3]	spanish	«El sistema de administración financiera del Estado comprende el conjunto de procesos administrativos que permiten la obtención de recursos y su aplicación a la concreción de los logros de los objetivos del Estado	comprende	-1.981758330012264
es_121_[2]	spanish	Crea una lista de gastos previsibles y piensa cómo crees que gastas tu dinero en un mes normal.	previsibles	-3.415079260538567
es_122_[1]	spanish	Por no dejar pasar la oportunidad, usted puede ir a un vendedor de automóviles, escoger uno y pagarlo a plazos.	plazos	-2.2210050877394854
es_123_[1]	spanish	Autorrealización: Son las más elevadas, se hallan en la cima de la jerarquía, a través de su satisfacción personal, encuentran un sentido a la vida mediante el desarrollo de su potencial en una actividad.	potencial	-1.4674781942862871
es_124_[4]	spanish	El segundo principio establece que no basta con incrementar las entradas de efectivo, sino que éstas deben acelerarse.	incrementar	-2.0179874835461424
es_125_[1]	spanish	Realizan una adecuación de las necesidades entre prestamistas y prestatarios en cuanto a cantidades y plazos.	prestatarios	-3.8517718582026217
es_126_[4]	spanish	No obstante, dado que existe esa disminución, la tarea siguiente sería buscar qué pudo haber ocasionado esa variación.	disminución	-1.9102604255682185
es_127_[1]	spanish	Como resultado, una emergencia costosa, como la súbita pérdida de empleo o la acumulación de demasiadas cuentas médicas, podrían enviar a cualquier persona que no esté financieramente preparada a vivir endeudada durante años y, en algunos casos, a la bancarrota.	bancarrota	-2.65864725984816
es_128_[1]	spanish	Los problemas de la economía urbana son en gran parte de naturaleza social, y las muchas propuestas para mejorar el bienestar social y económico de los grupos minoritarios indican una recia voluntad para cooperar en la solución de estos problemas.	recia	-3.3035872476575134
es_129_[1]	spanish	El seguimiento o monitoreo y evaluación, que es la tercera etapa, permitirá ir visualizando la puesta en marcha y el cumplimiento del plan de acción, para contribuir al logro de sus objetivos y metas, así como plantear recomendaciones para evitar desviaciones; es decir, una forma de evaluación concurrente.	desviaciones	-2.974784673774883
es_130_[1]	spanish	Los bienes y servicios utilizados por las personas o la sociedad para satisfacer sus necesidades se denominan satisfactores o productos, o simplemente bienes.	denominan	-2.440152152239391
es_131_[1]	spanish	Si se visita una fábrica de refrigeradoras y de estufas se encontrará que allí, según su tamaño, trabajan muchos obreros, quienes procesan las láminas de acero y construyen, con otras actividades los muebles metálicos.	estufas	-3.1586313975273264
es_132_[1]	spanish	Pero a muchas personas no les gusta ceñirse a él porque sencillamente no les gusta y porque los presupuestos contienen once de los obstáculos que impiden que estos se hagan.	ceñirse	-3.4963842002160477
es_133_[1]	spanish	El asegurado es quien se espera que tome la decisión sobre la cuantía del seguro, calculado sobre sus ingresos, para posibilitar la cuota que debe atender y también proyectando cual sería el valor o costo ajustado de los gastos familiares, tomando en cuenta también el tamaño y características de la familia.	cuantía	-2.742305808250529
es_134_[2]	spanish	Una de las mejores formas de gestionar el riesgo es distribuir tus inversiones y ahorros a través de diversos canales.	gestionar	-1.7948670068661488
es_135_[1]	spanish	Al momento de la entrega de estos cheques, el banco pide que el solicitante los firme, y solo podrá cobrarlos esta persona al firmar nuevamente los cheques en la parte de abajo, así la entidad que los recibe podrá cotejar que las firmas sean idénticas.	cotejar	-3.2570111056161584
es_136_[4]	spanish	El punto de equilibrio, dependiendo del giro del negocio, puede expresarse en cantidades o en términos monetarios.	monetarios	-2.9450777469418528
es_137_[4]	spanish	Como se indicó al inicio del capítulo, para la construcción del EFE se emplean dos métodos: directo e indirecto.	emplean	-2.45152176705251
es_138_[3]	spanish	Otras disposiciones, como el artículo 19 de la Ley de Bancos, establecen que estas entidades deben conservar los libros y documentación por diez años, salvo que la Superintendencia de Bancos e Instituciones Financieras autorice su destrucción con anterioridad.	disposiciones	-2.4963842002160477
es_139_[1]	spanish	Es posible evitar el crecimiento de una deuda utilizando su tarjeta de crédito solamente cuando pueda cancelar la totalidad de su saldo todos los meses.	solamente	-0.7025322120146071
es_140_[4]	spanish	Al igual que se mencionó en la sección de la tabla de datos, el administrador de escenarios requiere que toda la información del flujo de caja se encuentre correctamente formulada antes de su ejecución.	ejecución	-1.8426043519617177
es_141_[1]	spanish	Estimado Cliente. Queremos informarle que personas inescrupulosas están solicitando información a nuestros clientes en nombre de nuestra Institución, por consiguiente, para verificar si su cuenta fue afectada ingrese en los siguientes campos su número de Tarjeta y contraseña...	inescrupulosas	-4.124773130266359
es_142_[2]	spanish	Por ejemplo: Tengo que mantenerme al día con las tendencias, o me sentiré avergonzado.	mantenerme	-2.58853042342804
es_143_[1]	spanish	Sin duda, estaremos de acuerdo en que el metal en un automóvil de último modelo es más útil que un montón de mineral de hierro o unos pocos lingotes de acero.	automóvil	-2.0326668256611233
es_144_[1]	spanish	Eficiencia: Ausencia de despilfarro o utilización de los recursos económicos, que reporta el máximo nivel de satisfacción posible, con los factores y la tecnología dados.	despilfarro	-3.1586313975273264
es_145_[3]	spanish	En el origen, los impuestos eran aplicados a las personas, por los soberanos y el clero, para financiar los asuntos de las castas gobernantes y ceremonias religiosas respectivamente.	clero	-2.789817014129507
es_146_[1]	spanish	También, deben considerarse, los aspectos relativos a la conceptualización e ideas generales sobre la historia de la tributación, su importancia, propósitos, características y equidad o justicia de un buen impuesto; la educabilidad y la dimensión moral de los impuestos y, los impuestos y las finanzas personales.	educabilidad	-5.027863117258303
es_147_[4]	spanish	En resumen, acorde a las tablas presentadas, se han incrementado los ingresos, las utilidades, la capitalización y el efectivo.	incrementado	-2.427980045184615
es_148_[1]	spanish	En el primero, el bien o servicio se consume directamente y no es utilizado para generar otros productos.	generar	-1.161516694508701
es_149_[1]	spanish	Se han logrado tremendos incrementos en la producción total como resultado del desarrollo de la energía eléctrica y hoy también la marina y la eólica que se están tratando de aprovechar para usos industriales y otros.	incrementos	-2.8488861699651333
es_150_[4]	spanish	Cobros derivados del reembolso de anticipos y préstamos a terceros (distintos de las operaciones de este tipo hechas por entidades financieras).	reembolso	-2.784825068572008
es_151_[4]	spanish	La inversión requerida es de $15,000 que incluyen: $5,000 en maquinarias y equipos, $2,000 en mobiliario; el saldo corresponde al capital de trabajo.	requerida	-2.6476518755466967
es_152_[1]	spanish	Los ingresos activos están constituidos por el salario o sueldo que se percibe, cuando se tiene un empleo, honorarios que se cobran como contraprestación de servicios, comisiones y otros pagos de la misma naturaleza.	contraprestación	-3.287500427764059
es_153_[1]	spanish	La Economía como una disciplina científica que es y que tiene, por consiguiente, su propia estructura de conocimientos tiene asimismo una serie de principios y leyes como los siguientes: Los individuos se enfrentan a disyuntivas o alternativas.	individuos	-1.8339041392391158
es_154_[1]	spanish	La diferencia estriba en que mientras las necesidades de déficit pueden ser satisfechas, las necesidades del ser son una fuerza impelente continua.	estriba	-3.3202929411603663
es_155_[2]	spanish	Con intereses, ese monto de ahorros mensuales les permitiría ahorrar el pago inicial y comprar su vivienda en 24 meses.	inicial	-1.4236370641738325
es_156_[1]	spanish	espeluznante en relación con los gastos que uno debe hacer por alguna enfermedad.	espeluznante	-2.5565714061993643
es_157_[3]	spanish	De partida, el tema concierne a todos los individuos y durante toda la vida, pues las finanzas explican la procedencia y uso de los ingresos y recursos que se disponen para satisfacer las necesidades particulares de todas y todos.	concierne	-2.662375132367403
es_158_[1]	spanish	La riqueza con cara humana es lo que percibe y estudia el humanismo, y bajo esta óptica, es que debe inclinarse la educación financiera que deben tener todas las personas que se propongan como meta construir un futuro personal, familiar y social, tranquilo y sostenible.	percibe	-2.0878449622506396
es_159_[2]	spanish	Me merezco despilfarrar un poco de vez en cuando y será como una recompensa por mi esfuerzo.	despilfarrar	-3.5964993530993152
es_160_[1]	spanish	Aplicarla no es fácil, porque usted tiene que demorar la gratificación de hoy para arreglar el desastre que hizo ayer.	gratificación	-2.9634051280313845
es_161_[1]	spanish	La importancia y trascendencia de las funciones económicas del cheque, derivan de su consideración de medio o instrumento de pago.	trascendencia	-2.396419348245131
es_162_[2]	spanish	Si solicitas una tarjeta de crédito, úsala para comprar cosas que puedes pagar y paga lo que debes a la brevedad.	solicitas	-3.3118597736235036
es_163_[1]	spanish	canaliza hacia otra pareja que precisa de un préstamo hipotecario con el que afrontar el pago de la vivienda.	canaliza	-3.114049264874586
es_164_[1]	spanish	Pues, el uso de mi chequera testimoniará que soy una persona cumplida y que soy ordenada en la administración de mis cuentas.	testimoniará	-5.027863117258303
es_165_[3]	spanish	Estos delitos son difíciles de probar y los ejecutores reciben bajas penas a pesar de que afectan pasivamente a gran cantidad de personas.	ejecutores	-3.1890140265210474
es_166_[4]	spanish	Por ejemplo, considere una panadería que reemplace sus cajeros por ánforas; el pan se coloca en las perchas y se invita a los clientes a tomar el que quieran y comerlo.	ánforas	-3.4046138268604023
es_167_[3]	spanish	En la década de los sesenta del siglo XX, el filósofo y comunicador canadiense Marshall McLuhan anticipó nuestras vidas en comunidad universal gracias a los progresos tecnológicos en comunicaciones e interconexiones humanas a escala global y acuñó la expresión «aldea global» para describir la tierra que habitamos.	interconexiones	-3.66613528124071
es_168_[1]	spanish	Sin embargo, la producción total y el nivel de vida están afectados por la composición y estructura de edades de la población, su educación y el tamaño de la fuerza obrera y productiva, la destreza y movilidad de los trabajadores y la laboriosidad y actitud psicológica de las personas.	estructura	-1.2214796154341352
es_169_[1]	spanish	Para vivir en ese clima de fe y optimismo, indispensable a la felicidad, hemos de hacer la guerra a dos enemigos: el escepticismo y los estados o fenómenos psicológicos enemigos del optimismo.	escepticismo	-2.7333968910967097
es_170_[3]	spanish	Está indexada con el IPC, de ahí que su fluctuación siga las variaciones del costo de la vida mensual, similar a la UF (unidad de fomento).	fluctuación	-3.1413723920858208
es_171_[4]	spanish	El análisis de la teoría señalada es importante en las finanzas porque implica que un administrador no debe limitarse a establecer un precio acorde al costo de producción que mantiene.	señalada	-2.831963464849069
es_172_[3]	spanish	Al mismo tiempo, como economía abierta al mundo, es un importador de bienes durables de uso doméstico e industrial, como automóviles, artículos electrónicos, vestuario y alimentos de consumo masivo.	bienes	-1.6225167570825938
es_173_[1]	spanish	Reducir los plazos y los costes de intermediación al facilitar la búsqueda de contrapartida para cada operación y agilizar los procedimientos de liquidación.	contrapartida	-2.907289186052453
es_174_[1]	spanish	La producción, digamos sencillamente que es, entre las diferentes acepciones del concepto y según el enfoque económico, crear cosas o servicios con valor económico.	acepciones	-3.374650603482959
es_175_[4]	spanish	Los índices y razones presentan ratios de las cuentas de balance y estado de resultados con el objetivo de correlacionar información que no puede observarse a través del análisis vertical o el análisis horizontal.	ratios	-3.07847311061339
es_176_[4]	spanish	Por ejemplo, si se incrementan los documentos por pagar, significa que la empresa se ha endeudado, por tanto, recibió efectivo.	incrementan	-2.8431716864407037
es_177_[2]	spanish	Cómo y cuándo usar los fondos del plan jubilatorio, saber cuáles son las distribuciones mínimas exigidas y abrir cuentas de ahorros jubilatorios, por tu cuenta o a través de tu empleador.	jubilatorios	-4.328893112922284
es_178_[1]	spanish	La clave para lograr sus objetivos financieros, personales y familiares, es planificarlos apropiadamente y darles mucho seguimiento a través de este presupuesto.	apropiadamente	-2.8488861699651333
es_179_[1]	spanish	El Banco Mundial, en el libro demarcar la pobreza	demarcar	-3.948681871210678
es_180_[4]	spanish	La reducción de estas dos últimas puede colaborar al mencionado incremento del efectivo, ya sea por procesos de cobranzas o incrementos en ventas.	incremento	-1.9330427369035028
es_181_[1]	spanish	Algunos de ustedes tienen grandes deudas, han cavado un gran hoyo y se demoraron bastante tiempo en caer en esa hondonada, por lo tanto van a requerir de tiempo para salir de ella.	demoraron	-3.208319181716434
es_182_[1]	spanish	Es importante pensar que cuando se exceden los tiempos para el pago de ellos se sufren unos recargos que, aunque a veces parezca que son intrascendentes o poco gravosos, de alguna manera afectan el presupuesto personal o familiar y esto sin mencionar otros inconvenientes, dificultades o problemas que acarrea tal incumplimiento.	acarrea	-3.036637041565808
es_183_[2]	spanish	Por ejemplo, generalmente la hipoteca es uno de los mejores tipos de endeudamiento, porque la mayoría de las viviendas aumenta de valor con el paso del tiempo.	endeudamiento	-2.7583501730403865
es_184_[1]	spanish	Los tipos de seguros disponibles se expanden y se ha llegado al grado en que el sector financiero está muy directamente relacionado con el tema.	expanden	-3.0066738181883648
es_185_[1]	spanish	Pero uno no puede dejar que el derrotismo lo detenga e impida que haga un presupuesto.	derrotismo	-3.881735081580065
es_186_[3]	spanish	En espacios monopólicos, el comprador no tiene la posibilidad de seleccionar, en uno u otro oferente, lo que le parezca más conveniente, como sí lo hace en mercados competitivos.	oferente	-3.913919764951466
es_187_[2]	spanish	El seguro de responsabilidad civil, también denominado de cobertura completa, te protege ante las reclamaciones de terceros por lesiones y daños a la propiedad.	reclamaciones	-2.760691388855289
es_188_[3]	spanish	El lucro, en cambio, aunque es un sinónimo de utilidad, ganancias o beneficio, es la expresión peyorativa de la utilidad.	peyorativa	-3.5807050859160836
es_189_[3]	spanish	Estos trabajadores debían entregar a la empresa una boleta por los honorarios, donde se señalaba claramente el monto del total, el descuento del 10 % y la suma por recibir, además de los datos del trabajador y del destinatario.	destinatario	-2.8576014018633455
es_190_[1]	spanish	Tal vez se cuestione por qué tiene que someterse a esta disciplina e inconveniencia de presupuestar su propia vida.	cuestione	-3.228522567804721
es_191_[1]	spanish	Las transacciones en cajeros deben ser personalizadas, no preste su tarjeta y no de la clave a ningún amigo o conocido para que realice las transacciones por usted.	personalizadas	-2.433470566882876
es_192_[1]	spanish	Tiene que educarse activamente en estas materias (rendimientos, balances y contabilidad, negocios, mercados, negociación, contratos) y desarrollar aptitudes comerciales.	aptitudes	-2.709799782295541
es_193_[1]	spanish	Tal vez una familia numerosa ocupaba una pocilga o una pequeña parte de un inquilinato, compuesta de dos o tres cuartos.	inquilinato	-4.328893112922284
es_194_[1]	spanish	La tarea fundamental de la empresa es la de organizar y poner en acción los factores productivos que son los recursos naturales (materias primas), el trabajo y el capital, para transformarlos en bienes y servicios.	fundamental	-1.2271460389759177
es_195_[1]	spanish	El problema es que esas penalizaciones tienen a la larga una repercusión negativa en la historia de crédito, la cual es muy importante en todas las finanzas y desde luego, en las finanzas personales y familiares.	penalizaciones	-3.415079260538567
es_196_[1]	spanish	El desempleo involuntario es un fenómeno muy común y que se ha acentuado calamitosamente en los últimos tiempos, en los países y en las economías modernas.	acentuado	-3.073620607818978
es_197_[3]	spanish	De cierto modo, lo global se contrapone a lo tribal, entendiendo esto último como la conveniencia de la defensa de las culturas locales, en su mayoría de orígenes ancestrales.	contrapone	-3.242533282247536
es_198_[2]	spanish	A continuación, te presentamos un panorama general de los tipos de inversiones habituales.	habituales	-1.9833233568658917
es_199_[1]	spanish	Los accionistas comunes están sujetos a que la compañía decida no distribuir los dividendos y que los montos distribuidos fluctúen considerablemente de un periodo a otro.	fluctúen	-4.249711866874659
es_200_[1]	spanish	Al igual que en el resto de las disciplinas, en la Economía se distinguen tres tipos fundamentales de leyes: Leyes causales: las determinan las relaciones en las que, a continuación de un hecho, acción o acto determinado, sobreviene constantemente otro hecho determinado, en un lapso determinado.	sobreviene	-3.4596613931913076
es_201_[1]	spanish	Esta circunstancia o familiaridad hace que el concepto sea comprendido fácilmente, aunque quizás no el uso o manejo adecuado, ya que para este se requieren otras habilidades y valores más que el solo conocimiento.	circunstancia	-1.9390185545312983
es_202_[2]	spanish	Evalúa dar al menos algunos de los siguientes pasos: Antes de omitir un pago, llama a tus acreedores para analizar las opciones.	omitir	-2.4667617336092467
es_203_[1]	spanish	La austeridad significa realizar el gasto necesario y está asociado al ahorro, que tiene una connotación completamente diferente al de avaricia que se refiere a un afán desordenado de poseer riquezas o dinero para atesorarlo, que puede inducir a actuar con envidia y actos negativos.	connotación	-2.5146455171903637
es_204_[4]	spanish	Acorde a los datos presentados se puede observar que a pesar de observarse un crecimiento del 0.7% en el total de activos circulantes; esta cuenta está utilizando un menor porcentaje de los recursos totales invertidos entre el 2016 y el 2017.	circulantes	-3.5227131389383968
es_205_[2]	spanish	Si te denegaron un crédito, tienes derecho a obtener un informe crediticio gratis.	denegaron	-3.948681871210678
es_206_[2]	spanish	Si la agencia determina que la información que contiene el informe es inexacta, el acreedor debe notificar a las otras agencias de informes crediticios sobre la existencia del error para que ellos también puedan corregir la información.	inexacta	-3.5654651193593465
es_207_[2]	spanish	Anteriormente, mencionamos las formas de averiguar a dónde va a parar tu dinero y cómo detener las fugas de dinero.	averiguar	-1.799462758555298
es_208_[4]	spanish	Por otra parte, el tercer principio se orienta a los egresos y señala: disminuir las salidas de dinero	disminuir	-1.7541675293282106
es_209_[1]	spanish	Todos los habitantes de la sociedad toman decisiones económicas, para mejorar sus remuneraciones, su consumo y, consecuentemente, elevar su bienestar.	remuneraciones	-3.5507418625386404
es_210_[4]	spanish	Dependiendo de las circunstancias y particularidades de cada proyecto, es posible que tenga que evaluarse la rentabilidad ante movimientos de tres o más variables.	particularidades	-2.3824408479092107
es_211_[1]	spanish	El Banco Mundial, al definir la pobreza, establece un tope de ingreso de un dólar al día por persona.	tope	-1.6523824026397302
es_212_[1]	spanish	Para poder cumplir con los nuevos pedidos, la empresa necesita construir nuevos hornos, comprar más materiales y contratar más personas para su manejo y el de las nuevas máquinas que también se tuvo que adquirir.	adquirir	-1.5847566605210366
es_213_[1]	spanish	La mejor forma de evitar el pago de tasas de interés altas y penalidades, es llevando la cuenta de los gastos realizados con su tarjeta de crédito.	penalidades	-3.170530620827034
es_214_[1]	spanish	Cada vez que ellos se metían en una situación que no les gustaba, las primeras palabras que balbuceaban era	balbuceaban	-5.027863117258303
es_215_[1]	spanish	Una incapacidad, y máxime si se trata de una incapacidad total es supremamente complicada para cualquier persona, y algunos dicen que lo es más que la misma muerte prematura, porque además de la pérdida de la fuente generadora de ingresos hay que sumar por lo general los gastos médicos.	supremamente	-2.5580411012801396
es_216_[3]	spanish	Para ello disponen de sistemas de información que les proporcionan datos financieros y no financieros periódicamente.	proporcionan	-2.2453904930920165
es_217_[1]	spanish	La lista de cuentas aludida es invaluable para la familia si usted llega a estar incapacitado o muere repentinamente.	aludida	-3.612889769287485
es_218_[3]	spanish	Cada año, en los meses de marzo y abril, el Servicio de Impuestos Internos propone declaraciones digitales a los contribuyentes (declaraciones de renta precalculadas por la institución), particularmente para personas naturales y pequeñas empresas.	particularmente	-1.6512861602017908
es_219_[3]	spanish	Diez años si la prescripción se interrumpe mediante reconocimiento escrito de la obligación tributaria por parte del contribuyente.	prescripción	-2.767791729273228
es_220_[1]	spanish	Hoy en día han surgido los diferentes medios de pago (antes mencionados) que eliminan el riesgo de robo y se pueden recuperar en caso de extravío, son fáciles de manejar y permiten el control de ingresos y gastos.	extravío	-3.4046138268604023
es_221_[1]	spanish	Por consiguiente, primero compran las cosas que necesitan, después las que más desean y prescinden de lo demás.	prescinden	-4.124773130266359
es_222_[4]	spanish	Por ejemplo, en la tabla anterior se muestra una reducción de los Otros Ingresos, sin embargo no se puede identificar cuál es la razón para dicha reducción.	razón	-0.9225914341515089
es_223_[2]	spanish	Con frecuencia, estas compañías cobran honorarios costosos por cosas que podrías hacer tú mismo.	costosos	-2.4446643432896797
es_224_[1]	spanish	También, en los países existen otras instituciones depositarias de ahorros como las cajas de ahorro, asociaciones de ahorro y préstamo, por ejemplo que, por lo general, otorgan préstamos hipotecarios para vivienda, préstamos al consumidor o para fines específicos.	otorgan	-2.5901125544379147
es_225_[1]	spanish	El documento antes citado, la define también como: el rompimiento del equilibrio psicofisiológico que experimenta el ser humano, provocado por la falta o exceso de algo.	rompimiento	-2.904011476291217
es_226_[1]	spanish	La función de concentración de recursos, tiene que ver con la racionalidad de las personas que invierten al decidir cómo y dónde destinar sus recursos financieros, teniendo en cuenta la evaluación que realicen de la relación riesgo	racionalidad	-2.82920603030388
es_227_[1]	spanish	Después surgió la moneda y posteriormente surgió el papel-moneda, que por mucho tiempo fueron los principales medios para los intercambios comerciales.	surgió	-1.7272676333683392
es_228_[1]	spanish	A éstos se les coloca una fecha posterior al momento en que se elabora el cheque, como manera de recordarle al que lo recibe que la cuenta no tendrá los fondos suficientes si no hasta el día que se indica en el cheque y que sólo entonces podrá hacerlo efectivo.	coloca	-1.6348146508415244
es_229_[1]	spanish	Colisión: Choque de dos cuerpos. Oposición y pugna de ideas, principios o intereses. Parte del ingreso que no se destina al ahorro, sino que es aplicado a la adquisición de alimentos, educación, ocio, entre otros.	pugna	-2.9634051280313845
es_230_[3]	spanish	La corrupción, en tanto, es lo opuesto a la honradez y se la asocia con el vicio, el soborno, la perversión y otros calificativos vinculados a lo inmoral y a la falta de ética personal y empresarial en el actuar.	asocia	-2.1934424135767703
es_231	spanish	No obstante, sería imprudente ejecutar un proyecto únicamente con el resultado de un análisis de rentabilidad; puesto que, para realizar el flujo de caja proyectado se realizaron varios supuestos que no necesariamente tienen que cumplirse.	únicamente	-1.3708072644011988
es_232	spanish	La quiebra del capítulo 13 permanece en tus antecedentes crediticios por al menos siete años.	permanece	-1.9072891860524528
es_233	spanish	Esta modalidad de cheques posfechados no es avalada por la legislación de algunos países que considera que el cheque se convierte en un instrumento de crédito.	avalada	-3.214949760615447
es_234	spanish	Para realizar el presupuesto, digamos finalmente, que los autores que se han dedicado a este asunto y al de las finanzas personales y familiares, han propuesto diferentes modelos, alguno o algunos de los cuales presentaremos en el capítulo antes aludido.	familiares	-1.3278520549361903
es_235	spanish	De todas maneras, señala el Diccionario aludido, mercantilista entre riqueza y dinero, y persiste más aún el concepto de la riqueza material computable o medible en dinero.	mercantilista	-3.7268331215943213
es_236	spanish	El proceso está orientado para que se eduque de un modo gradual y constante en las habilidades y conocimientos requeridos para los negocios, finanzas e inversiones.	eduque	-3.3466218798827154
es_237	spanish	Existen ocho áreas fundamentales que debes tener en cuenta cuando planeas mantenerte tú mismo cuando te jubiles:	jubiles	-4.124773130266359
es_238	spanish	El caso más frecuente es el de la ansiedad, zozobra y desesperación por mantener y obtener cada vez ingresos más altos, lo cual creo se comprende como una resultante impuesta por la sociedad de consumo que nos rige.	zozobra	-3.271988261585811
es_239	spanish	Un problema de solvencia implica que la compañía no está generando rentabilidad para los accionistas y si este problema persiste, no tendría sentido seguir operando.	compañía	-1.26406089318371
es_240	spanish	El crédito personal es, igualmente, una facilidad crediticia en la cual la garantía del mismo es la promesa de pago incondicional de un deudor que goza de muy buena reputación y solvencia económica, moral y crediticia (Garantía fiduciaria).	crediticia	-3.1953542045520664
es_241	spanish	Si detecta algún dispositivo inusual o anormal en el equipo, añadidos, reparaciones mal hechas, no realice transacciones y notifique a la entidad financiera a la mayor brevedad posible.	notifique	-2.486283873311722
es_242	spanish	El ingreso de una persona, de una familia o de una empresa, e incluso del Estado, es la cantidad de dinero que ésta recibe por realizar una actividad determinada remunerable (negocio, trabajo, venta de productos, etc.	determinada	-1.7592851453754594
es_243	spanish	En esta lista se deben incluir la casa, los alquileres, los servicios, alimentación, vestuario y otros gastos obvios.	incluir	-1.6033081406515894
es_244	spanish	Se otorga sobre vehículos del año, 0 kilómetros, nuevos, de agencias reconocidas.	reconocidas	-2.353921118624215
es_245	spanish	Posiblemente sea mejor cambiar el auto por otro más barato o usar un medio de transporte alternativo, en vez de dejar que el acreedor recupere el auto, lo que dañaría tus antecedentes crediticios.	dañaría	-3.483795072908027
es_246	spanish	Los pagos electrónicos son aquellas transacciones en que se utilizan canales electrónicos para realizar pagos monetarios sin el empleo de efectivo como medio de pago.	realizar	-0.947814149679451
es_247	spanish	Los intereses corresponden a pagos que se realizan por la utilización de dinero por un cierto plazo.	realizan	-1.740957764285928
es_248	spanish	Los principales delitos de este tipo son el tráfico de influencias, el fraude, el lavado de dinero, el cohecho, la quiebra fraudulenta y la estafa.	cohecho	-3.384410440772115
es_249	spanish	Éste, está probado, no se tiene con el simple ahorro, o al menos con éste aquél es lento y no con la celeridad que quizás se desea, al fin y al cabo la vida es bastante corta y llena de permanentes riesgos y contingencias que es necesario enfrentar permanentemente.	enfrentar	-1.6092304299042373
es_250	spanish	No va a saber exactamente lo que cuesta cada uno de sus gastos mensuales (por ejemplo, los servicios), pero debe ser un estimativo bastante realista.	realista	-1.8997871045895873
es_251	spanish	Este impuesto siempre está incorporado en el precio de las boletas de compras y ventas.	boletas	-3.0025572519935326
es_252	spanish	Control centralizado de cuentas: verificar el detalle de todas las cuentas (tanto corrientes como de ahorro) en una sola pantalla.	centralizado	-2.7400613873280766
es_253	spanish	Un ejemplo sería ahorrar al menos $5 000 cada año para invertir para la jubilación.	ahorrar	-1.7205810702249567
es_254	spanish	Los bancos usan varios métodos para calcular los intereses y le toca a usted aprender cómo su banco computa estos cargos:	usan	-1.4527907915444902
es_255	spanish	Por ejemplo, cuando se invierte en una casa y se habita disfrutando de esta y además se puede obtener rentabilidad financiera en caso de venta o arriendo.	arriendo	-2.994439361771353
es_256	spanish	Las cifras también muestran un incremento en la capitalización de la compañía a través del aumento de acciones, superávit de capital y utilidades retenidas.	utilidades	-2.483795072908027
es_257	spanish	La jerarquía de necesidades de Maslow (pirámide de Maslow) consta de 5 niveles: Los cuatro primeros niveles pueden ser agrupados como necesidades del déficit (Deficit needs); el nivel superior se le denomina como una necesidad del ser (being needs).	consta	-1.867995270165736
es_258	spanish	Sobre el particular, dicen que las personas dentro de una multitud son arrastradas a hacer cosas que solas no lo harían y, citan lo siguiente:	solas	-1.8682959240246824
es_259	spanish	El crédito de los ciudadanos en las cosas más nimias no debe ser esclavizado y dependiente de una multitud de oficiales subalternos de las rentas.	rentas	-2.5015238398684585
es_260	spanish	Los que ahorran piden que se les pague un precio por postergar su consumo, y los que demandan el dinero ahorrado (piden un crédito) para hacer una inversión están dispuestos a pagar un precio por ese dinero con tal de no perder la oportunidad de invertir y sacar un mayor resultado.	ahorran	-2.8725270797932407
es_261	spanish	La última columna indica la diferencia favorable entre los flujos de ingresos por exportaciones menos los flujos de egresos por el pago de importaciones.	favorable	-2.0487702166199764
es_262	spanish	Pero si eso ocurre habitualmente, tienes un flujo de fondos negativo y tu presupuesto está desequilibrado.	desequilibrado	-3.093364666014735
es_263	spanish	En virtud de estas y otras reflexiones fue que se diseñó este capítulo en el marco del Libro Maestro de la cual forma parte sustantiva.	reflexiones	-2.013762795738682
es_264	spanish	Afiliación: Están relacionadas con el desarrollo afectivo del individuo, son las necesidades de asociación, participación y aceptación en el grupo de trabajo, entre estas se encuentran: la amistad, el afecto y el amor.	afecto	-2.01418341996711
es_265	spanish	Antivirus es un programa informático específicamente diseñado para detectar y eliminar virus; el uso correcto permite el bloqueo infranqueable de los virus y demás códigos maliciosos.	maliciosos	-3.1528018538666025
es_266	spanish	En esta coyuntura surge el dinero que es casi un concepto abstracto, por lo simbólico, de allí la dificultad para algunos de definirlo y más para comprenderlo.	abstracto	-2.40981502054621
es_267	spanish	Estas alternativas permiten rendimientos más reducidos, mientras los de plazo definido consideran pago de intereses.	alternativas	-1.7597533874498243
es_268	spanish	Los segundos enfatizan en la dependencia y pérdida de identidad cultural que traen las nuevas prácticas y costumbre foráneas.	foráneas	-3.5807050859160836
es_269	spanish	Para la operación óptima de dicha infraestructura ha sido necesaria la inversión de cifras millonarias de dinero para la compra, actualización y mantenimiento de equipo, redes de comunicación y software, con el fin de mantener los servicios operando las 24 horas de todos los días del año.	infraestructura	-1.8839120008343393
es_270	spanish	Es cierto que mis padres no tenían los medios financieros para que fuera a la universidad cuando terminé la secundaria, pero fue mi miedo lo que me impidió hacerlo.	secundaria	-1.8077550292182476
es_271	spanish	Con frecuencia en el país la gente se queja del alto costo de vida, especialmente en los últimos tiempos, y esto porque los productos de uso inmediato, así como muchos de los servicios esenciales, aumentan su valor constantemente.	constantemente	-1.3647278023005485
es_272	spanish	Esto es, la entrega del cheque no libera jurídicamente al deudor ni, consecuentemente extingue su débito.	libera	-1.9721026525705678
es_273	spanish	Si alguno de los rubros mencionados en estas tablas no involucra efectivo, entonces no debe considerarse para la elaboración del estado financiero.	considerarse	-2.2216831432744155
es_274	spanish	El precio de los bienes o servicios es determinado por el comprador ya que, al ser único, posee el poder de mercado y los numerosos oferentes deben adaptarse a sus exigencias.	exigencias	-2.2659352788377736
es_275	spanish	Si existe igualdad fiscal todos los ciudadanos tendrán constante necesidad de reunirse y de obrar en asuntos que a todos interesa y eso basta para conservar un nexo entre ellos.	conservar	-1.8336263685344736
es_276	spanish	Es cierto que algunas cuentas 401(k) te permiten pedir dinero prestado, pero hacerlo enlentece el ritmo de crecimiento de la cuenta.	pedir	-1.1512412012240296
es_277	spanish	En la actualidad, los impuestos que recauda el fisco permiten financiar gasto e inversiones y actividades de bien general en beneficio de los habitantes del territorio.	financiar	-2.201788314557476
es_278	spanish	Son diferentes las teorías psicológicas y psicosociales que sugieren la manera de llegar al cambio de las actitudes, las cuales afortunadamente no discrepan de manera preocupante.	teorías	-1.767791729273228
es_279	spanish	¡Cuánto más sencillo sería aceptar dinero de quien tuviere un aparato de televisión que necesitara reparación, y luego comprar sus comestibles y otros artículos con ese dinero!	comprar	-0.9674674999383928
es_280	spanish	Su audiencia hasta este punto había sido muy cortés y receptiva, y había estado muy contenta con el material que ella había mostrado.	mostrado	-1.6776150989241398
es_281	spanish	Su valor indica que por cada dólar invertido en el negocio, la compañía genera $2.05 en ventas.	invertido	-1.9425725390282378
es_282	spanish	La entidad bancaria o institución emisora de la tarjeta proporcionará un estado de cuenta de las transacciones efectuadas por un período de tiempo determinado.	efectuadas	-3.4715606164910153
es_283	spanish	Como, en general, las personas no han recibido educación financiera, en el manejo que hacen de sus ingresos no prevén recursos que les permita tener alguna reserva económica para enfrentar alguna de las múltiples contingencias o imprevistos de que antes se ha hablado aquí.	permita	-1.5994043437427226
es_284	spanish	Cuando empecé a estudiar las leyes fiscales (dice Mollien en sus Memorias) me horroricé de lo que veía: multas, prisiones, castigos corporales al arbitrio de tribunales especiales; los delegados tenían en sus manos a personas y bienes.	empecé	-1.3724365295123842
es_285	spanish	Los primeros sostienen que la integración e interacción de las naciones favorece a todos los pueblos, sin importar su origen o latitud.	sostienen	-2.273514781547284
es_286	spanish	Para lograr una buena administración de los recursos financieros, si aún no se ha hecho, es imprescindible iniciar un programa regular de planificación financiera.	regular	-1.4985611194703221
es_287	spanish	Estado de flujo de efectivo igual que el estado de resultados, este informe es complementario al balance.	balance	-1.8103791730443963
es_288	spanish	Éstos incluyen: sueldos, arriendos, seguros, mantenimientos, suministros, combustible, depreciaciones, entre otros.	arriendos	-3.7725906121549966
es_289	spanish	Incluso, un mismo producto podría tener precio distinto para la misma persona, si ésta lo adquiere en sucursales que pertenezcan a diferentes estratos sociales.	distinto	-1.3783335513104837
es_290	spanish	En el largo plazo, las acciones, en promedio, superan de forma sistemática y sustancial al efectivo y a la inflación.	efectivo	-1.6036350465623228
es_291	spanish	En general, se dice que la rentabilidad normal de una inversión en países desarrollados fluctúa, en promedio, entre el 6 % y el 8 % anual.	desarrollados	-2.2203280891894495
es_292	spanish	En ciertos casos hay aranceles de referencia, como los que operan en el sector de la salud para determinadas prestaciones médicas.	prestaciones	-2.162167057342232
es_293	spanish	Es uno de los puestos claves de la organización, y en muchas ocasiones se lo reconoce como el segundo al mando luego del gerente general; quien lo supervisa, acorde a la estructura jerárquica.	jerárquica	-2.974784673774883
es_294	spanish	Casi todos los estados exigen a los automovilistas el seguro de responsabilidad para automóviles que cubre costos médicos y reparaciones del vehículo entre otros costos.	automóviles	-2.237577953225061
es_295	spanish	Si este indicador baja de 1, implicaría que la empresa no está en capacidad de cubrir sus obligaciones de corto plazo con los activos líquidos que posee.	posee	-1.6010266634547947
es_296	spanish	Cuando este último caso sucede, el proyecto o la inversión no es económicamente rentable y no debe ejecutarse.	rentable	-2.019688933251876
es_297	spanish	Entonces, esta persona se dirige a un banco con la factura y realiza una operación conocida como factoring.	banco	-1.4422895986355717
es_298	spanish	El administrador de escenarios es una herramienta en Excel que permite alterar múltiples variables con el objetivo de observar el efecto en otras variables de resultados.	alterar	-2.162759142617175
es_299	spanish	Para el conjunto de la economía, porque contribuyen de forma decisiva a la asignación eficiente de los recursos.	contribuyen	-2.316055888217112
es_300	spanish	Las deudas, la elaboración del presupuesto familiar, las cuentas por pagar, etc. pueden ser objeto de dolorosos conflictos familiares y, por esta razón, muchas parejas optan por no hablar de dinero para evitar disputas y con lo cual no se hacen ningún favor.	optan	-2.799976412644629
es_301	spanish	Elusión tributaria: Es una figura consistente en no pagar determinados impuestos que se han establecido, amparándose en subterfugios o resquicios legales, no previstos por el legislador en el momento de redactar la ley.	subterfugios	-3.913919764951466
es_302	spanish	El impuesto a los réditos es también un buen instrumento para conocer el monto de las rentas y de la riqueza nacional.	réditos	-3.208319181716434
es_303	spanish	Los hombres se dedicaban preferentemente a la caza y confeccionaban los utensilios de piedra.	utensilios	-2.4312660216318425
es_304	spanish	En este sentido, el análisis vertical permite responder la interrogante anterior, señalando el uso que se dio a los ingresos de la compañía en el período de análisis.	vertical	-1.68682448558078
es_305	spanish	Así se podrán reparar más rápido los carros, y se podrá recibir mayor número de los que actualmente se pueden atender.	carros	-1.9233760059459075
es_306	spanish	Luego, haga un cuadro donde pueda colocar cuánto debe reunir semanal o mensualmente para lograr cada una de sus metas, dependiendo del plazo que éstas tengan.	dependiendo	-1.1981734763593317
es_307	spanish	Estas tarjetas acarrean pocos riesgos y te ayudan a crear buenos antecedentes crediticios al mostrar tu capacidad para usar una tarjeta con responsabilidad.	tarjetas	-1.7873138689757029
es_308	spanish	Los acreedores confían en la información crediticia para ver cómo has gestionado tus préstamos en el pasado y determinar qué posibilidades tienes de pagar un nuevo préstamo.	gestionado	-2.695424657342697
es_309	spanish	Cheque de caja: se solicita al banco, y este procede a retirar el monto solicitado de la cuenta corriente o de inversión del solicitante o se deposita en la cuenta que el banco destine.	deposita	-2.722511747811679
es_310	spanish	Las fuerzas de crecimiento dan lugar a un movimiento hacia arriba en la jerarquía, mientras que las fuerzas regresivas empujan las necesidades prepotentes hacia abajo en la misma.	jerarquía	-2.191539001551551
es_311	spanish	Prepararse para el futuro es también prepararse para la jubilación y para los posibles gastos médicos todo lo cual requiere planeación, ahorro y un número limitado de deudas.	deudas	-2.0304767328609894
es_312	spanish	El mercado es el lugar donde se transan las mercancías y los servicios; es la expresión que define el lugar físico o figurado donde se encuentran vendedores y compradores.	transan	-4.073620607818978
es_313	spanish	En cambio, aunque desaparecieran todos los privilegios y quedara únicamente el privilegio fiscal, bastaría esta desigualdad para mantener separadas las clases, ya que nunca podrían reunirse para discutir y decidir los asuntos que más les interesan y los que con mayor frecuencia se suscitan.	separadas	-2.0348680188269612
es_314	spanish	Finalmente, se incluye el valor positivo por la adquisición del préstamo y los valores negativos por la amortización de la deuda que se obtiene de la tabla 21.	tabla	-1.5558384195580213
es_315	spanish	Además de los anteriores, en la economía global hay indicadores financieros que entregan información sobre el pulso bursátil, el número y los montos de las transacciones de acciones de sociedades, bonos u otros instrumentos financieros y de inversión.	montos	-2.635166163998637
es_316	spanish	Con lo anterior, surge otro paso en la planeación y lo que sigue lo explican muy bien los varias veces mencionados Alonso, Brailovsky y Ortiz y a lo cual queremos ceñirnos adaptándolo y trascribiéndolo aquí en toda su dimensión, dada su relevancia.	queremos	-0.7998736332140457
es_317	spanish	En la quiebra prevista en el capítulo 7, tus activos se venden y el dinero se divide entre tus acreedores.	prevista	-2.3923793704433907
es_318	spanish	«El sistema de administración financiera del Estado comprende el conjunto de procesos administrativos que permiten la obtención de recursos y su aplicación a la concreción de los logros de los objetivos del Estado [	concreción	-2.959677255512141
es_319	spanish	Crea una lista de gastos previsibles y piensa cómo crees que gastas tu dinero en un mes normal.	piensa	-1.2039326621327389
es_320	spanish	Por no dejar pasar la oportunidad, usted puede ir a un vendedor de automóviles, escoger uno y pagarlo a plazos.	vendedor	-2.124230601174065
es_321	spanish	Autorrealización: Son las más elevadas, se hallan en la cima de la jerarquía, a través de su satisfacción personal, encuentran un sentido a la vida mediante el desarrollo de su potencial en una actividad.	cima	-1.8676948242997906
es_322	spanish	El segundo principio establece que no basta con incrementar las entradas de efectivo, sino que éstas deben acelerarse.	acelerarse	-3.5227131389383968
es_323	spanish	Realizan una adecuación de las necesidades entre prestamistas y prestatarios en cuanto a cantidades y plazos.	Realizan	-1.740957764285928
es_324	spanish	No obstante, dado que existe esa disminución, la tarea siguiente sería buscar qué pudo haber ocasionado esa variación.	ocasionado	-2.662375132367403
es_325	spanish	Como resultado, una emergencia costosa, como la súbita pérdida de empleo o la acumulación de demasiadas cuentas médicas, podrían enviar a cualquier persona que no esté financieramente preparada a vivir endeudada durante años y, en algunos casos, a la bancarrota.	preparada	-1.6760668103612792
es_326	spanish	Los problemas de la economía urbana son en gran parte de naturaleza social, y las muchas propuestas para mejorar el bienestar social y económico de los grupos minoritarios indican una recia voluntad para cooperar en la solución de estos problemas.	urbana	-2.0547352636586043
es_327	spanish	El seguimiento o monitoreo y evaluación, que es la tercera etapa, permitirá ir visualizando la puesta en marcha y el cumplimiento del plan de acción, para contribuir al logro de sus objetivos y metas, así como plantear recomendaciones para evitar desviaciones; es decir, una forma de evaluación concurrente.	concurrente	-3.415079260538567
es_328	spanish	Los bienes y servicios utilizados por las personas o la sociedad para satisfacer sus necesidades se denominan satisfactores o productos, o simplemente bienes.	satisfactores	-4.328893112922284
es_329	spanish	Si se visita una fábrica de refrigeradoras y de estufas se encontrará que allí, según su tamaño, trabajan muchos obreros, quienes procesan las láminas de acero y construyen, con otras actividades los muebles metálicos.	refrigeradoras	-3.9864704321000777
es_330	spanish	Pero a muchas personas no les gusta ceñirse a él porque sencillamente no les gusta y porque los presupuestos contienen once de los obstáculos que impiden que estos se hagan.	sencillamente	-1.7263990441150028
es_331	spanish	El asegurado es quien se espera que tome la decisión sobre la cuantía del seguro, calculado sobre sus ingresos, para posibilitar la cuota que debe atender y también proyectando cual sería el valor o costo ajustado de los gastos familiares, tomando en cuenta también el tamaño y características de la familia.	calculado	-2.243959537985568
es_332	spanish	Una de las mejores formas de gestionar el riesgo es distribuir tus inversiones y ahorros a través de diversos canales.	distribuir	-2.114049264874586
es_333	spanish	Al momento de la entrega de estos cheques, el banco pide que el solicitante los firme, y solo podrá cobrarlos esta persona al firmar nuevamente los cheques en la parte de abajo, así la entidad que los recibe podrá cotejar que las firmas sean idénticas.	pide	-1.282632132730162
es_334	spanish	El punto de equilibrio, dependiendo del giro del negocio, puede expresarse en cantidades o en términos monetarios.	equilibrio	-1.5065942416599174
es_335	spanish	Como se indicó al inicio del capítulo, para la construcción del EFE se emplean dos métodos: directo e indirecto.	indicó	-2.0707349195814895
es_336	spanish	Otras disposiciones, como el artículo 19 de la Ley de Bancos, establecen que estas entidades deben conservar los libros y documentación por diez años, salvo que la Superintendencia de Bancos e Instituciones Financieras autorice su destrucción con anterioridad.	autorice	-3.201788314557476
es_337	spanish	Es posible evitar el crecimiento de una deuda utilizando su tarjeta de crédito solamente cuando pueda cancelar la totalidad de su saldo todos los meses.	cancelar	-2.1329934605130503
es_338	spanish	Al igual que se mencionó en la sección de la tabla de datos, el administrador de escenarios requiere que toda la información del flujo de caja se encuentre correctamente formulada antes de su ejecución.	escenarios	-1.796138733929786
es_339	spanish	Estimado Cliente. Queremos informarle que personas inescrupulosas están solicitando información a nuestros clientes en nombre de nuestra Institución, por consiguiente, para verificar si su cuenta fue afectada ingrese en los siguientes campos su número de Tarjeta y contraseña...	clientes	-1.4057527568970831
es_340	spanish	Por ejemplo: Tengo que mantenerme al día con las tendencias, o me sentiré avergonzado.	Tengo	-0.4707651389060423
es_341	spanish	Sin duda, estaremos de acuerdo en que el metal en un automóvil de último modelo es más útil que un montón de mineral de hierro o unos pocos lingotes de acero.	lingotes	-2.878644004602923
es_342	spanish	Eficiencia: Ausencia de despilfarro o utilización de los recursos económicos, que reporta el máximo nivel de satisfacción posible, con los factores y la tecnología dados.	satisfacción	-1.7706646911189583
es_343	spanish	En el origen, los impuestos eran aplicados a las personas, por los soberanos y el clero, para financiar los asuntos de las castas gobernantes y ceremonias religiosas respectivamente.	soberanos	-2.8051466461107193
es_344	spanish	También, deben considerarse, los aspectos relativos a la conceptualización e ideas generales sobre la historia de la tributación, su importancia, propósitos, características y equidad o justicia de un buen impuesto; la educabilidad y la dimensión moral de los impuestos y, los impuestos y las finanzas personales.	conceptualización	-3.0640752899127475
es_345	spanish	En resumen, acorde a las tablas presentadas, se han incrementado los ingresos, las utilidades, la capitalización y el efectivo.	resumen	-1.3701381630531946
es_346	spanish	En el primero, el bien o servicio se consume directamente y no es utilizado para generar otros productos.	consume	-1.8573080587370943
es_347	spanish	Se han logrado tremendos incrementos en la producción total como resultado del desarrollo de la energía eléctrica y hoy también la marina y la eólica que se están tratando de aprovechar para usos industriales y otros.	eléctrica	-1.6543993956259337
es_348	spanish	Cobros derivados del reembolso de anticipos y préstamos a terceros (distintos de las operaciones de este tipo hechas por entidades financieras).	financieras	-2.1522231802541345
es_349	spanish	La inversión requerida es de $15,000 que incluyen: $5,000 en maquinarias y equipos, $2,000 en mobiliario; el saldo corresponde al capital de trabajo.	equipos	-1.3191873245317658
es_350	spanish	Los ingresos activos están constituidos por el salario o sueldo que se percibe, cuando se tiene un empleo, honorarios que se cobran como contraprestación de servicios, comisiones y otros pagos de la misma naturaleza.	constituidos	-3.0150258925531306
es_351	spanish	La Economía como una disciplina científica que es y que tiene, por consiguiente, su propia estructura de conocimientos tiene asimismo una serie de principios y leyes como los siguientes: Los individuos se enfrentan a disyuntivas o alternativas.	disyuntivas	-3.913919764951466
es_352	spanish	La diferencia estriba en que mientras las necesidades de déficit pueden ser satisfechas, las necesidades del ser son una fuerza impelente continua.	impelente	-4.328893112922284
es_353	spanish	Con intereses, ese monto de ahorros mensuales les permitiría ahorrar el pago inicial y comprar su vivienda en 24 meses.	ahorros	-2.1183070880171275
es_354	spanish	De partida, el tema concierne a todos los individuos y durante toda la vida, pues las finanzas explican la procedencia y uso de los ingresos y recursos que se disponen para satisfacer las necesidades particulares de todas y todos.	procedencia	-2.370807264401199
es_355	spanish	La riqueza con cara humana es lo que percibe y estudia el humanismo, y bajo esta óptica, es que debe inclinarse la educación financiera que deben tener todas las personas que se propongan como meta construir un futuro personal, familiar y social, tranquilo y sostenible.	construir	-1.2601878932303427
es_356	spanish	Me merezco despilfarrar un poco de vez en cuando y será como una recompensa por mi esfuerzo.	recompensa	-1.8389346334974492
es_357	spanish	Aplicarla no es fácil, porque usted tiene que demorar la gratificación de hoy para arreglar el desastre que hizo ayer.	demorar	-2.3315067285249707
es_358	spanish	La importancia y trascendencia de las funciones económicas del cheque, derivan de su consideración de medio o instrumento de pago.	cheque	-2.2533461515297533
es_359	spanish	Si solicitas una tarjeta de crédito, úsala para comprar cosas que puedes pagar y paga lo que debes a la brevedad.	brevedad	-2.6095618259385573
es_360	spanish	afrontar el pago de la vivienda.	afrontar	-1.9095983911688235
es_361	spanish	Pues, el uso de mi chequera testimoniará que soy una persona cumplida y que soy ordenada en la administración de mis cuentas.	chequera	-3.483795072908027
es_362	spanish	Estos delitos son difíciles de probar y los ejecutores reciben bajas penas a pesar de que afectan pasivamente a gran cantidad de personas.	probar	-1.1224450485557607
es_363	spanish	Por ejemplo, considere una panadería que reemplace sus cajeros por ánforas; el pan se coloca en las perchas y se invita a los clientes a tomar el que quieran y comerlo.	panadería	-2.4751949011461094
es_364	spanish	En la década de los sesenta del siglo XX, el filósofo y comunicador canadiense Marshall McLuhan anticipó nuestras vidas en comunidad universal gracias a los progresos tecnológicos en comunicaciones e interconexiones humanas a escala global y acuñó la expresión «aldea global» para describir la tierra que habitamos.	acuñó	-2.907289186052453
es_365	spanish	Sin embargo, la producción total y el nivel de vida están afectados por la composición y estructura de edades de la población, su educación y el tamaño de la fuerza obrera y productiva, la destreza y movilidad de los trabajadores y la laboriosidad y actitud psicológica de las personas.	laboriosidad	-3.7491095163054737
es_366	spanish	Para vivir en ese clima de fe y optimismo, indispensable a la felicidad, hemos de hacer la guerra a dos enemigos: el escepticismo y los estados o fenómenos psicológicos enemigos del optimismo.	felicidad	-1.4271079676186846
es_367	spanish	Está indexada con el IPC, de ahí que su fluctuación siga las variaciones del costo de la vida mensual, similar a la UF (unidad de fomento).	indexada	-3.483795072908027
es_368	spanish	El análisis de la teoría señalada es importante en las finanzas porque implica que un administrador no debe limitarse a establecer un precio acorde al costo de producción que mantiene.	implica	-1.5113277433625032
es_369	spanish	Al mismo tiempo, como economía abierta al mundo, es un importador de bienes durables de uso doméstico e industrial, como automóviles, artículos electrónicos, vestuario y alimentos de consumo masivo.	electrónicos	-1.9794213137078982
es_370	spanish	Reducir los plazos y los costes de intermediación al facilitar la búsqueda de contrapartida para cada operación y agilizar los procedimientos de liquidación.	Reducir	-1.3992698614070436
es_371	spanish	La producción, digamos sencillamente que es, entre las diferentes acepciones del concepto y según el enfoque económico, crear cosas o servicios con valor económico.	digamos	-0.954474736143125
es_372	spanish	Los índices y razones presentan ratios de las cuentas de balance y estado de resultados con el objetivo de correlacionar información que no puede observarse a través del análisis vertical o el análisis horizontal.	correlacionar	-3.5964993530993152
es_373	spanish	Por ejemplo, si se incrementan los documentos por pagar, significa que la empresa se ha endeudado, por tanto, recibió efectivo.	endeudado	-3.041091382992058
es_374	spanish	Cómo y cuándo usar los fondos del plan jubilatorio, saber cuáles son las distribuciones mínimas exigidas y abrir cuentas de ahorros jubilatorios, por tu cuenta o a través de tu empleador.	jubilatorio	-4.328893112922284
es_375	spanish	La clave para lograr sus objetivos financieros, personales y familiares, es planificarlos apropiadamente y darles mucho seguimiento a través de este presupuesto.	seguimiento	-1.7367163555264171
es_376	spanish	La reducción de estas dos últimas puede colaborar al mencionado incremento del efectivo, ya sea por procesos de cobranzas o incrementos en ventas.	colaborar	-1.8245582011198198
es_377	spanish	Algunos de ustedes tienen grandes deudas, han cavado un gran hoyo y se demoraron bastante tiempo en caer en esa hondonada, por lo tanto van a requerir de tiempo para salir de ella.	hondonada	-3.66613528124071
es_378	spanish	Es importante pensar que cuando se exceden los tiempos para el pago de ellos se sufren unos recargos que, aunque a veces parezca que son intrascendentes o poco gravosos, de alguna manera afectan el presupuesto personal o familiar y esto sin mencionar otros inconvenientes, dificultades o problemas que acarrea tal incumplimiento.	intrascendentes	-3.823743134602378
es_379	spanish	Por ejemplo, generalmente la hipoteca es uno de los mejores tipos de endeudamiento, porque la mayoría de las viviendas aumenta de valor con el paso del tiempo.	aumenta	-1.5656149019033052
es_380	spanish	Los tipos de seguros disponibles se expanden y se ha llegado al grado en que el sector financiero está muy directamente relacionado con el tema.	disponibles	-1.5514662905329726
es_381	spanish	Pero uno no puede dejar que el derrotismo lo detenga e impida que haga un presupuesto.	impida	-2.5435632779115167
es_382	spanish	En espacios monopólicos, el comprador no tiene la posibilidad de seleccionar, en uno u otro oferente, lo que le parezca más conveniente, como sí lo hace en mercados competitivos.	comprador	-2.3430177556138903
es_383	spanish	El seguro de responsabilidad civil, también denominado de cobertura completa, te protege ante las reclamaciones de terceros por lesiones y daños a la propiedad.	lesiones	-1.8740482529137736
es_384	spanish	El lucro, en cambio, aunque es un sinónimo de utilidad, ganancias o beneficio, es la expresión peyorativa de la utilidad.	sinónimo	-2.2122853689340354
es_385	spanish	Estos trabajadores debían entregar a la empresa una boleta por los honorarios, donde se señalaba claramente el monto del total, el descuento del 10 % y la suma por recibir, además de los datos del trabajador y del destinatario.	boleta	-2.794867006866149
es_386	spanish	Tal vez se cuestione por qué tiene que someterse a esta disciplina e inconveniencia de presupuestar su propia vida.	someterse	-2.3863890067542033
es_387	spanish	Las transacciones en cajeros deben ser personalizadas, no preste su tarjeta y no de la clave a ningún amigo o conocido para que realice las transacciones por usted.	preste	-2.5186605949271996
es_388	spanish	Tiene que educarse activamente en estas materias (rendimientos, balances y contabilidad, negocios, mercados, negociación, contratos) y desarrollar aptitudes comerciales.	negociación	-2.0814108522452295
es_389	spanish	Tal vez una familia numerosa ocupaba una pocilga o una pequeña parte de un inquilinato, compuesta de dos o tres cuartos.	numerosa	-2.6854404364360964
es_390	spanish	La tarea fundamental de la empresa es la de organizar y poner en acción los factores productivos que son los recursos naturales (materias primas), el trabajo y el capital, para transformarlos en bienes y servicios.	organizar	-1.6916035652441095
es_391	spanish	El problema es que esas penalizaciones tienen a la larga una repercusión negativa en la historia de crédito, la cual es muy importante en todas las finanzas y desde luego, en las finanzas personales y familiares.	negativa	-1.6378116207993154
es_392	spanish	El desempleo involuntario es un fenómeno muy común y que se ha acentuado calamitosamente en los últimos tiempos, en los países y en las economías modernas.	calamitosamente	-5.027863117258303
es_393	spanish	De cierto modo, lo global se contrapone a lo tribal, entendiendo esto último como la conveniencia de la defensa de las culturas locales, en su mayoría de orígenes ancestrales.	orígenes	-1.9468760703474155
es_394	spanish	A continuación, te presentamos un panorama general de los tipos de inversiones habituales.	presentamos	-1.882045402766475
es_395	spanish	Los accionistas comunes están sujetos a que la compañía decida no distribuir los dividendos y que los montos distribuidos fluctúen considerablemente de un periodo a otro.	distribuidos	-2.4108627761374035
es_396	spanish	Al igual que en el resto de las disciplinas, en la Economía se distinguen tres tipos fundamentales de leyes: Leyes causales: las determinan las relaciones en las que, a continuación de un hecho, acción o acto determinado, sobreviene constantemente otro hecho determinado, en un lapso determinado.	lapso	-2.3219994049743833
es_397	spanish	Esta circunstancia o familiaridad hace que el concepto sea comprendido fácilmente, aunque quizás no el uso o manejo adecuado, ya que para este se requieren otras habilidades y valores más que el solo conocimiento.	fácilmente	-1.2779722759868808
es_398	spanish	Evalúa dar al menos algunos de los siguientes pasos: Antes de omitir un pago, llama a tus acreedores para analizar las opciones.	analizar	-1.360783911794086
es_399	spanish	La austeridad significa realizar el gasto necesario y está asociado al ahorro, que tiene una connotación completamente diferente al de avaricia que se refiere a un afán desordenado de poseer riquezas o dinero para atesorarlo, que puede inducir a actuar con envidia y actos negativos.	riquezas	-2.0948822953351045
es_400	spanish	Acorde a los datos presentados se puede observar que a pesar de observarse un crecimiento del 0.7% en el total de activos circulantes; esta cuenta está utilizando un menor porcentaje de los recursos totales invertidos entre el 2016 y el 2017.	totales	-2.2570111056161584
es_401	spanish	Si te denegaron un crédito, tienes derecho a obtener un informe crediticio gratis.	crediticio	-3.114049264874586
es_402	spanish	Si la agencia determina que la información que contiene el informe es inexacta, el acreedor debe notificar a las otras agencias de informes crediticios sobre la existencia del error para que ellos también puedan corregir la información.	agencia	-1.706886439915479
es_403	spanish	Anteriormente, mencionamos las formas de averiguar a dónde va a parar tu dinero y cómo detener las fugas de dinero.	parar	-1.3631271487395977
es_404	spanish	Todos los habitantes de la sociedad toman decisiones económicas, para mejorar sus remuneraciones, su consumo y, consecuentemente, elevar su bienestar.	toman	-1.5553992206513132
es_405	spanish	Dependiendo de las circunstancias y particularidades de cada proyecto, es posible que tenga que evaluarse la rentabilidad ante movimientos de tres o más variables.	Dependiendo	-1.1981734763593317
es_406	spanish	El Banco Mundial, al definir la pobreza, establece un tope de ingreso de un dólar al día por persona.	pobreza	-1.79006812398438
es_407	spanish	Para poder cumplir con los nuevos pedidos, la empresa necesita construir nuevos hornos, comprar más materiales y contratar más personas para su manejo y el de las nuevas máquinas que también se tuvo que adquirir.	hornos	-2.504116650446738
es_408	spanish	La mejor forma de evitar el pago de tasas de interés altas y penalidades, es llevando la cuenta de los gastos realizados con su tarjeta de crédito.	llevando	-1.3829324093447153
es_409	spanish	Una incapacidad, y máxime si se trata de una incapacidad total es supremamente complicada para cualquier persona, y algunos dicen que lo es más que la misma muerte prematura, porque además de la pérdida de la fuente generadora de ingresos hay que sumar por lo general los gastos médicos.	máxime	-3.2216831432744155
es_410	spanish	Para ello disponen de sistemas de información que les proporcionan datos financieros y no financieros periódicamente.	disponen	-2.3358980144909425
es_411	spanish	La lista de cuentas aludida es invaluable para la familia si usted llega a estar incapacitado o muere repentinamente.	invaluable	-2.8605457825101266
es_412	spanish	Cada año, en los meses de marzo y abril, el Servicio de Impuestos Internos propone declaraciones digitales a los contribuyentes (declaraciones de renta precalculadas por la institución), particularmente para personas naturales y pequeñas empresas.	contribuyentes	-2.815675512854345
es_413	spanish	Diez años si la prescripción se interrumpe mediante reconocimiento escrito de la obligación tributaria por parte del contribuyente.	contribuyente	-2.9825401384716455
es_414	spanish	Hoy en día han surgido los diferentes medios de pago (antes mencionados) que eliminan el riesgo de robo y se pueden recuperar en caso de extravío, son fáciles de manejar y permiten el control de ingresos y gastos.	robo	-1.883600343496312
es_415	spanish	Por consiguiente, primero compran las cosas que necesitan, después las que más desean y prescinden de lo demás.	desean	-1.752551762716491
es_416	spanish	Por ejemplo, en la tabla anterior se muestra una reducción de los Otros Ingresos, sin embargo no se puede identificar cuál es la razón para dicha reducción.	reducción	-1.7903193791154282
es_417	spanish	Con frecuencia, estas compañías cobran honorarios costosos por cosas que podrías hacer tú mismo.	cobran	-1.967165276904691
es_418	spanish	También, en los países existen otras instituciones depositarias de ahorros como las cajas de ahorro, asociaciones de ahorro y préstamo, por ejemplo que, por lo general, otorgan préstamos hipotecarios para vivienda, préstamos al consumidor o para fines específicos.	específicos	-1.7486526046569075
es_419	spanish	El documento antes citado, la define también como: el rompimiento del equilibrio psicofisiológico que experimenta el ser humano, provocado por la falta o exceso de algo.	psicofisiológico	-5.027863117258303
es_420	spanish	La función de concentración de recursos, tiene que ver con la racionalidad de las personas que invierten al decidir cómo y dónde destinar sus recursos financieros, teniendo en cuenta la evaluación que realicen de la relación riesgo	destinar	-2.5917004702175466
es_421	spanish	Después surgió la moneda y posteriormente surgió el papel-moneda, que por mucho tiempo fueron los principales medios para los intercambios comerciales.	posteriormente	-1.372532559248962
es_422	spanish	A éstos se les coloca una fecha posterior al momento en que se elabora el cheque, como manera de recordarle al que lo recibe que la cuenta no tendrá los fondos suficientes si no hasta el día que se indica en el cheque y que sólo entonces podrá hacerlo efectivo.	recordarle	-2.5595157868461453
es_423	spanish	Colisión: Choque de dos cuerpos. Oposición y pugna de ideas, principios o intereses. Parte del ingreso que no se destina al ahorro, sino que es aplicado a la adquisición de alimentos, educación, ocio, entre otros.	aplicado	-1.8876694386796715
es_424	spanish	La corrupción, en tanto, es lo opuesto a la honradez y se la asocia con el vicio, el soborno, la perversión y otros calificativos vinculados a lo inmoral y a la falta de ética personal y empresarial en el actuar.	vinculados	-2.2169588365896025
es_425	spanish	No obstante, sería imprudente ejecutar un proyecto únicamente con el resultado de un análisis de rentabilidad; puesto que, para realizar el flujo de caja proyectado se realizaron varios supuestos que no necesariamente tienen que cumplirse.	imprudente	-2.8130192692106046
es_426	spanish	La quiebra del capítulo 13 permanece en tus antecedentes crediticios por al menos siete años.	quiebra	-2.2851379859536043
es_427	spanish	Esta modalidad de cheques posfechados no es avalada por la legislación de algunos países que considera que el cheque se convierte en un instrumento de crédito.	convierte	-1.3243138190200723
es_428	spanish	Para realizar el presupuesto, digamos finalmente, que los autores que se han dedicado a este asunto y al de las finanzas personales y familiares, han propuesto diferentes modelos, alguno o algunos de los cuales presentaremos en el capítulo antes aludido.	finanzas	-1.887355074220123
es_429	spanish	De todas maneras, señala el Diccionario aludido,	señala	-1.8673945861392651
es_430	spanish	El proceso está orientado para que se eduque de un modo gradual y constante en las habilidades y conocimientos requeridos para los negocios, finanzas e inversiones.	habilidades	-1.4397035008752108
es_431	spanish	Existen ocho áreas fundamentales que debes tener en cuenta cuando planeas mantenerte tú mismo cuando te jubiles:	planeas	-2.9559811099521776
es_432	spanish	El caso más frecuente es el de la ansiedad, zozobra y desesperación por mantener y obtener cada vez ingresos más altos, lo cual creo se comprende como una resultante impuesta por la sociedad de consumo que nos rige.	impuesta	-2.607907368768545
es_433	spanish	Un problema de solvencia implica que la compañía no está generando rentabilidad para los accionistas y si este problema persiste, no tendría sentido seguir operando.	generando	-1.5657647361231468
es_434	spanish	El crédito personal es, igualmente, una facilidad crediticia en la cual la garantía del mismo es la promesa de pago incondicional de un deudor que goza de muy buena reputación y solvencia económica, moral y crediticia (Garantía fiduciaria).	fiduciaria	-3.612889769287485
es_435	spanish	Si detecta algún dispositivo inusual o anormal en el equipo, añadidos, reparaciones mal hechas, no realice transacciones y notifique a la entidad financiera a la mayor brevedad posible.	realice	-2.029167958946647
es_436	spanish	El ingreso de una persona, de una familia o de una empresa, e incluso del Estado, es la cantidad de dinero que ésta recibe por realizar una actividad determinada remunerable (negocio, trabajo, venta de productos, etc.	recibe	-1.3618133787777869
es_437	spanish	En esta lista se deben incluir la casa, los alquileres, los servicios, alimentación, vestuario y otros gastos obvios.	vestuario	-2.2011405970893105
es_438	spanish	Se otorga sobre vehículos del año, 0 kilómetros, nuevos, de agencias reconocidas.	otorga	-2.046497608179758
es_439	spanish	Posiblemente sea mejor cambiar el auto por otro más barato o usar un medio de transporte alternativo, en vez de dejar que el acreedor recupere el auto, lo que dañaría tus antecedentes crediticios.	cambiar	-0.8236617120201496
es_440	spanish	Los pagos electrónicos son aquellas transacciones en que se utilizan canales electrónicos para realizar pagos monetarios sin el empleo de efectivo como medio de pago.	canales	-1.4928223040071422
es_441	spanish	Los intereses corresponden a pagos que se realizan por la utilización de dinero por un cierto plazo.	pagos	-1.8623220405359295
es_442	spanish	Los principales delitos de este tipo son el tráfico de influencias, el fraude, el lavado de dinero, el cohecho, la quiebra fraudulenta y la estafa.	influencias	-2.162759142617175
es_443	spanish	Éste, está probado, no se tiene con el simple ahorro, o al menos con éste aquél es lento y no con la celeridad que quizás se desea, al fin y al cabo la vida es bastante corta y llena de permanentes riesgos y contingencias que es necesario enfrentar permanentemente.	aquél	-2.6062591903884718
es_444	spanish	No va a saber exactamente lo que cuesta cada uno de sus gastos mensuales (por ejemplo, los servicios), pero debe ser un estimativo bastante realista.	mensuales	-2.09235585143359
es_445	spanish	Este impuesto siempre está incorporado en el precio de las boletas de compras y ventas.	compras	-1.5104032907180704
es_446	spanish	Control centralizado de cuentas: verificar el detalle de todas las cuentas (tanto corrientes como de ahorro) en una sola pantalla.	corrientes	-1.9014070038264985
es_447	spanish	Un ejemplo sería ahorrar al menos $5 000 cada año para invertir para la jubilación.	invertir	-1.5608472988198672
es_448	spanish	Los bancos usan varios métodos para calcular los intereses y le toca a usted aprender cómo su banco computa estos cargos:	cargos	-1.922012442873159
es_449	spanish	Por ejemplo, cuando se invierte en una casa y se habita disfrutando de esta y además se puede obtener rentabilidad financiera en caso de venta o arriendo.	invierte	-2.1522231802541345
es_450	spanish	Las cifras también muestran un incremento en la capitalización de la compañía a través del aumento de acciones, superávit de capital y utilidades retenidas.	muestran	-1.5428519026797296
es_451	spanish	Por cada $100 de ingresos, la empresa gana $3.80 de utilidad neta.	gana	-1.3168155133912687
es_452	spanish	La jerarquía de necesidades de Maslow (pirámide de Maslow) consta de 5 niveles: Los cuatro primeros niveles pueden ser agrupados como necesidades del déficit (Deficit needs); el nivel superior se le denomina como una necesidad del ser (being needs).	agrupados	-2.837531419088011
es_453	spanish	Sobre el particular, dicen que las personas dentro de una multitud son arrastradas a hacer cosas que solas no lo harían y, citan lo siguiente:	arrastradas	-3.287500427764059
es_454	spanish	El crédito de los ciudadanos en las cosas más nimias no debe ser esclavizado y dependiente de una multitud de oficiales subalternos de las rentas.	dependiente	-2.199848053034326
es_455	spanish	Los que ahorran piden que se les pague un precio por postergar su consumo, y los que demandan el dinero ahorrado (piden un crédito) para hacer una inversión están dispuestos a pagar un precio por ese dinero con tal de no perder la oportunidad de invertir y sacar un mayor resultado.	demandan	-2.6874190024181845
es_456	spanish	La última columna indica la diferencia favorable entre los flujos de ingresos por exportaciones menos los flujos de egresos por el pago de importaciones.	flujos	-2.3853985970161813
es_457	spanish	Pero si eso ocurre habitualmente, tienes un flujo de fondos negativo y tu presupuesto está desequilibrado.	habitualmente	-1.8132841636878037
es_458	spanish	En virtud de estas y otras reflexiones fue que se diseñó este capítulo en el marco del Libro Maestro de la cual forma parte sustantiva.	diseñó	-2.3785282585461607
es_459	spanish	Afiliación: Están relacionadas con el desarrollo afectivo del individuo, son las necesidades de asociación, participación y aceptación en el grupo de trabajo, entre estas se encuentran: la amistad, el afecto y el amor.	relacionadas	-1.7294467371970081
es_460	spanish	Antivirus es un programa informático específicamente diseñado para detectar y eliminar virus; el uso correcto permite el bloqueo infranqueable de los virus y demás códigos maliciosos.	bloqueo	-1.9271480306852211
es_461	spanish	En esta coyuntura surge el dinero que es casi un concepto abstracto, por lo simbólico, de allí la dificultad para algunos de definirlo y más para comprenderlo.	definirlo	-2.7333968910967097
es_462	spanish	Estas alternativas permiten rendimientos más reducidos, mientras los de plazo definido consideran pago de intereses.	consideran	-1.7027581342868952
es_463	spanish	Los segundos enfatizan en la dependencia y pérdida de identidad cultural que traen las nuevas prácticas y costumbre foráneas.	dependencia	-1.9988854120495247
es_464	spanish	Para la operación óptima de dicha infraestructura ha sido necesaria la inversión de cifras millonarias de dinero para la compra, actualización y mantenimiento de equipo, redes de comunicación y software, con el fin de mantener los servicios operando las 24 horas de todos los días del año.	millonarias	-2.8635102614738654
es_465	spanish	Es cierto que mis padres no tenían los medios financieros para que fuera a la universidad cuando terminé la secundaria, pero fue mi miedo lo que me impidió hacerlo.	impidió	-2.4161398092509607
es_466	spanish	Con frecuencia en el país la gente se queja del alto costo de vida, especialmente en los últimos tiempos, y esto porque los productos de uso inmediato, así como muchos de los servicios esenciales, aumentan su valor constantemente.	aumentan	-2.042436643175301
es_467	spanish	Esto es, la entrega del cheque no libera jurídicamente al deudor ni, consecuentemente extingue su débito.	jurídicamente	-2.9864704321000777
es_468	spanish	Si alguno de los rubros mencionados en estas tablas no involucra efectivo, entonces no debe considerarse para la elaboración del estado financiero.	tablas	-1.9274925721407399
es_469	spanish	El precio de los bienes o servicios es determinado por el comprador ya que, al ser único, posee el poder de mercado y los numerosos oferentes deben adaptarse a sus exigencias.	adaptarse	-1.912918701545718
es_470	spanish	Si existe igualdad fiscal todos los ciudadanos tendrán constante necesidad de reunirse y de obrar en asuntos que a todos interesa y eso basta para conservar un nexo entre ellos.	igualdad	-1.7711453712808156
es_471	spanish	Es cierto que algunas cuentas 401(k) te permiten pedir dinero prestado, pero hacerlo enlentece el ritmo de crecimiento de la cuenta.	ritmo	-1.398657460155999
es_472	spanish	En la actualidad, los impuestos que recauda el fisco permiten financiar gasto e inversiones y actividades de bien general en beneficio de los habitantes del territorio.	gasto	-1.7277025803069503
es_473	spanish	Son diferentes las teorías psicológicas y psicosociales que sugieren la manera de llegar al cambio de las actitudes, las cuales afortunadamente no discrepan de manera preocupante.	psicológicas	-2.5337085232398597
es_474	spanish	¡Cuánto más sencillo sería aceptar dinero de quien tuviere un aparato de televisión que necesitara reparación, y luego comprar sus comestibles y otros artículos con ese dinero!	tuviere	-3.4715606164910153
es_475	spanish	Su audiencia hasta este punto había sido muy cortés y receptiva, y había estado muy contenta con el material que ella había mostrado.	cortés	-2.3736865753803422
es_476	spanish	Su valor indica que por cada dólar invertido en el negocio, la compañía genera $2.05 en ventas.	ventas	-1.6000525445823126
es_477	spanish	La entidad bancaria o institución emisora de la tarjeta proporcionará un estado de cuenta de las transacciones efectuadas por un período de tiempo determinado.	transacciones	-2.1753831236214465
es_478	spanish	En sus comienzos cada moneda valía alrededor de $300, a fines de 2019 llega a $15.000 y continúa con alzas y bajas.	bajas	-1.5564247098690036
es_479	spanish	Como, en general, las personas no han recibido educación financiera, en el manejo que hacen de sus ingresos no prevén recursos que les permita tener alguna reserva económica para enfrentar alguna de las múltiples contingencias o imprevistos de que antes se ha hablado aquí.	reserva	-1.6978554163855435
es_480	spanish	Cuando empecé a estudiar las leyes fiscales (dice Mollien en sus Memorias) me horroricé de lo que veía: multas, prisiones, castigos corporales al arbitrio de tribunales especiales; los delegados tenían en sus manos a personas y bienes.	tribunales	-2.2727508508632317
es_481	spanish	Los primeros sostienen que la integración e interacción de las naciones favorece a todos los pueblos, sin importar su origen o latitud.	latitud	-2.831963464849069
es_482	spanish	Para lograr una buena administración de los recursos financieros, si aún no se ha hecho, es imprescindible iniciar un programa regular de planificación financiera.	financiera	-1.7828442465205496
es_483	spanish	Estado de flujo de efectivo igual que el estado de resultados, este informe es complementario al balance.	flujo	-1.6910032963414934
es_484	spanish	Éstos incluyen: sueldos, arriendos, seguros, mantenimientos, suministros, combustible, depreciaciones, entre otros.	mantenimientos	-2.9634051280313845
es_485	spanish	Incluso, un mismo producto podría tener precio distinto para la misma persona, si ésta lo adquiere en sucursales que pertenezcan a diferentes estratos sociales.	pertenezcan	-3.0278631172583026
es_486	spanish	En el largo plazo, las acciones, en promedio, superan de forma sistemática y sustancial al efectivo y a la inflación.	superan	-2.225089391966327
es_487	spanish	En general, se dice que la rentabilidad normal de una inversión en países desarrollados fluctúa, en promedio, entre el 6 % y el 8 % anual.	promedio	-1.5890044578377407
es_488	spanish	En ciertos casos hay aranceles de referencia, como los que operan en el sector de la salud para determinadas prestaciones médicas.	determinadas	-1.8789521241489462
es_489	spanish	Es uno de los puestos claves de la organización, y en muchas ocasiones se lo reconoce como el segundo al mando luego del gerente general; quien lo supervisa, acorde a la estructura jerárquica.	supervisa	-3.103583831196421
es_490	spanish	Casi todos los estados exigen a los automovilistas el seguro de responsabilidad para automóviles que cubre costos médicos y reparaciones del vehículo entre otros costos.	reparaciones	-2.357617264184179
es_491	spanish	Si este indicador baja de 1, implicaría que la empresa no está en capacidad de cubrir sus obligaciones de corto plazo con los activos líquidos que posee.	indicador	-2.0005135094835462
es_492	spanish	Cuando este último caso sucede, el proyecto o la inversión no es económicamente rentable y no debe ejecutarse.	económicamente	-1.8997871045895873
es_493	spanish	Entonces, esta persona se dirige a un banco con la factura y realiza una operación conocida como factoring.	realiza	-1.474344177109333
es_494	spanish	El administrador de escenarios es una herramienta en Excel que permite alterar múltiples variables con el objetivo de observar el efecto en otras variables de resultados.	variables	-1.8584826219463533
es_495	spanish	Para el conjunto de la economía, porque contribuyen de forma decisiva a la asignación eficiente de los recursos.	decisiva	-2.582258913984705
es_496	spanish	Las deudas, la elaboración del presupuesto familiar, las cuentas por pagar, etc. pueden ser objeto de dolorosos conflictos familiares y, por esta razón, muchas parejas optan por no hablar de dinero para evitar disputas y con lo cual no se hacen ningún favor.	elaboración	-1.961537191896265
es_497	spanish	Elusión tributaria: Es una figura consistente en no pagar determinados impuestos que se han establecido, amparándose en subterfugios o resquicios legales, no previstos por el legislador en el momento de redactar la ley.	determinados	-1.863212901324006
es_498	spanish	El impuesto a los réditos es también un buen instrumento para conocer el monto de las rentas y de la riqueza nacional.	monto	-1.948681871210678
es_499	spanish	Los hombres se dedicaban preferentemente a la caza y confeccionaban los utensilios de piedra.	caza	-1.9920332920054746
es_500	spanish	En este sentido, el análisis vertical permite responder la interrogante anterior, señalando el uso que se dio a los ingresos de la compañía en el período de análisis.	responder	-1.3499825357467123
es_501	spanish	Así se podrán reparar más rápido los carros, y se podrá recibir mayor número de los que actualmente se pueden atender.	rápido	-0.82920603030388
es_502	spanish	Luego, haga un cuadro donde pueda colocar cuánto debe reunir semanal o mensualmente para lograr cada una de sus metas, dependiendo del plazo que éstas tengan.	metas	-1.6642511373661584
es_503	spanish	Estas tarjetas acarrean pocos riesgos y te ayudan a crear buenos antecedentes crediticios al mostrar tu capacidad para usar una tarjeta con responsabilidad.	mostrar	-0.9805882498741232
es_504	spanish	Los acreedores confían en la información crediticia para ver cómo has gestionado tus préstamos en el pasado y determinar qué posibilidades tienes de pagar un nuevo préstamo.	confían	-2.3727246824469206
es_505	spanish	Cheque de caja: se solicita al banco, y este procede a retirar el monto solicitado de la cuenta corriente o de inversión del solicitante o se deposita en la cuenta que el banco destine.	destine	-3.42580312593034
es_506	spanish	Las fuerzas de crecimiento dan lugar a un movimiento hacia arriba en la jerarquía, mientras que las fuerzas regresivas empujan las necesidades prepotentes hacia abajo en la misma.	empujan	-2.7139958968891493
es_507	spanish	Prepararse para el futuro es también prepararse para la jubilación y para los posibles gastos médicos todo lo cual requiere planeación, ahorro y un número limitado de deudas.	limitado	-1.7816108049589807
es_508	spanish	El mercado es el lugar donde se transan las mercancías y los servicios; es la expresión que define el lugar físico o figurado donde se encuentran vendedores y compradores.	define	-1.73383802316298
es_509	spanish	En cambio, aunque desaparecieran todos los privilegios y quedara únicamente el privilegio fiscal, bastaría esta desigualdad para mantener separadas las clases, ya que nunca podrían reunirse para discutir y decidir los asuntos que más les interesan y los que con mayor frecuencia se suscitan.	decidir	-1.4981761634853863
es_510	spanish	Finalmente, se incluye el valor positivo por la adquisición del préstamo y los valores negativos por la amortización de la deuda que se obtiene de la tabla 21.	préstamo	-2.1580449092789746
es_511	spanish	Además de los anteriores, en la economía global hay indicadores financieros que entregan información sobre el pulso bursátil, el número y los montos de las transacciones de acciones de sociedades, bonos u otros instrumentos financieros y de inversión.	bonos	-2.1815260051284975
es_512	spanish	Con lo anterior, surge otro paso en la planeación y lo que sigue lo explican muy bien los varias veces mencionados Alonso, Brailovsky y Ortiz y a lo cual queremos ceñirnos adaptándolo y trascribiéndolo aquí en toda su dimensión, dada su relevancia.	dimensión	-1.7436580495565086
es_513	spanish	En la quiebra prevista en el capítulo 7, tus activos se venden y el dinero se divide entre tus acreedores.	activos	-1.6172545746899347
es_514	spanish	«El sistema de administración financiera del Estado comprende el conjunto de procesos administrativos que permiten la obtención de recursos y su aplicación a la concreción de los logros de los objetivos del Estado [	administrativos	-2.441275812586548
es_515	spanish	Crea una lista de gastos previsibles y piensa cómo crees que gastas tu dinero en un mes normal.	Crea	-1.3111087598256055
es_516	spanish	Por no dejar pasar la oportunidad, usted puede ir a un vendedor de automóviles, escoger uno y pagarlo a plazos.	pagarlo	-2.389373860303665
es_517	spanish	Autorrealización: Son las más elevadas, se hallan en la cima de la jerarquía, a través de su satisfacción personal, encuentran un sentido a la vida mediante el desarrollo de su potencial en una actividad.	elevadas	-2.2859240395291036
es_518	spanish	El segundo principio establece que no basta con incrementar las entradas de efectivo, sino que éstas deben acelerarse.	entradas	-1.7436580495565086
es_519	spanish	Realizan una adecuación de las necesidades entre prestamistas y prestatarios en cuanto a cantidades y plazos.	prestamistas	-3.2796750902521024
es_520	spanish	No obstante, dado que existe esa disminución, la tarea siguiente sería buscar qué pudo haber ocasionado esa variación.	variación	-2.0650204360570603
es_521	spanish	Como resultado, una emergencia costosa, como la súbita pérdida de empleo o la acumulación de demasiadas cuentas médicas, podrían enviar a cualquier persona que no esté financieramente preparada a vivir endeudada durante años y, en algunos casos, a la bancarrota.	endeudada	-3.483795072908027
es_522	spanish	Los problemas de la economía urbana son en gran parte de naturaleza social, y las muchas propuestas para mejorar el bienestar social y económico de los grupos minoritarios indican una recia voluntad para cooperar en la solución de estos problemas.	bienestar	-1.5799302516661224
es_523	spanish	El seguimiento o monitoreo y evaluación, que es la tercera etapa, permitirá ir visualizando la puesta en marcha y el cumplimiento del plan de acción, para contribuir al logro de sus objetivos y metas, así como plantear recomendaciones para evitar desviaciones; es decir, una forma de evaluación concurrente.	puesta	-1.5082976163777937
es_524	spanish	Los bienes y servicios utilizados por las personas o la sociedad para satisfacer sus necesidades se denominan satisfactores o productos, o simplemente bienes.	utilizados	-1.8716169268609582
es_525	spanish	Si se visita una fábrica de refrigeradoras y de estufas se encontrará que allí, según su tamaño, trabajan muchos obreros, quienes procesan las láminas de acero y construyen, con otras actividades los muebles metálicos.	muebles	-1.9365479575610798
es_526	spanish	Pero a muchas personas no les gusta ceñirse a él porque sencillamente no les gusta y porque los presupuestos contienen once de los obstáculos que impiden que estos se hagan.	gusta	-0.5562634011166321
es_527	spanish	El asegurado es quien se espera que tome la decisión sobre la cuantía del seguro, calculado sobre sus ingresos, para posibilitar la cuota que debe atender y también proyectando cual sería el valor o costo ajustado de los gastos familiares, tomando en cuenta también el tamaño y características de la familia.	atender	-1.6789743941868647
es_528	spanish	Una de las mejores formas de gestionar el riesgo es distribuir tus inversiones y ahorros a través de diversos canales.	inversiones	-1.8051466461107195
es_529	spanish	Al momento de la entrega de estos cheques, el banco pide que el solicitante los firme, y solo podrá cobrarlos esta persona al firmar nuevamente los cheques en la parte de abajo, así la entidad que los recibe podrá cotejar que las firmas sean idénticas.	entidad	-1.7246670598378138
es_530	spanish	El punto de equilibrio, dependiendo del giro del negocio, puede expresarse en cantidades o en términos monetarios.	cantidades	-1.5687723276577163
es_531	spanish	Como se indicó al inicio del capítulo, para la construcción del EFE se emplean dos métodos: directo e indirecto.	directo	-1.1641240099130856
es_532	spanish	Otras disposiciones, como el artículo 19 de la Ley de Bancos, establecen que estas entidades deben conservar los libros y documentación por diez años, salvo que la Superintendencia de Bancos e Instituciones Financieras autorice su destrucción con anterioridad.	anterioridad	-2.3785282585461607
es_533	spanish	Es posible evitar el crecimiento de una deuda utilizando su tarjeta de crédito solamente cuando pueda cancelar la totalidad de su saldo todos los meses.	saldo	-2.3152134156310913
es_534	spanish	Al igual que se mencionó en la sección de la tabla de datos, el administrador de escenarios requiere que toda la información del flujo de caja se encuentre correctamente formulada antes de su ejecución.	encuentre	-1.6916035652441095
es_535	spanish	Estimado Cliente. Queremos informarle que personas inescrupulosas están solicitando información a nuestros clientes en nombre de nuestra Institución, por consiguiente, para verificar si su cuenta fue afectada ingrese en los siguientes campos su número de Tarjeta y contraseña...	ingrese	-2.4963842002160477
es_536	spanish	Por ejemplo: Tengo que mantenerme al día con las tendencias, o me sentiré avergonzado.	avergonzado	-2.612889769287485
es_537	spanish	Sin duda, estaremos de acuerdo en que el metal en un automóvil de último modelo es más útil que un montón de mineral de hierro o unos pocos lingotes de acero.	metal	-1.5780762702725293
es_538	spanish	Eficiencia: Ausencia de despilfarro o utilización de los recursos económicos, que reporta el máximo nivel de satisfacción posible, con los factores y la tecnología dados.	reporta	-2.566965274501755
es_539	spanish	En el origen, los impuestos eran aplicados a las personas, por los soberanos y el clero, para financiar los asuntos de las castas gobernantes y ceremonias religiosas respectivamente.	castas	-2.9559811099521776
es_540	spanish	También, deben considerarse, los aspectos relativos a la conceptualización e ideas generales sobre la historia de la tributación, su importancia, propósitos, características y equidad o justicia de un buen impuesto; la educabilidad y la dimensión moral de los impuestos y, los impuestos y las finanzas personales.	personales	-1.4979197155996333
es_541	spanish	En resumen, acorde a las tablas presentadas, se han incrementado los ingresos, las utilidades, la capitalización y el efectivo.	presentadas	-2.547856174301152
es_542	spanish	En el primero, el bien o servicio se consume directamente y no es utilizado para generar otros productos.	utilizado	-1.3481627363863387
es_543	spanish	Se han logrado tremendos incrementos en la producción total como resultado del desarrollo de la energía eléctrica y hoy también la marina y la eólica que se están tratando de aprovechar para usos industriales y otros.	marina	-1.825374800198209
es_544	spanish	Cobros derivados del reembolso de anticipos y préstamos a terceros (distintos de las operaciones de este tipo hechas por entidades financieras).	hechas	-1.6378116207993154
es_545	spanish	La inversión requerida es de $15,000 que incluyen: $5,000 en maquinarias y equipos, $2,000 en mobiliario; el saldo corresponde al capital de trabajo.	mobiliario	-2.5309334691850878
es_546	spanish	Los ingresos activos están constituidos por el salario o sueldo que se percibe, cuando se tiene un empleo, honorarios que se cobran como contraprestación de servicios, comisiones y otros pagos de la misma naturaleza.	honorarios	-2.818348102715672
es_547	spanish	La Economía como una disciplina científica que es y que tiene, por consiguiente, su propia estructura de conocimientos tiene asimismo una serie de principios y leyes como los siguientes: Los individuos se enfrentan a disyuntivas o alternativas.	científica	-1.7632813880202252
es_548	spanish	La diferencia estriba en que mientras las necesidades de déficit pueden ser satisfechas, las necesidades del ser son una fuerza impelente continua.	continua	-1.6860330603377924
es_549	spanish	Con intereses, ese monto de ahorros mensuales les permitiría ahorrar el pago inicial y comprar su vivienda en 24 meses.	vivienda	-1.7360504297911836
es_550	spanish	tuve una experiencia espeluznante en relación con los gastos que uno debe hacer por alguna enfermedad.	tuve	-1.1512412012240296
es_551	spanish	De partida, el tema concierne a todos los individuos y durante toda la vida, pues las finanzas explican la procedencia y uso de los ingresos y recursos que se disponen para satisfacer las necesidades particulares de todas y todos.	satisfacer	-1.9896404788895843
es_552	spanish	La riqueza con cara humana es lo que percibe y estudia el humanismo, y bajo esta óptica, es que debe inclinarse la educación financiera que deben tener todas las personas que se propongan como meta construir un futuro personal, familiar y social, tranquilo y sostenible.	estudia	-1.9112553732700541
es_553	spanish	Me merezco despilfarrar un poco de vez en cuando y será como una recompensa por mi esfuerzo.	merezco	-2.384410440772115
es_554	spanish	Aplicarla no es fácil, porque usted tiene que demorar la gratificación de hoy para arreglar el desastre que hizo ayer.	ayer	-1.1541938245515082
es_555	spanish	La importancia y trascendencia de las funciones económicas del cheque, derivan de su consideración de medio o instrumento de pago.	derivan	-2.5337085232398597
es_556	spanish	Si solicitas una tarjeta de crédito, úsala para comprar cosas que puedes pagar y paga lo que debes a la brevedad.	paga	-1.5684706294990718
es_557	spanish	precisa de un préstamo hipotecario con el que afrontar el pago de la vivienda.	precisa	-1.894004992054968
es_558	spanish	Pues, el uso de mi chequera testimoniará que soy una persona cumplida y que soy ordenada en la administración de mis cuentas.	ordenada	-2.1953542045520664
es_559	spanish	Estos delitos son difíciles de probar y los ejecutores reciben bajas penas a pesar de que afectan pasivamente a gran cantidad de personas.	pasivamente	-3.1953542045520664
es_560	spanish	Por ejemplo, considere una panadería que reemplace sus cajeros por ánforas; el pan se coloca en las perchas y se invita a los clientes a tomar el que quieran y comerlo.	quieran	-1.242889407303902
es_561	spanish	En la década de los sesenta del siglo XX, el filósofo y comunicador canadiense Marshall McLuhan anticipó nuestras vidas en comunidad universal gracias a los progresos tecnológicos en comunicaciones e interconexiones humanas a escala global y acuñó la expresión «aldea global» para describir la tierra que habitamos.	progresos	-2.679558254210142
es_562	spanish	Sin embargo, la producción total y el nivel de vida están afectados por la composición y estructura de edades de la población, su educación y el tamaño de la fuerza obrera y productiva, la destreza y movilidad de los trabajadores y la laboriosidad y actitud psicológica de las personas.	movilidad	-1.8509041366713945
es_563	spanish	Para vivir en ese clima de fe y optimismo, indispensable a la felicidad, hemos de hacer la guerra a dos enemigos: el escepticismo y los estados o fenómenos psicológicos enemigos del optimismo.	optimismo	-2.2882907728082107
es_564	spanish	Está indexada con el IPC, de ahí que su fluctuación siga las variaciones del costo de la vida mensual, similar a la UF (unidad de fomento).	variaciones	-2.089343392081811
es_565	spanish	El análisis de la teoría señalada es importante en las finanzas porque implica que un administrador no debe limitarse a establecer un precio acorde al costo de producción que mantiene.	limitarse	-2.8546768488460286
es_566	spanish	Al mismo tiempo, como economía abierta al mundo, es un importador de bienes durables de uso doméstico e industrial, como automóviles, artículos electrónicos, vestuario y alimentos de consumo masivo.	masivo	-2.1041011564296026
es_567	spanish	Reducir los plazos y los costes de intermediación al facilitar la búsqueda de contrapartida para cada operación y agilizar los procedimientos de liquidación.	agilizar	-2.6095618259385573
es_568	spanish	La producción, digamos sencillamente que es, entre las diferentes acepciones del concepto y según el enfoque económico, crear cosas o servicios con valor económico.	enfoque	-1.5657647361231468
es_569	spanish	Los índices y razones presentan ratios de las cuentas de balance y estado de resultados con el objetivo de correlacionar información que no puede observarse a través del análisis vertical o el análisis horizontal.	horizontal	-1.808016731233942
es_570	spanish	Por ejemplo, si se incrementan los documentos por pagar, significa que la empresa se ha endeudado, por tanto, recibió efectivo.	recibió	-1.469034592441291
es_571	spanish	Cómo y cuándo usar los fondos del plan jubilatorio, saber cuáles son las distribuciones mínimas exigidas y abrir cuentas de ahorros jubilatorios, por tu cuenta o a través de tu empleador.	mínimas	-2.355765259322585
es_572	spanish	La clave para lograr sus objetivos financieros, personales y familiares, es planificarlos apropiadamente y darles mucho seguimiento a través de este presupuesto.	clave	-1.1453385793034223
es_573	spanish	El Banco Mundial, en el libro pobreza	pobreza	-1.79006812398438
es_574	spanish	La reducción de estas dos últimas puede colaborar al mencionado incremento del efectivo, ya sea por procesos de cobranzas o incrementos en ventas.	mencionado	-1.55320986389624
es_575	spanish	Algunos de ustedes tienen grandes deudas, han cavado un gran hoyo y se demoraron bastante tiempo en caer en esa hondonada, por lo tanto van a requerir de tiempo para salir de ella.	hoyo	-2.217630599263219
es_576	spanish	Es importante pensar que cuando se exceden los tiempos para el pago de ellos se sufren unos recargos que, aunque a veces parezca que son intrascendentes o poco gravosos, de alguna manera afectan el presupuesto personal o familiar y esto sin mencionar otros inconvenientes, dificultades o problemas que acarrea tal incumplimiento.	incumplimiento	-2.6605071962322837
es_577	spanish	Por ejemplo, generalmente la hipoteca es uno de los mejores tipos de endeudamiento, porque la mayoría de las viviendas aumenta de valor con el paso del tiempo.	viviendas	-1.9876564896835915
es_578	spanish	Los tipos de seguros disponibles se expanden y se ha llegado al grado en que el sector financiero está muy directamente relacionado con el tema.	financiero	-1.8232006055100838
es_579	spanish	Pero uno no puede dejar que el derrotismo lo detenga e impida que haga un presupuesto.	detenga	-2.4503713174210775
es_580	spanish	En espacios monopólicos, el comprador no tiene la posibilidad de seleccionar, en uno u otro oferente, lo que le parezca más conveniente, como sí lo hace en mercados competitivos.	monopólicos	-4.182765077244046
es_581	spanish	El seguro de responsabilidad civil, también denominado de cobertura completa, te protege ante las reclamaciones de terceros por lesiones y daños a la propiedad.	cobertura	-1.8691991364443135
es_582	spanish	El lucro, en cambio, aunque es un sinónimo de utilidad, ganancias o beneficio, es la expresión peyorativa de la utilidad.	lucro	-2.3502561645378095
es_583	spanish	Estos trabajadores debían entregar a la empresa una boleta por los honorarios, donde se señalaba claramente el monto del total, el descuento del 10 % y la suma por recibir, además de los datos del trabajador y del destinatario.	entregar	-1.647832869290472
es_584	spanish	Tal vez se cuestione por qué tiene que someterse a esta disciplina e inconveniencia de presupuestar su propia vida.	inconveniencia	-3.7056438225243835
es_585	spanish	Las transacciones en cajeros deben ser personalizadas, no preste su tarjeta y no de la clave a ningún amigo o conocido para que realice las transacciones por usted.	tarjeta	-1.4897923302151308
es_586	spanish	Tiene que educarse activamente en estas materias (rendimientos, balances y contabilidad, negocios, mercados, negociación, contratos) y desarrollar aptitudes comerciales.	educarse	-2.998479339573093
es_587	spanish	Tal vez una familia numerosa ocupaba una pocilga o una pequeña parte de un inquilinato, compuesta de dos o tres cuartos.	compuesta	-1.9596772555121411
es_588	spanish	La tarea fundamental de la empresa es la de organizar y poner en acción los factores productivos que son los recursos naturales (materias primas), el trabajo y el capital, para transformarlos en bienes y servicios.	transformarlos	-3.1890140265210474
es_589	spanish	El problema es que esas penalizaciones tienen a la larga una repercusión negativa en la historia de crédito, la cual es muy importante en todas las finanzas y desde luego, en las finanzas personales y familiares.	repercusión	-2.239694746117135
es_590	spanish	El desempleo involuntario es un fenómeno muy común y que se ha acentuado calamitosamente en los últimos tiempos, en los países y en las economías modernas.	involuntario	-2.8725270797932407
es_591	spanish	De cierto modo, lo global se contrapone a lo tribal, entendiendo esto último como la conveniencia de la defensa de las culturas locales, en su mayoría de orígenes ancestrales.	ancestrales	-2.435686359862436
es_592	spanish	A continuación, te presentamos un panorama general de los tipos de inversiones habituales.	panorama	-1.8124899644748806
es_593	spanish	Los accionistas comunes están sujetos a que la compañía decida no distribuir los dividendos y que los montos distribuidos fluctúen considerablemente de un periodo a otro.	sujetos	-2.0162926736610243
es_594	spanish	Al igual que en el resto de las disciplinas, en la Economía se distinguen tres tipos fundamentales de leyes: Leyes causales: las determinan las relaciones en las que, a continuación de un hecho, acción o acto determinado, sobreviene constantemente otro hecho determinado, en un lapso determinado.	distinguen	-2.574544777211265
es_595	spanish	Esta circunstancia o familiaridad hace que el concepto sea comprendido fácilmente, aunque quizás no el uso o manejo adecuado, ya que para este se requieren otras habilidades y valores más que el solo conocimiento.	comprendido	-2.228522567804721
es_596	spanish	Evalúa dar al menos algunos de los siguientes pasos: Antes de omitir un pago, llama a tus acreedores para analizar las opciones.	opciones	-1.1193780983796529
es_597	spanish	La austeridad significa realizar el gasto necesario y está asociado al ahorro, que tiene una connotación completamente diferente al de avaricia que se refiere a un afán desordenado de poseer riquezas o dinero para atesorarlo, que puede inducir a actuar con envidia y actos negativos.	asociado	-1.847163915962268
es_598	spanish	Si te denegaron un crédito, tienes derecho a obtener un informe crediticio gratis.	tienes	-0.5946374920208979
es_599	spanish	Si la agencia determina que la información que contiene el informe es inexacta, el acreedor debe notificar a las otras agencias de informes crediticios sobre la existencia del error para que ellos también puedan corregir la información.	corregir	-1.7666002484658092
es_600	spanish	Anteriormente, mencionamos las formas de averiguar a dónde va a parar tu dinero y cómo detener las fugas de dinero.	fugas	-2.5807050859160836
es_601	spanish	Por otra parte, el tercer principio se orienta a los egresos y señala:	orienta	-2.7015272563295514
es_602	spanish	Todos los habitantes de la sociedad toman decisiones económicas, para mejorar sus remuneraciones, su consumo y, consecuentemente, elevar su bienestar.	elevar	-1.9425725390282378
es_603	spanish	Dependiendo de las circunstancias y particularidades de cada proyecto, es posible que tenga que evaluarse la rentabilidad ante movimientos de tres o más variables.	evaluarse	-3.3943946616787164
es_604	spanish	El Banco Mundial, al definir la pobreza, establece un tope de ingreso de un dólar al día por persona.	dólar	-1.7651747729566063
es_605	spanish	Para poder cumplir con los nuevos pedidos, la empresa necesita construir nuevos hornos, comprar más materiales y contratar más personas para su manejo y el de las nuevas máquinas que también se tuvo que adquirir.	contratar	-1.8734391441436558
es_606	spanish	La mejor forma de evitar el pago de tasas de interés altas y penalidades, es llevando la cuenta de los gastos realizados con su tarjeta de crédito.	tasas	-2.0331061726706747
es_607	spanish	Cada vez que ellos se metían en una situación que no les gustaba, las primeras palabras que balbuceaban era	metían	-2.6264625764767584
es_608	spanish	Una incapacidad, y máxime si se trata de una incapacidad total es supremamente complicada para cualquier persona, y algunos dicen que lo es más que la misma muerte prematura, porque además de la pérdida de la fuente generadora de ingresos hay que sumar por lo general los gastos médicos.	médicos	-1.5768446651028454
es_609	spanish	Para ello disponen de sistemas de información que les proporcionan datos financieros y no financieros periódicamente.	periódicamente	-2.4268902215715547
es_610	spanish	La lista de cuentas aludida es invaluable para la familia si usted llega a estar incapacitado o muere repentinamente.	incapacitado	-3.271988261585811
es_611	spanish	Cada año, en los meses de marzo y abril, el Servicio de Impuestos Internos propone declaraciones digitales a los contribuyentes (declaraciones de renta precalculadas por la institución), particularmente para personas naturales y pequeñas empresas.	propone	-1.799462758555298
es_612	spanish	Diez años si la prescripción se interrumpe mediante reconocimiento escrito de la obligación tributaria por parte del contribuyente.	interrumpe	-2.486283873311722
es_613	spanish	Hoy en día han surgido los diferentes medios de pago (antes mencionados) que eliminan el riesgo de robo y se pueden recuperar en caso de extravío, son fáciles de manejar y permiten el control de ingresos y gastos.	permiten	-1.400702164883527
es_614	spanish	Por consiguiente, primero compran las cosas que necesitan, después las que más desean y prescinden de lo demás.	compran	-1.9237175667042945
es_615	spanish	Por ejemplo, en la tabla anterior se muestra una reducción de los Otros Ingresos, sin embargo no se puede identificar cuál es la razón para dicha reducción.	identificar	-1.4508311316322713
es_616	spanish	Con frecuencia, estas compañías cobran honorarios costosos por cosas que podrías hacer tú mismo.	compañías	-1.8012632120509453
es_617	spanish	También, en los países existen otras instituciones depositarias de ahorros como las cajas de ahorro, asociaciones de ahorro y préstamo, por ejemplo que, por lo general, otorgan préstamos hipotecarios para vivienda, préstamos al consumidor o para fines específicos.	cajas	-1.7578834406129789
es_618	spanish	El documento antes citado, la define también como: el rompimiento del equilibrio psicofisiológico que experimenta el ser humano, provocado por la falta o exceso de algo.	experimenta	-2.2432458246254274
es_619	spanish	La función de concentración de recursos, tiene que ver con la racionalidad de las personas que invierten al decidir cómo y dónde destinar sus recursos financieros, teniendo en cuenta la evaluación que realicen de la relación riesgo	concentración	-1.6990759169037681
es_620	spanish	Después surgió la moneda y posteriormente surgió el papel-moneda, que por mucho tiempo fueron los principales medios para los intercambios comerciales.	intercambios	-2.4182687080330827
es_621	spanish	A éstos se les coloca una fecha posterior al momento en que se elabora el cheque, como manera de recordarle al que lo recibe que la cuenta no tendrá los fondos suficientes si no hasta el día que se indica en el cheque y que sólo entonces podrá hacerlo efectivo.	suficientes	-1.699483513819565
es_622	spanish	Colisión: Choque de dos cuerpos. Oposición y pugna de ideas, principios o intereses. Parte del ingreso que no se destina al ahorro, sino que es aplicado a la adquisición de alimentos, educación, ocio, entre otros.	ahorro	-1.908277342296519
es_623	spanish	La corrupción, en tanto, es lo opuesto a la honradez y se la asocia con el vicio, el soborno, la perversión y otros calificativos vinculados a lo inmoral y a la falta de ética personal y empresarial en el actuar.	soborno	-2.917273406959054
