en_31	english	After Ron nearly dies drinking poisoned mead that was apparently intended for Professor Dumbledore, Hermione becomes so distraught that they end their feud for good.	distraught	-2.8540309808882025
en_32	english	After Ron nearly dies drinking poisoned mead that was apparently intended for Professor Dumbledore, Hermione becomes so distraught that they end their feud for good.	drinking	-1.9651080786517887
en_33	english	After the war, Hitler remained in the army and after receiving intelligence and oratory training, became an intelligence official tasked with infiltrating political parties and reporting to his superiors on their activities.	oratory	-3.4332280892566605
en_34	english	After the war, Hitler remained in the army and after receiving intelligence and oratory training, became an intelligence official tasked with infiltrating political parties and reporting to his superiors on their activities.	reporting	-0.9979228847094415
en_35	english	After the war, Hitler remained in the army and after receiving intelligence and oratory training, became an intelligence official tasked with infiltrating political parties and reporting to his superiors on their activities.	infiltrating	-2.471624480170967
en_36	english	All other things being equal, nucleophiles are generally compared to each other in terms of relative reactivity.	relative	-1.5513900444794957
en_37	english	All other things being equal, nucleophiles are generally compared to each other in terms of relative reactivity.	nucleophiles	-3.7455390953303307
en_38	english	All other things being equal, nucleophiles are generally compared to each other in terms of relative reactivity.	compared	-1.022213069890039
en_39	english	Also, the frictional coefficient varies greatly depending on what two substances are in contact, and the temperature and smoothness of the two substances.	frictional	-3.4222327049551975
en_40	english	Also, the frictional coefficient varies greatly depending on what two substances are in contact, and the temperature and smoothness of the two substances.	smoothness	-2.986866198342536
en_41	english	Also, the frictional coefficient varies greatly depending on what two substances are in contact, and the temperature and smoothness of the two substances.	varies	-1.5218655762987272
en_42	english	Although it requires discipline, it is extremely important to systematically work backwards in time through the record trail, exhausting all record sources for each person, before working on their parents and grandparents.	backwards	-1.7327018706251587
en_43	english	Although it requires discipline, it is extremely important to systematically work backwards in time through the record trail, exhausting all record sources for each person, before working on their parents and grandparents.	exhausting	-2.4104508744070907
en_44	english	Although it requires discipline, it is extremely important to systematically work backwards in time through the record trail, exhausting all record sources for each person, before working on their parents and grandparents.	systematically	-2.437705391611405
en_45	english	Although some frames are provided with three holes for the location pins, some brakes only work on one particular position, so take note during any disassembly as to which holes were used.	holes	-1.251018347945706
en_46	english	Although some frames are provided with three holes for the location pins, some brakes only work on one particular position, so take note during any disassembly as to which holes were used.	frames	-1.3103823421542045
en_47	english	Although some frames are provided with three holes for the location pins, some brakes only work on one particular position, so take note during any disassembly as to which holes were used.	brakes	-1.965487209607253
en_48	english	Although the Jews were the favored targets and are the victims we most hear about when talking about the Holocaust, they were not the only victims.	favored	-1.5014573826226296
en_49	english	Although the Jews were the favored targets and are the victims we most hear about when talking about the Holocaust, they were not the only victims.	hear	-0.5867958101533391
en_50	english	Although the Jews were the favored targets and are the victims we most hear about when talking about the Holocaust, they were not the only victims.	talking	-0.4349687508329618
en_51	english	Among these technologies was nuclear fission, the splitting of a highly electronegative atom into smaller ones, which gives off ten times as much power.	electronegative	-3.561894698384204
en_52	english	Among these technologies was nuclear fission, the splitting of a highly electronegative atom into smaller ones, which gives off ten times as much power.	technologies	-1.0488149331172851
en_53	english	Among these technologies was nuclear fission, the splitting of a highly electronegative atom into smaller ones, which gives off ten times as much power.	nuclear	-1.869868723168513
en_54	english	An ingenious alphabet allowed the Maya to record information on their monuments and temples, giving anthropologists an excellent way to learn about Maya life and culture.	anthropologists	-2.7409914675796103
en_55	english	An ingenious alphabet allowed the Maya to record information on their monuments and temples, giving anthropologists an excellent way to learn about Maya life and culture.	excellent	-1.2930263472076682
en_56	english	An ingenious alphabet allowed the Maya to record information on their monuments and temples, giving anthropologists an excellent way to learn about Maya life and culture.	ingenious	-2.7690201911798535
en_57	english	Another separate book covers Cascading Style Sheets (CSS) which handle overall look and styling, but the present book addresses CSS briefly.	overall	-1.128097285828949
en_58	english	Another separate book covers Cascading Style Sheets (CSS) which handle overall look and styling, but the present book addresses CSS briefly.	addresses	-1.0666375293396686
en_59	english	Another separate book covers Cascading Style Sheets (CSS) which handle overall look and styling, but the present book addresses CSS briefly.	handle	-1.117903775130329
en_60	english	As Governor, he followed such a strict policy of appointing only fellow Republicans to office that he became the father of the spoils system in America.	father	-1.1319197888847234
en_61	english	As Governor, he followed such a strict policy of appointing only fellow Republicans to office that he became the father of the spoils system in America.	appointing	-1.9160660399082312
en_62	english	As Governor, he followed such a strict policy of appointing only fellow Republicans to office that he became the father of the spoils system in America.	spoils	-2.080303821209388
en_63	english	As adjectives, their endings will vary according to the nouns they modify.	according	-1.070436398058174
en_64	english	As adjectives, their endings will vary according to the nouns they modify.	vary	-1.5218655762987272
en_65	english	As adjectives, their endings will vary according to the nouns they modify.	nouns	-2.2699443605721408
en_66	english	As the single parabolic reflector achieves a greater focusing accuracy than any larger bank of mirrors can achieve, the focus is used to achieve a higher temperature which in turn allows a very efficient conversion of heat into mechanical power to drive a electrical generator.	parabolic	-3.283930006788916
en_67	english	As the single parabolic reflector achieves a greater focusing accuracy than any larger bank of mirrors can achieve, the focus is used to achieve a higher temperature which in turn allows a very efficient conversion of heat into mechanical power to drive a electrical generator.	accuracy	-1.9020768180103331
en_68	english	As the single parabolic reflector achieves a greater focusing accuracy than any larger bank of mirrors can achieve, the focus is used to achieve a higher temperature which in turn allows a very efficient conversion of heat into mechanical power to drive a electrical generator.	focusing	-0.773482492257178
en_69	english	As well as being queen of the United Kingdom of Great Britain and Ireland, she was also the first monarch to use the title Empress of India.	queen	-1.590522862358294
en_70	english	As well as being queen of the United Kingdom of Great Britain and Ireland, she was also the first monarch to use the title Empress of India.	monarch	-2.465584125749994
en_71	english	As well as being queen of the United Kingdom of Great Britain and Ireland, she was also the first monarch to use the title Empress of India.	title	-1.1701081524495531
en_72	english	At the end of the sequence a scraper removes any toner left on the drum and the whole process is repeated with a new image.	repeated	-1.261239255983545
en_73	english	At the end of the sequence a scraper removes any toner left on the drum and the whole process is repeated with a new image.	drum	-1.8519817277612056
en_74	english	At the end of the sequence a scraper removes any toner left on the drum and the whole process is repeated with a new image.	toner	-3.089794245039592
en_75	english	Attachment to the fibre is attributed, at least partly, to salt formation between anionic groups in the dyes and cationic groups in the fibre.	fibre	-2.910349343976323
en_76	english	Attachment to the fibre is attributed, at least partly, to salt formation between anionic groups in the dyes and cationic groups in the fibre.	anionic	-4.070050186843835
en_77	english	Attachment to the fibre is attributed, at least partly, to salt formation between anionic groups in the dyes and cationic groups in the fibre.	cationic	-4.070050186843835
en_78	english	Because of the fact that his mating apparatus is barbed, much like the stinger of a worker, it will be ripped from his body after mating, and he will fall towards the earth with the only possible outcome of death.	mating	-2.7146625288572612
en_79	english	Because of the fact that his mating apparatus is barbed, much like the stinger of a worker, it will be ripped from his body after mating, and he will fall towards the earth with the only possible outcome of death.	ripped	-1.6558198578427978
en_80	english	Because of the fact that his mating apparatus is barbed, much like the stinger of a worker, it will be ripped from his body after mating, and he will fall towards the earth with the only possible outcome of death.	stinger	-3.105214603907086
en_81	english	Besides the new vocabulary you should also have a look at how the verbs are conjugated depending on the subject of the sentence.	conjugated	-3.0420214632435916
en_82	english	Besides the new vocabulary you should also have a look at how the verbs are conjugated depending on the subject of the sentence.	verbs	-2.2661380743157697
en_83	english	Besides the new vocabulary you should also have a look at how the verbs are conjugated depending on the subject of the sentence.	vocabulary	-2.162161316970123
en_84	english	Both make heavy use of mathematical functions to describe and predict physical phenomena that are subject to continuous change, and this requires the use of calculus.	heavy	-1.1405177349279016
en_85	english	Both make heavy use of mathematical functions to describe and predict physical phenomena that are subject to continuous change, and this requires the use of calculus.	describe	-1.0891382490669914
en_86	english	Both make heavy use of mathematical functions to describe and predict physical phenomena that are subject to continuous change, and this requires the use of calculus.	predict	-1.6099880081548281
en_87	english	British trade officials took it as a first priority to populate the recently secured areas of Canada and Florida (referring to the Treaty of Paris), where colonists could reasonably be expected to trade with the mother country.	secured	-1.3558135933505742
en_88	english	British trade officials took it as a first priority to populate the recently secured areas of Canada and Florida (referring to the Treaty of Paris), where colonists could reasonably be expected to trade with the mother country.	colonists	-2.930871011120925
en_89	english	British trade officials took it as a first priority to populate the recently secured areas of Canada and Florida (referring to the Treaty of Paris), where colonists could reasonably be expected to trade with the mother country.	populate	-2.0642978579547435
en_90	english	Buddhism and Jainism share many  common themes and practices, including an emphasis on nonviolence and a belief that one achieves liberation through the renunciation of worldly ties which bind individuals to illusion through the process of karma, the accumulation of good and bad merit.	liberation	-2.3270633535234424
en_91	english	Buddhism and Jainism share many  common themes and practices, including an emphasis on nonviolence and a belief that one achieves liberation through the renunciation of worldly ties which bind individuals to illusion through the process of karma, the accumulation of good and bad merit.	emphasis	-1.8599398404987226
en_92	english	Buddhism and Jainism share many  common themes and practices, including an emphasis on nonviolence and a belief that one achieves liberation through the renunciation of worldly ties which bind individuals to illusion through the process of karma, the accumulation of good and bad merit.	accumulation	-2.441093922314537
en_93	english	By the 1960s more mail was being franked by postage meter than with traditional adhesive stamps.	adhesive	-2.4596266320310707
en_94	english	By the 1960s more mail was being franked by postage meter than with traditional adhesive stamps.	franked	-1.8907537879129424
en_95	english	By the 1960s more mail was being franked by postage meter than with traditional adhesive stamps.	meter	-1.5128104076571582
en_96	english	Calculating such capacitances and either exploiting them or taking necessary measures to counteract it is a big deal in engineering electric circuits.	counteract	-2.6644572139432716
en_97	english	Calculating such capacitances and either exploiting them or taking necessary measures to counteract it is a big deal in engineering electric circuits.	electric	-1.6071532865558342
en_98	english	Calculating such capacitances and either exploiting them or taking necessary measures to counteract it is a big deal in engineering electric circuits.	capacitances	-3.532931002448887
en_99	english	Chapter Two investigates this connection a little more fully by discussing the mental gymnastics of problem solving.	discussing	-1.0641550214193651
en_100	english	Chapter Two investigates this connection a little more fully by discussing the mental gymnastics of problem solving.	gymnastics	-2.77878002846901
en_101	english	Chapter Two investigates this connection a little more fully by discussing the mental gymnastics of problem solving.	fully	-1.1160758431937672
en_102	english	Cheered on by southern supporters (many of whom sent Brooks new canes, to show approval of his actions), came back after a resounding reelection.	resounding	-2.9137029859839108
en_103	english	Cheered on by southern supporters (many of whom sent Brooks new canes, to show approval of his actions), came back after a resounding reelection.	whom	-1.4829631186164662
en_104	english	Cheered on by southern supporters (many of whom sent Brooks new canes, to show approval of his actions), came back after a resounding reelection.	supporters	-1.8496515036227112
en_105	english	Click the attached MAC or WIN button to download the zipped font file.	font	-2.1233796285454907
en_106	english	Click the attached MAC or WIN button to download the zipped font file.	download	-1.390925251166153
en_107	english	Click the attached MAC or WIN button to download the zipped font file.	zipped	-3.074902689638247
en_108	english	Configuration can also be assigned on the purely empirical basis of the optical activity.	empirical	-2.5574250759290504
en_109	english	Configuration can also be assigned on the purely empirical basis of the optical activity.	assigned	-1.5969689099259126
en_110	english	Configuration can also be assigned on the purely empirical basis of the optical activity.	purely	-1.9422257619980468
en_111	english	Currently, one seat equals roughly 600,000 constituents.	equals	-1.2855121377987906
en_112	english	Currently, one seat equals roughly 600,000 constituents.	constituents	-2.4051993656564172
en_113	english	Currently, one seat equals roughly 600,000 constituents.	roughly	-1.5884483302987185
en_114	english	Decorative typefaces are better suited for display type (greater than 14 points), while simpler type is better used for text (less than 14 points).	suited	-1.4226672167292151
en_115	english	Decorative typefaces are better suited for display type (greater than 14 points), while simpler type is better used for text (less than 14 points).	typefaces	-3.4115088395634245
en_116	english	Decorative typefaces are better suited for display type (greater than 14 points), while simpler type is better used for text (less than 14 points).	simpler	-0.8216681727041818
en_117	english	Despite this, we can see that there is still some interaction between Dumbledore and McGonagall, with McGonagall being a moderating influence on all parties, while exhibiting staunch loyalty to Dumbledore.	staunch	-3.046569090994312
en_118	english	Despite this, we can see that there is still some interaction between Dumbledore and McGonagall, with McGonagall being a moderating influence on all parties, while exhibiting staunch loyalty to Dumbledore.	loyalty	-2.1480748556915175
en_119	english	Despite this, we can see that there is still some interaction between Dumbledore and McGonagall, with McGonagall being a moderating influence on all parties, while exhibiting staunch loyalty to Dumbledore.	moderating	-4.246141445899516
en_120	english	Dramas, comedy and all other forms of entertainment were produced, as well as broadcasts of news and music.	comedy	-1.940431895416587
en_121	english	Dramas, comedy and all other forms of entertainment were produced, as well as broadcasts of news and music.	broadcasts	-1.8686530625233835
en_122	english	Dramas, comedy and all other forms of entertainment were produced, as well as broadcasts of news and music.	entertainment	-1.6707611372053979
en_123	english	Drill them out using a very slow drill speed, or use a screw extractor tool for stuck screws.	extractor	-3.0558097477292248
en_124	english	Drill them out using a very slow drill speed, or use a screw extractor tool for stuck screws.	drill	-1.702694265817816
en_125	english	Drill them out using a very slow drill speed, or use a screw extractor tool for stuck screws.	stuck	-1.527916642270759
en_126	english	Each side had induced their new partners to join by offering territorial concessions.	offering	-1.869868723168513
en_127	english	Each side had induced their new partners to join by offering territorial concessions.	join	-0.8042631022907148
en_128	english	Each side had induced their new partners to join by offering territorial concessions.	partners	-1.142565760906742
en_129	english	Each year the membership count for this club increases and the need for small group leaders, also known as Core Facilitators, in dorms increases as well.	dorms	-2.452583864474472
en_130	english	Each year the membership count for this club increases and the need for small group leaders, also known as Core Facilitators, in dorms increases as well.	membership	-1.9208310741884551
en_131	english	Each year the membership count for this club increases and the need for small group leaders, also known as Core Facilitators, in dorms increases as well.	count	-1.1544158830163933
en_132	english	Electronically controlled motorized zoom lenses are placed on both camera and projector, and synchronized with one another so that both lenses zoom together and at the same focal length at all times.	zoom	-1.4713812460666509
en_133	english	Electronically controlled motorized zoom lenses are placed on both camera and projector, and synchronized with one another so that both lenses zoom together and at the same focal length at all times.	motorized	-2.9204889753272028
en_134	english	Electronically controlled motorized zoom lenses are placed on both camera and projector, and synchronized with one another so that both lenses zoom together and at the same focal length at all times.	focal	-2.33144577700593
en_135	english	Environmental conditions such as current or temperature gradients cause the bubble to pinch off, creating two bubbles containing similar concentrations of materials.	gradients	-2.3643764962133096
en_136	english	Environmental conditions such as current or temperature gradients cause the bubble to pinch off, creating two bubbles containing similar concentrations of materials.	bubble	-1.6783311544700186
en_137	english	Environmental conditions such as current or temperature gradients cause the bubble to pinch off, creating two bubbles containing similar concentrations of materials.	pinch	-2.0204015300462492
en_138	english	Ever the patriot, Laurens continued to serve his nation as one of the three representatives selected to negotiate terms at the Paris Peace Conference in 1782.	selected	-1.1275460806757542
en_139	english	Ever the patriot, Laurens continued to serve his nation as one of the three representatives selected to negotiate terms at the Paris Peace Conference in 1782.	continued	-0.6963414817149665
en_140	english	Ever the patriot, Laurens continued to serve his nation as one of the three representatives selected to negotiate terms at the Paris Peace Conference in 1782.	negotiate	-1.910349343976323
en_141	english	Everything that you study is geared to prepare you for organic syntheses and other chemical transformations performed in the lab.	transformations	-1.7666141214139752
en_142	english	Everything that you study is geared to prepare you for organic syntheses and other chemical transformations performed in the lab.	performed	-1.171446878268163
en_143	english	Everything that you study is geared to prepare you for organic syntheses and other chemical transformations performed in the lab.	prepare	-0.9940979109264085
en_144	english	Exercises and review sections are ideally contribute a designed repetition pattern.	contribute	-1.349707093980246
en_145	english	Exercises and review sections are ideally contribute a designed repetition pattern.	ideally	-1.9001146408084848
en_146	english	Exercises and review sections are ideally contribute a designed repetition pattern.	repetition	-2.24977573055461
en_147	english	Hard lines are often made to be pressurised with nitrogen or desiccated air, which provide an excellent dielectric even at the high temperatures generated by thousands of watts of RF energy, especially during intense summer heat and sunshine.	desiccated	-3.5929289321241726
en_148	english	Hard lines are often made to be pressurised with nitrogen or desiccated air, which provide an excellent dielectric even at the high temperatures generated by thousands of watts of RF energy, especially during intense summer heat and sunshine.	watts	-2.283930006788916
en_149	english	Hard lines are often made to be pressurised with nitrogen or desiccated air, which provide an excellent dielectric even at the high temperatures generated by thousands of watts of RF energy, especially during intense summer heat and sunshine.	intense	-1.5502221930681161
en_150	english	He believes they are expressing the same concerns that he feels, but only in a different way, and that he is morally required to tolerate them because they are weaker than he is.	tolerate	-2.1163441746708873
en_151	english	He believes they are expressing the same concerns that he feels, but only in a different way, and that he is morally required to tolerate them because they are weaker than he is.	morally	-2.504464702507441
en_152	english	He believes they are expressing the same concerns that he feels, but only in a different way, and that he is morally required to tolerate them because they are weaker than he is.	believes	-0.6714736795832894
en_153	english	He had an exemplary record of service and received the prestigious Iron Cross, both First and Second Class, and also achieved the undistinguished rank of Corporal.	rank	-1.5092140212072371
en_154	english	He had an exemplary record of service and received the prestigious Iron Cross, both First and Second Class, and also achieved the undistinguished rank of Corporal.	undistinguished	-4.4222327049551975
en_155	english	He had an exemplary record of service and received the prestigious Iron Cross, both First and Second Class, and also achieved the undistinguished rank of Corporal.	prestigious	-2.28078293155473
en_156	english	He was also responsible for drug smuggling and murder, and bribed both police and important politicians.	bribed	-2.544285753326009
en_157	english	He was also responsible for drug smuggling and murder, and bribed both police and important politicians.	drug	-1.4745539650182609
en_158	english	He was also responsible for drug smuggling and murder, and bribed both police and important politicians.	police	-1.4035322062889541
en_159	english	Heavy spidering can lead to your spider, or your IP, being barred with prejudice from access to the site.	barred	-1.164374211082444
en_160	english	Heavy spidering can lead to your spider, or your IP, being barred with prejudice from access to the site.	spidering	-4.4222327049551975
en_161	english	Heavy spidering can lead to your spider, or your IP, being barred with prejudice from access to the site.	prejudice	-2.330565747359513
en_162	english	However if the program is some type of editor running on a desktop, you may want to give the operator the option of saving their tediously entered information instead of just exiting the program.	exiting	-1.6395809533448773
en_163	english	However if the program is some type of editor running on a desktop, you may want to give the operator the option of saving their tediously entered information instead of just exiting the program.	saving	-0.8490708959401074
en_164	english	However if the program is some type of editor running on a desktop, you may want to give the operator the option of saving their tediously entered information instead of just exiting the program.	tediously	-4.121202709291216
en_165	english	However in one area it possesses a highly sensitive power, namely the right to withdraw or block Supply, i.e.	highly	-1.181745859788145
en_166	english	However in one area it possesses a highly sensitive power, namely the right to withdraw or block Supply, i.e.	namely	-2.11580767740451
en_167	english	However in one area it possesses a highly sensitive power, namely the right to withdraw or block Supply, i.e.	possesses	-1.8353642125223064
en_168	english	However, despite these mostly unavoidable limitations, several SUVs and larger trucks have been successfully converted to electric power by hobbyists.	despite	-1.2514577690441417
en_169	english	However, despite these mostly unavoidable limitations, several SUVs and larger trucks have been successfully converted to electric power by hobbyists.	successfully	-1.5910030110881341
en_170	english	However, despite these mostly unavoidable limitations, several SUVs and larger trucks have been successfully converted to electric power by hobbyists.	unavoidable	-2.814777681740529
en_171	english	However, heavy, persistent rainfall and rainstorms may cause flooding and waterlogged conditions in the soils, as well as serious rainsplash erosion.	persistent	-2.1633560755830663
en_172	english	However, heavy, persistent rainfall and rainstorms may cause flooding and waterlogged conditions in the soils, as well as serious rainsplash erosion.	rainsplash	-5.02429269628316
en_173	english	However, heavy, persistent rainfall and rainstorms may cause flooding and waterlogged conditions in the soils, as well as serious rainsplash erosion.	rainstorms	-3.0072593569843793
en_174	english	However, in general, it is necessary to apply those laws to an infinitesimal control volume, then use the resulting differential equations.	differential	-2.338550957680896
en_175	english	However, in general, it is necessary to apply those laws to an infinitesimal control volume, then use the resulting differential equations.	resulting	-0.8127183328003093
en_176	english	However, in general, it is necessary to apply those laws to an infinitesimal control volume, then use the resulting differential equations.	infinitesimal	-3.5771346649409406
en_177	english	However, it hardly needs saying that this artifice would have limited value if we knew the myth to be a lie.	myth	-1.9393591213464436
en_178	english	However, it hardly needs saying that this artifice would have limited value if we knew the myth to be a lie.	artifice	-3.4679901955158727
en_179	english	However, it hardly needs saying that this artifice would have limited value if we knew the myth to be a lie.	hardly	-1.7829953091731667
en_180	english	However, it should be clear that different wavelengths will undergo constructive interference for different angles of incidence of the incoming light.	constructive	-2.347599086658293
en_181	english	However, it should be clear that different wavelengths will undergo constructive interference for different angles of incidence of the incoming light.	undergo	-1.9821111017673936
en_182	english	However, it should be clear that different wavelengths will undergo constructive interference for different angles of incidence of the incoming light.	angles	-1.4168376730684913
en_183	english	However, the attenuation can only go as far as the synaptic and cortical plasticity of the brain, because the seriousness of ADHD mostly depends on neurobiological aspects.	mostly	-1.1767817310799116
en_184	english	However, the attenuation can only go as far as the synaptic and cortical plasticity of the brain, because the seriousness of ADHD mostly depends on neurobiological aspects.	depends	-0.9381465055972585
en_185	english	However, the attenuation can only go as far as the synaptic and cortical plasticity of the brain, because the seriousness of ADHD mostly depends on neurobiological aspects.	synaptic	-3.2761046692769593
en_186	english	Hydrogen peroxide will spontaneously degrade into water and molecular oxygen, however, the presence of a catalyst speeds up this reaction to the point that it has been used a fuel source for torpedoes and even spacecraft.	speeds	-1.1131350875431831
en_187	english	Hydrogen peroxide will spontaneously degrade into water and molecular oxygen, however, the presence of a catalyst speeds up this reaction to the point that it has been used a fuel source for torpedoes and even spacecraft.	spontaneously	-2.681870015460954
en_188	english	Hydrogen peroxide will spontaneously degrade into water and molecular oxygen, however, the presence of a catalyst speeds up this reaction to the point that it has been used a fuel source for torpedoes and even spacecraft.	peroxide	-3.0798100241329913
en_189	english	I genuinely value the collaborative spirit of this platform and am committed to being more vigilant about copyright issues in the future.	committed	-1.317830958651805
en_190	english	I genuinely value the collaborative spirit of this platform and am committed to being more vigilant about copyright issues in the future.	collaborative	-1.9602092603195638
en_191	english	I genuinely value the collaborative spirit of this platform and am committed to being more vigilant about copyright issues in the future.	platform	-1.2134555451426714
en_192	english	I understand your concerns about copyright issues and the need to maintain the integrity of the content on the platform.	concerns	-1.183747508646321
en_193	english	I understand your concerns about copyright issues and the need to maintain the integrity of the content on the platform.	maintain	-1.191081816000551
en_194	english	I understand your concerns about copyright issues and the need to maintain the integrity of the content on the platform.	copyright	-2.1810599181851504
en_195	english	If not, gently massage the cramped muscle you may also try applying ice.	cramped	-2.759474873273623
en_196	english	If not, gently massage the cramped muscle you may also try applying ice.	massage	-2.1147366670419845
en_197	english	If not, gently massage the cramped muscle you may also try applying ice.	applying	-0.952631572841372
en_198	english	If possible locate a beekeeper in your area that may be willing to guide you along or even mentor you during your newfound interests.	mentor	-1.741444093448515
en_199	english	If possible locate a beekeeper in your area that may be willing to guide you along or even mentor you during your newfound interests.	newfound	-2.619458979663222
en_200	english	If possible locate a beekeeper in your area that may be willing to guide you along or even mentor you during your newfound interests.	willing	-1.2620644119966855
en_201	english	In attempts to improve accuracy the Army employed a large group of mathematicians to continuously calculate differential equations required for solving ballistic firing tables.	mathematicians	-2.5771346649409406
en_202	english	In attempts to improve accuracy the Army employed a large group of mathematicians to continuously calculate differential equations required for solving ballistic firing tables.	calculate	-1.6150360442442502
en_203	english	In attempts to improve accuracy the Army employed a large group of mathematicians to continuously calculate differential equations required for solving ballistic firing tables.	continuously	-1.8981612890211754
en_204	english	In many annual species, only the seed exists during unfavorable dry or cold conditions.	exists	-0.9881031075289606
en_205	english	In many annual species, only the seed exists during unfavorable dry or cold conditions.	unfavorable	-3.0072593569843793
en_206	english	In many annual species, only the seed exists during unfavorable dry or cold conditions.	annual	-1.5854340368625979
en_207	english	In northern Europe (north Germany, Netherlands, and France), the middle class tended to be Protestant, which corresponded with their work ethic and philosophy.	northern	-1.618946336107451
en_208	english	In northern Europe (north Germany, Netherlands, and France), the middle class tended to be Protestant, which corresponded with their work ethic and philosophy.	corresponded	-2.1015672382899
en_209	english	In northern Europe (north Germany, Netherlands, and France), the middle class tended to be Protestant, which corresponded with their work ethic and philosophy.	tended	-1.1583008961568846
en_210	english	In order to obtain this field, the room has to be sufficiently reverberant and the frequencies have to be high enough to avoid the effects of predominating modes.	sufficiently	-2.3848062070145737
en_211	english	In order to obtain this field, the room has to be sufficiently reverberant and the frequencies have to be high enough to avoid the effects of predominating modes.	frequencies	-1.7721681437775156
en_212	english	In order to obtain this field, the room has to be sufficiently reverberant and the frequencies have to be high enough to avoid the effects of predominating modes.	predominating	-4.547171441563497
en_213	english	In organic chemistry, carbon is very frequently used, so chemists know that there is a carbon atom at the endpoints of every line that is not specifically labeled.	frequently	-1.5819697405375854
en_214	english	In organic chemistry, carbon is very frequently used, so chemists know that there is a carbon atom at the endpoints of every line that is not specifically labeled.	specifically	-1.118442869640841
en_215	english	In organic chemistry, carbon is very frequently used, so chemists know that there is a carbon atom at the endpoints of every line that is not specifically labeled.	chemists	-2.6280933491874237
en_216	english	In the context of programming languages, with a declarative you give facts and rules to the computer which can then be queried to give data back.	declarative	-3.371080182507816
en_217	english	In the context of programming languages, with a declarative you give facts and rules to the computer which can then be queried to give data back.	programming	-1.7554807925433795
en_218	english	In the context of programming languages, with a declarative you give facts and rules to the computer which can then be queried to give data back.	queried	-2.1104788438994433
en_219	english	In the example above, the conserved quantity would be socks, the system would be the dryer, and the system is closed as long as nobody puts socks into or takes socks out of the dryer.	socks	-2.01654491828242
en_220	english	In the example above, the conserved quantity would be socks, the system would be the dryer, and the system is closed as long as nobody puts socks into or takes socks out of the dryer.	puts	-0.39702927971493873
en_221	english	In the example above, the conserved quantity would be socks, the system would be the dryer, and the system is closed as long as nobody puts socks into or takes socks out of the dryer.	nobody	-1.1359446861051108
en_222	english	In the final step, one of the hydrogens of the bonded water molecule is attacked by another water molecule, leaving an alcohol.	attacked	-1.1207686318118977
en_223	english	In the final step, one of the hydrogens of the bonded water molecule is attacked by another water molecule, leaving an alcohol.	molecule	-2.070050186843835
en_224	english	In the final step, one of the hydrogens of the bonded water molecule is attacked by another water molecule, leaving an alcohol.	bonded	-1.5546179237313618
en_225	english	In these cases, the role of the implementing agent is to provide seed inputs, including, but not limited, to capital that will get the project started and enable it to continue under its own impetus after the implementer departs.	implementer	-3.325322691947141
en_226	english	In these cases, the role of the implementing agent is to provide seed inputs, including, but not limited, to capital that will get the project started and enable it to continue under its own impetus after the implementer departs.	implementing	-1.3993920940786697
en_227	english	In these cases, the role of the implementing agent is to provide seed inputs, including, but not limited, to capital that will get the project started and enable it to continue under its own impetus after the implementer departs.	enable	-1.3301264003499615
en_228	english	In this system, compounds are named by analogy to glyceraldehyde, which generally produces unambiguous designations, but is easiest to see in the small biomolecules similar to glyceraldehyde.	biomolecules	-3.945111450235535
en_229	english	In this system, compounds are named by analogy to glyceraldehyde, which generally produces unambiguous designations, but is easiest to see in the small biomolecules similar to glyceraldehyde.	easiest	-0.5927841914189823
en_230	english	In this system, compounds are named by analogy to glyceraldehyde, which generally produces unambiguous designations, but is easiest to see in the small biomolecules similar to glyceraldehyde.	analogy	-2.031297597851818
en_231	english	Initial data from the analysis of the cardiovascular disease drug simvastatin were presented at the conference.	presented	-0.9022079455722904
en_232	english	Initial data from the analysis of the cardiovascular disease drug simvastatin were presented at the conference.	cardiovascular	-2.425502189520045
en_233	english	Initial data from the analysis of the cardiovascular disease drug simvastatin were presented at the conference.	simvastatin	-4.547171441563497
en_234	english	Instead it moves on immediately to the stop bits, and is an admission that parity checking at this level is really useless.	moves	-0.5092272863603988
en_235	english	Instead it moves on immediately to the stop bits, and is an admission that parity checking at this level is really useless.	immediately	-1.1157004574355904
en_236	english	Instead it moves on immediately to the stop bits, and is an admission that parity checking at this level is really useless.	admission	-2.068604945969654
en_237	english	Instead of relying on them to have the right shell, you can simply specify which shell they should use.	relying	-1.412569388275818
en_238	english	Instead of relying on them to have the right shell, you can simply specify which shell they should use.	shell	-1.7010405961114727
en_239	english	Instead of relying on them to have the right shell, you can simply specify which shell they should use.	specify	-1.8253608263509506
en_240	english	Intercellular connections allow heterocytes to transport fixed nitrogen to neighboring cells and to receive carbohydrates.	heterocytes	-5.02429269628316
en_241	english	Intercellular connections allow heterocytes to transport fixed nitrogen to neighboring cells and to receive carbohydrates.	fixed	-1.076907994598419
en_242	english	Intercellular connections allow heterocytes to transport fixed nitrogen to neighboring cells and to receive carbohydrates.	connections	-1.1151112203053068
en_243	english	Irregular Bones have  peculiar forms, cannot be grouped under the preceding heads, and are used for muscle attachment and articulation.	preceding	-2.254177401496058
en_244	english	Irregular Bones have  peculiar forms, cannot be grouped under the preceding heads, and are used for muscle attachment and articulation.	attachment	-2.005176405836087
en_245	english	Irregular Bones have  peculiar forms, cannot be grouped under the preceding heads, and are used for muscle attachment and articulation.	grouped	-0.7764666733477181
en_246	english	It adds a button to the editing toolbar in the source editor, so it is most convenient for redlinked user talk pages, but it can save a click or two otherwise as well, even though it may not be as quick as Twinkle.	button	-0.9477614770293479
en_247	english	It adds a button to the editing toolbar in the source editor, so it is most convenient for redlinked user talk pages, but it can save a click or two otherwise as well, even though it may not be as quick as Twinkle.	redlinked	-5.02429269628316
en_248	english	It adds a button to the editing toolbar in the source editor, so it is most convenient for redlinked user talk pages, but it can save a click or two otherwise as well, even though it may not be as quick as Twinkle.	click	-0.9058295565077943
en_249	english	It has been said that he had to cut his way through the trackless forest, which doubtless was the case in this town at least.	trackless	-3.878164660604922
en_250	english	It has been said that he had to cut his way through the trackless forest, which doubtless was the case in this town at least.	town	-1.134095310073131
en_251	english	It has been said that he had to cut his way through the trackless forest, which doubtless was the case in this town at least.	doubtless	-3.074902689638247
en_252	english	It is generally believed that the pilus is assembled from its base, as a pool of pilin is found in the cell membrane.	pilus	-4.547171441563497
en_253	english	It is generally believed that the pilus is assembled from its base, as a pool of pilin is found in the cell membrane.	assembled	-1.8421634822301614
en_254	english	It is generally believed that the pilus is assembled from its base, as a pool of pilin is found in the cell membrane.	pilin	-5.02429269628316
en_255	english	It is important when planning a blended learning lesson within the primary grades to focus on a unit of study, then intertwine it with technology.	grades	-1.408553007664005
en_256	english	It is important when planning a blended learning lesson within the primary grades to focus on a unit of study, then intertwine it with technology.	intertwine	-2.5057787564052725
en_257	english	It is important when planning a blended learning lesson within the primary grades to focus on a unit of study, then intertwine it with technology.	blended	-1.5835409958039743
en_258	english	It is used by the immune system, for DNA synthesis, for healing wounds, and for normal growth and development during hormonally active periods.	hormonally	-3.9829000111249346
en_259	english	It is used by the immune system, for DNA synthesis, for healing wounds, and for normal growth and development during hormonally active periods.	immune	-1.9516752197379232
en_260	english	It is used by the immune system, for DNA synthesis, for healing wounds, and for normal growth and development during hormonally active periods.	healing	-1.7185115450281776
en_261	english	It repeatedly shows illustrations of Scouts in sunny mountain scenes with no hats whatsoever.	illustrations	-2.0204015300462492
en_262	english	It repeatedly shows illustrations of Scouts in sunny mountain scenes with no hats whatsoever.	whatsoever	-1.8131721550251103
en_263	english	It repeatedly shows illustrations of Scouts in sunny mountain scenes with no hats whatsoever.	repeatedly	-2.015692524521242
en_264	english	It was discovered by goons and other English speakers, and for a while, posting between the two languages flourished.	goons	-3.137801971110678
en_265	english	It was discovered by goons and other English speakers, and for a while, posting between the two languages flourished.	posting	-2.424409624209472
en_266	english	It was discovered by goons and other English speakers, and for a while, posting between the two languages flourished.	discovered	-1.1522530283098735
en_267	english	It will take you to the page which matches your query, otherwise it displays the search results.	displays	-1.284641252573783
en_268	english	It will take you to the page which matches your query, otherwise it displays the search results.	matches	-1.130087437141076
en_269	english	It will take you to the page which matches your query, otherwise it displays the search results.	otherwise	-1.1553545179502487
en_270	english	Its hydrogen is easy to remove, so serine and threonine often act as hydrogen donors in enzymes.	hydrogen	-2.1988665785153367
en_271	english	Its hydrogen is easy to remove, so serine and threonine often act as hydrogen donors in enzymes.	donors	-2.1798155205374785
en_272	english	Its hydrogen is easy to remove, so serine and threonine often act as hydrogen donors in enzymes.	serine	-3.945111450235535
en_273	english	James was overthrown (he was technically held abdicated by Parliament) in the bloodless Glorious Revolution of 1688.	overthrown	-2.471624480170967
en_274	english	James was overthrown (he was technically held abdicated by Parliament) in the bloodless Glorious Revolution of 1688.	technically	-1.5824405205098682
en_275	english	James was overthrown (he was technically held abdicated by Parliament) in the bloodless Glorious Revolution of 1688.	abdicated	-3.1854436055459043
en_276	english	Lastly, the study looked at the conversation of polyunsaturated rich phospholipids to triacylglyerides via a phospholipase C pathway.	looked	-0.24501374562248115
en_277	english	Lastly, the study looked at the conversation of polyunsaturated rich phospholipids to triacylglyerides via a phospholipase C pathway.	rich	-1.2475188938710529
en_278	english	Lastly, the study looked at the conversation of polyunsaturated rich phospholipids to triacylglyerides via a phospholipase C pathway.	phospholipase	-4.4222327049551975
en_279	english	Lewis dot structures are useful for introducing the idea of covalence and bonding in small molecules, but other model types have much more capability to communicate chemistry concepts.	communicate	-1.3384614216570963
en_280	english	Lewis dot structures are useful for introducing the idea of covalence and bonding in small molecules, but other model types have much more capability to communicate chemistry concepts.	bonding	-2.4852165974903833
en_281	english	Lewis dot structures are useful for introducing the idea of covalence and bonding in small molecules, but other model types have much more capability to communicate chemistry concepts.	covalence	-4.723262700619179
en_282	english	Like creating arrays without dynamic allocation, the programmer must initialize the array with sensible values before using it.	array	-1.8563848862816799
en_283	english	Like creating arrays without dynamic allocation, the programmer must initialize the array with sensible values before using it.	dynamic	-1.4605743563174822
en_284	english	Like creating arrays without dynamic allocation, the programmer must initialize the array with sensible values before using it.	arrays	-1.8563848862816799
en_285	english	Mail is generated internally by the Postfix system itself, in order to notify the postmaster of a problem (this path is also indicated with the unlabeled arrow).	generated	-1.3337422347728012
en_286	english	Mail is generated internally by the Postfix system itself, in order to notify the postmaster of a problem (this path is also indicated with the unlabeled arrow).	postmaster	-3.5471714415634974
en_287	english	Mail is generated internally by the Postfix system itself, in order to notify the postmaster of a problem (this path is also indicated with the unlabeled arrow).	notify	-1.6967294360958818
en_288	english	Many federations use these grants to correct imbalances between taxing and spending across different levels of government.	spending	-1.9969430885084034
en_289	english	Many federations use these grants to correct imbalances between taxing and spending across different levels of government.	federations	-2.389815426122428
en_290	english	Many federations use these grants to correct imbalances between taxing and spending across different levels of government.	grants	-1.3339193893671006
en_291	english	Many freshwater protists have contractile vacuoles that pump excess water out of the cell, thereby maintaining a suitable concentration of ions and molecules inside the cell.	vacuoles	-3.878164660604922
en_292	english	Many freshwater protists have contractile vacuoles that pump excess water out of the cell, thereby maintaining a suitable concentration of ions and molecules inside the cell.	protists	-3.945111450235535
en_293	english	Many freshwater protists have contractile vacuoles that pump excess water out of the cell, thereby maintaining a suitable concentration of ions and molecules inside the cell.	thereby	-2.2638702128599477
en_294	english	Milk is a valuable nutritious food, providing vitamins and essential fats to those who can properly digest it.	fats	-1.5732742441277026
en_295	english	Milk is a valuable nutritious food, providing vitamins and essential fats to those who can properly digest it.	nutritious	-2.5205020132259786
en_296	english	Milk is a valuable nutritious food, providing vitamins and essential fats to those who can properly digest it.	properly	-1.3466857435626667
en_297	english	Modern use of emoticons in electronic discussion is generally traced to a proposal in 1982.	electronic	-1.7536138601384534
en_298	english	Modern use of emoticons in electronic discussion is generally traced to a proposal in 1982.	emoticons	-3.662564860265567
en_299	english	Modern use of emoticons in electronic discussion is generally traced to a proposal in 1982.	traced	-1.691046997321197
en_300	english	Most DNS queries (such as name resolution requests) use UDP connections as the amount of data transferred is small and the session establishment overhead would introduce unnecessary traffic and load on nameservers.	introduce	-1.0493207019850908
en_301	english	Most DNS queries (such as name resolution requests) use UDP connections as the amount of data transferred is small and the session establishment overhead would introduce unnecessary traffic and load on nameservers.	unnecessary	-1.9998070285839928
en_302	english	Most DNS queries (such as name resolution requests) use UDP connections as the amount of data transferred is small and the session establishment overhead would introduce unnecessary traffic and load on nameservers.	traffic	-1.548766781243879
en_303	english	Multiple consecutive conflicts are noticed, and will generate a slightly different message.	consecutive	-2.368194494270328
en_304	english	Multiple consecutive conflicts are noticed, and will generate a slightly different message.	conflicts	-1.5281937041505884
en_305	english	Multiple consecutive conflicts are noticed, and will generate a slightly different message.	slightly	-1.2065290640027921
en_306	english	Near the end of the War, Germany tries to fight for a last stand with the Allies.	tries	-0.3858333917049544
en_307	english	Near the end of the War, Germany tries to fight for a last stand with the Allies.	fight	-0.967921516807631
en_308	english	Near the end of the War, Germany tries to fight for a last stand with the Allies.	stand	-0.770325032868198
en_309	english	No two or more States shall enter into any treaty, confederation or alliance whatever between them, without the consent of the United States in Congress assembled, specifying accurately the purposes for which the same is to be entered into, and how long it shall continue.	purposes	-1.044198382497866
en_310	english	No two or more States shall enter into any treaty, confederation or alliance whatever between them, without the consent of the United States in Congress assembled, specifying accurately the purposes for which the same is to be entered into, and how long it shall continue.	alliance	-1.9273826832751033
en_311	english	No two or more States shall enter into any treaty, confederation or alliance whatever between them, without the consent of the United States in Congress assembled, specifying accurately the purposes for which the same is to be entered into, and how long it shall continue.	accurately	-2.013992739643348
en_312	english	Often the talk pages of controversial topics can be very heavily used.	talk	-0.4349687508329618
en_313	english	Often the talk pages of controversial topics can be very heavily used.	topics	-1.1006342744898536
en_314	english	Often the talk pages of controversial topics can be very heavily used.	heavily	-1.5851179564396913
en_315	english	On the German side, however, a gap developed between the westernmost army corps, and the rapid advance was exhausting the troops.	advance	-1.35265709968103
en_316	english	On the German side, however, a gap developed between the westernmost army corps, and the rapid advance was exhausting the troops.	westernmost	-3.7020734015492405
en_317	english	On the German side, however, a gap developed between the westernmost army corps, and the rapid advance was exhausting the troops.	rapid	-1.743032009228147
en_318	english	One important thing to mention is that characters for numerals are represented differently from their corresponding number, i.e.	mention	-0.8276468094960722
en_319	english	One important thing to mention is that characters for numerals are represented differently from their corresponding number, i.e.	corresponding	-2.050703072855903
en_320	english	One important thing to mention is that characters for numerals are represented differently from their corresponding number, i.e.	numerals	-3.094873770568867
en_321	english	One week after the last comment if participants have mostly reached consensus about what to do, action will be taken by an administrator.	reached	-0.8186553368037307
en_322	english	One week after the last comment if participants have mostly reached consensus about what to do, action will be taken by an administrator.	participants	-1.6981617395723652
en_323	english	One week after the last comment if participants have mostly reached consensus about what to do, action will be taken by an administrator.	consensus	-2.1603753193252992
en_324	english	Only the Resurrection Stone seems dubious to Hermione, though Harry hopes it could resurrect his dead parents.	hopes	-0.5526196777830686
en_325	english	Only the Resurrection Stone seems dubious to Hermione, though Harry hopes it could resurrect his dead parents.	resurrect	-2.471624480170967
en_326	english	Only the Resurrection Stone seems dubious to Hermione, though Harry hopes it could resurrect his dead parents.	dubious	-2.77878002846901
en_327	english	Organic chemistry focuses on carbon and following movement of the electrons in carbon chains and rings, and also how electrons are shared with other carbon atoms and heteroatoms.	focuses	-0.773482492257178
en_328	english	Organic chemistry focuses on carbon and following movement of the electrons in carbon chains and rings, and also how electrons are shared with other carbon atoms and heteroatoms.	shared	-0.644316761150538
en_329	english	Organic chemistry focuses on carbon and following movement of the electrons in carbon chains and rings, and also how electrons are shared with other carbon atoms and heteroatoms.	atoms	-2.19563279974784
en_330	english	Over time, the meat softens and develops more in flavor, and for certain meats this process can be carefully extended in a process called aging.	softens	-2.2073888569074995
en_331	english	Over time, the meat softens and develops more in flavor, and for certain meats this process can be carefully extended in a process called aging.	extended	-1.3216037281240265
en_332	english	Over time, the meat softens and develops more in flavor, and for certain meats this process can be carefully extended in a process called aging.	carefully	-1.5027623550044487
en_333	english	Picture opening the hood of a car and finding a washing machine where the engine should be.	washing	-2.14923143289146
en_334	english	Picture opening the hood of a car and finding a washing machine where the engine should be.	engine	-1.4203908645514884
en_335	english	Picture opening the hood of a car and finding a washing machine where the engine should be.	hood	-1.905036807005223
en_336	english	Private bills affect a specific named company, person or other entity (for instance, authorising major constructions on specific named public lands).	entity	-1.7320366249266836
en_337	english	Private bills affect a specific named company, person or other entity (for instance, authorising major constructions on specific named public lands).	named	-0.4996629359694851
en_338	english	Private bills affect a specific named company, person or other entity (for instance, authorising major constructions on specific named public lands).	constructions	-1.4842136074789871
en_339	english	Ranging in size from oversized lakes and enclosed valleys to miniature ponds, these depressions were left by buried ice that eventually melted.	eventually	-1.0913118743599617
en_340	english	Ranging in size from oversized lakes and enclosed valleys to miniature ponds, these depressions were left by buried ice that eventually melted.	depressions	-1.7344808571655383
en_341	english	Ranging in size from oversized lakes and enclosed valleys to miniature ponds, these depressions were left by buried ice that eventually melted.	lakes	-1.5343342168583252
en_342	english	Remember that text will flow and wrap differently for other users, based on their chosen browser, screen resolution, default font size, accessibility options, number of toolbars and sidebars (such as instant messaging panes) and more.	chosen	-0.7799908300619829
en_343	english	Remember that text will flow and wrap differently for other users, based on their chosen browser, screen resolution, default font size, accessibility options, number of toolbars and sidebars (such as instant messaging panes) and more.	wrap	-1.196277632059183
en_344	english	Remember that text will flow and wrap differently for other users, based on their chosen browser, screen resolution, default font size, accessibility options, number of toolbars and sidebars (such as instant messaging panes) and more.	default	-1.5922860090135615
en_345	english	Rescue breathing is used if the victim does not begin breathing when the airway is opened.	breathing	-1.9120229278658891
en_346	english	Rescue breathing is used if the victim does not begin breathing when the airway is opened.	victim	-1.6374371670984356
en_347	english	Rescue breathing is used if the victim does not begin breathing when the airway is opened.	begin	-0.7734093684491922
en_348	english	Sensitive pads of our fingertips used as tactile antennae gauge the slightest startle, tenseness, or hesitation of response.	hesitation	-2.4343430949574523
en_349	english	Sensitive pads of our fingertips used as tactile antennae gauge the slightest startle, tenseness, or hesitation of response.	fingertips	-2.2761046692769593
en_350	english	Sensitive pads of our fingertips used as tactile antennae gauge the slightest startle, tenseness, or hesitation of response.	slightest	-1.6601170635125404
en_351	english	She arranges the loan of a repair person from her competitor, but in the meantime organizes a large number of men with lanterns into a manual signaling system.	manual	-1.6717243101038513
en_352	english	She arranges the loan of a repair person from her competitor, but in the meantime organizes a large number of men with lanterns into a manual signaling system.	arranges	-1.7508284236618135
en_353	english	She arranges the loan of a repair person from her competitor, but in the meantime organizes a large number of men with lanterns into a manual signaling system.	organizes	-1.3968244238234502
en_354	english	She had been surprised that Taggart had dropped by her slum room one day, out of the blue.	slum	-2.8068087520692533
en_355	english	She had been surprised that Taggart had dropped by her slum room one day, out of the blue.	surprised	-1.1382534207167176
en_356	english	She had been surprised that Taggart had dropped by her slum room one day, out of the blue.	dropped	-0.8830311056610697
en_357	english	Since most textbooks are developed by, or based on the contributions of subject matter experts, this requirement is usually well attended to.	attended	-1.3486059875837586
en_358	english	Since most textbooks are developed by, or based on the contributions of subject matter experts, this requirement is usually well attended to.	textbooks	-2.0534810854106422
en_359	english	Since most textbooks are developed by, or based on the contributions of subject matter experts, this requirement is usually well attended to.	contributions	-1.645168550212768
en_360	english	Since the elementary idea of functions is better understood from the classical viewpoint, we shall use it hereafter.	classical	-2.023858618803841
en_361	english	Since the elementary idea of functions is better understood from the classical viewpoint, we shall use it hereafter.	elementary	-1.9147141493787732
en_362	english	Since the elementary idea of functions is better understood from the classical viewpoint, we shall use it hereafter.	understood	-0.6544648037578318
en_363	english	Some of the variations are fees, overdraft protection, minimum balances, allowable account linkages (e.g., checking and savings), and rules on opening the account.	overdraft	-3.626352687611122
en_364	english	Some of the variations are fees, overdraft protection, minimum balances, allowable account linkages (e.g., checking and savings), and rules on opening the account.	minimum	-1.5599522116554925
en_365	english	Some of the variations are fees, overdraft protection, minimum balances, allowable account linkages (e.g., checking and savings), and rules on opening the account.	checking	-0.6063064655967757
en_366	english	Some parts may never be eaten and some are not normally processed as kosher meat in the United States, due to the additional labor involved.	meat	-1.5421340008718833
en_367	english	Some parts may never be eaten and some are not normally processed as kosher meat in the United States, due to the additional labor involved.	kosher	-2.887572129126753
en_368	english	Some parts may never be eaten and some are not normally processed as kosher meat in the United States, due to the additional labor involved.	normally	-1.2255730110981535
en_369	english	Some students find the ablative difficult since it sometimes looks like the nominative singular, dative plural or neither.	nominative	-3.910349343976323
en_370	english	Some students find the ablative difficult since it sometimes looks like the nominative singular, dative plural or neither.	dative	-4.070050186843835
en_371	english	Some students find the ablative difficult since it sometimes looks like the nominative singular, dative plural or neither.	ablative	-4.121202709291216
en_372	english	Sometimes you will need to manipulate expressions into a usable form before it is possible to perform operations in calculus.	perform	-1.171446878268163
en_373	english	Sometimes you will need to manipulate expressions into a usable form before it is possible to perform operations in calculus.	expressions	-1.549785057166184
en_374	english	Sometimes you will need to manipulate expressions into a usable form before it is possible to perform operations in calculus.	manipulate	-1.8447409051179722
en_375	english	Steels are often subjected to a variety of thermal treatments designed to produce various combinations of stable and metastable iron phases.	stable	-1.581342826705298
en_376	english	Steels are often subjected to a variety of thermal treatments designed to produce various combinations of stable and metastable iron phases.	thermal	-2.1969234232293346
en_377	english	Steels are often subjected to a variety of thermal treatments designed to produce various combinations of stable and metastable iron phases.	metastable	-4.325322691947141
en_378	english	Such a cavity can provide numerous functional advantages.	cavity	-2.4343430949574523
en_379	english	Such a cavity can provide numerous functional advantages.	functional	-1.819088332335015
en_380	english	Such a cavity can provide numerous functional advantages.	numerous	-1.634595148076774
en_381	english	Such access might be used for login authentication, creating a new user account, or saving textual information for future retrieval and study.	textual	-2.9989868310183896
en_382	english	Such access might be used for login authentication, creating a new user account, or saving textual information for future retrieval and study.	login	-2.1272156930737394
en_383	english	Such access might be used for login authentication, creating a new user account, or saving textual information for future retrieval and study.	retrieval	-2.9379328656084116
en_384	english	Suzuki Pureharp is one of the tiny production models that use wood as a cover, which produces a pleasantly soft sound.	soft	-1.3314457770059298
en_385	english	Suzuki Pureharp is one of the tiny production models that use wood as a cover, which produces a pleasantly soft sound.	tiny	-1.2950468890578533
en_386	english	Suzuki Pureharp is one of the tiny production models that use wood as a cover, which produces a pleasantly soft sound.	pleasantly	-2.6246189748021216
en_387	english	The Romans, who used the style initially, found it unwieldy and hard to manage in the mountainous and broken terrain of Italy.	style	-1.0810455711452982
en_388	english	The Romans, who used the style initially, found it unwieldy and hard to manage in the mountainous and broken terrain of Italy.	mountainous	-2.759474873273623
en_389	english	The Romans, who used the style initially, found it unwieldy and hard to manage in the mountainous and broken terrain of Italy.	manage	-0.9912712516002491
en_390	english	The alcohol rinse does not remove the crystal violet which masks the added red safanin dye.	masks	-1.5601013256421603
en_391	english	The alcohol rinse does not remove the crystal violet which masks the added red safanin dye.	alcohol	-1.7155149226184387
en_392	english	The alcohol rinse does not remove the crystal violet which masks the added red safanin dye.	rinse	-2.2208355806347457
en_393	english	The big, curling line on the left is elaborately pointing at me (mi).	pointing	-0.49511909302143686
en_394	english	The big, curling line on the left is elaborately pointing at me (mi).	elaborately	-3.5057787564052725
en_395	english	The big, curling line on the left is elaborately pointing at me (mi).	curling	-3.11580767740451
en_396	english	The carrier wave is filtered out and a loudspeaker plays based on the amplitude of the signal.	filtered	-1.5364475761717242
en_397	english	The carrier wave is filtered out and a loudspeaker plays based on the amplitude of the signal.	loudspeaker	-3.1434791040023686
en_398	english	The carrier wave is filtered out and a loudspeaker plays based on the amplitude of the signal.	amplitude	-2.8629246940481847
en_399	english	The centrepiece at the renovated Abbey was a shrine to Edward.	centrepiece	-3.945111450235535
en_400	english	The centrepiece at the renovated Abbey was a shrine to Edward.	shrine	-2.4852165974903833
en_401	english	The centrepiece at the renovated Abbey was a shrine to Edward.	renovated	-2.3141753311713433
en_402	english	The classic Playfair tableau consists of four alphabets, usually in a square arrangement,  two plaintext and two ciphertext.	arrangement	-1.8781646606049218
en_403	english	The classic Playfair tableau consists of four alphabets, usually in a square arrangement,  two plaintext and two ciphertext.	consists	-1.6089854040575924
en_404	english	The classic Playfair tableau consists of four alphabets, usually in a square arrangement,  two plaintext and two ciphertext.	tableau	-3.246141445899516
en_405	english	The combined work need only contain one copy of this License, and multiple identical Invariant Sections may be replaced with a single copy.	replaced	-1.237115703812606
en_406	english	The combined work need only contain one copy of this License, and multiple identical Invariant Sections may be replaced with a single copy.	combined	-1.2352057811951311
en_407	english	The combined work need only contain one copy of this License, and multiple identical Invariant Sections may be replaced with a single copy.	identical	-1.9160660399082312
en_408	english	The detriments outweigh the benefits and there are no current studies to show that vouchers are working.	vouchers	-2.77878002846901
en_409	english	The detriments outweigh the benefits and there are no current studies to show that vouchers are working.	outweigh	-2.5530009852242213
en_410	english	The detriments outweigh the benefits and there are no current studies to show that vouchers are working.	detriments	-2.721096638862671
en_411	english	The diagnosis of schizophrenia should not be made in the presence of extensive depressive or manic symptoms unless it is clear that schizophrenic symptoms antedate the affective disturbance.	diagnosis	-1.9766285016815999
en_412	english	The diagnosis of schizophrenia should not be made in the presence of extensive depressive or manic symptoms unless it is clear that schizophrenic symptoms antedate the affective disturbance.	depressive	-2.975074673612978
en_413	english	The diagnosis of schizophrenia should not be made in the presence of extensive depressive or manic symptoms unless it is clear that schizophrenic symptoms antedate the affective disturbance.	antedate	-5.02429269628316
en_414	english	The entire assembled application is their platform, and the desktops of the affected staff the target domain for their work.	affected	-1.0756841464067235
en_415	english	The entire assembled application is their platform, and the desktops of the affected staff the target domain for their work.	staff	-1.2090471043665967
en_416	english	The entire assembled application is their platform, and the desktops of the affected staff the target domain for their work.	domain	-1.8207159213051871
en_417	english	The food vacuole formed , and then fuses with a lysosome and digests the food.	formed	-0.7930780483205587
en_418	english	The food vacuole formed , and then fuses with a lysosome and digests the food.	fuses	-3.0420214632435916
en_419	english	The food vacuole formed , and then fuses with a lysosome and digests the food.	digests	-2.139497332334179
en_420	english	The formation of this intermediate and subsequent reaction generally has a much lower activation energy barrier than is required for the direct reaction of reactants to products.	subsequent	-1.9821111017673936
en_421	english	The formation of this intermediate and subsequent reaction generally has a much lower activation energy barrier than is required for the direct reaction of reactants to products.	barrier	-1.580560454881563
en_422	english	The formation of this intermediate and subsequent reaction generally has a much lower activation energy barrier than is required for the direct reaction of reactants to products.	intermediate	-2.155648257888334
en_423	english	The goals of this procedure will be to distribute accurate information with the correct approvals using sufficient technology and strategies.	approvals	-1.828393043873926
en_424	english	The goals of this procedure will be to distribute accurate information with the correct approvals using sufficient technology and strategies.	sufficient	-1.8034004470636407
en_425	english	The goals of this procedure will be to distribute accurate information with the correct approvals using sufficient technology and strategies.	distribute	-1.655076838873017
en_426	english	The guitar is a transposing instrument and is notated an octave higher than its actual pitch to avoid having to use the bass clef in standard notation.	transposing	-4.4222327049551975
en_427	english	The guitar is a transposing instrument and is notated an octave higher than its actual pitch to avoid having to use the bass clef in standard notation.	clef	-3.609319348312342
en_428	english	The guitar is a transposing instrument and is notated an octave higher than its actual pitch to avoid having to use the bass clef in standard notation.	notated	-3.4445090996663494
en_429	english	The hall sensor and inductor use a property of  the magnetic field to sense the current through a nearby conductor.	sensor	-1.8199013643638602
en_430	english	The hall sensor and inductor use a property of  the magnetic field to sense the current through a nearby conductor.	magnetic	-2.117957654478069
en_431	english	The hall sensor and inductor use a property of  the magnetic field to sense the current through a nearby conductor.	hall	-1.4902665902270247
en_432	english	The hero then was summoned to compete in the second rite, the rite of conquest, by defeating the mercenary General Claudius.	mercenary	-2.621172175107342
en_433	english	The hero then was summoned to compete in the second rite, the rite of conquest, by defeating the mercenary General Claudius.	rite	-2.6532248340114237
en_434	english	The hero then was summoned to compete in the second rite, the rite of conquest, by defeating the mercenary General Claudius.	defeating	-1.6114962675666165
en_435	english	The lexical analyzer is the part of the compiler which removes whitespace and other non compilable characters from the source code.	compilable	-5.02429269628316
en_436	english	The lexical analyzer is the part of the compiler which removes whitespace and other non compilable characters from the source code.	characters	-1.0914639293823132
en_437	english	The lexical analyzer is the part of the compiler which removes whitespace and other non compilable characters from the source code.	lexical	-3.5471714415634974
en_438	english	The main reason for not allowing multiple outputs with the same input is that it lets us apply the same function to different forms of the same thing without changing their equivalence.	outputs	-1.6282677996745665
en_439	english	The main reason for not allowing multiple outputs with the same input is that it lets us apply the same function to different forms of the same thing without changing their equivalence.	changing	-0.4931332308786278
en_440	english	The main reason for not allowing multiple outputs with the same input is that it lets us apply the same function to different forms of the same thing without changing their equivalence.	equivalence	-3.074902689638247
en_441	english	The majority of seaweeds, like the kelps (very large brown algae from the Order Laminariales), despite a superficial appearance of such, lack true stems, leaves, roots, and any kind of vascular systems as found in higher plants.	brown	-1.393966541479213
en_442	english	The majority of seaweeds, like the kelps (very large brown algae from the Order Laminariales), despite a superficial appearance of such, lack true stems, leaves, roots, and any kind of vascular systems as found in higher plants.	vascular	-2.7232627006191787
en_443	english	The majority of seaweeds, like the kelps (very large brown algae from the Order Laminariales), despite a superficial appearance of such, lack true stems, leaves, roots, and any kind of vascular systems as found in higher plants.	superficial	-2.4928137792409046
en_444	english	The next day, during the Fajr Salaah, he stabbed Sayyiduna Umar (radi Allahu anhu) 6 times in the back, severely wounding the Caliph.	wounding	-1.7601835399773513
en_445	english	The next day, during the Fajr Salaah, he stabbed Sayyiduna Umar (radi Allahu anhu) 6 times in the back, severely wounding the Caliph.	severely	-2.1779555841533544
en_446	english	The next day, during the Fajr Salaah, he stabbed Sayyiduna Umar (radi Allahu anhu) 6 times in the back, severely wounding the Caliph.	stabbed	-2.0969223332441365
en_447	english	The northern part of the continent, covering much of Siberia was also inaccessible to the steppe nomads due to the dense forests and the tundra.	nomads	-2.716796658369947
en_448	english	The northern part of the continent, covering much of Siberia was also inaccessible to the steppe nomads due to the dense forests and the tundra.	steppe	-3.2684178406106685
en_449	english	The northern part of the continent, covering much of Siberia was also inaccessible to the steppe nomads due to the dense forests and the tundra.	covering	-0.7915760465049916
en_450	english	The others died at sea or in prison while awaiting trial.	died	-0.9326609056563517
en_451	english	The others died at sea or in prison while awaiting trial.	awaiting	-1.9513079516552294
en_452	english	The others died at sea or in prison while awaiting trial.	prison	-1.6676932605581891
en_453	english	The reason why hypothalamic lesions affect body fat and feeding behavior has in fact much to do with leptin signaling.	affect	-1.0756841464067235
en_454	english	The reason why hypothalamic lesions affect body fat and feeding behavior has in fact much to do with leptin signaling.	leptin	-3.662564860265567
en_455	english	The reason why hypothalamic lesions affect body fat and feeding behavior has in fact much to do with leptin signaling.	hypothalamic	-3.793843774904886
en_456	english	The relative configuration description is still used mainly in glycochemistry.	description	-1.0270374064630565
en_457	english	The relative configuration description is still used mainly in glycochemistry.	configuration	-1.8797184886735434
en_458	english	The relative configuration description is still used mainly in glycochemistry.	mainly	-1.4609302867965523
en_459	english	The same principle of course applied to the single lens reflex, but early SLRs caused delays and inconvenience through the need to move the mirror out of the focal plane to allow light to the plate behind it.	plane	-1.485467707345256
en_460	english	The same principle of course applied to the single lens reflex, but early SLRs caused delays and inconvenience through the need to move the mirror out of the focal plane to allow light to the plate behind it.	plate	-1.4587990664142974
en_461	english	The same principle of course applied to the single lens reflex, but early SLRs caused delays and inconvenience through the need to move the mirror out of the focal plane to allow light to the plate behind it.	inconvenience	-2.6333575891797807
en_462	english	The size of an aggro radius sometimes varies with faction and con, and may be spherical in certain environments.	aggro	-3.1982178935823335
en_463	english	The size of an aggro radius sometimes varies with faction and con, and may be spherical in certain environments.	spherical	-2.793843774904886
en_464	english	The size of an aggro radius sometimes varies with faction and con, and may be spherical in certain environments.	faction	-2.3615348646015857
en_465	english	The theater contributed dramatic outcries, including those of Mary Otis Warren.	theater	-1.715941747696434
en_466	english	The theater contributed dramatic outcries, including those of Mary Otis Warren.	dramatic	-1.661056891799466
en_467	english	The theater contributed dramatic outcries, including those of Mary Otis Warren.	contributed	-1.349707093980246
en_468	english	There are also different editing styles in the sense of how bold people are willing to be.	styles	-1.0810455711452982
en_469	english	There are also different editing styles in the sense of how bold people are willing to be.	bold	-1.7661345029423656
en_470	english	There are also different editing styles in the sense of how bold people are willing to be.	editing	-1.8929948996855368
en_471	english	There is a clear need for a different structure to the books as they are meant to be (at least eventually) printed and should therefore have a linear style.	linear	-1.9700627864197626
en_472	english	There is a clear need for a different structure to the books as they are meant to be (at least eventually) printed and should therefore have a linear style.	printed	-1.4037402515537245
en_473	english	There is a clear need for a different structure to the books as they are meant to be (at least eventually) printed and should therefore have a linear style.	meant	-0.3853743487815287
en_474	english	There is a slight tendency towards attack from the opposite side of the halide.	slight	-1.6601170635125404
en_475	english	There is a slight tendency towards attack from the opposite side of the halide.	tendency	-1.8878892481491698
en_476	english	There is a slight tendency towards attack from the opposite side of the halide.	opposite	-1.3249753952617773
en_477	english	There may also be separate licensing fees for distribution of patented multimedia data formats like GIF images, which if not in fact at least in philosophy violate the principles of the GFDL, preventing you from freely using the image or picture.	fees	-1.6141906196402993
en_478	english	There may also be separate licensing fees for distribution of patented multimedia data formats like GIF images, which if not in fact at least in philosophy violate the principles of the GFDL, preventing you from freely using the image or picture.	patented	-2.1434791040023686
en_479	english	There may also be separate licensing fees for distribution of patented multimedia data formats like GIF images, which if not in fact at least in philosophy violate the principles of the GFDL, preventing you from freely using the image or picture.	philosophy	-1.7416705834050972
en_480	english	Therefore, no matter how much slang you use in your native language, limiting your use of slang in French (proportionally to your level of fluency) will also limit how much you are patronised and giggled at by native listeners.	giggled	-2.2871000535784227
en_481	english	Therefore, no matter how much slang you use in your native language, limiting your use of slang in French (proportionally to your level of fluency) will also limit how much you are patronised and giggled at by native listeners.	patronised	-4.246141445899516
en_482	english	Therefore, no matter how much slang you use in your native language, limiting your use of slang in French (proportionally to your level of fluency) will also limit how much you are patronised and giggled at by native listeners.	limiting	-1.1187666478481115
en_483	english	These are mainly guidelines to administrator behavior, but can be useful to point at when having a serious dispute with administrators or going before stewards and an arbitration board.	stewards	-2.406244599571067
en_484	english	These are mainly guidelines to administrator behavior, but can be useful to point at when having a serious dispute with administrators or going before stewards and an arbitration board.	dispute	-2.0415693086146143
en_485	english	These are mainly guidelines to administrator behavior, but can be useful to point at when having a serious dispute with administrators or going before stewards and an arbitration board.	administrators	-1.966246465887878
en_486	english	These deck styles do not do well against decks with any type of disruption or control so they are currently not seeing much play.	deck	-1.7110584045884358
en_487	english	These deck styles do not do well against decks with any type of disruption or control so they are currently not seeing much play.	seeing	-0.18085434678999426
en_488	english	These deck styles do not do well against decks with any type of disruption or control so they are currently not seeing much play.	decks	-1.7110584045884358
en_489	english	These plots are to be interpreted like topographic maps, where the lines represent contours of constant elevation.	topographic	-3.283930006788916
en_490	english	These plots are to be interpreted like topographic maps, where the lines represent contours of constant elevation.	constant	-1.4877342537116296
en_491	english	These plots are to be interpreted like topographic maps, where the lines represent contours of constant elevation.	interpreted	-1.7476011674381202
en_492	english	These required money, and a new criminal underworld rose to fund them and profit from them.	underworld	-2.6759878332349993
en_493	english	These required money, and a new criminal underworld rose to fund them and profit from them.	fund	-1.3275869153492426
en_494	english	These required money, and a new criminal underworld rose to fund them and profit from them.	profit	-1.563244604612502
en_495	english	They are generally better off using their Ne, as well as the reasoning capacities of their Ti, to hash out truth, rather than deferring to Si traditions.	hash	-2.456090972216165
en_496	english	They are generally better off using their Ne, as well as the reasoning capacities of their Ti, to hash out truth, rather than deferring to Si traditions.	deferring	-2.3918354040984355
en_497	english	They are generally better off using their Ne, as well as the reasoning capacities of their Ti, to hash out truth, rather than deferring to Si traditions.	capacities	-1.4046776905403533
en_498	english	They convert solar energy to chemical energy by absorbing sunlight and using it to drive the synthesis of organic compounds such as sugar from carbon dioxide and water.	sunlight	-2.006008387856629
en_499	english	They convert solar energy to chemical energy by absorbing sunlight and using it to drive the synthesis of organic compounds such as sugar from carbon dioxide and water.	absorbing	-1.7138118048204847
en_500	english	They convert solar energy to chemical energy by absorbing sunlight and using it to drive the synthesis of organic compounds such as sugar from carbon dioxide and water.	organic	-1.7731413531078053
en_501	english	They do not interfere with the gestures mages need to cast spells.	gestures	-2.0438348040070595
en_502	english	They do not interfere with the gestures mages need to cast spells.	interfere	-2.0295357516955317
en_503	english	They do not interfere with the gestures mages need to cast spells.	mages	-2.6351266119186274
en_504	english	They left behind a prophesy that the world would end on December 21, 2012 and bring about the fifth cycle of the world.	bring	-0.5242758949482456
en_505	english	They left behind a prophesy that the world would end on December 21, 2012 and bring about the fifth cycle of the world.	fifth	-1.5098777757027908
en_506	english	They left behind a prophesy that the world would end on December 21, 2012 and bring about the fifth cycle of the world.	prophesy	-2.604336947793402
en_507	english	They produced more than 90 percent of the fiction films in America and distributed their films both nationally and internationally.	distributed	-1.655076838873017
en_508	english	They produced more than 90 percent of the fiction films in America and distributed their films both nationally and internationally.	nationally	-2.200166862366611
en_509	english	They produced more than 90 percent of the fiction films in America and distributed their films both nationally and internationally.	films	-1.1664779183121532
en_510	english	This happens all the time in my dreams, but apparently I believe that I can really do this, and the dream continues nonlucidly.	apparently	-1.3415160499687258
en_511	english	This happens all the time in my dreams, but apparently I believe that I can really do this, and the dream continues nonlucidly.	happens	-0.4842136074789871
en_512	english	This happens all the time in my dreams, but apparently I believe that I can really do this, and the dream continues nonlucidly.	continues	-0.6963414817149665
en_513	english	This includes teaching, general practice of medicine, medical research, religious fields, entrepreneurship, missionary work, social work, community development, creative arts, acting, broadcasting, consulting, coaching, corporate training, public relations, counseling, advertising, and marketing.	creative	-1.332151086916376
en_514	english	This includes teaching, general practice of medicine, medical research, religious fields, entrepreneurship, missionary work, social work, community development, creative arts, acting, broadcasting, consulting, coaching, corporate training, public relations, counseling, advertising, and marketing.	religious	-1.641915392815046
en_515	english	This includes teaching, general practice of medicine, medical research, religious fields, entrepreneurship, missionary work, social work, community development, creative arts, acting, broadcasting, consulting, coaching, corporate training, public relations, counseling, advertising, and marketing.	corporate	-1.705394981655673
en_516	english	This is VERY VERY different than passive patterns of reading the text in a high speed linear fashion, which is akin to trying to force the brain to make sense out of a thousand speeding bullets whizzing by.	akin	-2.5371543208059735
en_517	english	This is VERY VERY different than passive patterns of reading the text in a high speed linear fashion, which is akin to trying to force the brain to make sense out of a thousand speeding bullets whizzing by.	bullets	-1.7302676021878372
en_518	english	This is VERY VERY different than passive patterns of reading the text in a high speed linear fashion, which is akin to trying to force the brain to make sense out of a thousand speeding bullets whizzing by.	whizzing	-3.334096616254646
en_519	english	This is just one of the many feats of engineering which have made it possible for us to quantify and understand the human gene and how it relates to Nutrition.	engineering	-1.557573324601561
en_520	english	This is just one of the many feats of engineering which have made it possible for us to quantify and understand the human gene and how it relates to Nutrition.	quantify	-2.3959037662328484
en_521	english	This is just one of the many feats of engineering which have made it possible for us to quantify and understand the human gene and how it relates to Nutrition.	feats	-2.243255757662028
en_522	english	This is particularly useful in cases such as when one attempts to surface modify nanomaterials to increase affinity, reactivity or compatibility.	modify	-1.6561918445738084
en_523	english	This is particularly useful in cases such as when one attempts to surface modify nanomaterials to increase affinity, reactivity or compatibility.	particularly	-1.1296443924896427
en_524	english	This is particularly useful in cases such as when one attempts to surface modify nanomaterials to increase affinity, reactivity or compatibility.	nanomaterials	-3.7020734015492405
en_525	english	This problem has agitated theologians and philosophers for centuries, and has never been satisfactorily resolved.	theologians	-2.7146625288572612
en_526	english	This problem has agitated theologians and philosophers for centuries, and has never been satisfactorily resolved.	philosophers	-2.1544744883038316
en_527	english	This problem has agitated theologians and philosophers for centuries, and has never been satisfactorily resolved.	satisfactorily	-3.456090972216165
en_528	english	This revolution was fueled by the use of new farming technology such as the seed drill and improved fertilizers.	revolution	-1.8153141790069063
en_529	english	This revolution was fueled by the use of new farming technology such as the seed drill and improved fertilizers.	farming	-2.015692524521242
en_530	english	This revolution was fueled by the use of new farming technology such as the seed drill and improved fertilizers.	improved	-1.0279999777418383
en_531	english	This transformation occurs when a live nonpathogenic cell takes up a piece of DNA carry the allele for pathogenicity.	transformation	-1.7666141214139752
en_532	english	This transformation occurs when a live nonpathogenic cell takes up a piece of DNA carry the allele for pathogenicity.	nonpathogenic	-5.02429269628316
en_533	english	This transformation occurs when a live nonpathogenic cell takes up a piece of DNA carry the allele for pathogenicity.	occurs	-1.2264713849191362
en_534	english	This was a devastating blow to the Japanese and is considered the turning point of the Pacific War.	turning	-2.1712031664312943
en_535	english	This was a devastating blow to the Japanese and is considered the turning point of the Pacific War.	devastating	-2.0047610117519046
en_536	english	This was a devastating blow to the Japanese and is considered the turning point of the Pacific War.	blow	-1.1705336632083911
en_537	english	Though Harry will become an exception, there is another student, also an orphan and a talented wizard, that Dumbledore also paid closer attention to, though not in the same way as with Harry.	paid	-0.7681283910035451
en_538	english	Though Harry will become an exception, there is another student, also an orphan and a talented wizard, that Dumbledore also paid closer attention to, though not in the same way as with Harry.	talented	-1.8137066713780032
en_539	english	Though Harry will become an exception, there is another student, also an orphan and a talented wizard, that Dumbledore also paid closer attention to, though not in the same way as with Harry.	orphan	-2.482713452336579
en_540	english	To alleviate indexing problems, the sizeof() expression is commonly used when coding loops that process arrays.	alleviate	-2.2910954311765903
en_541	english	To alleviate indexing problems, the sizeof() expression is commonly used when coding loops that process arrays.	coding	-2.1669601998518915
en_542	english	To alleviate indexing problems, the sizeof() expression is commonly used when coding loops that process arrays.	commonly	-1.7000102409854672
en_543	english	To completely live this way in an industrial urbanized society is to withdraw to the periphery.	periphery	-2.796405991669486
en_544	english	To completely live this way in an industrial urbanized society is to withdraw to the periphery.	urbanized	-3.4802246519328843
en_545	english	To completely live this way in an industrial urbanized society is to withdraw to the periphery.	withdraw	-1.982505377311408
en_546	english	To gain familiarity with mathematical proof and also some basic mathematical concepts, readers may read the wikibook Mathematical Proof.	wikibook	-5.02429269628316
en_547	english	To gain familiarity with mathematical proof and also some basic mathematical concepts, readers may read the wikibook Mathematical Proof.	readers	-1.718941326836536
en_548	english	To gain familiarity with mathematical proof and also some basic mathematical concepts, readers may read the wikibook Mathematical Proof.	mathematical	-2.2284126789390846
en_549	english	Unless there are obvious problems that are unlikely to be rectified, your time would be better spent mentoring new contributors and trying to help clean up new works, even if the work is currently a blatant violation of current procedures.	contributors	-2.28078293155473
en_550	english	Unless there are obvious problems that are unlikely to be rectified, your time would be better spent mentoring new contributors and trying to help clean up new works, even if the work is currently a blatant violation of current procedures.	blatant	-2.7432593290354323
en_551	english	Unless there are obvious problems that are unlikely to be rectified, your time would be better spent mentoring new contributors and trying to help clean up new works, even if the work is currently a blatant violation of current procedures.	rectified	-2.6513806933130533
en_552	english	Up through the early 19th century, naturalists and scientists observed critical differences between compounds that were derived from living things and those that were not.	critical	-1.2724749085462805
en_553	english	Up through the early 19th century, naturalists and scientists observed critical differences between compounds that were derived from living things and those that were not.	scientists	-1.4516533992403466
en_554	english	Up through the early 19th century, naturalists and scientists observed critical differences between compounds that were derived from living things and those that were not.	observed	-1.4745539650182609
en_555	english	Uses the same chord shapes as Open E but is easier on a guitar neck as the strings are detuned lessening the tension.	guitar	-1.8476227636150102
en_556	english	Uses the same chord shapes as Open E but is easier on a guitar neck as the strings are detuned lessening the tension.	chord	-2.199516233807614
en_557	english	Uses the same chord shapes as Open E but is easier on a guitar neck as the strings are detuned lessening the tension.	lessening	-2.836771975446697
en_558	english	Warlords of the many provinces of China constantly feuded, and the central government was weak and decentralized, unable to do anything to stop conflict.	unable	-1.6489949580658207
en_559	english	Warlords of the many provinces of China constantly feuded, and the central government was weak and decentralized, unable to do anything to stop conflict.	central	-1.2840089766012808
en_560	english	Warlords of the many provinces of China constantly feuded, and the central government was weak and decentralized, unable to do anything to stop conflict.	constantly	-1.317574913946401
en_561	english	Washington became quite concerned, however, that local Communist parties might gain power in France, Italy and Greece in the late 1940s, given the battered state of the postwar European economy and the proximity of the Soviet Union.	postwar	-3.4928137792409046
en_562	english	Washington became quite concerned, however, that local Communist parties might gain power in France, Italy and Greece in the late 1940s, given the battered state of the postwar European economy and the proximity of the Soviet Union.	proximity	-2.178574678316501
en_563	english	Washington became quite concerned, however, that local Communist parties might gain power in France, Italy and Greece in the late 1940s, given the battered state of the postwar European economy and the proximity of the Soviet Union.	gain	-1.142565760906742
en_564	english	Watch the dog to make sure he does not spit the pill out after eating the treat (if this happens, you will need to force the pill, as described below).	pill	-1.9876638009209988
en_565	english	Watch the dog to make sure he does not spit the pill out after eating the treat (if this happens, you will need to force the pill, as described below).	described	-1.0891382490669914
en_566	english	Watch the dog to make sure he does not spit the pill out after eating the treat (if this happens, you will need to force the pill, as described below).	spit	-2.1104788438994433
en_567	english	We already discussed some of these, yet knowing about sets adds a new definition for each of the following ideas.	adds	-0.6326343675606848
en_568	english	We already discussed some of these, yet knowing about sets adds a new definition for each of the following ideas.	knowing	-0.1906866609582763
en_569	english	We already discussed some of these, yet knowing about sets adds a new definition for each of the following ideas.	definition	-1.4734530912173747
en_570	english	We recommend this License principally for works whose purpose is instruction or reference.	whose	-1.31071815851109
en_571	english	We recommend this License principally for works whose purpose is instruction or reference.	principally	-2.887572129126753
en_572	english	We recommend this License principally for works whose purpose is instruction or reference.	instruction	-1.4663045480582468
en_573	english	We will start by explaining how lucid dreaming works biologically.	explaining	-0.9154571683485541
en_574	english	We will start by explaining how lucid dreaming works biologically.	dreaming	-1.1137216478019012
en_575	english	We will start by explaining how lucid dreaming works biologically.	lucid	-3.037520962016915
en_576	english	Weight loss requires your calorie intake to be lower than your calorie output, though neither should be done in the extreme.	extreme	-1.5042023681703174
en_577	english	Weight loss requires your calorie intake to be lower than your calorie output, though neither should be done in the extreme.	intake	-2.1147366670419845
en_578	english	Weight loss requires your calorie intake to be lower than your calorie output, though neither should be done in the extreme.	neither	-1.5191427179632537
en_579	english	When I arrive to my destination, with the shaded patio still in view, I unfold the towels and lay comfortably on the reclining chair.	patio	-2.475289434257372
en_580	english	When I arrive to my destination, with the shaded patio still in view, I unfold the towels and lay comfortably on the reclining chair.	shaded	-1.6832540646056369
en_581	english	When I arrive to my destination, with the shaded patio still in view, I unfold the towels and lay comfortably on the reclining chair.	unfold	-1.907353049732404
en_582	english	When a text fails to support this rule, it requires even a diligent student to needlessly repeat material.	fails	-1.169319022556743
en_583	english	When a text fails to support this rule, it requires even a diligent student to needlessly repeat material.	diligent	-2.586542133462772
en_584	english	When a text fails to support this rule, it requires even a diligent student to needlessly repeat material.	needlessly	-3.14923143289146
en_585	english	Yet the fact that scurvy is caused by lack of vitamin c was only discovered in 1932.	caused	-0.7584375827357899
en_586	english	Yet the fact that scurvy is caused by lack of vitamin c was only discovered in 1932.	vitamin	-2.03218120849621
en_587	english	Yet the fact that scurvy is caused by lack of vitamin c was only discovered in 1932.	scurvy	-3.4332280892566605
en_588	english	You devise more experiments to test your hypotheses, utilizing a flashlight to prove that you are indeed not blind.	utilizing	-1.5543234867832003
en_589	english	You devise more experiments to test your hypotheses, utilizing a flashlight to prove that you are indeed not blind.	devise	-2.383811259312738
en_590	english	You devise more experiments to test your hypotheses, utilizing a flashlight to prove that you are indeed not blind.	flashlight	-2.454918786668114
en_591	english	You may extract a single document from such a collection, and distribute it individually under this License, provided you insert a copy of this License into the extracted document, and follow this License in all other respects regarding verbatim copying of that document.	extracted	-1.7711971104341282
en_592	english	You may extract a single document from such a collection, and distribute it individually under this License, provided you insert a copy of this License into the extracted document, and follow this License in all other respects regarding verbatim copying of that document.	copy	-1.228968931953846
en_593	english	You may extract a single document from such a collection, and distribute it individually under this License, provided you insert a copy of this License into the extracted document, and follow this License in all other respects regarding verbatim copying of that document.	insert	-1.6333575891797807
en_594	english	Your legal agreements should go through many iterations in the drafting process, with each iteration simplifying the terms, and improving its readability and usability.	improving	-1.0279999777418383
en_595	english	Your legal agreements should go through many iterations in the drafting process, with each iteration simplifying the terms, and improving its readability and usability.	legal	-1.4407538770288078
en_596	english	Your legal agreements should go through many iterations in the drafting process, with each iteration simplifying the terms, and improving its readability and usability.	drafting	-1.775828978732128
en_597	english	because the specific conjugation of a verb usually indicates which person is the subject.	verb	-2.2661380743157697
en_598	english	because the specific conjugation of a verb usually indicates which person is the subject.	conjugation	-3.4115088395634245
en_599	english	because the specific conjugation of a verb usually indicates which person is the subject.	indicates	-1.3984659829974486
en_600	english	After Ron nearly dies drinking poisoned mead that was apparently intended for Professor Dumbledore, Hermione becomes so distraught that they end their feud for good.	feud	-2.6759878332349993
