en_31	english	After Ron nearly dies drinking poisoned mead that was apparently intended for Professor Dumbledore, Hermione becomes so distraught that they end their feud for good.	distraught	-2.853952946822956
en_32	english	After Ron nearly dies drinking poisoned mead that was apparently intended for Professor Dumbledore, Hermione becomes so distraught that they end their feud for good.	drinking	-1.572888853728394
en_33	english	After the war, Hitler remained in the army and after receiving intelligence and oratory training, became an intelligence official tasked with infiltrating political parties and reporting to his superiors on their activities.	oratory	-3.4331500551914145
en_34	english	After the war, Hitler remained in the army and after receiving intelligence and oratory training, became an intelligence official tasked with infiltrating political parties and reporting to his superiors on their activities.	reporting	-1.7009625620462265
en_35	english	After the war, Hitler remained in the army and after receiving intelligence and oratory training, became an intelligence official tasked with infiltrating political parties and reporting to his superiors on their activities.	infiltrating	-3.110400809834197
en_36	english	All other things being equal, nucleophiles are generally compared to each other in terms of relative reactivity.	relative	-1.6901632218710216
en_37	english	All other things being equal, nucleophiles are generally compared to each other in terms of relative reactivity.	nucleophiles	-4.024214662217914
en_38	english	All other things being equal, nucleophiles are generally compared to each other in terms of relative reactivity.	compared	-1.2270163923789548
en_39	english	Also, the frictional coefficient varies greatly depending on what two substances are in contact, and the temperature and smoothness of the two substances.	frictional	-3.422154670889951
en_40	english	Also, the frictional coefficient varies greatly depending on what two substances are in contact, and the temperature and smoothness of the two substances.	smoothness	-2.98678816427729
en_41	english	Also, the frictional coefficient varies greatly depending on what two substances are in contact, and the temperature and smoothness of the two substances.	varies	-2.0917408975407605
en_42	english	Although it requires discipline, it is extremely important to systematically work backwards in time through the record trail, exhausting all record sources for each person, before working on their parents and grandparents.	backwards	-1.7330679004860279
en_43	english	Although it requires discipline, it is extremely important to systematically work backwards in time through the record trail, exhausting all record sources for each person, before working on their parents and grandparents.	exhausting	-2.4072143210970145
en_44	english	Although it requires discipline, it is extremely important to systematically work backwards in time through the record trail, exhausting all record sources for each person, before working on their parents and grandparents.	systematically	-2.4376273575461584
en_45	english	Although some frames are provided with three holes for the location pins, some brakes only work on one particular position, so take note during any disassembly as to which holes were used.	holes	-1.6115861416735384
en_46	english	Although some frames are provided with three holes for the location pins, some brakes only work on one particular position, so take note during any disassembly as to which holes were used.	frames	-1.9707520572924584
en_47	english	Although some frames are provided with three holes for the location pins, some brakes only work on one particular position, so take note during any disassembly as to which holes were used.	brakes	-2.187890546511162
en_48	english	Although the Jews were the favored targets and are the victims we most hear about when talking about the Holocaust, they were not the only victims.	favored	-2.491460283225416
en_49	english	Although the Jews were the favored targets and are the victims we most hear about when talking about the Holocaust, they were not the only victims.	hear	-0.7541650189507533
en_50	english	Although the Jews were the favored targets and are the victims we most hear about when talking about the Holocaust, they were not the only victims.	talking	-0.6676534415030342
en_51	english	Among these technologies was nuclear fission, the splitting of a highly electronegative atom into smaller ones, which gives off ten times as much power.	electronegative	-3.5618166643189575
en_52	english	Among these technologies was nuclear fission, the splitting of a highly electronegative atom into smaller ones, which gives off ten times as much power.	technologies	-1.633103048515111
en_53	english	Among these technologies was nuclear fission, the splitting of a highly electronegative atom into smaller ones, which gives off ten times as much power.	nuclear	-1.8697906891032667
en_54	english	An ingenious alphabet allowed the Maya to record information on their monuments and temples, giving anthropologists an excellent way to learn about Maya life and culture.	anthropologists	-3.0897162109743457
en_55	english	An ingenious alphabet allowed the Maya to record information on their monuments and temples, giving anthropologists an excellent way to learn about Maya life and culture.	excellent	-1.292948313142422
en_56	english	An ingenious alphabet allowed the Maya to record information on their monuments and temples, giving anthropologists an excellent way to learn about Maya life and culture.	ingenious	-2.7689421571146076
en_57	english	Another separate book covers Cascading Style Sheets (CSS) which handle overall look and styling, but the present book addresses CSS briefly.	overall	-1.1311745502607957
en_58	english	Another separate book covers Cascading Style Sheets (CSS) which handle overall look and styling, but the present book addresses CSS briefly.	addresses	-1.9552870505358417
en_59	english	Another separate book covers Cascading Style Sheets (CSS) which handle overall look and styling, but the present book addresses CSS briefly.	handle	-1.2342111418274242
en_60	english	As Governor, he followed such a strict policy of appointing only fellow Republicans to office that he became the father of the spoils system in America.	father	-1.1494430250336154
en_61	english	As Governor, he followed such a strict policy of appointing only fellow Republicans to office that he became the father of the spoils system in America.	appointing	-3.0113774375127416
en_62	english	As Governor, he followed such a strict policy of appointing only fellow Republicans to office that he became the father of the spoils system in America.	spoils	-2.8481234031622322
en_63	english	As adjectives, their endings will vary according to the nouns they modify.	according	-1.0824051892090754
en_64	english	As adjectives, their endings will vary according to the nouns they modify.	vary	-1.7932551064693445
en_65	english	As adjectives, their endings will vary according to the nouns they modify.	nouns	-2.9069433665621496
en_66	english	As the single parabolic reflector achieves a greater focusing accuracy than any larger bank of mirrors can achieve, the focus is used to achieve a higher temperature which in turn allows a very efficient conversion of heat into mechanical power to drive a electrical generator.	parabolic	-3.28385197272367
en_67	english	As the single parabolic reflector achieves a greater focusing accuracy than any larger bank of mirrors can achieve, the focus is used to achieve a higher temperature which in turn allows a very efficient conversion of heat into mechanical power to drive a electrical generator.	accuracy	-1.9046288872561299
en_68	english	As the single parabolic reflector achieves a greater focusing accuracy than any larger bank of mirrors can achieve, the focus is used to achieve a higher temperature which in turn allows a very efficient conversion of heat into mechanical power to drive a electrical generator.	focusing	-1.4432896865422944
en_69	english	As well as being queen of the United Kingdom of Great Britain and Ireland, she was also the first monarch to use the title Empress of India.	queen	-1.6122584242875122
en_70	english	As well as being queen of the United Kingdom of Great Britain and Ireland, she was also the first monarch to use the title Empress of India.	monarch	-2.532852968383641
en_71	english	As well as being queen of the United Kingdom of Great Britain and Ireland, she was also the first monarch to use the title Empress of India.	title	-1.2684922173144555
en_72	english	At the end of the sequence a scraper removes any toner left on the drum and the whole process is repeated with a new image.	repeated	-1.8894002918974535
en_73	english	At the end of the sequence a scraper removes any toner left on the drum and the whole process is repeated with a new image.	drum	-2.03923753580242
en_74	english	At the end of the sequence a scraper removes any toner left on the drum and the whole process is repeated with a new image.	toner	-3.1211246752259703
en_75	english	Attachment to the fibre is attributed, at least partly, to salt formation between anionic groups in the dyes and cationic groups in the fibre.	fibre	-2.9828219770596887
en_76	english	Attachment to the fibre is attributed, at least partly, to salt formation between anionic groups in the dyes and cationic groups in the fibre.	anionic	-4.069972152778589
en_77	english	Attachment to the fibre is attributed, at least partly, to salt formation between anionic groups in the dyes and cationic groups in the fibre.	cationic	-4.069972152778589
en_78	english	Because of the fact that his mating apparatus is barbed, much like the stinger of a worker, it will be ripped from his body after mating, and he will fall towards the earth with the only possible outcome of death.	mating	-2.714584494792015
en_79	english	Because of the fact that his mating apparatus is barbed, much like the stinger of a worker, it will be ripped from his body after mating, and he will fall towards the earth with the only possible outcome of death.	ripped	-2.1061843254330332
en_80	english	Because of the fact that his mating apparatus is barbed, much like the stinger of a worker, it will be ripped from his body after mating, and he will fall towards the earth with the only possible outcome of death.	stinger	-3.2180346882340265
en_81	english	Besides the new vocabulary you should also have a look at how the verbs are conjugated depending on the subject of the sentence.	conjugated	-3.4679121614506263
en_82	english	Besides the new vocabulary you should also have a look at how the verbs are conjugated depending on the subject of the sentence.	verbs	-2.7231846665539323
en_83	english	Besides the new vocabulary you should also have a look at how the verbs are conjugated depending on the subject of the sentence.	vocabulary	-2.1723450614881474
en_84	english	Both make heavy use of mathematical functions to describe and predict physical phenomena that are subject to continuous change, and this requires the use of calculus.	heavy	-1.1827926178155543
en_85	english	Both make heavy use of mathematical functions to describe and predict physical phenomena that are subject to continuous change, and this requires the use of calculus.	describe	-1.3706162803746238
en_86	english	Both make heavy use of mathematical functions to describe and predict physical phenomena that are subject to continuous change, and this requires the use of calculus.	predict	-1.8230907650105341
en_87	english	British trade officials took it as a first priority to populate the recently secured areas of Canada and Florida (referring to the Treaty of Paris), where colonists could reasonably be expected to trade with the mother country.	secured	-2.0594837411642843
en_88	english	British trade officials took it as a first priority to populate the recently secured areas of Canada and Florida (referring to the Treaty of Paris), where colonists could reasonably be expected to trade with the mother country.	colonists	-2.952332654911788
en_89	english	British trade officials took it as a first priority to populate the recently secured areas of Canada and Florida (referring to the Treaty of Paris), where colonists could reasonably be expected to trade with the mother country.	populate	-2.532852968383641
en_90	english	Buddhism and Jainism share many  common themes and practices, including an emphasis on nonviolence and a belief that one achieves liberation through the renunciation of worldly ties which bind individuals to illusion through the process of karma, the accumulation of good and bad merit.	liberation	-2.328732985727716
en_91	english	Buddhism and Jainism share many  common themes and practices, including an emphasis on nonviolence and a belief that one achieves liberation through the renunciation of worldly ties which bind individuals to illusion through the process of karma, the accumulation of good and bad merit.	emphasis	-1.8619490479198921
en_92	english	Buddhism and Jainism share many  common themes and practices, including an emphasis on nonviolence and a belief that one achieves liberation through the renunciation of worldly ties which bind individuals to illusion through the process of karma, the accumulation of good and bad merit.	accumulation	-2.460733576823503
en_93	english	By the 1960s more mail was being franked by postage meter than with traditional adhesive stamps.	adhesive	-2.491460283225416
en_94	english	By the 1960s more mail was being franked by postage meter than with traditional adhesive stamps.	franked	-4.24606341183427
en_95	english	By the 1960s more mail was being franked by postage meter than with traditional adhesive stamps.	meter	-1.833322945295744
en_96	english	Calculating such capacitances and either exploiting them or taking necessary measures to counteract it is a big deal in engineering electric circuits.	counteract	-2.7341800508553957
en_97	english	Calculating such capacitances and either exploiting them or taking necessary measures to counteract it is a big deal in engineering electric circuits.	electric	-1.611250390221251
en_98	english	Calculating such capacitances and either exploiting them or taking necessary measures to counteract it is a big deal in engineering electric circuits.	capacitances	-4.547093407498251
en_99	english	Chapter Two investigates this connection a little more fully by discussing the mental gymnastics of problem solving.	discussing	-1.637537378257076
en_100	english	Chapter Two investigates this connection a little more fully by discussing the mental gymnastics of problem solving.	gymnastics	-2.814699647675283
en_101	english	Chapter Two investigates this connection a little more fully by discussing the mental gymnastics of problem solving.	fully	-1.1161051218253615
en_102	english	Cheered on by southern supporters (many of whom sent Brooks new canes, to show approval of his actions), came back after a resounding reelection.	resounding	-2.9136249519186648
en_103	english	Cheered on by southern supporters (many of whom sent Brooks new canes, to show approval of his actions), came back after a resounding reelection.	whom	-1.48288508455122
en_104	english	Cheered on by southern supporters (many of whom sent Brooks new canes, to show approval of his actions), came back after a resounding reelection.	supporters	-2.0001396749104874
en_105	english	Click the attached MAC or WIN button to download the zipped font file.	font	-2.1968453891640882
en_106	english	Click the attached MAC or WIN button to download the zipped font file.	download	-1.4518077946598578
en_107	english	Click the attached MAC or WIN button to download the zipped font file.	zipped	-3.06517326989682
en_108	english	Configuration can also be assigned on the purely empirical basis of the optical activity.	empirical	-2.557347041863804
en_109	english	Configuration can also be assigned on the purely empirical basis of the optical activity.	assigned	-1.7703922235098404
en_110	english	Configuration can also be assigned on the purely empirical basis of the optical activity.	purely	-1.9425073921205644
en_111	english	Currently, one seat equals roughly 600,000 constituents.	equals	-1.7859175943425196
en_112	english	Currently, one seat equals roughly 600,000 constituents.	constituents	-2.512331301239039
en_113	english	Currently, one seat equals roughly 600,000 constituents.	roughly	-1.588211126548017
en_114	english	Decorative typefaces are better suited for display type (greater than 14 points), while simpler type is better used for text (less than 14 points).	suited	-2.1020083847788973
en_115	english	Decorative typefaces are better suited for display type (greater than 14 points), while simpler type is better used for text (less than 14 points).	typefaces	-3.878086626539676
en_116	english	Decorative typefaces are better suited for display type (greater than 14 points), while simpler type is better used for text (less than 14 points).	simpler	-2.00969412345999
en_117	english	Despite this, we can see that there is still some interaction between Dumbledore and McGonagall, with McGonagall being a moderating influence on all parties, while exhibiting staunch loyalty to Dumbledore.	staunch	-3.0748246555730008
en_118	english	Despite this, we can see that there is still some interaction between Dumbledore and McGonagall, with McGonagall being a moderating influence on all parties, while exhibiting staunch loyalty to Dumbledore.	loyalty	-2.1662793974984846
en_119	english	Despite this, we can see that there is still some interaction between Dumbledore and McGonagall, with McGonagall being a moderating influence on all parties, while exhibiting staunch loyalty to Dumbledore.	moderating	-2.7386573532101397
en_120	english	Dramas, comedy and all other forms of entertainment were produced, as well as broadcasts of news and music.	comedy	-1.9545465653063179
en_121	english	Dramas, comedy and all other forms of entertainment were produced, as well as broadcasts of news and music.	broadcasts	-2.887494095061507
en_122	english	Dramas, comedy and all other forms of entertainment were produced, as well as broadcasts of news and music.	entertainment	-1.6741605686388834
en_123	english	Drill them out using a very slow drill speed, or use a screw extractor tool for stuck screws.	extractor	-3.1491533988262135
en_124	english	Drill them out using a very slow drill speed, or use a screw extractor tool for stuck screws.	drill	-1.8412296952143319
en_125	english	Drill them out using a very slow drill speed, or use a screw extractor tool for stuck screws.	stuck	-1.2538045307040073
en_126	english	Each side had induced their new partners to join by offering territorial concessions.	offering	-1.4420376245295048
en_127	english	Each side had induced their new partners to join by offering territorial concessions.	join	-1.0333432574164276
en_128	english	Each side had induced their new partners to join by offering territorial concessions.	partners	-1.4818872794439393
en_129	english	Each year the membership count for this club increases and the need for small group leaders, also known as Core Facilitators, in dorms increases as well.	dorms	-2.948667700825383
en_130	english	Each year the membership count for this club increases and the need for small group leaders, also known as Core Facilitators, in dorms increases as well.	membership	-1.963139338588122
en_131	english	Each year the membership count for this club increases and the need for small group leaders, also known as Core Facilitators, in dorms increases as well.	count	-1.311228428623531
en_132	english	Electronically controlled motorized zoom lenses are placed on both camera and projector, and synchronized with one another so that both lenses zoom together and at the same focal length at all times.	zoom	-1.521514486907351
en_133	english	Electronically controlled motorized zoom lenses are placed on both camera and projector, and synchronized with one another so that both lenses zoom together and at the same focal length at all times.	motorized	-2.9136249519186648
en_134	english	Electronically controlled motorized zoom lenses are placed on both camera and projector, and synchronized with one another so that both lenses zoom together and at the same focal length at all times.	focal	-2.3331331700949454
en_135	english	Environmental conditions such as current or temperature gradients cause the bubble to pinch off, creating two bubbles containing similar concentrations of materials.	gradients	-2.9343095507785155
en_136	english	Environmental conditions such as current or temperature gradients cause the bubble to pinch off, creating two bubbles containing similar concentrations of materials.	bubble	-1.8703997978733846
en_137	english	Environmental conditions such as current or temperature gradients cause the bubble to pinch off, creating two bubbles containing similar concentrations of materials.	pinch	-2.1287921161785057
en_138	english	Ever the patriot, Laurens continued to serve his nation as one of the three representatives selected to negotiate terms at the Paris Peace Conference in 1782.	selected	-1.532852968383641
en_139	english	Ever the patriot, Laurens continued to serve his nation as one of the three representatives selected to negotiate terms at the Paris Peace Conference in 1782.	continued	-1.36297005325858
en_140	english	Ever the patriot, Laurens continued to serve his nation as one of the three representatives selected to negotiate terms at the Paris Peace Conference in 1782.	negotiate	-2.1135902573287124
en_141	english	Everything that you study is geared to prepare you for organic syntheses and other chemical transformations performed in the lab.	transformations	-2.629762981391697
en_142	english	Everything that you study is geared to prepare you for organic syntheses and other chemical transformations performed in the lab.	performed	-1.6925849445879813
en_143	english	Everything that you study is geared to prepare you for organic syntheses and other chemical transformations performed in the lab.	prepare	-1.3450594209345597
en_144	english	Exercises and review sections are ideally contribute a designed repetition pattern.	contribute	-1.601788985846709
en_145	english	Exercises and review sections are ideally contribute a designed repetition pattern.	ideally	-1.9003630212508278
en_146	english	Exercises and review sections are ideally contribute a designed repetition pattern.	repetition	-2.3073769389183894
en_147	english	Hard lines are often made to be pressurised with nitrogen or desiccated air, which provide an excellent dielectric even at the high temperatures generated by thousands of watts of RF energy, especially during intense summer heat and sunshine.	desiccated	-3.5770566308756946
en_148	english	Hard lines are often made to be pressurised with nitrogen or desiccated air, which provide an excellent dielectric even at the high temperatures generated by thousands of watts of RF energy, especially during intense summer heat and sunshine.	watts	-2.376831692103294
en_149	english	Hard lines are often made to be pressurised with nitrogen or desiccated air, which provide an excellent dielectric even at the high temperatures generated by thousands of watts of RF energy, especially during intense summer heat and sunshine.	intense	-1.5505817353440725
en_150	english	He believes they are expressing the same concerns that he feels, but only in a different way, and that he is morally required to tolerate them because they are weaker than he is.	tolerate	-2.245340190215174
en_151	english	He believes they are expressing the same concerns that he feels, but only in a different way, and that he is morally required to tolerate them because they are weaker than he is.	morally	-2.5043866684421947
en_152	english	He believes they are expressing the same concerns that he feels, but only in a different way, and that he is morally required to tolerate them because they are weaker than he is.	believes	-1.7304103022985768
en_153	english	He had an exemplary record of service and received the prestigious Iron Cross, both First and Second Class, and also achieved the undistinguished rank of Corporal.	rank	-1.9139617448645105
en_154	english	He had an exemplary record of service and received the prestigious Iron Cross, both First and Second Class, and also achieved the undistinguished rank of Corporal.	undistinguished	-4.4221546708899515
en_155	english	He had an exemplary record of service and received the prestigious Iron Cross, both First and Second Class, and also achieved the undistinguished rank of Corporal.	prestigious	-2.2807048974894837
en_156	english	He was also responsible for drug smuggling and murder, and bribed both police and important politicians.	bribed	-3.1211246752259703
en_157	english	He was also responsible for drug smuggling and murder, and bribed both police and important politicians.	drug	-1.6658990221357177
en_158	english	He was also responsible for drug smuggling and murder, and bribed both police and important politicians.	police	-1.4066901273316212
en_159	english	Heavy spidering can lead to your spider, or your IP, being barred with prejudice from access to the site.	barred	-2.781176613531619
en_160	english	Heavy spidering can lead to your spider, or your IP, being barred with prejudice from access to the site.	spidering	-4.4221546708899515
en_161	english	Heavy spidering can lead to your spider, or your IP, being barred with prejudice from access to the site.	prejudice	-2.443289686542294
en_162	english	However if the program is some type of editor running on a desktop, you may want to give the operator the option of saving their tediously entered information instead of just exiting the program.	exiting	-2.5499983981416583
en_163	english	However if the program is some type of editor running on a desktop, you may want to give the operator the option of saving their tediously entered information instead of just exiting the program.	saving	-1.511263582245423
en_164	english	However if the program is some type of editor running on a desktop, you may want to give the operator the option of saving their tediously entered information instead of just exiting the program.	tediously	-4.12112467522597
en_165	english	However in one area it possesses a highly sensitive power, namely the right to withdraw or block Supply, i.e.	highly	-1.1817926588602639
en_166	english	However in one area it possesses a highly sensitive power, namely the right to withdraw or block Supply, i.e.	namely	-2.115729643339264
en_167	english	However in one area it possesses a highly sensitive power, namely the right to withdraw or block Supply, i.e.	possesses	-2.542772033715609
en_168	english	However, despite these mostly unavoidable limitations, several SUVs and larger trucks have been successfully converted to electric power by hobbyists.	despite	-1.2515996123687427
en_169	english	However, despite these mostly unavoidable limitations, several SUVs and larger trucks have been successfully converted to electric power by hobbyists.	successfully	-1.590924977022888
en_170	english	However, despite these mostly unavoidable limitations, several SUVs and larger trucks have been successfully converted to electric power by hobbyists.	unavoidable	-2.814699647675283
en_171	english	However, heavy, persistent rainfall and rainstorms may cause flooding and waterlogged conditions in the soils, as well as serious rainsplash erosion.	persistent	-2.16327804151782
en_172	english	However, heavy, persistent rainfall and rainstorms may cause flooding and waterlogged conditions in the soils, as well as serious rainsplash erosion.	rainsplash	-5.024214662217914
en_173	english	However, heavy, persistent rainfall and rainstorms may cause flooding and waterlogged conditions in the soils, as well as serious rainsplash erosion.	rainstorms	-3.626274653545876
en_174	english	However, in general, it is necessary to apply those laws to an infinitesimal control volume, then use the resulting differential equations.	differential	-2.3624019766806525
en_175	english	However, in general, it is necessary to apply those laws to an infinitesimal control volume, then use the resulting differential equations.	resulting	-1.883392482108603
en_176	english	However, in general, it is necessary to apply those laws to an infinitesimal control volume, then use the resulting differential equations.	infinitesimal	-3.592850898058926
en_177	english	However, it hardly needs saying that this artifice would have limited value if we knew the myth to be a lie.	myth	-2.0694898712388508
en_178	english	However, it hardly needs saying that this artifice would have limited value if we knew the myth to be a lie.	artifice	-3.505700722340026
en_179	english	However, it hardly needs saying that this artifice would have limited value if we knew the myth to be a lie.	hardly	-1.7826681816213652
en_180	english	However, it should be clear that different wavelengths will undergo constructive interference for different angles of incidence of the incoming light.	constructive	-2.347521052593047
en_181	english	However, it should be clear that different wavelengths will undergo constructive interference for different angles of incidence of the incoming light.	undergo	-2.3456962831777997
en_182	english	However, it should be clear that different wavelengths will undergo constructive interference for different angles of incidence of the incoming light.	angles	-1.9311433558418503
en_183	english	However, the attenuation can only go as far as the synaptic and cortical plasticity of the brain, because the seriousness of ADHD mostly depends on neurobiological aspects.	mostly	-1.17688883143249
en_184	english	However, the attenuation can only go as far as the synaptic and cortical plasticity of the brain, because the seriousness of ADHD mostly depends on neurobiological aspects.	depends	-1.3133360445327407
en_185	english	However, the attenuation can only go as far as the synaptic and cortical plasticity of the brain, because the seriousness of ADHD mostly depends on neurobiological aspects.	synaptic	-3.2760266352117133
en_186	english	Hydrogen peroxide will spontaneously degrade into water and molecular oxygen, however, the presence of a catalyst speeds up this reaction to the point that it has been used a fuel source for torpedoes and even spacecraft.	speeds	-1.9696016076610259
en_187	english	Hydrogen peroxide will spontaneously degrade into water and molecular oxygen, however, the presence of a catalyst speeds up this reaction to the point that it has been used a fuel source for torpedoes and even spacecraft.	spontaneously	-2.6817919813957074
en_188	english	Hydrogen peroxide will spontaneously degrade into water and molecular oxygen, however, the presence of a catalyst speeds up this reaction to the point that it has been used a fuel source for torpedoes and even spacecraft.	peroxide	-3.0947957365036207
en_189	english	I genuinely value the collaborative spirit of this platform and am committed to being more vigilant about copyright issues in the future.	committed	-1.488414371393016
en_190	english	I genuinely value the collaborative spirit of this platform and am committed to being more vigilant about copyright issues in the future.	collaborative	-1.9623853549232146
en_191	english	I genuinely value the collaborative spirit of this platform and am committed to being more vigilant about copyright issues in the future.	platform	-1.3025688959281674
en_192	english	I understand your concerns about copyright issues and the need to maintain the integrity of the content on the platform.	concerns	-1.5068867799235401
en_193	english	I understand your concerns about copyright issues and the need to maintain the integrity of the content on the platform.	maintain	-1.3658216359387896
en_194	english	I understand your concerns about copyright issues and the need to maintain the integrity of the content on the platform.	copyright	-2.259291677568025
en_195	english	If not, gently massage the cramped muscle you may also try applying ice.	cramped	-2.754701717999997
en_196	english	If not, gently massage the cramped muscle you may also try applying ice.	massage	-2.17540996116611
en_197	english	If not, gently massage the cramped muscle you may also try applying ice.	applying	-1.6085736823217593
en_198	english	If possible locate a beekeeper in your area that may be willing to guide you along or even mentor you during your newfound interests.	mentor	-1.8646474689842933
en_199	english	If possible locate a beekeeper in your area that may be willing to guide you along or even mentor you during your newfound interests.	newfound	-2.6193809455979755
en_200	english	If possible locate a beekeeper in your area that may be willing to guide you along or even mentor you during your newfound interests.	willing	-1.2622868237973845
en_201	english	In attempts to improve accuracy the Army employed a large group of mathematicians to continuously calculate differential equations required for solving ballistic firing tables.	mathematicians	-2.945033416170289
en_202	english	In attempts to improve accuracy the Army employed a large group of mathematicians to continuously calculate differential equations required for solving ballistic firing tables.	calculate	-1.8381062824047083
en_203	english	In attempts to improve accuracy the Army employed a large group of mathematicians to continuously calculate differential equations required for solving ballistic firing tables.	continuously	-1.8980832549559292
en_204	english	In many annual species, only the seed exists during unfavorable dry or cold conditions.	exists	-1.5205601429749545
en_205	english	In many annual species, only the seed exists during unfavorable dry or cold conditions.	unfavorable	-3.0071813229191333
en_206	english	In many annual species, only the seed exists during unfavorable dry or cold conditions.	annual	-1.5898054546304135
en_207	english	In northern Europe (north Germany, Netherlands, and France), the middle class tended to be Protestant, which corresponded with their work ethic and philosophy.	northern	-1.6190391159999242
en_208	english	In northern Europe (north Germany, Netherlands, and France), the middle class tended to be Protestant, which corresponded with their work ethic and philosophy.	corresponded	-3.211301305575058
en_209	english	In northern Europe (north Germany, Netherlands, and France), the middle class tended to be Protestant, which corresponded with their work ethic and philosophy.	tended	-2.3235109450728944
en_210	english	In order to obtain this field, the room has to be sufficiently reverberant and the frequencies have to be high enough to avoid the effects of predominating modes.	sufficiently	-2.3847281729493277
en_211	english	In order to obtain this field, the room has to be sufficiently reverberant and the frequencies have to be high enough to avoid the effects of predominating modes.	frequencies	-2.3729366482197696
en_212	english	In order to obtain this field, the room has to be sufficiently reverberant and the frequencies have to be high enough to avoid the effects of predominating modes.	predominating	-4.325244657881895
en_213	english	In organic chemistry, carbon is very frequently used, so chemists know that there is a carbon atom at the endpoints of every line that is not specifically labeled.	frequently	-1.5820485764331935
en_214	english	In organic chemistry, carbon is very frequently used, so chemists know that there is a carbon atom at the endpoints of every line that is not specifically labeled.	specifically	-1.118418781850045
en_215	english	In organic chemistry, carbon is very frequently used, so chemists know that there is a carbon atom at the endpoints of every line that is not specifically labeled.	chemists	-3.015614490455996
en_216	english	In the context of programming languages, with a declarative you give facts and rules to the computer which can then be queried to give data back.	declarative	-3.37100214844257
en_217	english	In the context of programming languages, with a declarative you give facts and rules to the computer which can then be queried to give data back.	programming	-1.755870748266849
en_218	english	In the context of programming languages, with a declarative you give facts and rules to the computer which can then be queried to give data back.	queried	-3.5470934074982514
en_219	english	In the example above, the conserved quantity would be socks, the system would be the dryer, and the system is closed as long as nobody puts socks into or takes socks out of the dryer.	socks	-2.1416901242630333
en_220	english	In the example above, the conserved quantity would be socks, the system would be the dryer, and the system is closed as long as nobody puts socks into or takes socks out of the dryer.	puts	-1.406061928839394
en_221	english	In the example above, the conserved quantity would be socks, the system would be the dryer, and the system is closed as long as nobody puts socks into or takes socks out of the dryer.	nobody	-1.1368787318187465
en_222	english	In the final step, one of the hydrogens of the bonded water molecule is attacked by another water molecule, leaving an alcohol.	attacked	-1.7881815151002776
en_223	english	In the final step, one of the hydrogens of the bonded water molecule is attacked by another water molecule, leaving an alcohol.	molecule	-2.3511937550890174
en_224	english	In the final step, one of the hydrogens of the bonded water molecule is attacked by another water molecule, leaving an alcohol.	bonded	-2.5043866684421947
en_225	english	In these cases, the role of the implementing agent is to provide seed inputs, including, but not limited, to capital that will get the project started and enable it to continue under its own impetus after the implementer departs.	implementer	-3.609241314247096
en_226	english	In these cases, the role of the implementing agent is to provide seed inputs, including, but not limited, to capital that will get the project started and enable it to continue under its own impetus after the implementer departs.	implementing	-1.9364332444083712
en_227	english	In these cases, the role of the implementing agent is to provide seed inputs, including, but not limited, to capital that will get the project started and enable it to continue under its own impetus after the implementer departs.	enable	-1.6297629813916974
en_228	english	In this system, compounds are named by analogy to glyceraldehyde, which generally produces unambiguous designations, but is easiest to see in the small biomolecules similar to glyceraldehyde.	biomolecules	-3.910271309911077
en_229	english	In this system, compounds are named by analogy to glyceraldehyde, which generally produces unambiguous designations, but is easiest to see in the small biomolecules similar to glyceraldehyde.	easiest	-1.6782531204047724
en_230	english	In this system, compounds are named by analogy to glyceraldehyde, which generally produces unambiguous designations, but is easiest to see in the small biomolecules similar to glyceraldehyde.	analogy	-2.070938325550609
en_231	english	Initial data from the analysis of the cardiovascular disease drug simvastatin were presented at the conference.	presented	-1.4862697029264267
en_232	english	Initial data from the analysis of the cardiovascular disease drug simvastatin were presented at the conference.	cardiovascular	-2.4265194762924014
en_233	english	Initial data from the analysis of the cardiovascular disease drug simvastatin were presented at the conference.	simvastatin	-4.547093407498251
en_234	english	Instead it moves on immediately to the stop bits, and is an admission that parity checking at this level is really useless.	moves	-1.3872255604056845
en_235	english	Instead it moves on immediately to the stop bits, and is an admission that parity checking at this level is really useless.	immediately	-1.1156760300459543
en_236	english	Instead it moves on immediately to the stop bits, and is an admission that parity checking at this level is really useless.	admission	-2.2388848272071464
en_237	english	Instead of relying on them to have the right shell, you can simply specify which shell they should use.	relying	-2.0777623972048405
en_238	english	Instead of relying on them to have the right shell, you can simply specify which shell they should use.	shell	-1.812027057813956
en_239	english	Instead of relying on them to have the right shell, you can simply specify which shell they should use.	specify	-2.058072929478881
en_240	english	Intercellular connections allow heterocytes to transport fixed nitrogen to neighboring cells and to receive carbohydrates.	heterocytes	-5.024214662217914
en_241	english	Intercellular connections allow heterocytes to transport fixed nitrogen to neighboring cells and to receive carbohydrates.	fixed	-1.461564990005997
en_242	english	Intercellular connections allow heterocytes to transport fixed nitrogen to neighboring cells and to receive carbohydrates.	connections	-1.5404847632178897
en_243	english	Irregular Bones have  peculiar forms, cannot be grouped under the preceding heads, and are used for muscle attachment and articulation.	preceding	-2.6315177089582478
en_244	english	Irregular Bones have  peculiar forms, cannot be grouped under the preceding heads, and are used for muscle attachment and articulation.	attachment	-2.1271376590084934
en_245	english	Irregular Bones have  peculiar forms, cannot be grouped under the preceding heads, and are used for muscle attachment and articulation.	grouped	-2.4455754522498414
en_246	english	It adds a button to the editing toolbar in the source editor, so it is most convenient for redlinked user talk pages, but it can save a click or two otherwise as well, even though it may not be as quick as Twinkle.	button	-0.9787352091071339
en_247	english	It adds a button to the editing toolbar in the source editor, so it is most convenient for redlinked user talk pages, but it can save a click or two otherwise as well, even though it may not be as quick as Twinkle.	redlinked	-5.024214662217914
en_248	english	It adds a button to the editing toolbar in the source editor, so it is most convenient for redlinked user talk pages, but it can save a click or two otherwise as well, even though it may not be as quick as Twinkle.	click	-0.9625360469725763
en_249	english	It has been said that he had to cut his way through the trackless forest, which doubtless was the case in this town at least.	trackless	-3.878086626539676
en_250	english	It has been said that he had to cut his way through the trackless forest, which doubtless was the case in this town at least.	town	-1.1625607920040026
en_251	english	It has been said that he had to cut his way through the trackless forest, which doubtless was the case in this town at least.	doubtless	-3.0748246555730008
en_252	english	It is generally believed that the pilus is assembled from its base, as a pool of pilin is found in the cell membrane.	pilus	-4.547093407498251
en_253	english	It is generally believed that the pilus is assembled from its base, as a pool of pilin is found in the cell membrane.	assembled	-2.1620832829048764
en_254	english	It is generally believed that the pilus is assembled from its base, as a pool of pilin is found in the cell membrane.	pilin	-5.024214662217914
en_255	english	It is important when planning a blended learning lesson within the primary grades to focus on a unit of study, then intertwine it with technology.	grades	-2.031219563786572
en_256	english	It is important when planning a blended learning lesson within the primary grades to focus on a unit of study, then intertwine it with technology.	intertwine	-3.1491533988262135
en_257	english	It is important when planning a blended learning lesson within the primary grades to focus on a unit of study, then intertwine it with technology.	blended	-2.2660600402505238
en_258	english	It is used by the immune system, for DNA synthesis, for healing wounds, and for normal growth and development during hormonally active periods.	hormonally	-3.9828219770596887
en_259	english	It is used by the immune system, for DNA synthesis, for healing wounds, and for normal growth and development during hormonally active periods.	immune	-1.9527008571228244
en_260	english	It is used by the immune system, for DNA synthesis, for healing wounds, and for normal growth and development during hormonally active periods.	healing	-1.6559277773157826
en_261	english	It repeatedly shows illustrations of Scouts in sunny mountain scenes with no hats whatsoever.	illustrations	-2.4199886091334437
en_262	english	It repeatedly shows illustrations of Scouts in sunny mountain scenes with no hats whatsoever.	whatsoever	-1.8130941209598643
en_263	english	It repeatedly shows illustrations of Scouts in sunny mountain scenes with no hats whatsoever.	repeatedly	-2.015614490455996
en_264	english	It was discovered by goons and other English speakers, and for a while, posting between the two languages flourished.	goons	-3.132120059527433
en_265	english	It was discovered by goons and other English speakers, and for a while, posting between the two languages flourished.	posting	-1.8524882085646825
en_266	english	It was discovered by goons and other English speakers, and for a while, posting between the two languages flourished.	discovered	-1.3931769656811732
en_267	english	It will take you to the page which matches your query, otherwise it displays the search results.	displays	-2.044211290634167
en_268	english	It will take you to the page which matches your query, otherwise it displays the search results.	matches	-1.7344028231002921
en_269	english	It will take you to the page which matches your query, otherwise it displays the search results.	otherwise	-1.1553352159808257
en_270	english	Its hydrogen is easy to remove, so serine and threonine often act as hydrogen donors in enzymes.	hydrogen	-2.2073108228422536
en_271	english	Its hydrogen is easy to remove, so serine and threonine often act as hydrogen donors in enzymes.	donors	-2.389737392057182
en_272	english	Its hydrogen is easy to remove, so serine and threonine often act as hydrogen donors in enzymes.	serine	-3.9828219770596887
en_273	english	James was overthrown (he was technically held abdicated by Parliament) in the bloodless Glorious Revolution of 1688.	overthrown	-3.132120059527433
en_274	english	James was overthrown (he was technically held abdicated by Parliament) in the bloodless Glorious Revolution of 1688.	technically	-1.5826766235157528
en_275	english	James was overthrown (he was technically held abdicated by Parliament) in the bloodless Glorious Revolution of 1688.	abdicated	-3.6817919813957074
en_276	english	Lastly, the study looked at the conversation of polyunsaturated rich phospholipids to triacylglyerides via a phospholipase C pathway.	looked	-0.9412857472027834
en_277	english	Lastly, the study looked at the conversation of polyunsaturated rich phospholipids to triacylglyerides via a phospholipase C pathway.	rich	-1.2839309425360346
en_278	english	Lastly, the study looked at the conversation of polyunsaturated rich phospholipids to triacylglyerides via a phospholipase C pathway.	phospholipase	-4.4221546708899515
en_279	english	Lewis dot structures are useful for introducing the idea of covalence and bonding in small molecules, but other model types have much more capability to communicate chemistry concepts.	communicate	-1.45883915950384
en_280	english	Lewis dot structures are useful for introducing the idea of covalence and bonding in small molecules, but other model types have much more capability to communicate chemistry concepts.	bonding	-2.423241766531165
en_281	english	Lewis dot structures are useful for introducing the idea of covalence and bonding in small molecules, but other model types have much more capability to communicate chemistry concepts.	covalence	-4.723184666553933
en_282	english	Like creating arrays without dynamic allocation, the programmer must initialize the array with sensible values before using it.	array	-1.892275367007489
en_283	english	Like creating arrays without dynamic allocation, the programmer must initialize the array with sensible values before using it.	dynamic	-1.5765915644576274
en_284	english	Like creating arrays without dynamic allocation, the programmer must initialize the array with sensible values before using it.	arrays	-2.7689421571146076
en_285	english	Mail is generated internally by the Postfix system itself, in order to notify the postmaster of a problem (this path is also indicated with the unlabeled arrow).	generated	-1.7262354180585513
en_286	english	Mail is generated internally by the Postfix system itself, in order to notify the postmaster of a problem (this path is also indicated with the unlabeled arrow).	postmaster	-3.609241314247096
en_287	english	Mail is generated internally by the Postfix system itself, in order to notify the postmaster of a problem (this path is also indicated with the unlabeled arrow).	notify	-2.3322495594505535
en_288	english	Many federations use these grants to correct imbalances between taxing and spending across different levels of government.	spending	-1.3513782080465164
en_289	english	Many federations use these grants to correct imbalances between taxing and spending across different levels of government.	federations	-3.505700722340026
en_290	english	Many federations use these grants to correct imbalances between taxing and spending across different levels of government.	grants	-1.996865054443157
en_291	english	Many freshwater protists have contractile vacuoles that pump excess water out of the cell, thereby maintaining a suitable concentration of ions and molecules inside the cell.	vacuoles	-4.12112467522597
en_292	english	Many freshwater protists have contractile vacuoles that pump excess water out of the cell, thereby maintaining a suitable concentration of ions and molecules inside the cell.	protists	-3.9828219770596887
en_293	english	Many freshwater protists have contractile vacuoles that pump excess water out of the cell, thereby maintaining a suitable concentration of ions and molecules inside the cell.	thereby	-2.2637921787947017
en_294	english	Milk is a valuable nutritious food, providing vitamins and essential fats to those who can properly digest it.	fats	-2.5043866684421947
en_295	english	Milk is a valuable nutritious food, providing vitamins and essential fats to those who can properly digest it.	nutritious	-2.5204239791607326
en_296	english	Milk is a valuable nutritious food, providing vitamins and essential fats to those who can properly digest it.	properly	-1.3468815107980119
en_297	english	Modern use of emoticons in electronic discussion is generally traced to a proposal in 1982.	electronic	-1.7535358260732072
en_298	english	Modern use of emoticons in electronic discussion is generally traced to a proposal in 1982.	emoticons	-3.8481234031622322
en_299	english	Modern use of emoticons in electronic discussion is generally traced to a proposal in 1982.	traced	-2.387726765864548
en_300	english	Most DNS queries (such as name resolution requests) use UDP connections as the amount of data transferred is small and the session establishment overhead would introduce unnecessary traffic and load on nameservers.	introduce	-1.3049662637699675
en_301	english	Most DNS queries (such as name resolution requests) use UDP connections as the amount of data transferred is small and the session establishment overhead would introduce unnecessary traffic and load on nameservers.	unnecessary	-2.0001396749104874
en_302	english	Most DNS queries (such as name resolution requests) use UDP connections as the amount of data transferred is small and the session establishment overhead would introduce unnecessary traffic and load on nameservers.	traffic	-1.5497070231009378
en_303	english	Multiple consecutive conflicts are noticed, and will generate a slightly different message.	consecutive	-2.3690762274065316
en_304	english	Multiple consecutive conflicts are noticed, and will generate a slightly different message.	conflicts	-2.0932656310503903
en_305	english	Multiple consecutive conflicts are noticed, and will generate a slightly different message.	slightly	-1.2065171074548895
en_306	english	Near the end of the War, Germany tries to fight for a last stand with the Allies.	tries	-1.613268803530139
en_307	english	Near the end of the War, Germany tries to fight for a last stand with the Allies.	fight	-1.1064991456584203
en_308	english	Near the end of the War, Germany tries to fight for a last stand with the Allies.	stand	-1.0026119461896714
en_309	english	No two or more States shall enter into any treaty, confederation or alliance whatever between them, without the consent of the United States in Congress assembled, specifying accurately the purposes for which the same is to be entered into, and how long it shall continue.	purposes	-1.5444954267783426
en_310	english	No two or more States shall enter into any treaty, confederation or alliance whatever between them, without the consent of the United States in Congress assembled, specifying accurately the purposes for which the same is to be entered into, and how long it shall continue.	alliance	-1.990790906730964
en_311	english	No two or more States shall enter into any treaty, confederation or alliance whatever between them, without the consent of the United States in Congress assembled, specifying accurately the purposes for which the same is to be entered into, and how long it shall continue.	accurately	-2.0139147055781015
en_312	english	Often the talk pages of controversial topics can be very heavily used.	talk	-0.5626561127021751
en_313	english	Often the talk pages of controversial topics can be very heavily used.	topics	-1.4763169446548166
en_314	english	Often the talk pages of controversial topics can be very heavily used.	heavily	-1.5855141293171773
en_315	english	On the German side, however, a gap developed between the westernmost army corps, and the rapid advance was exhausting the troops.	advance	-1.4942712605592443
en_316	english	On the German side, however, a gap developed between the westernmost army corps, and the rapid advance was exhausting the troops.	westernmost	-3.7019953674839945
en_317	english	On the German side, however, a gap developed between the westernmost army corps, and the rapid advance was exhausting the troops.	rapid	-1.789444367056997
en_318	english	One important thing to mention is that characters for numerals are represented differently from their corresponding number, i.e.	mention	-1.195168325364731
en_319	english	One important thing to mention is that characters for numerals are represented differently from their corresponding number, i.e.	corresponding	-2.0469484497906207
en_320	english	One important thing to mention is that characters for numerals are represented differently from their corresponding number, i.e.	numerals	-3.3166444861199773
en_321	english	One week after the last comment if participants have mostly reached consensus about what to do, action will be taken by an administrator.	reached	-1.355083814844581
en_322	english	One week after the last comment if participants have mostly reached consensus about what to do, action will be taken by an administrator.	participants	-1.7687009493983803
en_323	english	One week after the last comment if participants have mostly reached consensus about what to do, action will be taken by an administrator.	consensus	-2.1620832829048764
en_324	english	Only the Resurrection Stone seems dubious to Hermione, though Harry hopes it could resurrect his dead parents.	hopes	-1.7366368531392082
en_325	english	Only the Resurrection Stone seems dubious to Hermione, though Harry hopes it could resurrect his dead parents.	resurrect	-2.9170046925700452
en_326	english	Only the Resurrection Stone seems dubious to Hermione, though Harry hopes it could resurrect his dead parents.	dubious	-2.7787019944037636
en_327	english	Organic chemistry focuses on carbon and following movement of the electrons in carbon chains and rings, and also how electrons are shared with other carbon atoms and heteroatoms.	focuses	-1.7879293847698852
en_328	english	Organic chemistry focuses on carbon and following movement of the electrons in carbon chains and rings, and also how electrons are shared with other carbon atoms and heteroatoms.	shared	-1.2546896420468632
en_329	english	Organic chemistry focuses on carbon and following movement of the electrons in carbon chains and rings, and also how electrons are shared with other carbon atoms and heteroatoms.	atoms	-2.3633491842140444
en_330	english	Over time, the meat softens and develops more in flavor, and for certain meats this process can be carefully extended in a process called aging.	softens	-3.132120059527433
en_331	english	Over time, the meat softens and develops more in flavor, and for certain meats this process can be carefully extended in a process called aging.	extended	-1.616823757747182
en_332	english	Over time, the meat softens and develops more in flavor, and for certain meats this process can be carefully extended in a process called aging.	carefully	-1.5029457866195284
en_333	english	Picture opening the hood of a car and finding a washing machine where the engine should be.	washing	-1.9000366067432384
en_334	english	Picture opening the hood of a car and finding a washing machine where the engine should be.	engine	-1.4882879208223443
en_335	english	Picture opening the hood of a car and finding a washing machine where the engine should be.	hood	-1.9234995756448319
en_336	english	Private bills affect a specific named company, person or other entity (for instance, authorising major constructions on specific named public lands).	entity	-1.9217809565365773
en_337	english	Private bills affect a specific named company, person or other entity (for instance, authorising major constructions on specific named public lands).	named	-1.1879538593594268
en_338	english	Private bills affect a specific named company, person or other entity (for instance, authorising major constructions on specific named public lands).	constructions	-2.9069433665621496
en_339	english	Ranging in size from oversized lakes and enclosed valleys to miniature ponds, these depressions were left by buried ice that eventually melted.	eventually	-1.091436592157363
en_340	english	Ranging in size from oversized lakes and enclosed valleys to miniature ponds, these depressions were left by buried ice that eventually melted.	depressions	-3.1491533988262135
en_341	english	Ranging in size from oversized lakes and enclosed valleys to miniature ponds, these depressions were left by buried ice that eventually melted.	lakes	-2.1135902573287124
en_342	english	Remember that text will flow and wrap differently for other users, based on their chosen browser, screen resolution, default font size, accessibility options, number of toolbars and sidebars (such as instant messaging panes) and more.	chosen	-1.5267321248505432
en_343	english	Remember that text will flow and wrap differently for other users, based on their chosen browser, screen resolution, default font size, accessibility options, number of toolbars and sidebars (such as instant messaging panes) and more.	wrap	-1.3930754119611026
en_344	english	Remember that text will flow and wrap differently for other users, based on their chosen browser, screen resolution, default font size, accessibility options, number of toolbars and sidebars (such as instant messaging panes) and more.	default	-1.6209225170596593
en_345	english	Rescue breathing is used if the victim does not begin breathing when the airway is opened.	breathing	-1.7128847099141205
en_346	english	Rescue breathing is used if the victim does not begin breathing when the airway is opened.	victim	-1.8418000097833596
en_347	english	Rescue breathing is used if the victim does not begin breathing when the airway is opened.	begin	-1.0427131740696667
en_348	english	Sensitive pads of our fingertips used as tactile antennae gauge the slightest startle, tenseness, or hesitation of response.	hesitation	-2.4571882960588534
en_349	english	Sensitive pads of our fingertips used as tactile antennae gauge the slightest startle, tenseness, or hesitation of response.	fingertips	-2.3098849024726804
en_350	english	Sensitive pads of our fingertips used as tactile antennae gauge the slightest startle, tenseness, or hesitation of response.	slightest	-2.4501833944901947
en_351	english	She arranges the loan of a repair person from her competitor, but in the meantime organizes a large number of men with lanterns into a manual signaling system.	manual	-1.6935979949234752
en_352	english	She arranges the loan of a repair person from her competitor, but in the meantime organizes a large number of men with lanterns into a manual signaling system.	arranges	-3.325244657881895
en_353	english	She arranges the loan of a repair person from her competitor, but in the meantime organizes a large number of men with lanterns into a manual signaling system.	organizes	-2.9136249519186648
en_354	english	She had been surprised that Taggart had dropped by her slum room one day, out of the blue.	slum	-3.1211246752259703
en_355	english	She had been surprised that Taggart had dropped by her slum room one day, out of the blue.	surprised	-1.3268981204855301
en_356	english	She had been surprised that Taggart had dropped by her slum room one day, out of the blue.	dropped	-1.4472977062527066
en_357	english	Since most textbooks are developed by, or based on the contributions of subject matter experts, this requirement is usually well attended to.	attended	-1.8533664585746041
en_358	english	Since most textbooks are developed by, or based on the contributions of subject matter experts, this requirement is usually well attended to.	textbooks	-2.409317446184779
en_359	english	Since most textbooks are developed by, or based on the contributions of subject matter experts, this requirement is usually well attended to.	contributions	-1.9382109565995316
en_360	english	Since the elementary idea of functions is better understood from the classical viewpoint, we shall use it hereafter.	classical	-2.023346940686687
en_361	english	Since the elementary idea of functions is better understood from the classical viewpoint, we shall use it hereafter.	elementary	-1.9149736936297104
en_362	english	Since the elementary idea of functions is better understood from the classical viewpoint, we shall use it hereafter.	understood	-1.4570706170222565
en_363	english	Some of the variations are fees, overdraft protection, minimum balances, allowable account linkages (e.g., checking and savings), and rules on opening the account.	overdraft	-3.7231846665539323
en_364	english	Some of the variations are fees, overdraft protection, minimum balances, allowable account linkages (e.g., checking and savings), and rules on opening the account.	minimum	-1.5648221744586828
en_365	english	Some of the variations are fees, overdraft protection, minimum balances, allowable account linkages (e.g., checking and savings), and rules on opening the account.	checking	-1.4085801933404976
en_366	english	Some parts may never be eaten and some are not normally processed as kosher meat in the United States, due to the additional labor involved.	meat	-1.5648221744586828
en_367	english	Some parts may never be eaten and some are not normally processed as kosher meat in the United States, due to the additional labor involved.	kosher	-2.887494095061507
en_368	english	Some parts may never be eaten and some are not normally processed as kosher meat in the United States, due to the additional labor involved.	normally	-1.2254949770329073
en_369	english	Some students find the ablative difficult since it sometimes looks like the nominative singular, dative plural or neither.	nominative	-3.910271309911077
en_370	english	Some students find the ablative difficult since it sometimes looks like the nominative singular, dative plural or neither.	dative	-4.069972152778589
en_371	english	Some students find the ablative difficult since it sometimes looks like the nominative singular, dative plural or neither.	ablative	-4.12112467522597
en_372	english	Sometimes you will need to manipulate expressions into a usable form before it is possible to perform operations in calculus.	perform	-1.416116715892634
en_373	english	Sometimes you will need to manipulate expressions into a usable form before it is possible to perform operations in calculus.	expressions	-2.089716210974346
en_374	english	Sometimes you will need to manipulate expressions into a usable form before it is possible to perform operations in calculus.	manipulate	-2.0483235258161208
en_375	english	Steels are often subjected to a variety of thermal treatments designed to produce various combinations of stable and metastable iron phases.	stable	-1.5925293175319017
en_376	english	Steels are often subjected to a variety of thermal treatments designed to produce various combinations of stable and metastable iron phases.	thermal	-2.2099670664859934
en_377	english	Steels are often subjected to a variety of thermal treatments designed to produce various combinations of stable and metastable iron phases.	metastable	-4.325244657881895
en_378	english	Such a cavity can provide numerous functional advantages.	cavity	-2.542772033715609
en_379	english	Such a cavity can provide numerous functional advantages.	functional	-1.819010298269769
en_380	english	Such a cavity can provide numerous functional advantages.	numerous	-1.634517114011528
en_381	english	Such access might be used for login authentication, creating a new user account, or saving textual information for future retrieval and study.	textual	-3.0030253631479753
en_382	english	Such access might be used for login authentication, creating a new user account, or saving textual information for future retrieval and study.	login	-2.1462677105887256
en_383	english	Such access might be used for login authentication, creating a new user account, or saving textual information for future retrieval and study.	retrieval	-2.956028800471752
en_384	english	Suzuki Pureharp is one of the tiny production models that use wood as a cover, which produces a pleasantly soft sound.	soft	-1.3322495594505532
en_385	english	Suzuki Pureharp is one of the tiny production models that use wood as a cover, which produces a pleasantly soft sound.	tiny	-1.304138089449773
en_386	english	Suzuki Pureharp is one of the tiny production models that use wood as a cover, which produces a pleasantly soft sound.	pleasantly	-2.6228141214363694
en_387	english	The Romans, who used the style initially, found it unwieldy and hard to manage in the mountainous and broken terrain of Italy.	style	-1.1226473721894636
en_388	english	The Romans, who used the style initially, found it unwieldy and hard to manage in the mountainous and broken terrain of Italy.	mountainous	-2.759396839208377
en_389	english	The Romans, who used the style initially, found it unwieldy and hard to manage in the mountainous and broken terrain of Italy.	manage	-1.2837730172681476
en_390	english	The alcohol rinse does not remove the crystal violet which masks the added red safanin dye.	masks	-2.0203234959810032
en_391	english	The alcohol rinse does not remove the crystal violet which masks the added red safanin dye.	alcohol	-1.7177896346672261
en_392	english	The alcohol rinse does not remove the crystal violet which masks the added red safanin dye.	rinse	-2.2910173971113443
en_393	english	The big, curling line on the left is elaborately pointing at me (mi).	pointing	-1.6903645171153685
en_394	english	The big, curling line on the left is elaborately pointing at me (mi).	elaborately	-3.505700722340026
en_395	english	The big, curling line on the left is elaborately pointing at me (mi).	curling	-2.7937657408396395
en_396	english	The carrier wave is filtered out and a loudspeaker plays based on the amplitude of the signal.	filtered	-2.4156886286407193
en_397	english	The carrier wave is filtered out and a loudspeaker plays based on the amplitude of the signal.	loudspeaker	-3.325244657881895
en_398	english	The carrier wave is filtered out and a loudspeaker plays based on the amplitude of the signal.	amplitude	-2.8811998619638186
en_399	english	The centrepiece at the renovated Abbey was a shrine to Edward.	centrepiece	-3.945033416170289
en_400	english	The centrepiece at the renovated Abbey was a shrine to Edward.	shrine	-2.5499983981416583
en_401	english	The centrepiece at the renovated Abbey was a shrine to Edward.	renovated	-2.548543473893484
en_402	english	The classic Playfair tableau consists of four alphabets, usually in a square arrangement,  two plaintext and two ciphertext.	arrangement	-2.083200418512344
en_403	english	The classic Playfair tableau consists of four alphabets, usually in a square arrangement,  two plaintext and two ciphertext.	consists	-1.8269341040922942
en_404	english	The classic Playfair tableau consists of four alphabets, usually in a square arrangement,  two plaintext and two ciphertext.	tableau	-3.24606341183427
en_405	english	The combined work need only contain one copy of this License, and multiple identical Invariant Sections may be replaced with a single copy.	replaced	-1.6726115897987848
en_406	english	The combined work need only contain one copy of this License, and multiple identical Invariant Sections may be replaced with a single copy.	combined	-1.5324328866337478
en_407	english	The combined work need only contain one copy of this License, and multiple identical Invariant Sections may be replaced with a single copy.	identical	-1.9166655324732274
en_408	english	The detriments outweigh the benefits and there are no current studies to show that vouchers are working.	vouchers	-3.028579467620364
en_409	english	The detriments outweigh the benefits and there are no current studies to show that vouchers are working.	outweigh	-2.783665413935314
en_410	english	The detriments outweigh the benefits and there are no current studies to show that vouchers are working.	detriments	-3.910271309911077
en_411	english	The diagnosis of schizophrenia should not be made in the presence of extensive depressive or manic symptoms unless it is clear that schizophrenic symptoms antedate the affective disturbance.	diagnosis	-1.9769397948337342
en_412	english	The diagnosis of schizophrenia should not be made in the presence of extensive depressive or manic symptoms unless it is clear that schizophrenic symptoms antedate the affective disturbance.	depressive	-2.974996639547732
en_413	english	The diagnosis of schizophrenia should not be made in the presence of extensive depressive or manic symptoms unless it is clear that schizophrenic symptoms antedate the affective disturbance.	antedate	-5.024214662217914
en_414	english	The entire assembled application is their platform, and the desktops of the affected staff the target domain for their work.	affected	-1.496584761346575
en_415	english	The entire assembled application is their platform, and the desktops of the affected staff the target domain for their work.	staff	-1.2186458446693578
en_416	english	The entire assembled application is their platform, and the desktops of the affected staff the target domain for their work.	domain	-1.890356537014579
en_417	english	The food vacuole formed , and then fuses with a lysosome and digests the food.	formed	-1.5744278152321403
en_418	english	The food vacuole formed , and then fuses with a lysosome and digests the food.	fuses	-2.9378548315431656
en_419	english	The food vacuole formed , and then fuses with a lysosome and digests the food.	digests	-3.505700722340026
en_420	english	The formation of this intermediate and subsequent reaction generally has a much lower activation energy barrier than is required for the direct reaction of reactants to products.	subsequent	-1.9820330677021474
en_421	english	The formation of this intermediate and subsequent reaction generally has a much lower activation energy barrier than is required for the direct reaction of reactants to products.	barrier	-1.8305336326766322
en_422	english	The formation of this intermediate and subsequent reaction generally has a much lower activation energy barrier than is required for the direct reaction of reactants to products.	intermediate	-2.1656774646482746
en_423	english	The goals of this procedure will be to distribute accurate information with the correct approvals using sufficient technology and strategies.	approvals	-2.8014981910703303
en_424	english	The goals of this procedure will be to distribute accurate information with the correct approvals using sufficient technology and strategies.	sufficient	-1.8033224129983942
en_425	english	The goals of this procedure will be to distribute accurate information with the correct approvals using sufficient technology and strategies.	distribute	-2.099935376156032
en_426	english	The guitar is a transposing instrument and is notated an octave higher than its actual pitch to avoid having to use the bass clef in standard notation.	transposing	-3.7231846665539323
en_427	english	The guitar is a transposing instrument and is notated an octave higher than its actual pitch to avoid having to use the bass clef in standard notation.	clef	-3.609241314247096
en_428	english	The guitar is a transposing instrument and is notated an octave higher than its actual pitch to avoid having to use the bass clef in standard notation.	notated	-3.7689421571146076
en_429	english	The hall sensor and inductor use a property of  the magnetic field to sense the current through a nearby conductor.	sensor	-2.010114340698293
en_430	english	The hall sensor and inductor use a property of  the magnetic field to sense the current through a nearby conductor.	magnetic	-2.1222117708671844
en_431	english	The hall sensor and inductor use a property of  the magnetic field to sense the current through a nearby conductor.	hall	-1.541055452500934
en_432	english	The hero then was summoned to compete in the second rite, the rite of conquest, by defeating the mercenary General Claudius.	mercenary	-2.8228175378974623
en_433	english	The hero then was summoned to compete in the second rite, the rite of conquest, by defeating the mercenary General Claudius.	rite	-2.9170046925700452
en_434	english	The hero then was summoned to compete in the second rite, the rite of conquest, by defeating the mercenary General Claudius.	defeating	-2.4009653718200132
en_435	english	The lexical analyzer is the part of the compiler which removes whitespace and other non compilable characters from the source code.	compilable	-5.024214662217914
en_436	english	The lexical analyzer is the part of the compiler which removes whitespace and other non compilable characters from the source code.	characters	-1.3796776044395063
en_437	english	The lexical analyzer is the part of the compiler which removes whitespace and other non compilable characters from the source code.	lexical	-3.5470934074982514
en_438	english	The main reason for not allowing multiple outputs with the same input is that it lets us apply the same function to different forms of the same thing without changing their equivalence.	outputs	-2.3402675314664014
en_439	english	The main reason for not allowing multiple outputs with the same input is that it lets us apply the same function to different forms of the same thing without changing their equivalence.	changing	-1.1106127124887561
en_440	english	The main reason for not allowing multiple outputs with the same input is that it lets us apply the same function to different forms of the same thing without changing their equivalence.	equivalence	-3.0748246555730008
en_441	english	The majority of seaweeds, like the kelps (very large brown algae from the Order Laminariales), despite a superficial appearance of such, lack true stems, leaves, roots, and any kind of vascular systems as found in higher plants.	brown	-1.4106899593642612
en_442	english	The majority of seaweeds, like the kelps (very large brown algae from the Order Laminariales), despite a superficial appearance of such, lack true stems, leaves, roots, and any kind of vascular systems as found in higher plants.	vascular	-2.7231846665539323
en_443	english	The majority of seaweeds, like the kelps (very large brown algae from the Order Laminariales), despite a superficial appearance of such, lack true stems, leaves, roots, and any kind of vascular systems as found in higher plants.	superficial	-2.4940149640148315
en_444	english	The next day, during the Fajr Salaah, he stabbed Sayyiduna Umar (radi Allahu anhu) 6 times in the back, severely wounding the Caliph.	wounding	-3.224874112764332
en_445	english	The next day, during the Fajr Salaah, he stabbed Sayyiduna Umar (radi Allahu anhu) 6 times in the back, severely wounding the Caliph.	severely	-2.1772593371980897
en_446	english	The next day, during the Fajr Salaah, he stabbed Sayyiduna Umar (radi Allahu anhu) 6 times in the back, severely wounding the Caliph.	stabbed	-2.4739863091628194
en_447	english	The northern part of the continent, covering much of Siberia was also inaccessible to the steppe nomads due to the dense forests and the tundra.	nomads	-3.046491056929066
en_448	english	The northern part of the continent, covering much of Siberia was also inaccessible to the steppe nomads due to the dense forests and the tundra.	steppe	-3.411430805498178
en_449	english	The northern part of the continent, covering much of Siberia was also inaccessible to the steppe nomads due to the dense forests and the tundra.	covering	-1.58472407182823
en_450	english	The others died at sea or in prison while awaiting trial.	died	-1.2496247119531192
en_451	english	The others died at sea or in prison while awaiting trial.	awaiting	-2.4940149640148315
en_452	english	The others died at sea or in prison while awaiting trial.	prison	-1.6978788012891621
en_453	english	The reason why hypothalamic lesions affect body fat and feeding behavior has in fact much to do with leptin signaling.	affect	-1.3621182167999901
en_454	english	The reason why hypothalamic lesions affect body fat and feeding behavior has in fact much to do with leptin signaling.	leptin	-3.662486826200321
en_455	english	The reason why hypothalamic lesions affect body fat and feeding behavior has in fact much to do with leptin signaling.	hypothalamic	-3.79376574083964
en_456	english	The relative configuration description is still used mainly in glycochemistry.	description	-1.0479105456659108
en_457	english	The relative configuration description is still used mainly in glycochemistry.	configuration	-1.9549166501023842
en_458	english	The relative configuration description is still used mainly in glycochemistry.	mainly	-1.460733576823503
en_459	english	The same principle of course applied to the single lens reflex, but early SLRs caused delays and inconvenience through the need to move the mirror out of the focal plane to allow light to the plate behind it.	plane	-1.5652748003275876
en_460	english	The same principle of course applied to the single lens reflex, but early SLRs caused delays and inconvenience through the need to move the mirror out of the focal plane to allow light to the plate behind it.	plate	-1.5782992482667901
en_461	english	The same principle of course applied to the single lens reflex, but early SLRs caused delays and inconvenience through the need to move the mirror out of the focal plane to allow light to the plate behind it.	inconvenience	-2.7523730556814145
en_462	english	The size of an aggro radius sometimes varies with faction and con, and may be spherical in certain environments.	aggro	-3.2388848272071464
en_463	english	The size of an aggro radius sometimes varies with faction and con, and may be spherical in certain environments.	spherical	-2.7989053804920507
en_464	english	The size of an aggro radius sometimes varies with faction and con, and may be spherical in certain environments.	faction	-2.615974696906064
en_465	english	The theater contributed dramatic outcries, including those of Mary Otis Warren.	theater	-1.7871738708387228
en_466	english	The theater contributed dramatic outcries, including those of Mary Otis Warren.	dramatic	-1.6609788577342197
en_467	english	The theater contributed dramatic outcries, including those of Mary Otis Warren.	contributed	-1.960881303266164
en_468	english	There are also different editing styles in the sense of how bold people are willing to be.	styles	-1.8056791570013857
en_469	english	There are also different editing styles in the sense of how bold people are willing to be.	bold	-1.796071054620172
en_470	english	There are also different editing styles in the sense of how bold people are willing to be.	editing	-1.7459184541266397
en_471	english	There is a clear need for a different structure to the books as they are meant to be (at least eventually) printed and should therefore have a linear style.	linear	-1.9699847523545164
en_472	english	There is a clear need for a different structure to the books as they are meant to be (at least eventually) printed and should therefore have a linear style.	printed	-1.8181987854545691
en_473	english	There is a clear need for a different structure to the books as they are meant to be (at least eventually) printed and should therefore have a linear style.	meant	-1.1473043508732863
en_474	english	There is a slight tendency towards attack from the opposite side of the halide.	slight	-1.7344028231002921
en_475	english	There is a slight tendency towards attack from the opposite side of the halide.	tendency	-1.9616326779897504
en_476	english	There is a slight tendency towards attack from the opposite side of the halide.	opposite	-1.3344619660787571
en_477	english	There may also be separate licensing fees for distribution of patented multimedia data formats like GIF images, which if not in fact at least in philosophy violate the principles of the GFDL, preventing you from freely using the image or picture.	fees	-1.8821382011446288
en_478	english	There may also be separate licensing fees for distribution of patented multimedia data formats like GIF images, which if not in fact at least in philosophy violate the principles of the GFDL, preventing you from freely using the image or picture.	patented	-2.6332795551145347
en_479	english	There may also be separate licensing fees for distribution of patented multimedia data formats like GIF images, which if not in fact at least in philosophy violate the principles of the GFDL, preventing you from freely using the image or picture.	philosophy	-1.7706343726557308
en_480	english	Therefore, no matter how much slang you use in your native language, limiting your use of slang in French (proportionally to your level of fluency) will also limit how much you are patronised and giggled at by native listeners.	giggled	-3.352116804282196
en_481	english	Therefore, no matter how much slang you use in your native language, limiting your use of slang in French (proportionally to your level of fluency) will also limit how much you are patronised and giggled at by native listeners.	patronised	-4.547093407498251
en_482	english	Therefore, no matter how much slang you use in your native language, limiting your use of slang in French (proportionally to your level of fluency) will also limit how much you are patronised and giggled at by native listeners.	limiting	-2.0590129611920016
en_483	english	These are mainly guidelines to administrator behavior, but can be useful to point at when having a serious dispute with administrators or going before stewards and an arbitration board.	stewards	-2.7040683761068594
en_484	english	These are mainly guidelines to administrator behavior, but can be useful to point at when having a serious dispute with administrators or going before stewards and an arbitration board.	dispute	-2.246787839828602
en_485	english	These are mainly guidelines to administrator behavior, but can be useful to point at when having a serious dispute with administrators or going before stewards and an arbitration board.	administrators	-2.2438973500777624
en_486	english	These deck styles do not do well against decks with any type of disruption or control so they are currently not seeing much play.	deck	-1.7737946599090197
en_487	english	These deck styles do not do well against decks with any type of disruption or control so they are currently not seeing much play.	seeing	-0.8409163411421017
en_488	english	These deck styles do not do well against decks with any type of disruption or control so they are currently not seeing much play.	decks	-2.4536717223360163
en_489	english	These plots are to be interpreted like topographic maps, where the lines represent contours of constant elevation.	topographic	-3.28385197272367
en_490	english	These plots are to be interpreted like topographic maps, where the lines represent contours of constant elevation.	constant	-1.4956836015825021
en_491	english	These plots are to be interpreted like topographic maps, where the lines represent contours of constant elevation.	interpreted	-2.244618170960089
en_492	english	These required money, and a new criminal underworld rose to fund them and profit from them.	underworld	-2.6817919813957074
en_493	english	These required money, and a new criminal underworld rose to fund them and profit from them.	fund	-1.651486721332318
en_494	english	These required money, and a new criminal underworld rose to fund them and profit from them.	profit	-1.6788409316588253
en_495	english	They are generally better off using their Ne, as well as the reasoning capacities of their Ti, to hash out truth, rather than deferring to Si traditions.	hash	-2.5043866684421947
en_496	english	They are generally better off using their Ne, as well as the reasoning capacities of their Ti, to hash out truth, rather than deferring to Si traditions.	deferring	-3.3614568305363397
en_497	english	They are generally better off using their Ne, as well as the reasoning capacities of their Ti, to hash out truth, rather than deferring to Si traditions.	capacities	-2.4478733120121206
en_498	english	They convert solar energy to chemical energy by absorbing sunlight and using it to drive the synthesis of organic compounds such as sugar from carbon dioxide and water.	sunlight	-2.0067639327073774
en_499	english	They convert solar energy to chemical energy by absorbing sunlight and using it to drive the synthesis of organic compounds such as sugar from carbon dioxide and water.	absorbing	-2.4490268172902527
en_500	english	They convert solar energy to chemical energy by absorbing sunlight and using it to drive the synthesis of organic compounds such as sugar from carbon dioxide and water.	organic	-1.7799375414160707
en_501	english	They do not interfere with the gestures mages need to cast spells.	gestures	-2.4398834378503826
en_502	english	They do not interfere with the gestures mages need to cast spells.	interfere	-2.1936259935327693
en_503	english	They do not interfere with the gestures mages need to cast spells.	mages	-3.069972152778589
en_504	english	They left behind a prophesy that the world would end on December 21, 2012 and bring about the fifth cycle of the world.	bring	-0.696243038594903
en_505	english	They left behind a prophesy that the world would end on December 21, 2012 and bring about the fifth cycle of the world.	fifth	-1.517574356651411
en_506	english	They left behind a prophesy that the world would end on December 21, 2012 and bring about the fifth cycle of the world.	prophesy	-2.959756672990995
en_507	english	They produced more than 90 percent of the fiction films in America and distributed their films both nationally and internationally.	distributed	-1.883706619179734
en_508	english	They produced more than 90 percent of the fiction films in America and distributed their films both nationally and internationally.	nationally	-2.1994381997423678
en_509	english	They produced more than 90 percent of the fiction films in America and distributed their films both nationally and internationally.	films	-1.8012382123245223
en_510	english	This happens all the time in my dreams, but apparently I believe that I can really do this, and the dream continues nonlucidly.	apparently	-1.3417085762789025
en_511	english	This happens all the time in my dreams, but apparently I believe that I can really do this, and the dream continues nonlucidly.	happens	-0.8356517580600079
en_512	english	This happens all the time in my dreams, but apparently I believe that I can really do this, and the dream continues nonlucidly.	continues	-1.352579065615784
en_513	english	This includes teaching, general practice of medicine, medical research, religious fields, entrepreneurship, missionary work, social work, community development, creative arts, acting, broadcasting, consulting, coaching, corporate training, public relations, counseling, advertising, and marketing.	creative	-1.33802542797389
en_514	english	This includes teaching, general practice of medicine, medical research, religious fields, entrepreneurship, missionary work, social work, community development, creative arts, acting, broadcasting, consulting, coaching, corporate training, public relations, counseling, advertising, and marketing.	religious	-1.6418373587497999
en_515	english	This includes teaching, general practice of medicine, medical research, religious fields, entrepreneurship, missionary work, social work, community development, creative arts, acting, broadcasting, consulting, coaching, corporate training, public relations, counseling, advertising, and marketing.	corporate	-1.713096819555408
en_516	english	This is VERY VERY different than passive patterns of reading the text in a high speed linear fashion, which is akin to trying to force the brain to make sense out of a thousand speeding bullets whizzing by.	akin	-2.5384932357363335
en_517	english	This is VERY VERY different than passive patterns of reading the text in a high speed linear fashion, which is akin to trying to force the brain to make sense out of a thousand speeding bullets whizzing by.	bullets	-2.1360351682995886
en_518	english	This is VERY VERY different than passive patterns of reading the text in a high speed linear fashion, which is akin to trying to force the brain to make sense out of a thousand speeding bullets whizzing by.	whizzing	-3.4679121614506263
en_519	english	This is just one of the many feats of engineering which have made it possible for us to quantify and understand the human gene and how it relates to Nutrition.	engineering	-1.5577919397841216
en_520	english	This is just one of the many feats of engineering which have made it possible for us to quantify and understand the human gene and how it relates to Nutrition.	quantify	-2.4940149640148315
en_521	english	This is just one of the many feats of engineering which have made it possible for us to quantify and understand the human gene and how it relates to Nutrition.	feats	-2.79121855182576
en_522	english	This is particularly useful in cases such as when one attempts to surface modify nanomaterials to increase affinity, reactivity or compatibility.	modify	-1.9541767956101586
en_523	english	This is particularly useful in cases such as when one attempts to surface modify nanomaterials to increase affinity, reactivity or compatibility.	particularly	-1.129621714294958
en_524	english	This is particularly useful in cases such as when one attempts to surface modify nanomaterials to increase affinity, reactivity or compatibility.	nanomaterials	-3.7019953674839945
en_525	english	This problem has agitated theologians and philosophers for centuries, and has never been satisfactorily resolved.	theologians	-2.948667700825383
en_526	english	This problem has agitated theologians and philosophers for centuries, and has never been satisfactorily resolved.	philosophers	-2.4135544991280335
en_527	english	This problem has agitated theologians and philosophers for centuries, and has never been satisfactorily resolved.	satisfactorily	-3.4560129381509186
en_528	english	This revolution was fueled by the use of new farming technology such as the seed drill and improved fertilizers.	revolution	-1.8358487361547653
en_529	english	This revolution was fueled by the use of new farming technology such as the seed drill and improved fertilizers.	farming	-2.015614490455996
en_530	english	This revolution was fueled by the use of new farming technology such as the seed drill and improved fertilizers.	improved	-1.6139436979657291
en_531	english	This transformation occurs when a live nonpathogenic cell takes up a piece of DNA carry the allele for pathogenicity.	transformation	-1.8001998508450496
en_532	english	This transformation occurs when a live nonpathogenic cell takes up a piece of DNA carry the allele for pathogenicity.	nonpathogenic	-5.024214662217914
en_533	english	This transformation occurs when a live nonpathogenic cell takes up a piece of DNA carry the allele for pathogenicity.	occurs	-1.7572777510587405
en_534	english	This was a devastating blow to the Japanese and is considered the turning point of the Pacific War.	turning	-1.288137025213968
en_535	english	This was a devastating blow to the Japanese and is considered the turning point of the Pacific War.	devastating	-2.0026119461896714
en_536	english	This was a devastating blow to the Japanese and is considered the turning point of the Pacific War.	blow	-1.5250776676805309
en_537	english	Though Harry will become an exception, there is another student, also an orphan and a talented wizard, that Dumbledore also paid closer attention to, though not in the same way as with Harry.	paid	-1.201523651441859
en_538	english	Though Harry will become an exception, there is another student, also an orphan and a talented wizard, that Dumbledore also paid closer attention to, though not in the same way as with Harry.	talented	-1.8130941209598643
en_539	english	Though Harry will become an exception, there is another student, also an orphan and a talented wizard, that Dumbledore also paid closer attention to, though not in the same way as with Harry.	orphan	-2.6531467999461773
en_540	english	To alleviate indexing problems, the sizeof() expression is commonly used when coding loops that process arrays.	alleviate	-2.416759639003245
en_541	english	To alleviate indexing problems, the sizeof() expression is commonly used when coding loops that process arrays.	coding	-2.100452701389213
en_542	english	To alleviate indexing problems, the sizeof() expression is commonly used when coding loops that process arrays.	commonly	-1.699932206920221
en_543	english	To completely live this way in an industrial urbanized society is to withdraw to the periphery.	periphery	-2.833882964047622
en_544	english	To completely live this way in an industrial urbanized society is to withdraw to the periphery.	urbanized	-3.4444310656011035
en_545	english	To completely live this way in an industrial urbanized society is to withdraw to the periphery.	withdraw	-2.2607866686549762
en_546	english	To gain familiarity with mathematical proof and also some basic mathematical concepts, readers may read the wikibook Mathematical Proof.	wikibook	-5.024214662217914
en_547	english	To gain familiarity with mathematical proof and also some basic mathematical concepts, readers may read the wikibook Mathematical Proof.	readers	-1.9964574575273601
en_548	english	To gain familiarity with mathematical proof and also some basic mathematical concepts, readers may read the wikibook Mathematical Proof.	mathematical	-2.2283346448738386
en_549	english	Unless there are obvious problems that are unlikely to be rectified, your time would be better spent mentoring new contributors and trying to help clean up new works, even if the work is currently a blatant violation of current procedures.	contributors	-2.6109148981366617
en_550	english	Unless there are obvious problems that are unlikely to be rectified, your time would be better spent mentoring new contributors and trying to help clean up new works, even if the work is currently a blatant violation of current procedures.	blatant	-2.743181294970186
en_551	english	Unless there are obvious problems that are unlikely to be rectified, your time would be better spent mentoring new contributors and trying to help clean up new works, even if the work is currently a blatant violation of current procedures.	rectified	-3.1608918020974577
en_552	english	Up through the early 19th century, naturalists and scientists observed critical differences between compounds that were derived from living things and those that were not.	critical	-1.272473788407013
en_553	english	Up through the early 19th century, naturalists and scientists observed critical differences between compounds that were derived from living things and those that were not.	scientists	-1.5756629230163355
en_554	english	Up through the early 19th century, naturalists and scientists observed critical differences between compounds that were derived from living things and those that were not.	observed	-1.8589703360926029
en_555	english	Uses the same chord shapes as Open E but is easier on a guitar neck as the strings are detuned lessening the tension.	guitar	-1.8746876484635657
en_556	english	Uses the same chord shapes as Open E but is easier on a guitar neck as the strings are detuned lessening the tension.	chord	-2.341167623979064
en_557	english	Uses the same chord shapes as Open E but is easier on a guitar neck as the strings are detuned lessening the tension.	lessening	-3.28385197272367
en_558	english	Warlords of the many provinces of China constantly feuded, and the central government was weak and decentralized, unable to do anything to stop conflict.	unable	-1.6490999775256887
en_559	english	Warlords of the many provinces of China constantly feuded, and the central government was weak and decentralized, unable to do anything to stop conflict.	central	-1.284088925252183
en_560	english	Warlords of the many provinces of China constantly feuded, and the central government was weak and decentralized, unable to do anything to stop conflict.	constantly	-1.3176675595775562
en_561	english	Washington became quite concerned, however, that local Communist parties might gain power in France, Italy and Greece in the late 1940s, given the battered state of the postwar European economy and the proximity of the Soviet Union.	postwar	-3.4927357451756587
en_562	english	Washington became quite concerned, however, that local Communist parties might gain power in France, Italy and Greece in the late 1940s, given the battered state of the postwar European economy and the proximity of the Soviet Union.	proximity	-2.1791166222036567
en_563	english	Washington became quite concerned, however, that local Communist parties might gain power in France, Italy and Greece in the late 1940s, given the battered state of the postwar European economy and the proximity of the Soviet Union.	gain	-1.3585398812240201
en_564	english	Watch the dog to make sure he does not spit the pill out after eating the treat (if this happens, you will need to force the pill, as described below).	pill	-2.2040132027322734
en_565	english	Watch the dog to make sure he does not spit the pill out after eating the treat (if this happens, you will need to force the pill, as described below).	described	-1.4673093931624657
en_566	english	Watch the dog to make sure he does not spit the pill out after eating the treat (if this happens, you will need to force the pill, as described below).	spit	-2.19298496835085
en_567	english	We already discussed some of these, yet knowing about sets adds a new definition for each of the following ideas.	adds	-1.5991697876665247
en_568	english	We already discussed some of these, yet knowing about sets adds a new definition for each of the following ideas.	knowing	-1.1551003352385383
en_569	english	We already discussed some of these, yet knowing about sets adds a new definition for each of the following ideas.	definition	-1.5252152986377605
en_570	english	We recommend this License principally for works whose purpose is instruction or reference.	whose	-1.311480803147962
en_571	english	We recommend this License principally for works whose purpose is instruction or reference.	principally	-2.887494095061507
en_572	english	We recommend this License principally for works whose purpose is instruction or reference.	instruction	-1.869486454777758
en_573	english	We will start by explaining how lucid dreaming works biologically.	explaining	-1.6950202471294624
en_574	english	We will start by explaining how lucid dreaming works biologically.	dreaming	-2.159110687576786
en_575	english	We will start by explaining how lucid dreaming works biologically.	lucid	-3.037442927951669
en_576	english	Weight loss requires your calorie intake to be lower than your calorie output, though neither should be done in the extreme.	extreme	-1.5304778599410738
en_577	english	Weight loss requires your calorie intake to be lower than your calorie output, though neither should be done in the extreme.	intake	-2.135473701535021
en_578	english	Weight loss requires your calorie intake to be lower than your calorie output, though neither should be done in the extreme.	neither	-1.5189289880737813
en_579	english	When I arrive to my destination, with the shaded patio still in view, I unfold the towels and lay comfortably on the reclining chair.	patio	-2.4991698551810684
en_580	english	When I arrive to my destination, with the shaded patio still in view, I unfold the towels and lay comfortably on the reclining chair.	shaded	-2.583305580152696
en_581	english	When I arrive to my destination, with the shaded patio still in view, I unfold the towels and lay comfortably on the reclining chair.	unfold	-2.269866326506895
en_582	english	When a text fails to support this rule, it requires even a diligent student to needlessly repeat material.	fails	-2.0181767072205963
en_583	english	When a text fails to support this rule, it requires even a diligent student to needlessly repeat material.	diligent	-2.5864640993975256
en_584	english	When a text fails to support this rule, it requires even a diligent student to needlessly repeat material.	needlessly	-3.1491533988262135
en_585	english	Yet the fact that scurvy is caused by lack of vitamin c was only discovered in 1932.	caused	-1.3682123415349565
en_586	english	Yet the fact that scurvy is caused by lack of vitamin c was only discovered in 1932.	vitamin	-2.187257925158363
en_587	english	Yet the fact that scurvy is caused by lack of vitamin c was only discovered in 1932.	scurvy	-3.4331500551914145
en_588	english	You devise more experiments to test your hypotheses, utilizing a flashlight to prove that you are indeed not blind.	utilizing	-2.0566666859990517
en_589	english	You devise more experiments to test your hypotheses, utilizing a flashlight to prove that you are indeed not blind.	devise	-2.8568973274697376
en_590	english	You devise more experiments to test your hypotheses, utilizing a flashlight to prove that you are indeed not blind.	flashlight	-2.5150121398868106
en_591	english	You may extract a single document from such a collection, and distribute it individually under this License, provided you insert a copy of this License into the extracted document, and follow this License in all other respects regarding verbatim copying of that document.	extracted	-2.4210702895977314
en_592	english	You may extract a single document from such a collection, and distribute it individually under this License, provided you insert a copy of this License into the extracted document, and follow this License in all other respects regarding verbatim copying of that document.	copy	-1.323770561190162
en_593	english	You may extract a single document from such a collection, and distribute it individually under this License, provided you insert a copy of this License into the extracted document, and follow this License in all other respects regarding verbatim copying of that document.	insert	-1.7789488227604524
en_594	english	Your legal agreements should go through many iterations in the drafting process, with each iteration simplifying the terms, and improving its readability and usability.	improving	-1.6449091444673316
en_595	english	Your legal agreements should go through many iterations in the drafting process, with each iteration simplifying the terms, and improving its readability and usability.	legal	-1.4404492939329139
en_596	english	Your legal agreements should go through many iterations in the drafting process, with each iteration simplifying the terms, and improving its readability and usability.	drafting	-2.531454273191076
en_597	english	because the specific conjugation of a verb usually indicates which person is the subject.	verb	-2.3511937550890174
en_598	english	because the specific conjugation of a verb usually indicates which person is the subject.	conjugation	-3.480146617867638
en_599	english	because the specific conjugation of a verb usually indicates which person is the subject.	indicates	-1.885596228318421
en_600	english	After Ron nearly dies drinking poisoned mead that was apparently intended for Professor Dumbledore, Hermione becomes so distraught that they end their feud for good.	feud	-2.8014981910703303
