en_31	english	After Ron nearly dies drinking poisoned mead that was apparently intended for Professor Dumbledore, Hermione becomes so distraught that they end their feud for good.	distraught	-6.016015204260638
en_32	english	After Ron nearly dies drinking poisoned mead that was apparently intended for Professor Dumbledore, Hermione becomes so distraught that they end their feud for good.	drinking	-5.004842190365609
en_33	english	After the war, Hitler remained in the army and after receiving intelligence and oratory training, became an intelligence official tasked with infiltrating political parties and reporting to his superiors on their activities.	oratory	-6.54330306844603
en_34	english	After the war, Hitler remained in the army and after receiving intelligence and oratory training, became an intelligence official tasked with infiltrating political parties and reporting to his superiors on their activities.	reporting	-3.7211616861416084
en_35	english	After the war, Hitler remained in the army and after receiving intelligence and oratory training, became an intelligence official tasked with infiltrating political parties and reporting to his superiors on their activities.	infiltrating	-5.569798223084896
en_36	english	All other things being equal, nucleophiles are generally compared to each other in terms of relative reactivity.	relative	-4.535311578608422
en_37	english	All other things being equal, nucleophiles are generally compared to each other in terms of relative reactivity.	nucleophiles	-6.1921064633163185
en_38	english	All other things being equal, nucleophiles are generally compared to each other in terms of relative reactivity.	compared	-3.9912808282269316
en_39	english	Also, the frictional coefficient varies greatly depending on what two substances are in contact, and the temperature and smoothness of the two substances.	frictional	-6.096778581318137
en_40	english	Also, the frictional coefficient varies greatly depending on what two substances are in contact, and the temperature and smoothness of the two substances.	smoothness	-6.096778581318137
en_41	english	Also, the frictional coefficient varies greatly depending on what two substances are in contact, and the temperature and smoothness of the two substances.	varies	-4.593216518777863
en_42	english	Although it requires discipline, it is extremely important to systematically work backwards in time through the record trail, exhausting all record sources for each person, before working on their parents and grandparents.	backwards	-4.789923268724286
en_43	english	Although it requires discipline, it is extremely important to systematically work backwards in time through the record trail, exhausting all record sources for each person, before working on their parents and grandparents.	exhausting	-5.545079326471833
en_44	english	Although it requires discipline, it is extremely important to systematically work backwards in time through the record trail, exhausting all record sources for each person, before working on their parents and grandparents.	systematically	-5.57074131679297
en_45	english	Although some frames are provided with three holes for the location pins, some brakes only work on one particular position, so take note during any disassembly as to which holes were used.	holes	-4.106848327807063
en_46	english	Although some frames are provided with three holes for the location pins, some brakes only work on one particular position, so take note during any disassembly as to which holes were used.	frames	-4.1340256924603755
en_47	english	Although some frames are provided with three holes for the location pins, some brakes only work on one particular position, so take note during any disassembly as to which holes were used.	brakes	-4.740878426431352
en_48	english	Although the Jews were the favored targets and are the victims we most hear about when talking about the Holocaust, they were not the only victims.	favored	-4.491245478567951
en_49	english	Although the Jews were the favored targets and are the victims we most hear about when talking about the Holocaust, they were not the only victims.	hear	-3.2948593584725434
en_50	english	Although the Jews were the favored targets and are the victims we most hear about when talking about the Holocaust, they were not the only victims.	talking	-2.9355527072520076
en_51	english	Among these technologies was nuclear fission, the splitting of a highly electronegative atom into smaller ones, which gives off ten times as much power.	electronegative	-6.3526855561937525
en_52	english	Among these technologies was nuclear fission, the splitting of a highly electronegative atom into smaller ones, which gives off ten times as much power.	technologies	-3.7689797946178643
en_53	english	Among these technologies was nuclear fission, the splitting of a highly electronegative atom into smaller ones, which gives off ten times as much power.	nuclear	-4.541710624071846
en_54	english	An ingenious alphabet allowed the Maya to record information on their monuments and temples, giving anthropologists an excellent way to learn about Maya life and culture.	anthropologists	-5.7071598710847
en_55	english	An ingenious alphabet allowed the Maya to record information on their monuments and temples, giving anthropologists an excellent way to learn about Maya life and culture.	excellent	-4.3012283725750535
en_56	english	An ingenious alphabet allowed the Maya to record information on their monuments and temples, giving anthropologists an excellent way to learn about Maya life and culture.	ingenious	-5.939032922312951
en_57	english	Another separate book covers Cascading Style Sheets (CSS) which handle overall look and styling, but the present book addresses CSS briefly.	overall	-4.1157970872652285
en_58	english	Another separate book covers Cascading Style Sheets (CSS) which handle overall look and styling, but the present book addresses CSS briefly.	addresses	-3.881529004027683
en_59	english	Another separate book covers Cascading Style Sheets (CSS) which handle overall look and styling, but the present book addresses CSS briefly.	handle	-4.085730102214397
en_60	english	As Governor, he followed such a strict policy of appointing only fellow Republicans to office that he became the father of the spoils system in America.	father	-3.798084832257016
en_61	english	As Governor, he followed such a strict policy of appointing only fellow Republicans to office that he became the father of the spoils system in America.	appointing	-4.9061402140882135
en_62	english	As Governor, he followed such a strict policy of appointing only fellow Republicans to office that he became the father of the spoils system in America.	spoils	-5.188959388082133
en_63	english	As adjectives, their endings will vary according to the nouns they modify.	according	-4.052484940122337
en_64	english	As adjectives, their endings will vary according to the nouns they modify.	vary	-4.593216518777863
en_65	english	As adjectives, their endings will vary according to the nouns they modify.	nouns	-5.115565313434902
en_66	english	As the single parabolic reflector achieves a greater focusing accuracy than any larger bank of mirrors can achieve, the focus is used to achieve a higher temperature which in turn allows a very efficient conversion of heat into mechanical power to drive a electrical generator.	parabolic	-6.269711321128988
en_67	english	As the single parabolic reflector achieves a greater focusing accuracy than any larger bank of mirrors can achieve, the focus is used to achieve a higher temperature which in turn allows a very efficient conversion of heat into mechanical power to drive a electrical generator.	accuracy	-4.860219255197048
en_68	english	As the single parabolic reflector achieves a greater focusing accuracy than any larger bank of mirrors can achieve, the focus is used to achieve a higher temperature which in turn allows a very efficient conversion of heat into mechanical power to drive a electrical generator.	focusing	-3.577775003414292
en_69	english	As well as being queen of the United Kingdom of Great Britain and Ireland, she was also the first monarch to use the title Empress of India.	queen	-4.232068336228146
en_70	english	As well as being queen of the United Kingdom of Great Britain and Ireland, she was also the first monarch to use the title Empress of India.	monarch	-5.323943119233369
en_71	english	As well as being queen of the United Kingdom of Great Britain and Ireland, she was also the first monarch to use the title Empress of India.	title	-4.047532255706702
en_72	english	At the end of the sequence a scraper removes any toner left on the drum and the whole process is repeated with a new image.	repeated	-4.220282608850104
en_73	english	At the end of the sequence a scraper removes any toner left on the drum and the whole process is repeated with a new image.	drum	-4.679252340308433
en_74	english	At the end of the sequence a scraper removes any toner left on the drum and the whole process is repeated with a new image.	toner	-5.879390709327143
en_75	english	Attachment to the fibre is attributed, at least partly, to salt formation between anionic groups in the dyes and cationic groups in the fibre.	fibre	-5.753492205517393
en_76	english	Attachment to the fibre is attributed, at least partly, to salt formation between anionic groups in the dyes and cationic groups in the fibre.	anionic	-6.835559139802506
en_77	english	Attachment to the fibre is attributed, at least partly, to salt formation between anionic groups in the dyes and cationic groups in the fibre.	cationic	-7.00305022709627
en_78	english	Because of the fact that his mating apparatus is barbed, much like the stinger of a worker, it will be ripped from his body after mating, and he will fall towards the earth with the only possible outcome of death.	mating	-5.754932652880701
en_79	english	Because of the fact that his mating apparatus is barbed, much like the stinger of a worker, it will be ripped from his body after mating, and he will fall towards the earth with the only possible outcome of death.	ripped	-4.698711789845052
en_80	english	Because of the fact that his mating apparatus is barbed, much like the stinger of a worker, it will be ripped from his body after mating, and he will fall towards the earth with the only possible outcome of death.	stinger	-6.0574078894188625
en_81	english	Besides the new vocabulary you should also have a look at how the verbs are conjugated depending on the subject of the sentence.	conjugated	-5.717625304762865
en_82	english	Besides the new vocabulary you should also have a look at how the verbs are conjugated depending on the subject of the sentence.	verbs	-4.915644659143075
en_83	english	Besides the new vocabulary you should also have a look at how the verbs are conjugated depending on the subject of the sentence.	vocabulary	-5.075136656379295
en_84	english	Both make heavy use of mathematical functions to describe and predict physical phenomena that are subject to continuous change, and this requires the use of calculus.	heavy	-4.109288465038326
en_85	english	Both make heavy use of mathematical functions to describe and predict physical phenomena that are subject to continuous change, and this requires the use of calculus.	describe	-4.043896555952963
en_86	english	Both make heavy use of mathematical functions to describe and predict physical phenomena that are subject to continuous change, and this requires the use of calculus.	predict	-4.576826102589694
en_87	english	British trade officials took it as a first priority to populate the recently secured areas of Canada and Florida (referring to the Treaty of Paris), where colonists could reasonably be expected to trade with the mother country.	secured	-4.347121241715972
en_88	english	British trade officials took it as a first priority to populate the recently secured areas of Canada and Florida (referring to the Treaty of Paris), where colonists could reasonably be expected to trade with the mother country.	colonists	-5.8698871685824
en_89	english	British trade officials took it as a first priority to populate the recently secured areas of Canada and Florida (referring to the Treaty of Paris), where colonists could reasonably be expected to trade with the mother country.	populate	-5.1116111633708625
en_90	english	Buddhism and Jainism share many  common themes and practices, including an emphasis on nonviolence and a belief that one achieves liberation through the renunciation of worldly ties which bind individuals to illusion through the process of karma, the accumulation of good and bad merit.	liberation	-5.273028370940245
en_91	english	Buddhism and Jainism share many  common themes and practices, including an emphasis on nonviolence and a belief that one achieves liberation through the renunciation of worldly ties which bind individuals to illusion through the process of karma, the accumulation of good and bad merit.	emphasis	-4.9492940807727495
en_92	english	Buddhism and Jainism share many  common themes and practices, including an emphasis on nonviolence and a belief that one achieves liberation through the renunciation of worldly ties which bind individuals to illusion through the process of karma, the accumulation of good and bad merit.	accumulation	-5.401629374194043
en_93	english	By the 1960s more mail was being franked by postage meter than with traditional adhesive stamps.	adhesive	-5.291491095452231
en_94	english	By the 1960s more mail was being franked by postage meter than with traditional adhesive stamps.	franked	-4.733262673648905
en_95	english	By the 1960s more mail was being franked by postage meter than with traditional adhesive stamps.	meter	-4.3084966407935665
en_96	english	Calculating such capacitances and either exploiting them or taking necessary measures to counteract it is a big deal in engineering electric circuits.	counteract	-5.789454352556468
en_97	english	Calculating such capacitances and either exploiting them or taking necessary measures to counteract it is a big deal in engineering electric circuits.	electric	-4.403616702031051
en_98	english	Calculating such capacitances and either exploiting them or taking necessary measures to counteract it is a big deal in engineering electric circuits.	capacitances	-6.212309849404606
en_99	english	Chapter Two investigates this connection a little more fully by discussing the mental gymnastics of problem solving.	discussing	-4.009951292565951
en_100	english	Chapter Two investigates this connection a little more fully by discussing the mental gymnastics of problem solving.	gymnastics	-5.772601305717997
en_101	english	Chapter Two investigates this connection a little more fully by discussing the mental gymnastics of problem solving.	fully	-4.143805939689705
en_102	english	Cheered on by southern supporters (many of whom sent Brooks new canes, to show approval of his actions), came back after a resounding reelection.	resounding	-6.06031288006227
en_103	english	Cheered on by southern supporters (many of whom sent Brooks new canes, to show approval of his actions), came back after a resounding reelection.	whom	-4.44272154713685
en_104	english	Cheered on by southern supporters (many of whom sent Brooks new canes, to show approval of his actions), came back after a resounding reelection.	supporters	-4.926003110561331
en_105	english	Click the attached MAC or WIN button to download the zipped font file.	font	-4.825938298988182
en_106	english	Click the attached MAC or WIN button to download the zipped font file.	download	-4.275317650909596
en_107	english	Click the attached MAC or WIN button to download the zipped font file.	zipped	-6.237863953876994
en_108	english	Configuration can also be assigned on the purely empirical basis of the optical activity.	empirical	-5.5371427597412115
en_109	english	Configuration can also be assigned on the purely empirical basis of the optical activity.	assigned	-4.518834155612007
en_110	english	Configuration can also be assigned on the purely empirical basis of the optical activity.	purely	-5.06002150502155
en_111	english	Currently, one seat equals roughly 600,000 constituents.	equals	-3.9011212920172182
en_112	english	Currently, one seat equals roughly 600,000 constituents.	constituents	-5.399714773818065
en_113	english	Currently, one seat equals roughly 600,000 constituents.	roughly	-4.651094850455516
en_114	english	Decorative typefaces are better suited for display type (greater than 14 points), while simpler type is better used for text (less than 14 points).	suited	-4.394901895657887
en_115	english	Decorative typefaces are better suited for display type (greater than 14 points), while simpler type is better used for text (less than 14 points).	typefaces	-6.066181813726368
en_116	english	Decorative typefaces are better suited for display type (greater than 14 points), while simpler type is better used for text (less than 14 points).	simpler	-3.7609620952124665
en_117	english	Despite this, we can see that there is still some interaction between Dumbledore and McGonagall, with McGonagall being a moderating influence on all parties, while exhibiting staunch loyalty to Dumbledore.	staunch	-6.233499148474544
en_118	english	Despite this, we can see that there is still some interaction between Dumbledore and McGonagall, with McGonagall being a moderating influence on all parties, while exhibiting staunch loyalty to Dumbledore.	loyalty	-5.10736774121256
en_119	english	Despite this, we can see that there is still some interaction between Dumbledore and McGonagall, with McGonagall being a moderating influence on all parties, while exhibiting staunch loyalty to Dumbledore.	moderating	-7.4553478980909
en_120	english	Dramas, comedy and all other forms of entertainment were produced, as well as broadcasts of news and music.	comedy	-4.794008558084861
en_121	english	Dramas, comedy and all other forms of entertainment were produced, as well as broadcasts of news and music.	broadcasts	-4.846109322135814
en_122	english	Dramas, comedy and all other forms of entertainment were produced, as well as broadcasts of news and music.	entertainment	-4.680830932362351
en_123	english	Drill them out using a very slow drill speed, or use a screw extractor tool for stuck screws.	extractor	-6.00561244386087
en_124	english	Drill them out using a very slow drill speed, or use a screw extractor tool for stuck screws.	drill	-4.561308897286291
en_125	english	Drill them out using a very slow drill speed, or use a screw extractor tool for stuck screws.	stuck	-4.599727802391988
en_126	english	Each side had induced their new partners to join by offering territorial concessions.	offering	-4.711315830855858
en_127	english	Each side had induced their new partners to join by offering territorial concessions.	join	-3.6923194394980947
en_128	english	Each side had induced their new partners to join by offering territorial concessions.	partners	-3.9693899921687357
en_129	english	Each year the membership count for this club increases and the need for small group leaders, also known as Core Facilitators, in dorms increases as well.	dorms	-5.420585791831688
en_130	english	Each year the membership count for this club increases and the need for small group leaders, also known as Core Facilitators, in dorms increases as well.	membership	-4.812883377848779
en_131	english	Each year the membership count for this club increases and the need for small group leaders, also known as Core Facilitators, in dorms increases as well.	count	-4.062563039865465
en_132	english	Electronically controlled motorized zoom lenses are placed on both camera and projector, and synchronized with one another so that both lenses zoom together and at the same focal length at all times.	zoom	-4.3300835627054575
en_133	english	Electronically controlled motorized zoom lenses are placed on both camera and projector, and synchronized with one another so that both lenses zoom together and at the same focal length at all times.	motorized	-5.919631928105391
en_134	english	Electronically controlled motorized zoom lenses are placed on both camera and projector, and synchronized with one another so that both lenses zoom together and at the same focal length at all times.	focal	-5.333132019818073
en_135	english	Environmental conditions such as current or temperature gradients cause the bubble to pinch off, creating two bubbles containing similar concentrations of materials.	gradients	-5.044008834775177
en_136	english	Environmental conditions such as current or temperature gradients cause the bubble to pinch off, creating two bubbles containing similar concentrations of materials.	bubble	-4.576347646573577
en_137	english	Environmental conditions such as current or temperature gradients cause the bubble to pinch off, creating two bubbles containing similar concentrations of materials.	pinch	-5.019981391478239
en_138	english	Ever the patriot, Laurens continued to serve his nation as one of the three representatives selected to negotiate terms at the Paris Peace Conference in 1782.	selected	-3.8410836107321953
en_139	english	Ever the patriot, Laurens continued to serve his nation as one of the three representatives selected to negotiate terms at the Paris Peace Conference in 1782.	continued	-3.5632347362037375
en_140	english	Ever the patriot, Laurens continued to serve his nation as one of the three representatives selected to negotiate terms at the Paris Peace Conference in 1782.	negotiate	-4.899447708127652
en_141	english	Everything that you study is geared to prepare you for organic syntheses and other chemical transformations performed in the lab.	transformations	-4.65497454319955
en_142	english	Everything that you study is geared to prepare you for organic syntheses and other chemical transformations performed in the lab.	performed	-4.1270022783355715
en_143	english	Everything that you study is geared to prepare you for organic syntheses and other chemical transformations performed in the lab.	prepare	-3.9604515541365473
en_144	english	Exercises and review sections are ideally contribute a designed repetition pattern.	contribute	-4.363974085617317
en_145	english	Exercises and review sections are ideally contribute a designed repetition pattern.	ideally	-5.005869498903535
en_146	english	Exercises and review sections are ideally contribute a designed repetition pattern.	repetition	-5.222775283082771
en_147	english	Hard lines are often made to be pressurised with nitrogen or desiccated air, which provide an excellent dielectric even at the high temperatures generated by thousands of watts of RF energy, especially during intense summer heat and sunshine.	desiccated	-6.756377893754881
en_148	english	Hard lines are often made to be pressurised with nitrogen or desiccated air, which provide an excellent dielectric even at the high temperatures generated by thousands of watts of RF energy, especially during intense summer heat and sunshine.	watts	-5.108668999060685
en_149	english	Hard lines are often made to be pressurised with nitrogen or desiccated air, which provide an excellent dielectric even at the high temperatures generated by thousands of watts of RF energy, especially during intense summer heat and sunshine.	intense	-4.607158781099502
en_150	english	He believes they are expressing the same concerns that he feels, but only in a different way, and that he is morally required to tolerate them because they are weaker than he is.	tolerate	-5.185834953872984
en_151	english	He believes they are expressing the same concerns that he feels, but only in a different way, and that he is morally required to tolerate them because they are weaker than he is.	morally	-5.557720806800459
en_152	english	He believes they are expressing the same concerns that he feels, but only in a different way, and that he is morally required to tolerate them because they are weaker than he is.	believes	-3.4469109722526676
en_153	english	He had an exemplary record of service and received the prestigious Iron Cross, both First and Second Class, and also achieved the undistinguished rank of Corporal.	rank	-4.381202182647619
en_154	english	He had an exemplary record of service and received the prestigious Iron Cross, both First and Second Class, and also achieved the undistinguished rank of Corporal.	undistinguished	-7.534529144138525
en_155	english	He had an exemplary record of service and received the prestigious Iron Cross, both First and Second Class, and also achieved the undistinguished rank of Corporal.	prestigious	-5.42326663047946
en_156	english	He was also responsible for drug smuggling and murder, and bribed both police and important politicians.	bribed	-5.616498807353645
en_157	english	He was also responsible for drug smuggling and murder, and bribed both police and important politicians.	drug	-4.198149471951556
en_158	english	He was also responsible for drug smuggling and murder, and bribed both police and important politicians.	police	-4.080569012051819
en_159	english	Heavy spidering can lead to your spider, or your IP, being barred with prejudice from access to the site.	barred	-4.020486369666535
en_160	english	Heavy spidering can lead to your spider, or your IP, being barred with prejudice from access to the site.	spidering	-7.631439157146581
en_161	english	Heavy spidering can lead to your spider, or your IP, being barred with prejudice from access to the site.	prejudice	-5.317045199924619
en_162	english	However if the program is some type of editor running on a desktop, you may want to give the operator the option of saving their tediously entered information instead of just exiting the program.	exiting	-4.601649686314726
en_163	english	However if the program is some type of editor running on a desktop, you may want to give the operator the option of saving their tediously entered information instead of just exiting the program.	saving	-3.6751266263053872
en_164	english	However if the program is some type of editor running on a desktop, you may want to give the operator the option of saving their tediously entered information instead of just exiting the program.	tediously	-7.3304091614826
en_165	english	However in one area it possesses a highly sensitive power, namely the right to withdraw or block Supply, i.e.	highly	-4.239050011460508
en_166	english	However in one area it possesses a highly sensitive power, namely the right to withdraw or block Supply, i.e.	namely	-5.181575232428437
en_167	english	However in one area it possesses a highly sensitive power, namely the right to withdraw or block Supply, i.e.	possesses	-4.786496250008382
en_168	english	However, despite these mostly unavoidable limitations, several SUVs and larger trucks have been successfully converted to electric power by hobbyists.	despite	-4.2838652246752815
en_169	english	However, despite these mostly unavoidable limitations, several SUVs and larger trucks have been successfully converted to electric power by hobbyists.	successfully	-4.677800253755643
en_170	english	However, despite these mostly unavoidable limitations, several SUVs and larger trucks have been successfully converted to electric power by hobbyists.	unavoidable	-5.943464537112026
en_171	english	However, heavy, persistent rainfall and rainstorms may cause flooding and waterlogged conditions in the soils, as well as serious rainsplash erosion.	persistent	-5.253041256198443
en_172	english	However, heavy, persistent rainfall and rainstorms may cause flooding and waterlogged conditions in the soils, as well as serious rainsplash erosion.	rainsplash	-8.233499148474545
en_173	english	However, heavy, persistent rainfall and rainstorms may cause flooding and waterlogged conditions in the soils, as well as serious rainsplash erosion.	rainstorms	-6.143594037035146
en_174	english	However, in general, it is necessary to apply those laws to an infinitesimal control volume, then use the resulting differential equations.	differential	-5.0606044507223675
en_175	english	However, in general, it is necessary to apply those laws to an infinitesimal control volume, then use the resulting differential equations.	resulting	-3.6745507024965045
en_176	english	However, in general, it is necessary to apply those laws to an infinitesimal control volume, then use the resulting differential equations.	infinitesimal	-6.561401290538827
en_177	english	However, it hardly needs saying that this artifice would have limited value if we knew the myth to be a lie.	myth	-4.874803048900733
en_178	english	However, it hardly needs saying that this artifice would have limited value if we knew the myth to be a lie.	artifice	-6.561401290538827
en_179	english	However, it hardly needs saying that this artifice would have limited value if we knew the myth to be a lie.	hardly	-4.88247629589042
en_180	english	However, it should be clear that different wavelengths will undergo constructive interference for different angles of incidence of the incoming light.	constructive	-5.424613281114732
en_181	english	However, it should be clear that different wavelengths will undergo constructive interference for different angles of incidence of the incoming light.	undergo	-5.077859514714768
en_182	english	However, it should be clear that different wavelengths will undergo constructive interference for different angles of incidence of the incoming light.	angles	-4.296734150864602
en_183	english	However, the attenuation can only go as far as the synaptic and cortical plasticity of the brain, because the seriousness of ADHD mostly depends on neurobiological aspects.	mostly	-4.228018338495143
en_184	english	However, the attenuation can only go as far as the synaptic and cortical plasticity of the brain, because the seriousness of ADHD mostly depends on neurobiological aspects.	depends	-3.902963627383986
en_185	english	However, the attenuation can only go as far as the synaptic and cortical plasticity of the brain, because the seriousness of ADHD mostly depends on neurobiological aspects.	synaptic	-6.27445775615345
en_186	english	Hydrogen peroxide will spontaneously degrade into water and molecular oxygen, however, the presence of a catalyst speeds up this reaction to the point that it has been used a fuel source for torpedoes and even spacecraft.	speeds	-3.9385702153809765
en_187	english	Hydrogen peroxide will spontaneously degrade into water and molecular oxygen, however, the presence of a catalyst speeds up this reaction to the point that it has been used a fuel source for torpedoes and even spacecraft.	spontaneously	-5.789454352556468
en_188	english	Hydrogen peroxide will spontaneously degrade into water and molecular oxygen, however, the presence of a catalyst speeds up this reaction to the point that it has been used a fuel source for torpedoes and even spacecraft.	peroxide	-5.821879442511314
en_189	english	I genuinely value the collaborative spirit of this platform and am committed to being more vigilant about copyright issues in the future.	committed	-4.285330786747412
en_190	english	I genuinely value the collaborative spirit of this platform and am committed to being more vigilant about copyright issues in the future.	collaborative	-4.957957460073234
en_191	english	I genuinely value the collaborative spirit of this platform and am committed to being more vigilant about copyright issues in the future.	platform	-4.019503532106459
en_192	english	I understand your concerns about copyright issues and the need to maintain the integrity of the content on the platform.	concerns	-4.122337488896956
en_193	english	I understand your concerns about copyright issues and the need to maintain the integrity of the content on the platform.	maintain	-4.1934113050046635
en_194	english	I understand your concerns about copyright issues and the need to maintain the integrity of the content on the platform.	copyright	-5.021311544070586
en_195	english	If not, gently massage the cramped muscle you may also try applying ice.	cramped	-5.893055033634425
en_196	english	If not, gently massage the cramped muscle you may also try applying ice.	massage	-4.949971783612851
en_197	english	If not, gently massage the cramped muscle you may also try applying ice.	applying	-3.783434885649313
en_198	english	If possible locate a beekeeper in your area that may be willing to guide you along or even mentor you during your newfound interests.	mentor	-4.611596187583314
en_199	english	If possible locate a beekeeper in your area that may be willing to guide you along or even mentor you during your newfound interests.	newfound	-5.7863411171323245
en_200	english	If possible locate a beekeeper in your area that may be willing to guide you along or even mentor you during your newfound interests.	willing	-4.26296631870622
en_201	english	In attempts to improve accuracy the Army employed a large group of mathematicians to continuously calculate differential equations required for solving ballistic firing tables.	mathematicians	-5.554071251862425
en_202	english	In attempts to improve accuracy the Army employed a large group of mathematicians to continuously calculate differential equations required for solving ballistic firing tables.	calculate	-4.461838189125657
en_203	english	In attempts to improve accuracy the Army employed a large group of mathematicians to continuously calculate differential equations required for solving ballistic firing tables.	continuously	-5.0081898667486815
en_204	english	In many annual species, only the seed exists during unfavorable dry or cold conditions.	exists	-3.900495463718846
en_205	english	In many annual species, only the seed exists during unfavorable dry or cold conditions.	unfavorable	-6.161617141168419
en_206	english	In many annual species, only the seed exists during unfavorable dry or cold conditions.	annual	-4.55416211795375
en_207	english	In northern Europe (north Germany, Netherlands, and France), the middle class tended to be Protestant, which corresponded with their work ethic and philosophy.	northern	-4.566139602291456
en_208	english	In northern Europe (north Germany, Netherlands, and France), the middle class tended to be Protestant, which corresponded with their work ethic and philosophy.	corresponded	-5.13037989492883
en_209	english	In northern Europe (north Germany, Netherlands, and France), the middle class tended to be Protestant, which corresponded with their work ethic and philosophy.	tended	-4.132061413335695
en_210	english	In order to obtain this field, the room has to be sufficiently reverberant and the frequencies have to be high enough to avoid the effects of predominating modes.	sufficiently	-5.508404627393075
en_211	english	In order to obtain this field, the room has to be sufficiently reverberant and the frequencies have to be high enough to avoid the effects of predominating modes.	frequencies	-4.507261101671906
en_212	english	In order to obtain this field, the room has to be sufficiently reverberant and the frequencies have to be high enough to avoid the effects of predominating modes.	predominating	-7.756377893754881
en_213	english	In organic chemistry, carbon is very frequently used, so chemists know that there is a carbon atom at the endpoints of every line that is not specifically labeled.	frequently	-4.662956208592647
en_214	english	In organic chemistry, carbon is very frequently used, so chemists know that there is a carbon atom at the endpoints of every line that is not specifically labeled.	specifically	-4.110759155512186
en_215	english	In organic chemistry, carbon is very frequently used, so chemists know that there is a carbon atom at the endpoints of every line that is not specifically labeled.	chemists	-5.630354775854362
en_216	english	In the context of programming languages, with a declarative you give facts and rules to the computer which can then be queried to give data back.	declarative	-6.325014129595894
en_217	english	In the context of programming languages, with a declarative you give facts and rules to the computer which can then be queried to give data back.	programming	-4.625722544732851
en_218	english	In the context of programming languages, with a declarative you give facts and rules to the computer which can then be queried to give data back.	queried	-4.72121508519269
en_219	english	In the example above, the conserved quantity would be socks, the system would be the dryer, and the system is closed as long as nobody puts socks into or takes socks out of the dryer.	socks	-4.939694788555207
en_220	english	In the example above, the conserved quantity would be socks, the system would be the dryer, and the system is closed as long as nobody puts socks into or takes socks out of the dryer.	puts	-3.012077085576901
en_221	english	In the example above, the conserved quantity would be socks, the system would be the dryer, and the system is closed as long as nobody puts socks into or takes socks out of the dryer.	nobody	-4.088769307649894
en_222	english	In the final step, one of the hydrogens of the bonded water molecule is attacked by another water molecule, leaving an alcohol.	attacked	-3.847571294349207
en_223	english	In the final step, one of the hydrogens of the bonded water molecule is attacked by another water molecule, leaving an alcohol.	molecule	-4.703812194701627
en_224	english	In the final step, one of the hydrogens of the bonded water molecule is attacked by another water molecule, leaving an alcohol.	bonded	-4.32678709153158
en_225	english	In these cases, the role of the implementing agent is to provide seed inputs, including, but not limited, to capital that will get the project started and enable it to continue under its own impetus after the implementer departs.	implementer	-6.388401108460287
en_226	english	In these cases, the role of the implementing agent is to provide seed inputs, including, but not limited, to capital that will get the project started and enable it to continue under its own impetus after the implementer departs.	implementing	-4.305410688809573
en_227	english	In these cases, the role of the implementing agent is to provide seed inputs, including, but not limited, to capital that will get the project started and enable it to continue under its own impetus after the implementer departs.	enable	-4.287882869247812
en_228	english	In this system, compounds are named by analogy to glyceraldehyde, which generally produces unambiguous designations, but is easiest to see in the small biomolecules similar to glyceraldehyde.	biomolecules	-6.871771312456951
en_229	english	In this system, compounds are named by analogy to glyceraldehyde, which generally produces unambiguous designations, but is easiest to see in the small biomolecules similar to glyceraldehyde.	easiest	-3.4636567559803386
en_230	english	In this system, compounds are named by analogy to glyceraldehyde, which generally produces unambiguous designations, but is easiest to see in the small biomolecules similar to glyceraldehyde.	analogy	-5.073931955240924
en_231	english	Initial data from the analysis of the cardiovascular disease drug simvastatin were presented at the conference.	presented	-3.792731707270038
en_232	english	Initial data from the analysis of the cardiovascular disease drug simvastatin were presented at the conference.	cardiovascular	-5.29648304100973
en_233	english	Initial data from the analysis of the cardiovascular disease drug simvastatin were presented at the conference.	simvastatin	-7.119555796167707
en_234	english	Instead it moves on immediately to the stop bits, and is an admission that parity checking at this level is really useless.	moves	-3.2148194498505425
en_235	english	Instead it moves on immediately to the stop bits, and is an admission that parity checking at this level is really useless.	immediately	-4.1202244560101935
en_236	english	Instead it moves on immediately to the stop bits, and is an admission that parity checking at this level is really useless.	admission	-4.939694788555207
en_237	english	Instead of relying on them to have the right shell, you can simply specify which shell they should use.	relying	-4.485621442654754
en_238	english	Instead of relying on them to have the right shell, you can simply specify which shell they should use.	shell	-4.584553966308872
en_239	english	Instead of relying on them to have the right shell, you can simply specify which shell they should use.	specify	-4.734912939657026
en_240	english	Intercellular connections allow heterocytes to transport fixed nitrogen to neighboring cells and to receive carbohydrates.	heterocytes	-8.233499148474545
en_241	english	Intercellular connections allow heterocytes to transport fixed nitrogen to neighboring cells and to receive carbohydrates.	fixed	-3.9912311036468564
en_242	english	Intercellular connections allow heterocytes to transport fixed nitrogen to neighboring cells and to receive carbohydrates.	connections	-4.006950794633132
en_243	english	Irregular Bones have  peculiar forms, cannot be grouped under the preceding heads, and are used for muscle attachment and articulation.	preceding	-5.376166652043276
en_244	english	Irregular Bones have  peculiar forms, cannot be grouped under the preceding heads, and are used for muscle attachment and articulation.	attachment	-4.905119545035806
en_245	english	Irregular Bones have  peculiar forms, cannot be grouped under the preceding heads, and are used for muscle attachment and articulation.	grouped	-3.461118757273202
en_246	english	It adds a button to the editing toolbar in the source editor, so it is most convenient for redlinked user talk pages, but it can save a click or two otherwise as well, even though it may not be as quick as Twinkle.	button	-3.800193449766421
en_247	english	It adds a button to the editing toolbar in the source editor, so it is most convenient for redlinked user talk pages, but it can save a click or two otherwise as well, even though it may not be as quick as Twinkle.	redlinked	-8.233499148474545
en_248	english	It adds a button to the editing toolbar in the source editor, so it is most convenient for redlinked user talk pages, but it can save a click or two otherwise as well, even though it may not be as quick as Twinkle.	click	-3.5526924228729744
en_249	english	It has been said that he had to cut his way through the trackless forest, which doubtless was the case in this town at least.	trackless	-7.029379165818619
en_250	english	It has been said that he had to cut his way through the trackless forest, which doubtless was the case in this town at least.	town	-3.968775747572544
en_251	english	It has been said that he had to cut his way through the trackless forest, which doubtless was the case in this town at least.	doubtless	-6.2081932832097735
en_252	english	It is generally believed that the pilus is assembled from its base, as a pool of pilin is found in the cell membrane.	pilus	-7.534529144138525
en_253	english	It is generally believed that the pilus is assembled from its base, as a pool of pilin is found in the cell membrane.	assembled	-4.9028824811801055
en_254	english	It is generally believed that the pilus is assembled from its base, as a pool of pilin is found in the cell membrane.	pilin	-8.233499148474545
en_255	english	It is important when planning a blended learning lesson within the primary grades to focus on a unit of study, then intertwine it with technology.	grades	-4.227546861587161
en_256	english	It is important when planning a blended learning lesson within the primary grades to focus on a unit of study, then intertwine it with technology.	intertwine	-5.661790316665856
en_257	english	It is important when planning a blended learning lesson within the primary grades to focus on a unit of study, then intertwine it with technology.	blended	-4.485078526006975
en_258	english	It is used by the immune system, for DNA synthesis, for healing wounds, and for normal growth and development during hormonally active periods.	hormonally	-6.954745547521715
en_259	english	It is used by the immune system, for DNA synthesis, for healing wounds, and for normal growth and development during hormonally active periods.	immune	-4.794324408631075
en_260	english	It is used by the immune system, for DNA synthesis, for healing wounds, and for normal growth and development during hormonally active periods.	healing	-4.531154790118776
en_261	english	It repeatedly shows illustrations of Scouts in sunny mountain scenes with no hats whatsoever.	illustrations	-5.004585742479856
en_262	english	It repeatedly shows illustrations of Scouts in sunny mountain scenes with no hats whatsoever.	whatsoever	-4.914184844384032
en_263	english	It repeatedly shows illustrations of Scouts in sunny mountain scenes with no hats whatsoever.	repeatedly	-5.148208570244479
en_264	english	It was discovered by goons and other English speakers, and for a while, posting between the two languages flourished.	goons	-6.180420704991124
en_265	english	It was discovered by goons and other English speakers, and for a while, posting between the two languages flourished.	posting	-5.489206165351868
en_266	english	It was discovered by goons and other English speakers, and for a while, posting between the two languages flourished.	discovered	-4.141761865482883
en_267	english	It will take you to the page which matches your query, otherwise it displays the search results.	displays	-4.16279648875507
en_268	english	It will take you to the page which matches your query, otherwise it displays the search results.	matches	-3.9949512607932163
en_269	english	It will take you to the page which matches your query, otherwise it displays the search results.	otherwise	-4.225580757828945
en_270	english	Its hydrogen is easy to remove, so serine and threonine often act as hydrogen donors in enzymes.	hydrogen	-4.772901959576942
en_271	english	Its hydrogen is easy to remove, so serine and threonine often act as hydrogen donors in enzymes.	donors	-4.95726719055271
en_272	english	Its hydrogen is easy to remove, so serine and threonine often act as hydrogen donors in enzymes.	serine	-6.911279853740624
en_273	english	James was overthrown (he was technically held abdicated by Parliament) in the bloodless Glorious Revolution of 1688.	overthrown	-5.54775740987228
en_274	english	James was overthrown (he was technically held abdicated by Parliament) in the bloodless Glorious Revolution of 1688.	technically	-4.675390846843994
en_275	english	James was overthrown (he was technically held abdicated by Parliament) in the bloodless Glorious Revolution of 1688.	abdicated	-6.304080222760251
en_276	english	Lastly, the study looked at the conversation of polyunsaturated rich phospholipids to triacylglyerides via a phospholipase C pathway.	looked	-2.6526072305924138
en_277	english	Lastly, the study looked at the conversation of polyunsaturated rich phospholipids to triacylglyerides via a phospholipase C pathway.	rich	-4.186185332659155
en_278	english	Lastly, the study looked at the conversation of polyunsaturated rich phospholipids to triacylglyerides via a phospholipase C pathway.	phospholipase	-7.4553478980909
en_279	english	Lewis dot structures are useful for introducing the idea of covalence and bonding in small molecules, but other model types have much more capability to communicate chemistry concepts.	communicate	-4.29074722804473
en_280	english	Lewis dot structures are useful for introducing the idea of covalence and bonding in small molecules, but other model types have much more capability to communicate chemistry concepts.	bonding	-5.458982182745994
en_281	english	Lewis dot structures are useful for introducing the idea of covalence and bonding in small molecules, but other model types have much more capability to communicate chemistry concepts.	covalence	-7.932469152810563
en_282	english	Like creating arrays without dynamic allocation, the programmer must initialize the array with sensible values before using it.	array	-4.615451051762451
en_283	english	Like creating arrays without dynamic allocation, the programmer must initialize the array with sensible values before using it.	dynamic	-4.42071944146558
en_284	english	Like creating arrays without dynamic allocation, the programmer must initialize the array with sensible values before using it.	arrays	-4.615451051762451
en_285	english	Mail is generated internally by the Postfix system itself, in order to notify the postmaster of a problem (this path is also indicated with the unlabeled arrow).	generated	-4.225879373957141
en_286	english	Mail is generated internally by the Postfix system itself, in order to notify the postmaster of a problem (this path is also indicated with the unlabeled arrow).	postmaster	-6.57074131679297
en_287	english	Mail is generated internally by the Postfix system itself, in order to notify the postmaster of a problem (this path is also indicated with the unlabeled arrow).	notify	-4.793219935238956
en_288	english	Many federations use these grants to correct imbalances between taxing and spending across different levels of government.	spending	-4.877856098253675
en_289	english	Many federations use these grants to correct imbalances between taxing and spending across different levels of government.	federations	-5.315993638921998
en_290	english	Many federations use these grants to correct imbalances between taxing and spending across different levels of government.	grants	-4.111906479036137
en_291	english	Many freshwater protists have contractile vacuoles that pump excess water out of the cell, thereby maintaining a suitable concentration of ions and molecules inside the cell.	vacuoles	-6.7863411171323245
en_292	english	Many freshwater protists have contractile vacuoles that pump excess water out of the cell, thereby maintaining a suitable concentration of ions and molecules inside the cell.	protists	-6.891076467652338
en_293	english	Many freshwater protists have contractile vacuoles that pump excess water out of the cell, thereby maintaining a suitable concentration of ions and molecules inside the cell.	thereby	-5.369581771516684
en_294	english	Milk is a valuable nutritious food, providing vitamins and essential fats to those who can properly digest it.	fats	-4.365560497583759
en_295	english	Milk is a valuable nutritious food, providing vitamins and essential fats to those who can properly digest it.	nutritious	-5.592025037970444
en_296	english	Milk is a valuable nutritious food, providing vitamins and essential fats to those who can properly digest it.	properly	-4.40852768735085
en_297	english	Modern use of emoticons in electronic discussion is generally traced to a proposal in 1982.	electronic	-4.719482968073895
en_298	english	Modern use of emoticons in electronic discussion is generally traced to a proposal in 1982.	emoticons	-6.728349170154638
en_299	english	Modern use of emoticons in electronic discussion is generally traced to a proposal in 1982.	traced	-4.701764839197994
en_300	english	Most DNS queries (such as name resolution requests) use UDP connections as the amount of data transferred is small and the session establishment overhead would introduce unnecessary traffic and load on nameservers.	introduce	-4.019848600013543
en_301	english	Most DNS queries (such as name resolution requests) use UDP connections as the amount of data transferred is small and the session establishment overhead would introduce unnecessary traffic and load on nameservers.	unnecessary	-5.140778503790445
en_302	english	Most DNS queries (such as name resolution requests) use UDP connections as the amount of data transferred is small and the session establishment overhead would introduce unnecessary traffic and load on nameservers.	traffic	-4.371308117422947
en_303	english	Multiple consecutive conflicts are noticed, and will generate a slightly different message.	consecutive	-5.441808499454426
en_304	english	Multiple consecutive conflicts are noticed, and will generate a slightly different message.	conflicts	-4.394838922485603
en_305	english	Multiple consecutive conflicts are noticed, and will generate a slightly different message.	slightly	-4.233542580094351
en_306	english	Near the end of the War, Germany tries to fight for a last stand with the Allies.	tries	-2.9788495786723237
en_307	english	Near the end of the War, Germany tries to fight for a last stand with the Allies.	fight	-3.733935774940141
en_308	english	Near the end of the War, Germany tries to fight for a last stand with the Allies.	stand	-3.6540928661864367
en_309	english	No two or more States shall enter into any treaty, confederation or alliance whatever between them, without the consent of the United States in Congress assembled, specifying accurately the purposes for which the same is to be entered into, and how long it shall continue.	purposes	-4.000020756542652
en_310	english	No two or more States shall enter into any treaty, confederation or alliance whatever between them, without the consent of the United States in Congress assembled, specifying accurately the purposes for which the same is to be entered into, and how long it shall continue.	alliance	-4.815529506259807
en_311	english	No two or more States shall enter into any treaty, confederation or alliance whatever between them, without the consent of the United States in Congress assembled, specifying accurately the purposes for which the same is to be entered into, and how long it shall continue.	accurately	-5.137981106151393
en_312	english	Often the talk pages of controversial topics can be very heavily used.	talk	-2.9355527072520076
en_313	english	Often the talk pages of controversial topics can be very heavily used.	topics	-3.986877485778556
en_314	english	Often the talk pages of controversial topics can be very heavily used.	heavily	-4.696309922230899
en_315	english	On the German side, however, a gap developed between the westernmost army corps, and the rapid advance was exhausting the troops.	advance	-4.370354802221876
en_316	english	On the German side, however, a gap developed between the westernmost army corps, and the rapid advance was exhausting the troops.	westernmost	-6.853287906762938
en_317	english	On the German side, however, a gap developed between the westernmost army corps, and the rapid advance was exhausting the troops.	rapid	-4.748061667398242
en_318	english	One important thing to mention is that characters for numerals are represented differently from their corresponding number, i.e.	mention	-3.6522095641244263
en_319	english	One important thing to mention is that characters for numerals are represented differently from their corresponding number, i.e.	corresponding	-5.0191852510501445
en_320	english	One important thing to mention is that characters for numerals are represented differently from their corresponding number, i.e.	numerals	-6.013391060434489
en_321	english	One week after the last comment if participants have mostly reached consensus about what to do, action will be taken by an administrator.	reached	-3.7335235482921854
en_322	english	One week after the last comment if participants have mostly reached consensus about what to do, action will be taken by an administrator.	participants	-4.5454354515282
en_323	english	One week after the last comment if participants have mostly reached consensus about what to do, action will be taken by an administrator.	consensus	-5.170165789522795
en_324	english	Only the Resurrection Stone seems dubious to Hermione, though Harry hopes it could resurrect his dead parents.	hopes	-3.436106947695049
en_325	english	Only the Resurrection Stone seems dubious to Hermione, though Harry hopes it could resurrect his dead parents.	resurrect	-5.473831303784913
en_326	english	Only the Resurrection Stone seems dubious to Hermione, though Harry hopes it could resurrect his dead parents.	dubious	-5.926003110561331
en_327	english	Organic chemistry focuses on carbon and following movement of the electrons in carbon chains and rings, and also how electrons are shared with other carbon atoms and heteroatoms.	focuses	-3.577775003414292
en_328	english	Organic chemistry focuses on carbon and following movement of the electrons in carbon chains and rings, and also how electrons are shared with other carbon atoms and heteroatoms.	shared	-3.4356086654161953
en_329	english	Organic chemistry focuses on carbon and following movement of the electrons in carbon chains and rings, and also how electrons are shared with other carbon atoms and heteroatoms.	atoms	-4.771700590949434
en_330	english	Over time, the meat softens and develops more in flavor, and for certain meats this process can be carefully extended in a process called aging.	softens	-5.240504050043202
en_331	english	Over time, the meat softens and develops more in flavor, and for certain meats this process can be carefully extended in a process called aging.	extended	-4.324371206485283
en_332	english	Over time, the meat softens and develops more in flavor, and for certain meats this process can be carefully extended in a process called aging.	carefully	-4.584553966308872
en_333	english	Picture opening the hood of a car and finding a washing machine where the engine should be.	washing	-5.167919433746095
en_334	english	Picture opening the hood of a car and finding a washing machine where the engine should be.	engine	-4.1336459285901626
en_335	english	Picture opening the hood of a car and finding a washing machine where the engine should be.	hood	-4.826448333670293
en_336	english	Private bills affect a specific named company, person or other entity (for instance, authorising major constructions on specific named public lands).	entity	-4.584553966308872
en_337	english	Private bills affect a specific named company, person or other entity (for instance, authorising major constructions on specific named public lands).	named	-3.247417460577929
en_338	english	Private bills affect a specific named company, person or other entity (for instance, authorising major constructions on specific named public lands).	constructions	-4.3753230104922
en_339	english	Ranging in size from oversized lakes and enclosed valleys to miniature ponds, these depressions were left by buried ice that eventually melted.	eventually	-4.106913220520206
en_340	english	Ranging in size from oversized lakes and enclosed valleys to miniature ponds, these depressions were left by buried ice that eventually melted.	depressions	-4.606645733807818
en_341	english	Ranging in size from oversized lakes and enclosed valleys to miniature ponds, these depressions were left by buried ice that eventually melted.	lakes	-4.222902412268018
en_342	english	Remember that text will flow and wrap differently for other users, based on their chosen browser, screen resolution, default font size, accessibility options, number of toolbars and sidebars (such as instant messaging panes) and more.	chosen	-3.6613364658282066
en_343	english	Remember that text will flow and wrap differently for other users, based on their chosen browser, screen resolution, default font size, accessibility options, number of toolbars and sidebars (such as instant messaging panes) and more.	wrap	-4.1992317514365185
en_344	english	Remember that text will flow and wrap differently for other users, based on their chosen browser, screen resolution, default font size, accessibility options, number of toolbars and sidebars (such as instant messaging panes) and more.	default	-4.45513080511867
en_345	english	Rescue breathing is used if the victim does not begin breathing when the airway is opened.	breathing	-4.847714189631208
en_346	english	Rescue breathing is used if the victim does not begin breathing when the airway is opened.	victim	-4.4516719955421165
en_347	english	Rescue breathing is used if the victim does not begin breathing when the airway is opened.	begin	-3.626237187935606
en_348	english	Sensitive pads of our fingertips used as tactile antennae gauge the slightest startle, tenseness, or hesitation of response.	hesitation	-5.544190289350924
en_349	english	Sensitive pads of our fingertips used as tactile antennae gauge the slightest startle, tenseness, or hesitation of response.	fingertips	-5.297488352759334
en_350	english	Sensitive pads of our fingertips used as tactile antennae gauge the slightest startle, tenseness, or hesitation of response.	slightest	-4.7690096010405725
en_351	english	She arranges the loan of a repair person from her competitor, but in the meantime organizes a large number of men with lanterns into a manual signaling system.	manual	-4.627225295304556
en_352	english	She arranges the loan of a repair person from her competitor, but in the meantime organizes a large number of men with lanterns into a manual signaling system.	arranges	-4.830722078864197
en_353	english	She arranges the loan of a repair person from her competitor, but in the meantime organizes a large number of men with lanterns into a manual signaling system.	organizes	-4.378101151820475
en_354	english	She had been surprised that Taggart had dropped by her slum room one day, out of the blue.	slum	-5.828665431854606
en_355	english	She had been surprised that Taggart had dropped by her slum room one day, out of the blue.	surprised	-4.159854102961392
en_356	english	She had been surprised that Taggart had dropped by her slum room one day, out of the blue.	dropped	-3.7803643519176946
en_357	english	Since most textbooks are developed by, or based on the contributions of subject matter experts, this requirement is usually well attended to.	attended	-4.343749373210506
en_358	english	Since most textbooks are developed by, or based on the contributions of subject matter experts, this requirement is usually well attended to.	textbooks	-4.948392118907732
en_359	english	Since most textbooks are developed by, or based on the contributions of subject matter experts, this requirement is usually well attended to.	contributions	-4.619340438965369
en_360	english	Since the elementary idea of functions is better understood from the classical viewpoint, we shall use it hereafter.	classical	-4.898442629035452
en_361	english	Since the elementary idea of functions is better understood from the classical viewpoint, we shall use it hereafter.	elementary	-4.85130193809709
en_362	english	Since the elementary idea of functions is better understood from the classical viewpoint, we shall use it hereafter.	understood	-3.3917518647998413
en_363	english	Some of the variations are fees, overdraft protection, minimum balances, allowable account linkages (e.g., checking and savings), and rules on opening the account.	overdraft	-6.620715291754808
en_364	english	Some of the variations are fees, overdraft protection, minimum balances, allowable account linkages (e.g., checking and savings), and rules on opening the account.	minimum	-4.498779306818864
en_365	english	Some of the variations are fees, overdraft protection, minimum balances, allowable account linkages (e.g., checking and savings), and rules on opening the account.	checking	-3.4374176652273416
en_366	english	Some parts may never be eaten and some are not normally processed as kosher meat in the United States, due to the additional labor involved.	meat	-4.349837713320927
en_367	english	Some parts may never be eaten and some are not normally processed as kosher meat in the United States, due to the additional labor involved.	kosher	-5.769606159488637
en_368	english	Some parts may never be eaten and some are not normally processed as kosher meat in the United States, due to the additional labor involved.	normally	-4.268532773643446
en_369	english	Some students find the ablative difficult since it sometimes looks like the nominative singular, dative plural or neither.	nominative	-6.501105388651576
en_370	english	Some students find the ablative difficult since it sometimes looks like the nominative singular, dative plural or neither.	dative	-7.154317902426919
en_371	english	Some students find the ablative difficult since it sometimes looks like the nominative singular, dative plural or neither.	ablative	-7.233499148474544
en_372	english	Sometimes you will need to manipulate expressions into a usable form before it is possible to perform operations in calculus.	perform	-4.1270022783355715
en_373	english	Sometimes you will need to manipulate expressions into a usable form before it is possible to perform operations in calculus.	expressions	-4.427862382168609
en_374	english	Sometimes you will need to manipulate expressions into a usable form before it is possible to perform operations in calculus.	manipulate	-4.888517734547286
en_375	english	Steels are often subjected to a variety of thermal treatments designed to produce various combinations of stable and metastable iron phases.	stable	-4.579707961086732
en_376	english	Steels are often subjected to a variety of thermal treatments designed to produce various combinations of stable and metastable iron phases.	thermal	-5.059730325337894
en_377	english	Steels are often subjected to a variety of thermal treatments designed to produce various combinations of stable and metastable iron phases.	metastable	-7.119555796167707
en_378	english	Such a cavity can provide numerous functional advantages.	cavity	-5.427319174490656
en_379	english	Such a cavity can provide numerous functional advantages.	functional	-4.771250933119546
en_380	english	Such a cavity can provide numerous functional advantages.	numerous	-4.737677395088638
en_381	english	Such access might be used for login authentication, creating a new user account, or saving textual information for future retrieval and study.	textual	-6.00561244386087
en_382	english	Such access might be used for login authentication, creating a new user account, or saving textual information for future retrieval and study.	login	-4.909216693176852
en_383	english	Such access might be used for login authentication, creating a new user account, or saving textual information for future retrieval and study.	retrieval	-5.899045397323613
en_384	english	Suzuki Pureharp is one of the tiny production models that use wood as a cover, which produces a pleasantly soft sound.	soft	-4.298899710256471
en_385	english	Suzuki Pureharp is one of the tiny production models that use wood as a cover, which produces a pleasantly soft sound.	tiny	-4.291987715840141
en_386	english	Suzuki Pureharp is one of the tiny production models that use wood as a cover, which produces a pleasantly soft sound.	pleasantly	-5.795748585654156
en_387	english	The Romans, who used the style initially, found it unwieldy and hard to manage in the mountainous and broken terrain of Italy.	style	-3.9811073452933
en_388	english	The Romans, who used the style initially, found it unwieldy and hard to manage in the mountainous and broken terrain of Italy.	mountainous	-5.915435813511783
en_389	english	The Romans, who used the style initially, found it unwieldy and hard to manage in the mountainous and broken terrain of Italy.	manage	-3.9224873994932556
en_390	english	The alcohol rinse does not remove the crystal violet which masks the added red safanin dye.	masks	-4.334445080476373
en_391	english	The alcohol rinse does not remove the crystal violet which masks the added red safanin dye.	alcohol	-4.5676368482713885
en_392	english	The alcohol rinse does not remove the crystal violet which masks the added red safanin dye.	rinse	-5.204521443265766
en_393	english	The big, curling line on the left is elaborately pointing at me (mi).	pointing	-3.146310677567048
en_394	english	The big, curling line on the left is elaborately pointing at me (mi).	elaborately	-6.642434541448044
en_395	english	The big, curling line on the left is elaborately pointing at me (mi).	curling	-6.133128603356981
en_396	english	The carrier wave is filtered out and a loudspeaker plays based on the amplitude of the signal.	filtered	-4.286604953372217
en_397	english	The carrier wave is filtered out and a loudspeaker plays based on the amplitude of the signal.	loudspeaker	-5.975820573605359
en_398	english	The carrier wave is filtered out and a loudspeaker plays based on the amplitude of the signal.	amplitude	-5.554071251862425
en_399	english	The centrepiece at the renovated Abbey was a shrine to Edward.	centrepiece	-7.0574078894188625
en_400	english	The centrepiece at the renovated Abbey was a shrine to Edward.	shrine	-5.292484904768974
en_401	english	The centrepiece at the renovated Abbey was a shrine to Edward.	renovated	-5.382240799755468
en_402	english	The classic Playfair tableau consists of four alphabets, usually in a square arrangement,  two plaintext and two ciphertext.	arrangement	-4.881509693038912
en_403	english	The classic Playfair tableau consists of four alphabets, usually in a square arrangement,  two plaintext and two ciphertext.	consists	-4.682537396176368
en_404	english	The classic Playfair tableau consists of four alphabets, usually in a square arrangement,  two plaintext and two ciphertext.	tableau	-5.797336501433788
en_405	english	The combined work need only contain one copy of this License, and multiple identical Invariant Sections may be replaced with a single copy.	replaced	-4.2262209011403
en_406	english	The combined work need only contain one copy of this License, and multiple identical Invariant Sections may be replaced with a single copy.	combined	-4.269522538477938
en_407	english	The combined work need only contain one copy of this License, and multiple identical Invariant Sections may be replaced with a single copy.	identical	-4.985035430923512
en_408	english	The detriments outweigh the benefits and there are no current studies to show that vouchers are working.	vouchers	-5.578360713663161
en_409	english	The detriments outweigh the benefits and there are no current studies to show that vouchers are working.	outweigh	-5.7189513958142575
en_410	english	The detriments outweigh the benefits and there are no current studies to show that vouchers are working.	detriments	-5.899045397323613
en_411	english	The diagnosis of schizophrenia should not be made in the presence of extensive depressive or manic symptoms unless it is clear that schizophrenic symptoms antedate the affective disturbance.	diagnosis	-4.82255328978677
en_412	english	The diagnosis of schizophrenia should not be made in the presence of extensive depressive or manic symptoms unless it is clear that schizophrenic symptoms antedate the affective disturbance.	depressive	-5.8514821058996755
en_413	english	The diagnosis of schizophrenia should not be made in the presence of extensive depressive or manic symptoms unless it is clear that schizophrenic symptoms antedate the affective disturbance.	antedate	-8.233499148474545
en_414	english	The entire assembled application is their platform, and the desktops of the affected staff the target domain for their work.	affected	-4.014491270217654
en_415	english	The entire assembled application is their platform, and the desktops of the affected staff the target domain for their work.	staff	-3.981642011203128
en_416	english	The entire assembled application is their platform, and the desktops of the affected staff the target domain for their work.	domain	-4.56325329540042
en_417	english	The food vacuole formed , and then fuses with a lysosome and digests the food.	formed	-3.6121462756643345
en_418	english	The food vacuole formed , and then fuses with a lysosome and digests the food.	fuses	-6.054522201181374
en_419	english	The food vacuole formed , and then fuses with a lysosome and digests the food.	digests	-5.180420704991124
en_420	english	The formation of this intermediate and subsequent reaction generally has a much lower activation energy barrier than is required for the direct reaction of reactants to products.	subsequent	-5.093305469895912
en_421	english	The formation of this intermediate and subsequent reaction generally has a much lower activation energy barrier than is required for the direct reaction of reactants to products.	barrier	-4.495908982188823
en_422	english	The formation of this intermediate and subsequent reaction generally has a much lower activation energy barrier than is required for the direct reaction of reactants to products.	intermediate	-5.124596020807231
en_423	english	The goals of this procedure will be to distribute accurate information with the correct approvals using sufficient technology and strategies.	approvals	-4.736707832774502
en_424	english	The goals of this procedure will be to distribute accurate information with the correct approvals using sufficient technology and strategies.	sufficient	-4.884027349260158
en_425	english	The goals of this procedure will be to distribute accurate information with the correct approvals using sufficient technology and strategies.	distribute	-4.656927464409253
en_426	english	The guitar is a transposing instrument and is notated an octave higher than its actual pitch to avoid having to use the bass clef in standard notation.	transposing	-7.631439157146581
en_427	english	The guitar is a transposing instrument and is notated an octave higher than its actual pitch to avoid having to use the bass clef in standard notation.	clef	-6.31442105609847
en_428	english	The guitar is a transposing instrument and is notated an octave higher than its actual pitch to avoid having to use the bass clef in standard notation.	notated	-6.57074131679297
en_429	english	The hall sensor and inductor use a property of  the magnetic field to sense the current through a nearby conductor.	sensor	-4.531154790118776
en_430	english	The hall sensor and inductor use a property of  the magnetic field to sense the current through a nearby conductor.	magnetic	-4.902274367453812
en_431	english	The hall sensor and inductor use a property of  the magnetic field to sense the current through a nearby conductor.	hall	-4.387843088491
en_432	english	The hero then was summoned to compete in the second rite, the rite of conquest, by defeating the mercenary General Claudius.	mercenary	-5.44745793823199
en_433	english	The hero then was summoned to compete in the second rite, the rite of conquest, by defeating the mercenary General Claudius.	rite	-5.6457881834556325
en_434	english	The hero then was summoned to compete in the second rite, the rite of conquest, by defeating the mercenary General Claudius.	defeating	-4.569798223084896
en_435	english	The lexical analyzer is the part of the compiler which removes whitespace and other non compilable characters from the source code.	compilable	-8.233499148474545
en_436	english	The lexical analyzer is the part of the compiler which removes whitespace and other non compilable characters from the source code.	characters	-3.7337433538107625
en_437	english	The lexical analyzer is the part of the compiler which removes whitespace and other non compilable characters from the source code.	lexical	-6.341404545784064
en_438	english	The main reason for not allowing multiple outputs with the same input is that it lets us apply the same function to different forms of the same thing without changing their equivalence.	outputs	-4.384448457905032
en_439	english	The main reason for not allowing multiple outputs with the same input is that it lets us apply the same function to different forms of the same thing without changing their equivalence.	changing	-3.1520978273027773
en_440	english	The main reason for not allowing multiple outputs with the same input is that it lets us apply the same function to different forms of the same thing without changing their equivalence.	equivalence	-5.909216693176852
en_441	english	The majority of seaweeds, like the kelps (very large brown algae from the Order Laminariales), despite a superficial appearance of such, lack true stems, leaves, roots, and any kind of vascular systems as found in higher plants.	brown	-4.232458090488451
en_442	english	The majority of seaweeds, like the kelps (very large brown algae from the Order Laminariales), despite a superficial appearance of such, lack true stems, leaves, roots, and any kind of vascular systems as found in higher plants.	vascular	-5.531931163418617
en_443	english	The majority of seaweeds, like the kelps (very large brown algae from the Order Laminariales), despite a superficial appearance of such, lack true stems, leaves, roots, and any kind of vascular systems as found in higher plants.	superficial	-5.565113231784544
en_444	english	The next day, during the Fajr Salaah, he stabbed Sayyiduna Umar (radi Allahu anhu) 6 times in the back, severely wounding the Caliph.	wounding	-4.656812343273549
en_445	english	The next day, during the Fajr Salaah, he stabbed Sayyiduna Umar (radi Allahu anhu) 6 times in the back, severely wounding the Caliph.	severely	-5.322341539734567
en_446	english	The next day, during the Fajr Salaah, he stabbed Sayyiduna Umar (radi Allahu anhu) 6 times in the back, severely wounding the Caliph.	stabbed	-5.087681433982716
en_447	english	The northern part of the continent, covering much of Siberia was also inaccessible to the steppe nomads due to the dense forests and the tundra.	nomads	-5.639106598099117
en_448	english	The northern part of the continent, covering much of Siberia was also inaccessible to the steppe nomads due to the dense forests and the tundra.	steppe	-6.184281125804363
en_449	english	The northern part of the continent, covering much of Siberia was also inaccessible to the steppe nomads due to the dense forests and the tundra.	covering	-3.6763409659992123
en_450	english	The others died at sea or in prison while awaiting trial.	died	-3.7217761719925635
en_451	english	The others died at sea or in prison while awaiting trial.	awaiting	-5.057987335111096
en_452	english	The others died at sea or in prison while awaiting trial.	prison	-4.4316154413493045
en_453	english	The reason why hypothalamic lesions affect body fat and feeding behavior has in fact much to do with leptin signaling.	affect	-4.014491270217654
en_454	english	The reason why hypothalamic lesions affect body fat and feeding behavior has in fact much to do with leptin signaling.	leptin	-6.610249858076643
en_455	english	The reason why hypothalamic lesions affect body fat and feeding behavior has in fact much to do with leptin signaling.	hypothalamic	-6.818525800503726
en_456	english	The relative configuration description is still used mainly in glycochemistry.	description	-4.024842847967296
en_457	english	The relative configuration description is still used mainly in glycochemistry.	configuration	-4.7197489983927206
en_458	english	The relative configuration description is still used mainly in glycochemistry.	mainly	-4.5527105369678615
en_459	english	The same principle of course applied to the single lens reflex, but early SLRs caused delays and inconvenience through the need to move the mirror out of the focal plane to allow light to the plate behind it.	plane	-4.263943464253701
en_460	english	The same principle of course applied to the single lens reflex, but early SLRs caused delays and inconvenience through the need to move the mirror out of the focal plane to allow light to the plate behind it.	plate	-4.330735004550458
en_461	english	The same principle of course applied to the single lens reflex, but early SLRs caused delays and inconvenience through the need to move the mirror out of the focal plane to allow light to the plate behind it.	inconvenience	-5.777133115345501
en_462	english	The size of an aggro radius sometimes varies with faction and con, and may be spherical in certain environments.	aggro	-6.066181813726368
en_463	english	The size of an aggro radius sometimes varies with faction and con, and may be spherical in certain environments.	spherical	-5.780180808427506
en_464	english	The size of an aggro radius sometimes varies with faction and con, and may be spherical in certain environments.	faction	-5.2313330867180365
en_465	english	The theater contributed dramatic outcries, including those of Mary Otis Warren.	theater	-4.562233715527386
en_466	english	The theater contributed dramatic outcries, including those of Mary Otis Warren.	dramatic	-4.687079881639352
en_467	english	The theater contributed dramatic outcries, including those of Mary Otis Warren.	contributed	-4.363974085617317
en_468	english	There are also different editing styles in the sense of how bold people are willing to be.	styles	-3.9811073452933
en_469	english	There are also different editing styles in the sense of how bold people are willing to be.	bold	-4.829349899264849
en_470	english	There are also different editing styles in the sense of how bold people are willing to be.	editing	-4.861508237009629
en_471	english	There is a clear need for a different structure to the books as they are meant to be (at least eventually) printed and should therefore have a linear style.	linear	-4.784638302867103
en_472	english	There is a clear need for a different structure to the books as they are meant to be (at least eventually) printed and should therefore have a linear style.	printed	-4.214382858027471
en_473	english	There is a clear need for a different structure to the books as they are meant to be (at least eventually) printed and should therefore have a linear style.	meant	-2.9306251501295284
en_474	english	There is a slight tendency towards attack from the opposite side of the halide.	slight	-4.7690096010405725
en_475	english	There is a slight tendency towards attack from the opposite side of the halide.	tendency	-4.944802887884288
en_476	english	There is a slight tendency towards attack from the opposite side of the halide.	opposite	-4.364326121152861
en_477	english	There may also be separate licensing fees for distribution of patented multimedia data formats like GIF images, which if not in fact at least in philosophy violate the principles of the GFDL, preventing you from freely using the image or picture.	fees	-4.430930650160588
en_478	english	There may also be separate licensing fees for distribution of patented multimedia data formats like GIF images, which if not in fact at least in philosophy violate the principles of the GFDL, preventing you from freely using the image or picture.	patented	-4.993199566471832
en_479	english	There may also be separate licensing fees for distribution of patented multimedia data formats like GIF images, which if not in fact at least in philosophy violate the principles of the GFDL, preventing you from freely using the image or picture.	philosophy	-4.631765000214439
en_480	english	Therefore, no matter how much slang you use in your native language, limiting your use of slang in French (proportionally to your level of fluency) will also limit how much you are patronised and giggled at by native listeners.	giggled	-5.281191138812419
en_481	english	Therefore, no matter how much slang you use in your native language, limiting your use of slang in French (proportionally to your level of fluency) will also limit how much you are patronised and giggled at by native listeners.	patronised	-7.4553478980909
en_482	english	Therefore, no matter how much slang you use in your native language, limiting your use of slang in French (proportionally to your level of fluency) will also limit how much you are patronised and giggled at by native listeners.	limiting	-4.069473624186704
en_483	english	These are mainly guidelines to administrator behavior, but can be useful to point at when having a serious dispute with administrators or going before stewards and an arbitration board.	stewards	-5.361926212928665
en_484	english	These are mainly guidelines to administrator behavior, but can be useful to point at when having a serious dispute with administrators or going before stewards and an arbitration board.	dispute	-5.009743694817303
en_485	english	These are mainly guidelines to administrator behavior, but can be useful to point at when having a serious dispute with administrators or going before stewards and an arbitration board.	administrators	-4.8640977347779195
en_486	english	These deck styles do not do well against decks with any type of disruption or control so they are currently not seeing much play.	deck	-4.4351247717929825
en_487	english	These deck styles do not do well against decks with any type of disruption or control so they are currently not seeing much play.	seeing	-2.506180788875953
en_488	english	These deck styles do not do well against decks with any type of disruption or control so they are currently not seeing much play.	decks	-4.4351247717929825
en_489	english	These plots are to be interpreted like topographic maps, where the lines represent contours of constant elevation.	topographic	-6.3526855561937525
en_490	english	These plots are to be interpreted like topographic maps, where the lines represent contours of constant elevation.	constant	-4.438802021582545
en_491	english	These plots are to be interpreted like topographic maps, where the lines represent contours of constant elevation.	interpreted	-4.7501971961163765
en_492	english	These required money, and a new criminal underworld rose to fund them and profit from them.	underworld	-5.648038418966043
en_493	english	These required money, and a new criminal underworld rose to fund them and profit from them.	fund	-4.066654772642595
en_494	english	These required money, and a new criminal underworld rose to fund them and profit from them.	profit	-4.407618849538364
en_495	english	They are generally better off using their Ne, as well as the reasoning capacities of their Ti, to hash out truth, rather than deferring to Si traditions.	hash	-5.155767968822152
en_496	english	They are generally better off using their Ne, as well as the reasoning capacities of their Ti, to hash out truth, rather than deferring to Si traditions.	deferring	-5.3347739668850505
en_497	english	They are generally better off using their Ne, as well as the reasoning capacities of their Ti, to hash out truth, rather than deferring to Si traditions.	capacities	-4.315468811689664
en_498	english	They convert solar energy to chemical energy by absorbing sunlight and using it to drive the synthesis of organic compounds such as sugar from carbon dioxide and water.	sunlight	-5.008966085868458
en_499	english	They convert solar energy to chemical energy by absorbing sunlight and using it to drive the synthesis of organic compounds such as sugar from carbon dioxide and water.	absorbing	-4.754500016801187
en_500	english	They convert solar energy to chemical energy by absorbing sunlight and using it to drive the synthesis of organic compounds such as sugar from carbon dioxide and water.	organic	-4.64198933947989
en_501	english	They do not interfere with the gestures mages need to cast spells.	gestures	-5.024520631198291
en_502	english	They do not interfere with the gestures mages need to cast spells.	interfere	-5.125950018729857
en_503	english	They do not interfere with the gestures mages need to cast spells.	mages	-5.315993638921998
en_504	english	They left behind a prophesy that the world would end on December 21, 2012 and bring about the fifth cycle of the world.	bring	-3.2869584614603027
en_505	english	They left behind a prophesy that the world would end on December 21, 2012 and bring about the fifth cycle of the world.	fifth	-4.512513404320805
en_506	english	They left behind a prophesy that the world would end on December 21, 2012 and bring about the fifth cycle of the world.	prophesy	-5.463383853687442
en_507	english	They produced more than 90 percent of the fiction films in America and distributed their films both nationally and internationally.	distributed	-4.656927464409253
en_508	english	They produced more than 90 percent of the fiction films in America and distributed their films both nationally and internationally.	nationally	-5.3149446179242705
en_509	english	They produced more than 90 percent of the fiction films in America and distributed their films both nationally and internationally.	films	-3.8049432282228683
en_510	english	This happens all the time in my dreams, but apparently I believe that I can really do this, and the dream continues nonlucidly.	apparently	-4.364326121152861
en_511	english	This happens all the time in my dreams, but apparently I believe that I can really do this, and the dream continues nonlucidly.	happens	-3.131594053073316
en_512	english	This happens all the time in my dreams, but apparently I believe that I can really do this, and the dream continues nonlucidly.	continues	-3.5632347362037375
en_513	english	This includes teaching, general practice of medicine, medical research, religious fields, entrepreneurship, missionary work, social work, community development, creative arts, acting, broadcasting, consulting, coaching, corporate training, public relations, counseling, advertising, and marketing.	creative	-4.230297201952852
en_514	english	This includes teaching, general practice of medicine, medical research, religious fields, entrepreneurship, missionary work, social work, community development, creative arts, acting, broadcasting, consulting, coaching, corporate training, public relations, counseling, advertising, and marketing.	religious	-4.490538478260391
en_515	english	This includes teaching, general practice of medicine, medical research, religious fields, entrepreneurship, missionary work, social work, community development, creative arts, acting, broadcasting, consulting, coaching, corporate training, public relations, counseling, advertising, and marketing.	corporate	-4.643437917670801
en_516	english	This is VERY VERY different than passive patterns of reading the text in a high speed linear fashion, which is akin to trying to force the brain to make sense out of a thousand speeding bullets whizzing by.	akin	-5.682049150501669
en_517	english	This is VERY VERY different than passive patterns of reading the text in a high speed linear fashion, which is akin to trying to force the brain to make sense out of a thousand speeding bullets whizzing by.	bullets	-4.62679540714087
en_518	english	This is VERY VERY different than passive patterns of reading the text in a high speed linear fashion, which is akin to trying to force the brain to make sense out of a thousand speeding bullets whizzing by.	whizzing	-6.485311121468343
en_519	english	This is just one of the many feats of engineering which have made it possible for us to quantify and understand the human gene and how it relates to Nutrition.	engineering	-4.37646835020192
en_520	english	This is just one of the many feats of engineering which have made it possible for us to quantify and understand the human gene and how it relates to Nutrition.	quantify	-5.42596412040569
en_521	english	This is just one of the many feats of engineering which have made it possible for us to quantify and understand the human gene and how it relates to Nutrition.	feats	-5.360760321001875
en_522	english	This is particularly useful in cases such as when one attempts to surface modify nanomaterials to increase affinity, reactivity or compatibility.	modify	-4.656467162848513
en_523	english	This is particularly useful in cases such as when one attempts to surface modify nanomaterials to increase affinity, reactivity or compatibility.	particularly	-4.0815779686746385
en_524	english	This is particularly useful in cases such as when one attempts to surface modify nanomaterials to increase affinity, reactivity or compatibility.	nanomaterials	-6.341404545784064
en_525	english	This problem has agitated theologians and philosophers for centuries, and has never been satisfactorily resolved.	theologians	-5.720281548406605
en_526	english	This problem has agitated theologians and philosophers for centuries, and has never been satisfactorily resolved.	philosophers	-5.136936710100408
en_527	english	This problem has agitated theologians and philosophers for centuries, and has never been satisfactorily resolved.	satisfactorily	-6.653715551857734
en_528	english	This revolution was fueled by the use of new farming technology such as the seed drill and improved fertilizers.	revolution	-4.6956800534012695
en_529	english	This revolution was fueled by the use of new farming technology such as the seed drill and improved fertilizers.	farming	-4.926859707450283
en_530	english	This revolution was fueled by the use of new farming technology such as the seed drill and improved fertilizers.	improved	-3.953809395440925
en_531	english	This transformation occurs when a live nonpathogenic cell takes up a piece of DNA carry the allele for pathogenicity.	transformation	-4.65497454319955
en_532	english	This transformation occurs when a live nonpathogenic cell takes up a piece of DNA carry the allele for pathogenicity.	nonpathogenic	-8.233499148474545
en_533	english	This transformation occurs when a live nonpathogenic cell takes up a piece of DNA carry the allele for pathogenicity.	occurs	-4.1800749444052
en_534	english	This was a devastating blow to the Japanese and is considered the turning point of the Pacific War.	turning	-5.270183637088433
en_535	english	This was a devastating blow to the Japanese and is considered the turning point of the Pacific War.	devastating	-5.136589135466488
en_536	english	This was a devastating blow to the Japanese and is considered the turning point of the Pacific War.	blow	-4.166130677559275
en_537	english	Though Harry will become an exception, there is another student, also an orphan and a talented wizard, that Dumbledore also paid closer attention to, though not in the same way as with Harry.	paid	-3.524093491674487
en_538	english	Though Harry will become an exception, there is another student, also an orphan and a talented wizard, that Dumbledore also paid closer attention to, though not in the same way as with Harry.	talented	-4.914809878526798
en_539	english	Though Harry will become an exception, there is another student, also an orphan and a talented wizard, that Dumbledore also paid closer attention to, though not in the same way as with Harry.	orphan	-5.442510673385728
en_540	english	To alleviate indexing problems, the sizeof() expression is commonly used when coding loops that process arrays.	alleviate	-5.443213984441302
en_541	english	To alleviate indexing problems, the sizeof() expression is commonly used when coding loops that process arrays.	coding	-5.106718571462535
en_542	english	To alleviate indexing problems, the sizeof() expression is commonly used when coding loops that process arrays.	commonly	-4.802135384315557
en_543	english	To completely live this way in an industrial urbanized society is to withdraw to the periphery.	periphery	-5.879390709327143
en_544	english	To completely live this way in an industrial urbanized society is to withdraw to the periphery.	urbanized	-6.631439157146581
en_545	english	To completely live this way in an industrial urbanized society is to withdraw to the periphery.	withdraw	-4.977744361831499
en_546	english	To gain familiarity with mathematical proof and also some basic mathematical concepts, readers may read the wikibook Mathematical Proof.	wikibook	-8.233499148474545
en_547	english	To gain familiarity with mathematical proof and also some basic mathematical concepts, readers may read the wikibook Mathematical Proof.	readers	-4.546505582209865
en_548	english	To gain familiarity with mathematical proof and also some basic mathematical concepts, readers may read the wikibook Mathematical Proof.	mathematical	-5.174314530843173
en_549	english	Unless there are obvious problems that are unlikely to be rectified, your time would be better spent mentoring new contributors and trying to help clean up new works, even if the work is currently a blatant violation of current procedures.	contributors	-5.374961950904905
en_550	english	Unless there are obvious problems that are unlikely to be rectified, your time would be better spent mentoring new contributors and trying to help clean up new works, even if the work is currently a blatant violation of current procedures.	blatant	-5.893055033634425
en_551	english	Unless there are obvious problems that are unlikely to be rectified, your time would be better spent mentoring new contributors and trying to help clean up new works, even if the work is currently a blatant violation of current procedures.	rectified	-5.792590066409327
en_552	english	Up through the early 19th century, naturalists and scientists observed critical differences between compounds that were derived from living things and those that were not.	critical	-4.213925946378905
en_553	english	Up through the early 19th century, naturalists and scientists observed critical differences between compounds that were derived from living things and those that were not.	scientists	-4.304233530221478
en_554	english	Up through the early 19th century, naturalists and scientists observed critical differences between compounds that were derived from living things and those that were not.	observed	-4.425355722713053
en_555	english	Uses the same chord shapes as Open E but is easier on a guitar neck as the strings are detuned lessening the tension.	guitar	-4.530207770355883
en_556	english	Uses the same chord shapes as Open E but is easier on a guitar neck as the strings are detuned lessening the tension.	chord	-4.7429788391111956
en_557	english	Uses the same chord shapes as Open E but is easier on a guitar neck as the strings are detuned lessening the tension.	lessening	-6.010782677326961
en_558	english	Warlords of the many provinces of China constantly feuded, and the central government was weak and decentralized, unable to do anything to stop conflict.	unable	-4.731892226055715
en_559	english	Warlords of the many provinces of China constantly feuded, and the central government was weak and decentralized, unable to do anything to stop conflict.	central	-4.213925946378905
en_560	english	Warlords of the many provinces of China constantly feuded, and the central government was weak and decentralized, unable to do anything to stop conflict.	constantly	-4.3640913990923424
en_561	english	Washington became quite concerned, however, that local Communist parties might gain power in France, Italy and Greece in the late 1940s, given the battered state of the postwar European economy and the proximity of the Soviet Union.	postwar	-6.665297424407549
en_562	english	Washington became quite concerned, however, that local Communist parties might gain power in France, Italy and Greece in the late 1940s, given the battered state of the postwar European economy and the proximity of the Soviet Union.	proximity	-5.216048418964008
en_563	english	Washington became quite concerned, however, that local Communist parties might gain power in France, Italy and Greece in the late 1940s, given the battered state of the postwar European economy and the proximity of the Soviet Union.	gain	-4.126968294652163
en_564	english	Watch the dog to make sure he does not spit the pill out after eating the treat (if this happens, you will need to force the pill, as described below).	pill	-4.905935888287266
en_565	english	Watch the dog to make sure he does not spit the pill out after eating the treat (if this happens, you will need to force the pill, as described below).	described	-4.043896555952963
en_566	english	Watch the dog to make sure he does not spit the pill out after eating the treat (if this happens, you will need to force the pill, as described below).	spit	-5.173179119786258
en_567	english	We already discussed some of these, yet knowing about sets adds a new definition for each of the following ideas.	adds	-3.3515840747860883
en_568	english	We already discussed some of these, yet knowing about sets adds a new definition for each of the following ideas.	knowing	-2.3166779158224564
en_569	english	We already discussed some of these, yet knowing about sets adds a new definition for each of the following ideas.	definition	-4.394713003527949
en_570	english	We recommend this License principally for works whose purpose is instruction or reference.	whose	-4.34842076432532
en_571	english	We recommend this License principally for works whose purpose is instruction or reference.	principally	-5.987986480660394
en_572	english	We recommend this License principally for works whose purpose is instruction or reference.	instruction	-4.38487903104041
en_573	english	We will start by explaining how lucid dreaming works biologically.	explaining	-3.863560069445305
en_574	english	We will start by explaining how lucid dreaming works biologically.	dreaming	-3.9607527372733546
en_575	english	We will start by explaining how lucid dreaming works biologically.	lucid	-5.891076467652338
en_576	english	Weight loss requires your calorie intake to be lower than your calorie output, though neither should be done in the extreme.	extreme	-4.523805278746752
en_577	english	Weight loss requires your calorie intake to be lower than your calorie output, though neither should be done in the extreme.	intake	-4.995453045345749
en_578	english	Weight loss requires your calorie intake to be lower than your calorie output, though neither should be done in the extreme.	neither	-4.585725098205714
en_579	english	When I arrive to my destination, with the shaded patio still in view, I unfold the towels and lay comfortably on the reclining chair.	patio	-5.457524817345175
en_580	english	When I arrive to my destination, with the shaded patio still in view, I unfold the towels and lay comfortably on the reclining chair.	shaded	-4.519085556187423
en_581	english	When I arrive to my destination, with the shaded patio still in view, I unfold the towels and lay comfortably on the reclining chair.	unfold	-4.959341299210864
en_582	english	When a text fails to support this rule, it requires even a diligent student to needlessly repeat material.	fails	-4.138364681534707
en_583	english	When a text fails to support this rule, it requires even a diligent student to needlessly repeat material.	diligent	-5.709752681662979
en_584	english	When a text fails to support this rule, it requires even a diligent student to needlessly repeat material.	needlessly	-6.335872057184103
en_585	english	Yet the fact that scurvy is caused by lack of vitamin c was only discovered in 1932.	caused	-3.570665793884875
en_586	english	Yet the fact that scurvy is caused by lack of vitamin c was only discovered in 1932.	vitamin	-4.663189763038664
en_587	english	Yet the fact that scurvy is caused by lack of vitamin c was only discovered in 1932.	scurvy	-6.400990235768307
en_588	english	You devise more experiments to test your hypotheses, utilizing a flashlight to prove that you are indeed not blind.	utilizing	-4.549821849655852
en_589	english	You devise more experiments to test your hypotheses, utilizing a flashlight to prove that you are indeed not blind.	devise	-5.520849446847333
en_590	english	You devise more experiments to test your hypotheses, utilizing a flashlight to prove that you are indeed not blind.	flashlight	-5.421924142603951
en_591	english	You may extract a single document from such a collection, and distribute it individually under this License, provided you insert a copy of this License into the extracted document, and follow this License in all other respects regarding verbatim copying of that document.	extracted	-4.734087022802268
en_592	english	You may extract a single document from such a collection, and distribute it individually under this License, provided you insert a copy of this License into the extracted document, and follow this License in all other respects regarding verbatim copying of that document.	copy	-4.084126057983159
en_593	english	You may extract a single document from such a collection, and distribute it individually under this License, provided you insert a copy of this License into the extracted document, and follow this License in all other respects regarding verbatim copying of that document.	insert	-4.514084988771951
en_594	english	Your legal agreements should go through many iterations in the drafting process, with each iteration simplifying the terms, and improving its readability and usability.	improving	-3.953809395440925
en_595	english	Your legal agreements should go through many iterations in the drafting process, with each iteration simplifying the terms, and improving its readability and usability.	legal	-4.290450037466137
en_596	english	Your legal agreements should go through many iterations in the drafting process, with each iteration simplifying the terms, and improving its readability and usability.	drafting	-4.588175146912251
en_597	english	because the specific conjugation of a verb usually indicates which person is the subject.	verb	-4.915644659143075
en_598	english	because the specific conjugation of a verb usually indicates which person is the subject.	conjugation	-6.304080222760251
en_599	english	because the specific conjugation of a verb usually indicates which person is the subject.	indicates	-4.384448457905032
en_600	english	After Ron nearly dies drinking poisoned mead that was apparently intended for Professor Dumbledore, Hermione becomes so distraught that they end their feud for good.	feud	-5.69316967368367
