es_31_[4]	spanish	No obstante, sería imprudente ejecutar un proyecto únicamente con el resultado de un análisis de rentabilidad; puesto que, para realizar el flujo de caja proyectado se realizaron varios supuestos que no necesariamente tienen que cumplirse.	necesariamente	-1.3069131916882772
es_32_[2]	spanish	La quiebra del capítulo 13 permanece en tus antecedentes crediticios por al menos siete años.	antecedentes	-1.761780660014651
es_33_[1]	spanish	Esta modalidad de cheques posfechados no es avalada por la legislación de algunos países que considera que el cheque se convierte en un instrumento de crédito.	legislación	-1.894084167816639
es_34_[1]	spanish	Para realizar el presupuesto, digamos finalmente, que los autores que se han dedicado a este asunto y al de las finanzas personales y familiares, han propuesto diferentes modelos, alguno o algunos de los cuales presentaremos en el capítulo antes aludido.	aludido	-2.8345657008774796
es_35_[1]	spanish	De todas maneras, señala el Diccionario aludido, computable o medible en dinero.	computable	-3.590440556549971
es_36_[1]	spanish	El proceso está orientado para que se eduque de un modo gradual y constante en las habilidades y conocimientos requeridos para los negocios, finanzas e inversiones.	requeridos	-2.354912109642422
es_37_[2]	spanish	Existen ocho áreas fundamentales que debes tener en cuenta cuando planeas mantenerte tú mismo cuando te jubiles:	fundamentales	-1.3622969489522292
es_38_[1]	spanish	El caso más frecuente es el de la ansiedad, zozobra y desesperación por mantener y obtener cada vez ingresos más altos, lo cual creo se comprende como una resultante impuesta por la sociedad de consumo que nos rige.	resultante	-2.0948962190035223
es_39_[4]	spanish	Un problema de solvencia implica que la compañía no está generando rentabilidad para los accionistas y si este problema persiste, no tendría sentido seguir operando.	rentabilidad	-1.9286278710127098
es_40_[1]	spanish	El crédito personal es, igualmente, una facilidad crediticia en la cual la garantía del mismo es la promesa de pago incondicional de un deudor que goza de muy buena reputación y solvencia económica, moral y crediticia (Garantía fiduciaria).	igualmente	-1.1425076909577907
es_41_[1]	spanish	Si detecta algún dispositivo inusual o anormal en el equipo, añadidos, reparaciones mal hechas, no realice transacciones y notifique a la entidad financiera a la mayor brevedad posible.	inusual	-1.8678066340161588
es_42_[1]	spanish	El ingreso de una persona, de una familia o de una empresa, e incluso del Estado, es la cantidad de dinero que ésta recibe por realizar una actividad determinada remunerable (negocio, trabajo, venta de productos, etc.	remunerable	-4.28941056088599
es_43_[1]	spanish	En esta lista se deben incluir la casa, los alquileres, los servicios, alimentación, vestuario y otros gastos obvios.	obvios	-2.490070011432408
es_44_[1]	spanish	Se otorga sobre vehículos del año, 0 kilómetros, nuevos, de agencias reconocidas.	vehículos	-1.4468013212754276
es_45_[2]	spanish	Posiblemente sea mejor cambiar el auto por otro más barato o usar un medio de transporte alternativo, en vez de dejar que el acreedor recupere el auto, lo que dañaría tus antecedentes crediticios.	acreedor	-2.621957607996036
es_46_[1]	spanish	Los pagos electrónicos son aquellas transacciones en que se utilizan canales electrónicos para realizar pagos monetarios sin el empleo de efectivo como medio de pago.	utilizan	-1.1081387893265282
es_47_[1]	spanish	Los intereses corresponden a pagos que se realizan por la utilización de dinero por un cierto plazo.	utilización	-1.6889822351538586
es_48_[3]	spanish	Los principales delitos de este tipo son el tráfico de influencias, el fraude, el lavado de dinero, el cohecho, la quiebra fraudulenta y la estafa.	fraudulenta	-2.7708966210081023
es_49_[1]	spanish	Éste, está probado, no se tiene con el simple ahorro, o al menos con éste aquél es lento y no con la celeridad que quizás se desea, al fin y al cabo la vida es bastante corta y llena de permanentes riesgos y contingencias que es necesario enfrentar permanentemente.	celeridad	-2.612716951261123
es_50_[1]	spanish	No va a saber exactamente lo que cuesta cada uno de sus gastos mensuales (por ejemplo, los servicios), pero debe ser un estimativo bastante realista.	estimativo	-3.359991635171697
es_51_[3]	spanish	Este impuesto siempre está incorporado en el precio de las boletas de compras y ventas.	incorporado	-1.756656181893492
es_52_[1]	spanish	Control centralizado de cuentas: verificar el detalle de todas las cuentas (tanto corrientes como de ahorro) en una sola pantalla.	verificar	-1.451191338978364
es_53_[2]	spanish	Un ejemplo sería ahorrar al menos $5 000 cada año para invertir para la jubilación.	jubilación	-2.1295427137934233
es_54_[1]	spanish	Los bancos usan varios métodos para calcular los intereses y le toca a usted aprender cómo su banco computa estos cargos:	computa	-3.0852905782300653
es_55_[3]	spanish	Por ejemplo, cuando se invierte en una casa y se habita disfrutando de esta y además se puede obtener rentabilidad financiera en caso de venta o arriendo.	además	-0.47350090999921524
es_56_[4]	spanish	Las cifras también muestran un incremento en la capitalización de la compañía a través del aumento de acciones, superávit de capital y utilidades retenidas.	cifras	-1.590440556549971
es_57_[4]	spanish	Por cada $100 de ingresos, la empresa gana $3.80 de utilidad neta.	utilidad	-1.3434498573084213
es_58_[1]	spanish	La jerarquía de necesidades de Maslow (pirámide de Maslow) consta de 5 niveles: Los cuatro primeros niveles pueden ser agrupados como necesidades del déficit (Deficit needs); el nivel superior se le denomina como una necesidad del ser (being needs).	denomina	-1.6504224015423077
es_59_[1]	spanish	Sobre el particular, dicen que las personas dentro de una multitud son arrastradas a hacer cosas que solas no lo harían y, citan lo siguiente:	citan	-2.4866368355940143
es_60_[1]	spanish	El crédito de los ciudadanos en las cosas más nimias no debe ser esclavizado y dependiente de una multitud de oficiales subalternos de las rentas.	nimias	-3.745342516535714
es_61_[1]	spanish	Los que ahorran piden que se les pague un precio por postergar su consumo, y los que demandan el dinero ahorrado (piden un crédito) para hacer una inversión están dispuestos a pagar un precio por ese dinero con tal de no perder la oportunidad de invertir y sacar un mayor resultado.	postergar	-2.805110721539204
es_62_[3]	spanish	La última columna indica la diferencia favorable entre los flujos de ingresos por exportaciones menos los flujos de egresos por el pago de importaciones.	egresos	-2.8500778670557274
es_63_[2]	spanish	Pero si eso ocurre habitualmente, tienes un flujo de fondos negativo y tu presupuesto está desequilibrado.	ocurre	-0.9763874505627517
es_64_[1]	spanish	En virtud de estas y otras reflexiones fue que se diseñó este capítulo en el marco del Libro Maestro de la cual forma parte sustantiva.	sustantiva	-3.034138055782684
es_65_[1]	spanish	Afiliación: Están relacionadas con el desarrollo afectivo del individuo, son las necesidades de asociación, participación y aceptación en el grupo de trabajo, entre estas se encuentran: la amistad, el afecto y el amor.	individuo	-1.543555365712261
es_66_[1]	spanish	Antivirus es un programa informático específicamente diseñado para detectar y eliminar virus; el uso correcto permite el bloqueo infranqueable de los virus y demás códigos maliciosos.	infranqueable	-3.0852905782300653
es_67_[1]	spanish	En esta coyuntura surge el dinero que es casi un concepto abstracto, por lo simbólico, de allí la dificultad para algunos de definirlo y más para comprenderlo.	coyuntura	-2.3279894668195413
es_68_[1]	spanish	Estas alternativas permiten rendimientos más reducidos, mientras los de plazo definido consideran pago de intereses.	rendimientos	-2.2066251905695395
es_69_[3]	spanish	Los segundos enfatizan en la dependencia y pérdida de identidad cultural que traen las nuevas prácticas y costumbre foráneas.	enfatizan	-2.882870380452035
es_70_[1]	spanish	Para la operación óptima de dicha infraestructura ha sido necesaria la inversión de cifras millonarias de dinero para la compra, actualización y mantenimiento de equipo, redes de comunicación y software, con el fin de mantener los servicios operando las 24 horas de todos los días del año.	óptima	-1.8596582808835818
es_71_[2]	spanish	Es cierto que mis padres no tenían los medios financieros para que fuera a la universidad cuando terminé la secundaria, pero fue mi miedo lo que me impidió hacerlo.	financieros	-1.7229730686909195
es_72_[1]	spanish	Con frecuencia en el país la gente se queja del alto costo de vida, especialmente en los últimos tiempos, y esto porque los productos de uso inmediato, así como muchos de los servicios esenciales, aumentan su valor constantemente.	esenciales	-1.578447441890714
es_73_[1]	spanish	Esto es, la entrega del cheque no libera jurídicamente al deudor ni, consecuentemente extingue su débito.	extingue	-2.715379293158271
es_74_[4]	spanish	Si alguno de los rubros mencionados en estas tablas no involucra efectivo, entonces no debe considerarse para la elaboración del estado financiero.	involucra	-1.885432597216635
es_75_[3]	spanish	El precio de los bienes o servicios es determinado por el comprador ya que, al ser único, posee el poder de mercado y los numerosos oferentes deben adaptarse a sus exigencias.	oferentes	-3.1432825252077516
es_76_[1]	spanish	Si existe igualdad fiscal todos los ciudadanos tendrán constante necesidad de reunirse y de obrar en asuntos que a todos interesa y eso basta para conservar un nexo entre ellos.	nexo	-2.2460482828648605
es_77_[2]	spanish	Es cierto que algunas cuentas 401(k) te permiten pedir dinero prestado, pero hacerlo enlentece el ritmo de crecimiento de la cuenta.	enlentece	-3.6873505695580273
es_78_[3]	spanish	En la actualidad, los impuestos que recauda el fisco permiten financiar gasto e inversiones y actividades de bien general en beneficio de los habitantes del territorio.	recauda	-2.8500778670557274
es_79_[1]	spanish	Son diferentes las teorías psicológicas y psicosociales que sugieren la manera de llegar al cambio de las actitudes, las cuales afortunadamente no discrepan de manera preocupante.	afortunadamente	-1.4594638649443539
es_80_[1]	spanish	¡Cuánto más sencillo sería aceptar dinero de quien tuviere un aparato de televisión que necesitara reparación, y luego comprar sus comestibles y otros artículos con ese dinero!	sencillo	-0.8760269642628498
es_81_[1]	spanish	Su audiencia hasta este punto había sido muy cortés y receptiva, y había estado muy contenta con el material que ella había mostrado.	audiencia	-1.4399911470890905
es_82_[4]	spanish	Su valor indica que por cada dólar invertido en el negocio, la compañía genera $2.05 en ventas.	genera	-1.0696950850304887
es_83_[1]	spanish	La entidad bancaria o institución emisora de la tarjeta proporcionará un estado de cuenta de las transacciones efectuadas por un período de tiempo determinado.	proporcionará	-2.3917834695955484
es_84_[3]	spanish	En sus comienzos cada moneda valía alrededor de $300, a fines de 2019 llega a $15.000 y continúa con alzas y bajas.	comienzos	-1.8225429405318803
es_85_[1]	spanish	Como, en general, las personas no han recibido educación financiera, en el manejo que hacen de sus ingresos no prevén recursos que les permita tener alguna reserva económica para enfrentar alguna de las múltiples contingencias o imprevistos de que antes se ha hablado aquí.	prevén	-2.6361980471106463
es_86_[1]	spanish	Cuando empecé a estudiar las leyes fiscales (dice Mollien en sus Memorias) me horroricé de lo que veía: multas, prisiones, castigos corporales al arbitrio de tribunales especiales; los delegados tenían en sus manos a personas y bienes.	horroricé	-3.9883805652220086
es_87_[3]	spanish	Los primeros sostienen que la integración e interacción de las naciones favorece a todos los pueblos, sin importar su origen o latitud.	favorece	-1.771555141955961
es_88_[1]	spanish	Para lograr una buena administración de los recursos financieros, si aún no se ha hecho, es imprescindible iniciar un programa regular de planificación financiera.	imprescindible	-1.6182377181709064
es_89_[3]	spanish	Estado de flujo de efectivo igual que el estado de resultados, este informe es complementario al balance.	complementario	-2.2012744721854385
es_90_[4]	spanish	Éstos incluyen: sueldos, arriendos, seguros, mantenimientos, suministros, combustible, depreciaciones, entre otros.	depreciaciones	-3.549047871391746
es_91_[4]	spanish	Incluso, un mismo producto podría tener precio distinto para la misma persona, si ésta lo adquiere en sucursales que pertenezcan a diferentes estratos sociales.	estratos	-2.386320573894046
es_92_[2]	spanish	En el largo plazo, las acciones, en promedio, superan de forma sistemática y sustancial al efectivo y a la inflación.	inflación	-1.885432597216635
es_93_[3]	spanish	En general, se dice que la rentabilidad normal de una inversión en países desarrollados fluctúa, en promedio, entre el 6 % y el 8 % anual.	fluctúa	-2.784260582566084
es_94_[3]	spanish	En ciertos casos hay aranceles de referencia, como los que operan en el sector de la salud para determinadas prestaciones médicas.	aranceles	-2.6509213039313524
es_95_[4]	spanish	Es uno de los puestos claves de la organización, y en muchas ocasiones se lo reconoce como el segundo al mando luego del gerente general; quien lo supervisa, acorde a la estructura jerárquica.	luego	-0.42564173685651574
es_96_[2]	spanish	Casi todos los estados exigen a los automovilistas el seguro de responsabilidad para automóviles que cubre costos médicos y reparaciones del vehículo entre otros costos.	vehículo	-1.3533997651707803
es_97_[4]	spanish	Si este indicador baja de 1, implicaría que la empresa no está en capacidad de cubrir sus obligaciones de corto plazo con los activos líquidos que posee.	cubrir	-1.2638998880334091
es_98_[4]	spanish	Cuando este último caso sucede, el proyecto o la inversión no es económicamente rentable y no debe ejecutarse.	ejecutarse	-2.537362113066551
es_99_[4]	spanish	Entonces, esta persona se dirige a un banco con la factura y realiza una operación conocida como factoring.	factoring	-3.476497204243134
es_100_[4]	spanish	El administrador de escenarios es una herramienta en Excel que permite alterar múltiples variables con el objetivo de observar el efecto en otras variables de resultados.	observar	-1.0756272615506857
es_101_[1]	spanish	Para el conjunto de la economía, porque contribuyen de forma decisiva a la asignación eficiente de los recursos.	asignación	-2.050111081759097
es_102_[1]	spanish	Las deudas, la elaboración del presupuesto familiar, las cuentas por pagar, etc. pueden ser objeto de dolorosos conflictos familiares y, por esta razón, muchas parejas optan por no hablar de dinero para evitar disputas y con lo cual no se hacen ningún favor.	disputas	-2.1721392652302254
es_103_[1]	spanish	Elusión tributaria: Es una figura consistente en no pagar determinados impuestos que se han establecido, amparándose en subterfugios o resquicios legales, no previstos por el legislador en el momento de redactar la ley.	previstos	-2.394540904140737
es_104_[1]	spanish	El impuesto a los réditos es también un buen instrumento para conocer el monto de las rentas y de la riqueza nacional.	instrumento	-1.436625692205442
es_105_[1]	spanish	Los hombres se dedicaban preferentemente a la caza y confeccionaban los utensilios de piedra.	confeccionaban	-3.745342516535714
es_106_[4]	spanish	En este sentido, el análisis vertical permite responder la interrogante anterior, señalando el uso que se dio a los ingresos de la compañía en el período de análisis.	interrogante	-2.2460482828648605
es_107_[1]	spanish	Así se podrán reparar más rápido los carros, y se podrá recibir mayor número de los que actualmente se pueden atender.	número	-0.6336000663907375
es_108_[1]	spanish	Luego, haga un cuadro donde pueda colocar cuánto debe reunir semanal o mensualmente para lograr cada una de sus metas, dependiendo del plazo que éstas tengan.	colocar	-0.9948341216843679
es_109_[2]	spanish	Estas tarjetas acarrean pocos riesgos y te ayudan a crear buenos antecedentes crediticios al mostrar tu capacidad para usar una tarjeta con responsabilidad.	acarrean	-3.128042558651015
es_110_[2]	spanish	Los acreedores confían en la información crediticia para ver cómo has gestionado tus préstamos en el pasado y determinar qué posibilidades tienes de pagar un nuevo préstamo.	acreedores	-2.5610567788647614
es_111_[1]	spanish	Cheque de caja: se solicita al banco, y este procede a retirar el monto solicitado de la cuenta corriente o de inversión del solicitante o se deposita en la cuenta que el banco destine.	solicita	-1.9267396311603229
es_112_[1]	spanish	Las fuerzas de crecimiento dan lugar a un movimiento hacia arriba en la jerarquía, mientras que las fuerzas regresivas empujan las necesidades prepotentes hacia abajo en la misma.	prepotentes	-3.228712720532378
es_113_[1]	spanish	Prepararse para el futuro es también prepararse para la jubilación y para los posibles gastos médicos todo lo cual requiere planeación, ahorro y un número limitado de deudas.	requiere	-1.0969825055547826
es_114_[3]	spanish	El mercado es el lugar donde se transan las mercancías y los servicios; es la expresión que define el lugar físico o figurado donde se encuentran vendedores y compradores.	mercancías	-2.0353461079716517
es_115_[1]	spanish	En cambio, aunque desaparecieran todos los privilegios y quedara únicamente el privilegio fiscal, bastaría esta desigualdad para mantener separadas las clases, ya que nunca podrían reunirse para discutir y decidir los asuntos que más les interesan y los que con mayor frecuencia se suscitan.	suscitan	-2.9276827248683968
es_116_[4]	spanish	Finalmente, se incluye el valor positivo por la adquisición del préstamo y los valores negativos por la amortización de la deuda que se obtiene de la tabla 21.	amortización	-2.7579316438437345
es_117_[3]	spanish	Además de los anteriores, en la economía global hay indicadores financieros que entregan información sobre el pulso bursátil, el número y los montos de las transacciones de acciones de sociedades, bonos u otros instrumentos financieros y de inversión.	bursátil	-2.6661612704880895
es_118_[1]	spanish	Con lo anterior, surge otro paso en la planeación y lo que sigue lo explican muy bien los varias veces mencionados Alonso, Brailovsky y Ortiz y a lo cual queremos ceñirnos adaptándolo y trascribiéndolo aquí en toda su dimensión, dada su relevancia.	ceñirnos	-3.311686955597142
es_119_[2]	spanish	En la quiebra prevista en el capítulo 7, tus activos se venden y el dinero se divide entre tus acreedores.	divide	-1.4852711285506395
es_120_[3]	spanish	«El sistema de administración financiera del Estado comprende el conjunto de procesos administrativos que permiten la obtención de recursos y su aplicación a la concreción de los logros de los objetivos del Estado	comprende	-1.6615328663060183
es_121_[2]	spanish	Crea una lista de gastos previsibles y piensa cómo crees que gastas tu dinero en un mes normal.	previsibles	-3.022238832482976
es_122_[1]	spanish	Por no dejar pasar la oportunidad, usted puede ir a un vendedor de automóviles, escoger uno y pagarlo a plazos.	plazos	-1.950954067281385
es_123_[1]	spanish	Autorrealización: Son las más elevadas, se hallan en la cima de la jerarquía, a través de su satisfacción personal, encuentran un sentido a la vida mediante el desarrollo de su potencial en una actividad.	potencial	-1.2409687573355852
es_124_[4]	spanish	El segundo principio establece que no basta con incrementar las entradas de efectivo, sino que éstas deben acelerarse.	incrementar	-1.7313022592554401
es_125_[1]	spanish	Realizan una adecuación de las necesidades entre prestamistas y prestatarios en cuanto a cantidades y plazos.	prestatarios	-3.444312520871733
es_126_[4]	spanish	No obstante, dado que existe esa disminución, la tarea siguiente sería buscar qué pudo haber ocasionado esa variación.	disminución	-1.7056451926009901
es_127_[1]	spanish	Como resultado, una emergencia costosa, como la súbita pérdida de empleo o la acumulación de demasiadas cuentas médicas, podrían enviar a cualquier persona que no esté financieramente preparada a vivir endeudada durante años y, en algunos casos, a la bancarrota.	bancarrota	-2.3256227335404347
es_128_[1]	spanish	Los problemas de la economía urbana son en gran parte de naturaleza social, y las muchas propuestas para mejorar el bienestar social y económico de los grupos minoritarios indican una recia voluntad para cooperar en la solución de estos problemas.	recia	-2.9002444765214572
es_129_[1]	spanish	El seguimiento o monitoreo y evaluación, que es la tercera etapa, permitirá ir visualizando la puesta en marcha y el cumplimiento del plan de acción, para contribuir al logro de sus objetivos y metas, así como plantear recomendaciones para evitar desviaciones; es decir, una forma de evaluación concurrente.	desviaciones	-2.594805361952421
es_130_[1]	spanish	Los bienes y servicios utilizados por las personas o la sociedad para satisfacer sus necesidades se denominan satisfactores o productos, o simplemente bienes.	denominan	-2.081238034218868
es_131_[1]	spanish	Si se visita una fábrica de refrigeradoras y de estufas se encontrará que allí, según su tamaño, trabajan muchos obreros, quienes procesan las láminas de acero y construyen, con otras actividades los muebles metálicos.	estufas	-2.7708966210081023
es_132_[1]	spanish	Pero a muchas personas no les gusta ceñirse a él porque sencillamente no les gusta y porque los presupuestos contienen once de los obstáculos que impiden que estos se hagan.	ceñirse	-3.0719266166720836
es_133_[1]	spanish	El asegurado es quien se espera que tome la decisión sobre la cuantía del seguro, calculado sobre sus ingresos, para posibilitar la cuota que debe atender y también proyectando cual sería el valor o costo ajustado de los gastos familiares, tomando en cuenta también el tamaño y características de la familia.	cuantía	-2.479850846250722
es_134_[2]	spanish	Una de las mejores formas de gestionar el riesgo es distribuir tus inversiones y ahorros a través de diversos canales.	gestionar	-1.5237420061269757
es_135_[1]	spanish	Al momento de la entrega de estos cheques, el banco pide que el solicitante los firme, y solo podrá cobrarlos esta persona al firmar nuevamente los cheques en la parte de abajo, así la entidad que los recibe podrá cotejar que las firmas sean idénticas.	cotejar	-2.882870380452035
es_136_[4]	spanish	El punto de equilibrio, dependiendo del giro del negocio, puede expresarse en cantidades o en términos monetarios.	monetarios	-2.6661612704880895
es_137_[4]	spanish	Como se indicó al inicio del capítulo, para la construcción del EFE se emplean dos métodos: directo e indirecto.	emplean	-2.1118740609561275
es_138_[3]	spanish	Otras disposiciones, como el artículo 19 de la Ley de Bancos, establecen que estas entidades deben conservar los libros y documentación por diez años, salvo que la Superintendencia de Bancos e Instituciones Financieras autorice su destrucción con anterioridad.	disposiciones	-2.223084635523952
es_139_[1]	spanish	Es posible evitar el crecimiento de una deuda utilizando su tarjeta de crédito solamente cuando pueda cancelar la totalidad de su saldo todos los meses.	solamente	-0.6192111092737298
es_140_[4]	spanish	Al igual que se mencionó en la sección de la tabla de datos, el administrador de escenarios requiere que toda la información del flujo de caja se encuentre correctamente formulada antes de su ejecución.	ejecución	-1.5771818912664544
es_141_[1]	spanish	Estimado Cliente. Queremos informarle que personas inescrupulosas están solicitando información a nuestros clientes en nombre de nuestra Institución, por consiguiente, para verificar si su cuenta fue afectada ingrese en los siguientes campos su número de Tarjeta y contraseña...	inescrupulosas	-3.6873505695580273
es_142_[2]	spanish	Por ejemplo: Tengo que mantenerme al día con las tendencias, o me sentiré avergonzado.	mantenerme	-2.2030507302112414
es_143_[1]	spanish	Sin duda, estaremos de acuerdo en que el metal en un automóvil de último modelo es más útil que un montón de mineral de hierro o unos pocos lingotes de acero.	automóvil	-1.795255966867547
es_144_[1]	spanish	Eficiencia: Ausencia de despilfarro o utilización de los recursos económicos, que reporta el máximo nivel de satisfacción posible, con los factores y la tecnología dados.	despilfarro	-2.805110721539204
es_145_[3]	spanish	En el origen, los impuestos eran aplicados a las personas, por los soberanos y el clero, para financiar los asuntos de las castas gobernantes y ceremonias religiosas respectivamente.	clero	-2.460106788054965
es_146_[1]	spanish	También, deben considerarse, los aspectos relativos a la conceptualización e ideas generales sobre la historia de la tributación, su importancia, propósitos, características y equidad o justicia de un buen impuesto; la educabilidad y la dimensión moral de los impuestos y, los impuestos y las finanzas personales.	educabilidad	-4.590440556549971
es_147_[4]	spanish	En resumen, acorde a las tablas presentadas, se han incrementado los ingresos, las utilidades, la capitalización y el efectivo.	incrementado	-2.1250577051015527
es_148_[1]	spanish	En el primero, el bien o servicio se consume directamente y no es utilizado para generar otros productos.	generar	-0.9793548231350984
es_149_[1]	spanish	Se han logrado tremendos incrementos en la producción total como resultado del desarrollo de la energía eléctrica y hoy también la marina y la eólica que se están tratando de aprovechar para usos industriales y otros.	incrementos	-2.5412225338797896
es_150_[4]	spanish	Cobros derivados del reembolso de anticipos y préstamos a terceros (distintos de las operaciones de este tipo hechas por entidades financieras).	reembolso	-2.4633357581851634
es_151_[4]	spanish	La inversión requerida es de $15,000 que incluyen: $5,000 en maquinarias y equipos, $2,000 en mobiliario; el saldo corresponde al capital de trabajo.	requerida	-2.2580020966343657
es_152_[1]	spanish	Los ingresos activos están constituidos por el salario o sueldo que se percibe, cuando se tiene un empleo, honorarios que se cobran como contraprestación de servicios, comisiones y otros pagos de la misma naturaleza.	contraprestación	-2.882870380452035
es_153_[1]	spanish	La Economía como una disciplina científica que es y que tiene, por consiguiente, su propia estructura de conocimientos tiene asimismo una serie de principios y leyes como los siguientes: Los individuos se enfrentan a disyuntivas o alternativas.	individuos	-1.5882744947934633
es_154_[1]	spanish	La diferencia estriba en que mientras las necesidades de déficit pueden ser satisfechas, las necesidades del ser son una fuerza impelente continua.	estriba	-2.9276827248683968
es_155_[2]	spanish	Con intereses, ese monto de ahorros mensuales les permitiría ahorrar el pago inicial y comprar su vivienda en 24 meses.	inicial	-1.1854358914996015
es_156_[1]	spanish	espeluznante en relación con los gastos que uno debe hacer por alguna enfermedad.	espeluznante	-2.302638826619745
es_157_[3]	spanish	De partida, el tema concierne a todos los individuos y durante toda la vida, pues las finanzas explican la procedencia y uso de los ingresos y recursos que se disponen para satisfacer las necesidades particulares de todas y todos.	concierne	-2.2981844851934947
es_158_[1]	spanish	La riqueza con cara humana es lo que percibe y estudia el humanismo, y bajo esta óptica, es que debe inclinarse la educación financiera que deben tener todas las personas que se propongan como meta construir un futuro personal, familiar y social, tranquilo y sostenible.	percibe	-1.7630712834961457
es_159_[2]	spanish	Me merezco despilfarrar un poco de vez en cuando y será como una recompensa por mi esfuerzo.	despilfarrar	-3.175467208579153
es_160_[1]	spanish	Aplicarla no es fácil, porque usted tiene que demorar la gratificación de hoy para arreglar el desastre que hizo ayer.	gratificación	-2.573407217251191
es_161_[1]	spanish	La importancia y trascendencia de las funciones económicas del cheque, derivan de su consideración de medio o instrumento de pago.	trascendencia	-2.0538821139784407
es_162_[2]	spanish	Si solicitas una tarjeta de crédito, úsala para comprar cosas que puedes pagar y paga lo que debes a la brevedad.	solicitas	-2.882870380452035
es_163_[1]	spanish	canaliza hacia otra pareja que precisa de un préstamo hipotecario con el que afrontar el pago de la vivienda.	canaliza	-2.7096269642691797
es_164_[1]	spanish	Pues, el uso de mi chequera testimoniará que soy una persona cumplida y que soy ordenada en la administración de mis cuentas.	testimoniará	-4.590440556549971
es_165_[3]	spanish	Estos delitos son difíciles de probar y los ejecutores reciben bajas penas a pesar de que afectan pasivamente a gran cantidad de personas.	ejecutores	-2.882870380452035
es_166_[4]	spanish	Por ejemplo, considere una panadería que reemplace sus cajeros por ánforas; el pan se coloca en las perchas y se invita a los clientes a tomar el que quieran y comerlo.	ánforas	-3.022238832482976
es_167_[3]	spanish	En la década de los sesenta del siglo XX, el filósofo y comunicador canadiense Marshall McLuhan anticipó nuestras vidas en comunidad universal gracias a los progresos tecnológicos en comunicaciones e interconexiones humanas a escala global y acuñó la expresión «aldea global» para describir la tierra que habitamos.	interconexiones	-3.28941056088599
es_168_[1]	spanish	Sin embargo, la producción total y el nivel de vida están afectados por la composición y estructura de edades de la población, su educación y el tamaño de la fuerza obrera y productiva, la destreza y movilidad de los trabajadores y la laboriosidad y actitud psicológica de las personas.	estructura	-1.0193142794656593
es_169_[1]	spanish	Para vivir en ese clima de fe y optimismo, indispensable a la felicidad, hemos de hacer la guerra a dos enemigos: el escepticismo y los estados o fenómenos psicológicos enemigos del optimismo.	escepticismo	-2.4320780644547213
es_170_[3]	spanish	Está indexada con el IPC, de ahí que su fluctuación siga las variaciones del costo de la vida mensual, similar a la UF (unidad de fomento).	fluctuación	-2.727117696429515
es_171_[4]	spanish	El análisis de la teoría señalada es importante en las finanzas porque implica que un administrador no debe limitarse a establecer un precio acorde al costo de producción que mantiene.	señalada	-2.4381522121669144
es_172_[3]	spanish	Al mismo tiempo, como economía abierta al mundo, es un importador de bienes durables de uso doméstico e industrial, como automóviles, artículos electrónicos, vestuario y alimentos de consumo masivo.	bienes	-1.3917834695955482
es_173_[1]	spanish	Reducir los plazos y los costes de intermediación al facilitar la búsqueda de contrapartida para cada operación y agilizar los procedimientos de liquidación.	contrapartida	-2.507655186233521
es_174_[1]	spanish	La producción, digamos sencillamente que es, entre las diferentes acepciones del concepto y según el enfoque económico, crear cosas o servicios con valor económico.	acepciones	-2.9569721009703844
es_175_[4]	spanish	Los índices y razones presentan ratios de las cuentas de balance y estado de resultados con el objetivo de correlacionar información que no puede observarse a través del análisis vertical o el análisis horizontal.	ratios	-2.7708966210081023
es_176_[4]	spanish	Por ejemplo, si se incrementan los documentos por pagar, significa que la empresa se ha endeudado, por tanto, recibió efectivo.	incrementan	-2.469866625344121
es_177_[2]	spanish	Cómo y cuándo usar los fondos del plan jubilatorio, saber cuáles son las distribuciones mínimas exigidas y abrir cuentas de ahorros jubilatorios, por tu cuenta o a través de tu empleador.	jubilatorios	-3.8914705522139523
es_178_[1]	spanish	La clave para lograr sus objetivos financieros, personales y familiares, es planificarlos apropiadamente y darles mucho seguimiento a través de este presupuesto.	apropiadamente	-2.490070011432408
es_179_[1]	spanish	El Banco Mundial, en el libro demarcar la pobreza	demarcar	-3.5112593105023464
es_180_[4]	spanish	La reducción de estas dos últimas puede colaborar al mencionado incremento del efectivo, ya sea por procesos de cobranzas o incrementos en ventas.	incremento	-1.7056451926009901
es_181_[1]	spanish	Algunos de ustedes tienen grandes deudas, han cavado un gran hoyo y se demoraron bastante tiempo en caer en esa hondonada, por lo tanto van a requerir de tiempo para salir de ella.	demoraron	-2.819588544907827
es_182_[1]	spanish	Es importante pensar que cuando se exceden los tiempos para el pago de ellos se sufren unos recargos que, aunque a veces parezca que son intrascendentes o poco gravosos, de alguna manera afectan el presupuesto personal o familiar y esto sin mencionar otros inconvenientes, dificultades o problemas que acarrea tal incumplimiento.	acarrea	-2.621957607996036
es_183_[2]	spanish	Por ejemplo, generalmente la hipoteca es uno de los mejores tipos de endeudamiento, porque la mayoría de las viviendas aumenta de valor con el paso del tiempo.	endeudamiento	-2.497018871387736
es_184_[1]	spanish	Los tipos de seguros disponibles se expanden y se ha llegado al grado en que el sector financiero está muy directamente relacionado con el tema.	expanden	-2.6081693235104026
es_185_[1]	spanish	Pero uno no puede dejar que el derrotismo lo detenga e impida que haga un presupuesto.	derrotismo	-3.444312520871733
es_186_[3]	spanish	En espacios monopólicos, el comprador no tiene la posibilidad de seleccionar, en uno u otro oferente, lo que le parezca más conveniente, como sí lo hace en mercados competitivos.	oferente	-3.476497204243134
es_187_[2]	spanish	El seguro de responsabilidad civil, también denominado de cobertura completa, te protege ante las reclamaciones de terceros por lesiones y daños a la propiedad.	reclamaciones	-2.4114636092568014
es_188_[3]	spanish	El lucro, en cambio, aunque es un sinónimo de utilidad, ganancias o beneficio, es la expresión peyorativa de la utilidad.	peyorativa	-3.1432825252077516
es_189_[3]	spanish	Estos trabajadores debían entregar a la empresa una boleta por los honorarios, donde se señalaba claramente el monto del total, el descuento del 10 % y la suma por recibir, además de los datos del trabajador y del destinatario.	destinatario	-2.4633357581851634
es_190_[1]	spanish	Tal vez se cuestione por qué tiene que someterse a esta disciplina e inconveniencia de presupuestar su propia vida.	cuestione	-2.8270125629870337
es_191_[1]	spanish	Las transacciones en cajeros deben ser personalizadas, no preste su tarjeta y no de la clave a ningún amigo o conocido para que realice las transacciones por usted.	personalizadas	-2.107566972941217
es_192_[1]	spanish	Tiene que educarse activamente en estas materias (rendimientos, balances y contabilidad, negocios, mercados, negociación, contratos) y desarrollar aptitudes comerciales.	aptitudes	-2.344927888735821
es_193_[1]	spanish	Tal vez una familia numerosa ocupaba una pocilga o una pequeña parte de un inquilinato, compuesta de dos o tres cuartos.	inquilinato	-3.8914705522139523
es_194_[1]	spanish	La tarea fundamental de la empresa es la de organizar y poner en acción los factores productivos que son los recursos naturales (materias primas), el trabajo y el capital, para transformarlos en bienes y servicios.	fundamental	-1.0464966140670646
es_195_[1]	spanish	El problema es que esas penalizaciones tienen a la larga una repercusión negativa en la historia de crédito, la cual es muy importante en todas las finanzas y desde luego, en las finanzas personales y familiares.	penalizaciones	-3.0589616395077157
es_196_[1]	spanish	El desempleo involuntario es un fenómeno muy común y que se ha acentuado calamitosamente en los últimos tiempos, en los países y en las economías modernas.	acentuado	-2.661021630835678
es_197_[3]	spanish	De cierto modo, lo global se contrapone a lo tribal, entendiendo esto último como la conveniencia de la defensa de las culturas locales, en su mayoría de orígenes ancestrales.	contrapone	-2.8345657008774796
es_198_[2]	spanish	A continuación, te presentamos un panorama general de los tipos de inversiones habituales.	habituales	-1.7113446770498983
es_199_[1]	spanish	Los accionistas comunes están sujetos a que la compañía decida no distribuir los dividendos y que los montos distribuidos fluctúen considerablemente de un periodo a otro.	fluctúen	-3.812289306166327
es_200_[1]	spanish	Al igual que en el resto de las disciplinas, en la Economía se distinguen tres tipos fundamentales de leyes: Leyes causales: las determinan las relaciones en las que, a continuación de un hecho, acción o acto determinado, sobreviene constantemente otro hecho determinado, en un lapso determinado.	sobreviene	-3.0463725121996954
es_201_[1]	spanish	Esta circunstancia o familiaridad hace que el concepto sea comprendido fácilmente, aunque quizás no el uso o manejo adecuado, ya que para este se requieren otras habilidades y valores más que el solo conocimiento.	circunstancia	-1.6630701935109475
es_202_[2]	spanish	Evalúa dar al menos algunos de los siguientes pasos: Antes de omitir un pago, llama a tus acreedores para analizar las opciones.	omitir	-2.107566972941217
es_203_[1]	spanish	La austeridad significa realizar el gasto necesario y está asociado al ahorro, que tiene una connotación completamente diferente al de avaricia que se refiere a un afán desordenado de poseer riquezas o dinero para atesorarlo, que puede inducir a actuar con envidia y actos negativos.	connotación	-2.167194682613163
es_204_[4]	spanish	Acorde a los datos presentados se puede observar que a pesar de observarse un crecimiento del 0.7% en el total de activos circulantes; esta cuenta está utilizando un menor porcentaje de los recursos totales invertidos entre el 2016 y el 2017.	circulantes	-3.1432825252077516
es_205_[2]	spanish	Si te denegaron un crédito, tienes derecho a obtener un informe crediticio gratis.	denegaron	-3.549047871391746
es_206_[2]	spanish	Si la agencia determina que la información que contiene el informe es inexacta, el acreedor debe notificar a las otras agencias de informes crediticios sobre la existencia del error para que ellos también puedan corregir la información.	inexacta	-3.128042558651015
es_207_[2]	spanish	Anteriormente, mencionamos las formas de averiguar a dónde va a parar tu dinero y cómo detener las fugas de dinero.	averiguar	-1.5167222062038483
es_208_[4]	spanish	Por otra parte, el tercer principio se orienta a los egresos y señala: disminuir las salidas de dinero	disminuir	-1.513800112879629
es_209_[1]	spanish	Todos los habitantes de la sociedad toman decisiones económicas, para mejorar sus remuneraciones, su consumo y, consecuentemente, elevar su bienestar.	remuneraciones	-3.1133193018303085
es_210_[4]	spanish	Dependiendo de las circunstancias y particularidades de cada proyecto, es posible que tenga que evaluarse la rentabilidad ante movimientos de tres o más variables.	particularidades	-2.047615129590791
es_211_[1]	spanish	El Banco Mundial, al definir la pobreza, establece un tope de ingreso de un dólar al día por persona.	tope	-1.436016583435324
es_212_[1]	spanish	Para poder cumplir con los nuevos pedidos, la empresa necesita construir nuevos hornos, comprar más materiales y contratar más personas para su manejo y el de las nuevas máquinas que también se tuvo que adquirir.	adquirir	-1.3096346281563043
es_213_[1]	spanish	La mejor forma de evitar el pago de tasas de interés altas y penalidades, es llevando la cuenta de los gastos realizados con su tarjeta de crédito.	penalidades	-2.798048867051717
es_214_[1]	spanish	Cada vez que ellos se metían en una situación que no les gustaba, las primeras palabras que balbuceaban era	balbuceaban	-4.590440556549971
es_215_[1]	spanish	Una incapacidad, y máxime si se trata de una incapacidad total es supremamente complicada para cualquier persona, y algunos dicen que lo es más que la misma muerte prematura, porque además de la pérdida de la fuente generadora de ingresos hay que sumar por lo general los gastos médicos.	supremamente	-2.2981844851934947
es_216_[3]	spanish	Para ello disponen de sistemas de información que les proporcionan datos financieros y no financieros periódicamente.	proporcionan	-1.8949588800597734
es_217_[1]	spanish	La lista de cuentas aludida es invaluable para la familia si usted llega a estar incapacitado o muere repentinamente.	aludida	-3.210229314838365
es_218_[3]	spanish	Cada año, en los meses de marzo y abril, el Servicio de Impuestos Internos propone declaraciones digitales a los contribuyentes (declaraciones de renta precalculadas por la institución), particularmente para personas naturales y pequeñas empresas.	particularmente	-1.4091687849905095
es_219_[3]	spanish	Diez años si la prescripción se interrumpe mediante reconocimiento escrito de la obligación tributaria por parte del contribuyente.	prescripción	-2.4381522121669144
es_220_[1]	spanish	Hoy en día han surgido los diferentes medios de pago (antes mencionados) que eliminan el riesgo de robo y se pueden recuperar en caso de extravío, son fáciles de manejar y permiten el control de ingresos y gastos.	extravío	-3.022238832482976
es_221_[1]	spanish	Por consiguiente, primero compran las cosas que necesitan, después las que más desean y prescinden de lo demás.	prescinden	-3.745342516535714
es_222_[4]	spanish	Por ejemplo, en la tabla anterior se muestra una reducción de los Otros Ingresos, sin embargo no se puede identificar cuál es la razón para dicha reducción.	razón	-0.7940744015724497
es_223_[2]	spanish	Con frecuencia, estas compañías cobran honorarios costosos por cosas que podrías hacer tú mismo.	costosos	-2.08664987349279
es_224_[1]	spanish	También, en los países existen otras instituciones depositarias de ahorros como las cajas de ahorro, asociaciones de ahorro y préstamo, por ejemplo que, por lo general, otorgan préstamos hipotecarios para vivienda, préstamos al consumidor o para fines específicos.	otorgan	-2.1995054494465918
es_225_[1]	spanish	El documento antes citado, la define también como: el rompimiento del equilibrio psicofisiológico que experimenta el ser humano, provocado por la falta o exceso de algo.	rompimiento	-2.573407217251191
es_226_[1]	spanish	La función de concentración de recursos, tiene que ver con la racionalidad de las personas que invierten al decidir cómo y dónde destinar sus recursos financieros, teniendo en cuenta la evaluación que realicen de la relación riesgo	racionalidad	-2.4935305435419144
es_227_[1]	spanish	Después surgió la moneda y posteriormente surgió el papel-moneda, que por mucho tiempo fueron los principales medios para los intercambios comerciales.	surgió	-1.4515066162930472
es_228_[1]	spanish	A éstos se les coloca una fecha posterior al momento en que se elabora el cheque, como manera de recordarle al que lo recibe que la cuenta no tendrá los fondos suficientes si no hasta el día que se indica en el cheque y que sólo entonces podrá hacerlo efectivo.	coloca	-1.4009502428506035
es_229_[1]	spanish	Colisión: Choque de dos cuerpos. Oposición y pugna de ideas, principios o intereses. Parte del ingreso que no se destina al ahorro, sino que es aplicado a la adquisición de alimentos, educación, ocio, entre otros.	pugna	-2.6036688222837263
es_230_[3]	spanish	La corrupción, en tanto, es lo opuesto a la honradez y se la asocia con el vicio, el soborno, la perversión y otros calificativos vinculados a lo inmoral y a la falta de ética personal y empresarial en el actuar.	asocia	-1.8628992995214146
es_231	spanish	No obstante, sería imprudente ejecutar un proyecto únicamente con el resultado de un análisis de rentabilidad; puesto que, para realizar el flujo de caja proyectado se realizaron varios supuestos que no necesariamente tienen que cumplirse.	únicamente	-1.1721392652302256
es_232	spanish	La quiebra del capítulo 13 permanece en tus antecedentes crediticios por al menos siete años.	permanece	-1.6187009656621927
es_233	spanish	Esta modalidad de cheques posfechados no es avalada por la legislación de algunos países que considera que el cheque se convierte en un instrumento de crédito.	avalada	-2.8500778670557274
es_234	spanish	Para realizar el presupuesto, digamos finalmente, que los autores que se han dedicado a este asunto y al de las finanzas personales y familiares, han propuesto diferentes modelos, alguno o algunos de los cuales presentaremos en el capítulo antes aludido.	familiares	-1.143592846394162
es_235	spanish	De todas maneras, señala el Diccionario aludido, mercantilista entre riqueza y dinero, y persiste más aún el concepto de la riqueza material computable o medible en dinero.	mercantilista	-3.311686955597142
es_236	spanish	El proceso está orientado para que se eduque de un modo gradual y constante en las habilidades y conocimientos requeridos para los negocios, finanzas e inversiones.	eduque	-2.9569721009703844
es_237	spanish	Existen ocho áreas fundamentales que debes tener en cuenta cuando planeas mantenerte tú mismo cuando te jubiles:	jubiles	-3.6873505695580273
es_238	spanish	El caso más frecuente es el de la ansiedad, zozobra y desesperación por mantener y obtener cada vez ingresos más altos, lo cual creo se comprende como una resultante impuesta por la sociedad de consumo que nos rige.	zozobra	-2.9183426986142535
es_239	spanish	Un problema de solvencia implica que la compañía no está generando rentabilidad para los accionistas y si este problema persiste, no tendría sentido seguir operando.	compañía	-1.0777561603328074
es_240	spanish	El crédito personal es, igualmente, una facilidad crediticia en la cual la garantía del mismo es la promesa de pago incondicional de un deudor que goza de muy buena reputación y solvencia económica, moral y crediticia (Garantía fiduciaria).	crediticia	-2.8914705522139523
es_241	spanish	Si detecta algún dispositivo inusual o anormal en el equipo, añadidos, reparaciones mal hechas, no realice transacciones y notifique a la entidad financiera a la mayor brevedad posible.	notifique	-2.316282707286291
es_242	spanish	El ingreso de una persona, de una familia o de una empresa, e incluso del Estado, es la cantidad de dinero que ésta recibe por realizar una actividad determinada remunerable (negocio, trabajo, venta de productos, etc.	determinada	-1.4728378648598868
es_243	spanish	En esta lista se deben incluir la casa, los alquileres, los servicios, alimentación, vestuario y otros gastos obvios.	incluir	-1.3279894668195416
es_244	spanish	Se otorga sobre vehículos del año, 0 kilómetros, nuevos, de agencias reconocidas.	reconocidas	-1.979780393460091
es_245	spanish	Posiblemente sea mejor cambiar el auto por otro más barato o usar un medio de transporte alternativo, en vez de dejar que el acreedor recupere el auto, lo que dañaría tus antecedentes crediticios.	dañaría	-3.0719266166720836
es_246	spanish	Los pagos electrónicos son aquellas transacciones en que se utilizan canales electrónicos para realizar pagos monetarios sin el empleo de efectivo como medio de pago.	realizar	-0.802625989486948
es_247	spanish	Los intereses corresponden a pagos que se realizan por la utilización de dinero por un cierto plazo.	realizan	-1.4305727094574043
es_248	spanish	Los principales delitos de este tipo son el tráfico de influencias, el fraude, el lavado de dinero, el cohecho, la quiebra fraudulenta y la estafa.	cohecho	-2.9883805652220086
es_249	spanish	Éste, está probado, no se tiene con el simple ahorro, o al menos con éste aquél es lento y no con la celeridad que quizás se desea, al fin y al cabo la vida es bastante corta y llena de permanentes riesgos y contingencias que es necesario enfrentar permanentemente.	enfrentar	-1.368244510248251
es_250	spanish	No va a saber exactamente lo que cuesta cada uno de sus gastos mensuales (por ejemplo, los servicios), pero debe ser un estimativo bastante realista.	realista	-1.6032213266419661
es_251	spanish	Este impuesto siempre está incorporado en el precio de las boletas de compras y ventas.	boletas	-2.6509213039313524
es_252	spanish	Control centralizado de cuentas: verificar el detalle de todas las cuentas (tanto corrientes como de ahorro) en una sola pantalla.	centralizado	-2.3973159581955095
es_253	spanish	Un ejemplo sería ahorrar al menos $5 000 cada año para invertir para la jubilación.	ahorrar	-1.417254288137697
es_254	spanish	Los bancos usan varios métodos para calcular los intereses y le toca a usted aprender cómo su banco computa estos cargos:	usan	-1.1933700065905624
es_255	spanish	Por ejemplo, cuando se invierte en una casa y se habita disfrutando de esta y además se puede obtener rentabilidad financiera en caso de venta o arriendo.	arriendo	-2.671362464173897
es_256	spanish	Las cifras también muestran un incremento en la capitalización de la compañía a través del aumento de acciones, superávit de capital y utilidades retenidas.	utilidades	-2.11043361359282
es_257	spanish	La jerarquía de necesidades de Maslow (pirámide de Maslow) consta de 5 niveles: Los cuatro primeros niveles pueden ser agrupados como necesidades del déficit (Deficit needs); el nivel superior se le denomina como una necesidad del ser (being needs).	consta	-1.5478650441097803
es_258	spanish	Sobre el particular, dicen que las personas dentro de una multitud son arrastradas a hacer cosas que solas no lo harían y, citan lo siguiente:	solas	-1.553412676794196
es_259	spanish	El crédito de los ciudadanos en las cosas más nimias no debe ser esclavizado y dependiente de una multitud de oficiales subalternos de las rentas.	rentas	-2.2249525716590712
es_260	spanish	Los que ahorran piden que se les pague un precio por postergar su consumo, y los que demandan el dinero ahorrado (piden un crédito) para hacer una inversión están dispuestos a pagar un precio por ese dinero con tal de no perder la oportunidad de invertir y sacar un mayor resultado.	ahorran	-2.4665889155828853
es_261	spanish	La última columna indica la diferencia favorable entre los flujos de ingresos por exportaciones menos los flujos de egresos por el pago de importaciones.	favorable	-1.7416358554981672
es_262	spanish	Pero si eso ocurre habitualmente, tienes un flujo de fondos negativo y tu presupuesto está desequilibrado.	desequilibrado	-2.6873505695580273
es_263	spanish	En virtud de estas y otras reflexiones fue que se diseñó este capítulo en el marco del Libro Maestro de la cual forma parte sustantiva.	reflexiones	-1.7422514395585722
es_264	spanish	Afiliación: Están relacionadas con el desarrollo afectivo del individuo, son las necesidades de asociación, participación y aceptación en el grupo de trabajo, entre estas se encuentran: la amistad, el afecto y el amor.	afecto	-1.732505291830542
es_265	spanish	Antivirus es un programa informático específicamente diseñado para detectar y eliminar virus; el uso correcto permite el bloqueo infranqueable de los virus y demás códigos maliciosos.	maliciosos	-2.7775271999071154
es_266	spanish	En esta coyuntura surge el dinero que es casi un concepto abstracto, por lo simbólico, de allí la dificultad para algunos de definirlo y más para comprenderlo.	abstracto	-2.0666940897384065
es_267	spanish	Estas alternativas permiten rendimientos más reducidos, mientras los de plazo definido consideran pago de intereses.	alternativas	-1.4897254699768894
es_268	spanish	Los segundos enfatizan en la dependencia y pérdida de identidad cultural que traen las nuevas prácticas y costumbre foráneas.	foráneas	-3.1925005478779336
es_269	spanish	Para la operación óptima de dicha infraestructura ha sido necesaria la inversión de cifras millonarias de dinero para la compra, actualización y mantenimiento de equipo, redes de comunicación y software, con el fin de mantener los servicios operando las 24 horas de todos los días del año.	infraestructura	-1.637648113505879
es_270	spanish	Es cierto que mis padres no tenían los medios financieros para que fuera a la universidad cuando terminé la secundaria, pero fue mi miedo lo que me impidió hacerlo.	secundaria	-1.5167222062038483
es_271	spanish	Con frecuencia en el país la gente se queja del alto costo de vida, especialmente en los últimos tiempos, y esto porque los productos de uso inmediato, así como muchos de los servicios esenciales, aumentan su valor constantemente.	constantemente	-1.131198891671889
es_272	spanish	Esto es, la entrega del cheque no libera jurídicamente al deudor ni, consecuentemente extingue su débito.	libera	-1.6454646481379231
es_273	spanish	Si alguno de los rubros mencionados en estas tablas no involucra efectivo, entonces no debe considerarse para la elaboración del estado financiero.	considerarse	-1.9029115953353366
es_274	spanish	El precio de los bienes o servicios es determinado por el comprador ya que, al ser único, posee el poder de mercado y los numerosos oferentes deben adaptarse a sus exigencias.	exigencias	-1.9479760363078495
es_275	spanish	Si existe igualdad fiscal todos los ciudadanos tendrán constante necesidad de reunirse y de obrar en asuntos que a todos interesa y eso basta para conservar un nexo entre ellos.	conservar	-1.5119837384966783
es_276	spanish	Es cierto que algunas cuentas 401(k) te permiten pedir dinero prestado, pero hacerlo enlentece el ritmo de crecimiento de la cuenta.	pedir	-0.951851473257254
es_277	spanish	En la actualidad, los impuestos que recauda el fisco permiten financiar gasto e inversiones y actividades de bien general en beneficio de los habitantes del territorio.	financiar	-1.9239225759950902
es_278	spanish	Son diferentes las teorías psicológicas y psicosociales que sugieren la manera de llegar al cambio de las actitudes, las cuales afortunadamente no discrepan de manera preocupante.	teorías	-1.5134362297566206
es_279	spanish	¡Cuánto más sencillo sería aceptar dinero de quien tuviere un aparato de televisión que necesitara reparación, y luego comprar sus comestibles y otros artículos con ese dinero!	comprar	-0.8240277094375714
es_280	spanish	Su audiencia hasta este punto había sido muy cortés y receptiva, y había estado muy contenta con el material que ella había mostrado.	mostrado	-1.4314752961665607
es_281	spanish	Su valor indica que por cada dólar invertido en el negocio, la compañía genera $2.05 en ventas.	invertido	-1.6534244490851568
es_282	spanish	La entidad bancaria o institución emisora de la tarjeta proporcionará un estado de cuenta de las transacciones efectuadas por un período de tiempo determinado.	efectuadas	-3.0463725121996954
es_283	spanish	Como, en general, las personas no han recibido educación financiera, en el manejo que hacen de sus ingresos no prevén recursos que les permita tener alguna reserva económica para enfrentar alguna de las múltiples contingencias o imprevistos de que antes se ha hablado aquí.	permita	-1.3268044879618628
es_284	spanish	Cuando empecé a estudiar las leyes fiscales (dice Mollien en sus Memorias) me horroricé de lo que veía: multas, prisiones, castigos corporales al arbitrio de tribunales especiales; los delegados tenían en sus manos a personas y bienes.	empecé	-1.133467542914153
es_285	spanish	Los primeros sostienen que la integración e interacción de las naciones favorece a todos los pueblos, sin importar su origen o latitud.	sostienen	-1.9286278710127098
es_286	spanish	Para lograr una buena administración de los recursos financieros, si aún no se ha hecho, es imprescindible iniciar un programa regular de planificación financiera.	regular	-1.2678078448577477
es_287	spanish	Estado de flujo de efectivo igual que el estado de resultados, este informe es complementario al balance.	balance	-1.552615805961629
es_288	spanish	Éstos incluyen: sueldos, arriendos, seguros, mantenimientos, suministros, combustible, depreciaciones, entre otros.	arriendos	-3.386320573894046
es_289	spanish	Incluso, un mismo producto podría tener precio distinto para la misma persona, si ésta lo adquiere en sucursales que pertenezcan a diferentes estratos sociales.	distinto	-1.151581897129409
es_290	spanish	En el largo plazo, las acciones, en promedio, superan de forma sistemática y sustancial al efectivo y a la inflación.	efectivo	-1.3303691685648962
es_291	spanish	En general, se dice que la rentabilidad normal de una inversión en países desarrollados fluctúa, en promedio, entre el 6 % y el 8 % anual.	desarrollados	-1.894084167816639
es_292	spanish	En ciertos casos hay aranceles de referencia, como los que operan en el sector de la salud para determinadas prestaciones médicas.	prestaciones	-1.9362640146720105
es_293	spanish	Es uno de los puestos claves de la organización, y en muchas ocasiones se lo reconoce como el segundo al mando luego del gerente general; quien lo supervisa, acorde a la estructura jerárquica.	jerárquica	-2.5776033318447986
es_294	spanish	Casi todos los estados exigen a los automovilistas el seguro de responsabilidad para automóviles que cubre costos médicos y reparaciones del vehículo entre otros costos.	automóviles	-1.9499591195795491
es_295	spanish	Si este indicador baja de 1, implicaría que la empresa no está en capacidad de cubrir sus obligaciones de corto plazo con los activos líquidos que posee.	posee	-1.3325221062359125
es_296	spanish	Cuando este último caso sucede, el proyecto o la inversión no es económicamente rentable y no debe ejecutarse.	rentable	-1.7337116661670884
es_297	spanish	Entonces, esta persona se dirige a un banco con la factura y realiza una operación conocida como factoring.	banco	-1.2501947949820393
es_298	spanish	El administrador de escenarios es una herramienta en Excel que permite alterar múltiples variables con el objetivo de observar el efecto en otras variables de resultados.	alterar	-1.8277619928225348
es_299	spanish	Para el conjunto de la economía, porque contribuyen de forma decisiva a la asignación eficiente de los recursos.	contribuyen	-1.9982637991541041
es_300	spanish	Las deudas, la elaboración del presupuesto familiar, las cuentas por pagar, etc. pueden ser objeto de dolorosos conflictos familiares y, por esta razón, muchas parejas optan por no hablar de dinero para evitar disputas y con lo cual no se hacen ningún favor.	optan	-2.4085969686051985
es_301	spanish	Elusión tributaria: Es una figura consistente en no pagar determinados impuestos que se han establecido, amparándose en subterfugios o resquicios legales, no previstos por el legislador en el momento de redactar la ley.	subterfugios	-3.476497204243134
es_302	spanish	El impuesto a los réditos es también un buen instrumento para conocer el monto de las rentas y de la riqueza nacional.	réditos	-2.9276827248683968
es_303	spanish	Los hombres se dedicaban preferentemente a la caza y confeccionaban los utensilios de piedra.	utensilios	-2.0839355241450987
es_304	spanish	En este sentido, el análisis vertical permite responder la interrogante anterior, señalando el uso que se dio a los ingresos de la compañía en el período de análisis.	vertical	-1.4143492974942897
es_305	spanish	Así se podrán reparar más rápido los carros, y se podrá recibir mayor número de los que actualmente se pueden atender.	carros	-1.6395890976614247
es_306	spanish	Luego, haga un cuadro donde pueda colocar cuánto debe reunir semanal o mensualmente para lograr cada una de sus metas, dependiendo del plazo que éstas tengan.	dependiendo	-0.9924164842157813
es_307	spanish	Estas tarjetas acarrean pocos riesgos y te ayudan a crear buenos antecedentes crediticios al mostrar tu capacidad para usar una tarjeta con responsabilidad.	tarjetas	-1.5282347477302582
es_308	spanish	Los acreedores confían en la información crediticia para ver cómo has gestionado tus préstamos en el pasado y determinar qué posibilidades tienes de pagar un nuevo préstamo.	gestionado	-2.357444446157817
es_309	spanish	Cheque de caja: se solicita al banco, y este procede a retirar el monto solicitado de la cuenta corriente o de inversión del solicitante o se deposita en la cuenta que el banco destine.	deposita	-2.3303691685648964
es_310	spanish	Las fuerzas de crecimiento dan lugar a un movimiento hacia arriba en la jerarquía, mientras que las fuerzas regresivas empujan las necesidades prepotentes hacia abajo en la misma.	jerarquía	-1.9046988179477073
es_311	spanish	Prepararse para el futuro es también prepararse para la jubilación y para los posibles gastos médicos todo lo cual requiere planeación, ahorro y un número limitado de deudas.	deudas	-1.7560198528684383
es_312	spanish	El mercado es el lugar donde se transan las mercancías y los servicios; es la expresión que define el lugar físico o figurado donde se encuentran vendedores y compradores.	transan	-3.6361980471106463
es_313	spanish	En cambio, aunque desaparecieran todos los privilegios y quedara únicamente el privilegio fiscal, bastaría esta desigualdad para mantener separadas las clases, ya que nunca podrían reunirse para discutir y decidir los asuntos que más les interesan y los que con mayor frecuencia se suscitan.	separadas	-1.6819555376713213
es_314	spanish	Finalmente, se incluye el valor positivo por la adquisición del préstamo y los valores negativos por la amortización de la deuda que se obtiene de la tabla 21.	tabla	-1.3151292020081593
es_315	spanish	Además de los anteriores, en la economía global hay indicadores financieros que entregan información sobre el pulso bursátil, el número y los montos de las transacciones de acciones de sociedades, bonos u otros instrumentos financieros y de inversión.	montos	-2.3474025078636767
es_316	spanish	Con lo anterior, surge otro paso en la planeación y lo que sigue lo explican muy bien los varias veces mencionados Alonso, Brailovsky y Ortiz y a lo cual queremos ceñirnos adaptándolo y trascribiéndolo aquí en toda su dimensión, dada su relevancia.	queremos	-0.664098109924316
es_317	spanish	En la quiebra prevista en el capítulo 7, tus activos se venden y el dinero se divide entre tus acreedores.	prevista	-2.096285962531528
es_318	spanish	«El sistema de administración financiera del Estado comprende el conjunto de procesos administrativos que permiten la obtención de recursos y su aplicación a la concreción de los logros de los objetivos del Estado [	concreción	-2.6081693235104026
es_319	spanish	Crea una lista de gastos previsibles y piensa cómo crees que gastas tu dinero en un mes normal.	piensa	-1.0217695785400742
es_320	spanish	Por no dejar pasar la oportunidad, usted puede ir a un vendedor de automóviles, escoger uno y pagarlo a plazos.	vendedor	-1.7980488670517172
es_321	spanish	Autorrealización: Son las más elevadas, se hallan en la cima de la jerarquía, a través de su satisfacción personal, encuentran un sentido a la vida mediante el desarrollo de su potencial en una actividad.	cima	-1.5542110124636763
es_322	spanish	El segundo principio establece que no basta con incrementar las entradas de efectivo, sino que éstas deben acelerarse.	acelerarse	-3.0990788627156984
es_323	spanish	Realizan una adecuación de las necesidades entre prestamistas y prestatarios en cuanto a cantidades y plazos.	Realizan	-1.4305727094574043
es_324	spanish	No obstante, dado que existe esa disminución, la tarea siguiente sería buscar qué pudo haber ocasionado esa variación.	ocasionado	-2.2981844851934947
es_325	spanish	Como resultado, una emergencia costosa, como la súbita pérdida de empleo o la acumulación de demasiadas cuentas médicas, podrían enviar a cualquier persona que no esté financieramente preparada a vivir endeudada durante años y, en algunos casos, a la bancarrota.	preparada	-1.4032019367184922
es_326	spanish	Los problemas de la economía urbana son en gran parte de naturaleza social, y las muchas propuestas para mejorar el bienestar social y económico de los grupos minoritarios indican una recia voluntad para cooperar en la solución de estos problemas.	urbana	-1.7428678974078589
es_327	spanish	El seguimiento o monitoreo y evaluación, que es la tercera etapa, permitirá ir visualizando la puesta en marcha y el cumplimiento del plan de acción, para contribuir al logro de sus objetivos y metas, así como plantear recomendaciones para evitar desviaciones; es decir, una forma de evaluación concurrente.	concurrente	-3.022238832482976
es_328	spanish	Los bienes y servicios utilizados por las personas o la sociedad para satisfacer sus necesidades se denominan satisfactores o productos, o simplemente bienes.	satisfactores	-3.8914705522139523
es_329	spanish	Si se visita una fábrica de refrigeradoras y de estufas se encontrará que allí, según su tamaño, trabajan muchos obreros, quienes procesan las láminas de acero y construyen, con otras actividades los muebles metálicos.	refrigeradoras	-3.590440556549971
es_330	spanish	Pero a muchas personas no les gusta ceñirse a él porque sencillamente no les gusta y porque los presupuestos contienen once de los obstáculos que impiden que estos se hagan.	sencillamente	-1.5252344284956592
es_331	spanish	El asegurado es quien se espera que tome la decisión sobre la cuantía del seguro, calculado sobre sus ingresos, para posibilitar la cuota que debe atender y también proyectando cual sería el valor o costo ajustado de los gastos familiares, tomando en cuenta también el tamaño y características de la familia.	calculado	-1.9091993191743837
es_332	spanish	Una de las mejores formas de gestionar el riesgo es distribuir tus inversiones y ahorros a través de diversos canales.	distribuir	-1.7890368465326159
es_333	spanish	Al momento de la entrega de estos cheques, el banco pide que el solicitante los firme, y solo podrá cobrarlos esta persona al firmar nuevamente los cheques en la parte de abajo, así la entidad que los recibe podrá cotejar que las firmas sean idénticas.	pide	-1.0725851376199422
es_334	spanish	El punto de equilibrio, dependiendo del giro del negocio, puede expresarse en cantidades o en términos monetarios.	equilibrio	-1.2584062795224529
es_335	spanish	Como se indicó al inicio del capítulo, para la construcción del EFE se emplean dos métodos: directo e indirecto.	indicó	-1.8255175719000825
es_336	spanish	Otras disposiciones, como el artículo 19 de la Ley de Bancos, establecen que estas entidades deben conservar los libros y documentación por diez años, salvo que la Superintendencia de Bancos e Instituciones Financieras autorice su destrucción con anterioridad.	autorice	-2.812289306166327
es_337	spanish	Es posible evitar el crecimiento de una deuda utilizando su tarjeta de crédito solamente cuando pueda cancelar la totalidad de su saldo todos los meses.	cancelar	-1.7904111973058368
es_338	spanish	Al igual que se mencionó en la sección de la tabla de datos, el administrador de escenarios requiere que toda la información del flujo de caja se encuentre correctamente formulada antes de su ejecución.	escenarios	-1.5470782785288415
es_339	spanish	Estimado Cliente. Queremos informarle que personas inescrupulosas están solicitando información a nuestros clientes en nombre de nuestra Institución, por consiguiente, para verificar si su cuenta fue afectada ingrese en los siguientes campos su número de Tarjeta y contraseña...	clientes	-1.2016291430764474
es_340	spanish	Por ejemplo: Tengo que mantenerme al día con las tendencias, o me sentiré avergonzado.	Tengo	-0.429042604004174
es_341	spanish	Sin duda, estaremos de acuerdo en que el metal en un automóvil de último modelo es más útil que un montón de mineral de hierro o unos pocos lingotes de acero.	lingotes	-2.5530140586093473
es_342	spanish	Eficiencia: Ausencia de despilfarro o utilización de los recursos económicos, que reporta el máximo nivel de satisfacción posible, con los factores y la tecnología dados.	satisfacción	-1.4822139001750425
es_343	spanish	En el origen, los impuestos eran aplicados a las personas, por los soberanos y el clero, para financiar los asuntos de las castas gobernantes y ceremonias religiosas respectivamente.	soberanos	-2.5040807258752227
es_344	spanish	También, deben considerarse, los aspectos relativos a la conceptualización e ideas generales sobre la historia de la tributación, su importancia, propósitos, características y equidad o justicia de un buen impuesto; la educabilidad y la dimensión moral de los impuestos y, los impuestos y las finanzas personales.	conceptualización	-2.7331080601187026
es_345	spanish	En resumen, acorde a las tablas presentadas, se han incrementado los ingresos, las utilidades, la capitalización y el efectivo.	resumen	-1.1500037904441973
es_346	spanish	En el primero, el bien o servicio se consume directamente y no es utilizado para generar otros productos.	consume	-1.5506300024016206
es_347	spanish	Se han logrado tremendos incrementos en la producción total como resultado del desarrollo de la energía eléctrica y hoy también la marina y la eólica que se están tratando de aprovechar para usos industriales y otros.	eléctrica	-1.4040493408544779
es_348	spanish	Cobros derivados del reembolso de anticipos y préstamos a terceros (distintos de las operaciones de este tipo hechas por entidades financieras).	financieras	-1.8932112137902535
es_349	spanish	La inversión requerida es de $15,000 que incluyen: $5,000 en maquinarias y equipos, $2,000 en mobiliario; el saldo corresponde al capital de trabajo.	equipos	-1.1619817830343908
es_350	spanish	Los ingresos activos están constituidos por el salario o sueldo que se percibe, cuando se tiene un empleo, honorarios que se cobran como contraprestación de servicios, comisiones y otros pagos de la misma naturaleza.	constituidos	-2.6173127029502723
es_351	spanish	La Economía como una disciplina científica que es y que tiene, por consiguiente, su propia estructura de conocimientos tiene asimismo una serie de principios y leyes como los siguientes: Los individuos se enfrentan a disyuntivas o alternativas.	disyuntivas	-3.5112593105023464
es_352	spanish	La diferencia estriba en que mientras las necesidades de déficit pueden ser satisfechas, las necesidades del ser son una fuerza impelente continua.	impelente	-3.8914705522139523
es_353	spanish	Con intereses, ese monto de ahorros mensuales les permitiría ahorrar el pago inicial y comprar su vivienda en 24 meses.	ahorros	-1.8345657008774796
es_354	spanish	De partida, el tema concierne a todos los individuos y durante toda la vida, pues las finanzas explican la procedencia y uso de los ingresos y recursos que se disponen para satisfacer las necesidades particulares de todas y todos.	procedencia	-2.007241782581348
es_355	spanish	La riqueza con cara humana es lo que percibe y estudia el humanismo, y bajo esta óptica, es que debe inclinarse la educación financiera que deben tener todas las personas que se propongan como meta construir un futuro personal, familiar y social, tranquilo y sostenible.	construir	-1.0484870820917347
es_356	spanish	Me merezco despilfarrar un poco de vez en cuando y será como una recompensa por mi esfuerzo.	recompensa	-1.5675999456734433
es_357	spanish	Aplicarla no es fácil, porque usted tiene que demorar la gratificación de hoy para arreglar el desastre que hizo ayer.	demorar	-1.990557484476283
es_358	spanish	La importancia y trascendencia de las funciones económicas del cheque, derivan de su consideración de medio o instrumento de pago.	cheque	-1.9620516264996595
es_359	spanish	Si solicitas una tarjeta de crédito, úsala para comprar cosas que puedes pagar y paga lo que debes a la brevedad.	brevedad	-2.295974330388378
es_360	spanish	afrontar el pago de la vivienda.	afrontar	-1.6063635226471402
es_361	spanish	Pues, el uso de mi chequera testimoniará que soy una persona cumplida y que soy ordenada en la administración de mis cuentas.	chequera	-3.0589616395077157
es_362	spanish	Estos delitos son difíciles de probar y los ejecutores reciben bajas penas a pesar de que afectan pasivamente a gran cantidad de personas.	probar	-0.9423734271010363
es_363	spanish	Por ejemplo, considere una panadería que reemplace sus cajeros por ánforas; el pan se coloca en las perchas y se invita a los clientes a tomar el que quieran y comerlo.	panadería	-2.11043361359282
es_364	spanish	En la década de los sesenta del siglo XX, el filósofo y comunicador canadiense Marshall McLuhan anticipó nuestras vidas en comunidad universal gracias a los progresos tecnológicos en comunicaciones e interconexiones humanas a escala global y acuñó la expresión «aldea global» para describir la tierra que habitamos.	acuñó	-2.631399164228877
es_365	spanish	Sin embargo, la producción total y el nivel de vida están afectados por la composición y estructura de edades de la población, su educación y el tamaño de la fuerza obrera y productiva, la destreza y movilidad de los trabajadores y la laboriosidad y actitud psicológica de las personas.	laboriosidad	-3.359991635171697
es_366	spanish	Para vivir en ese clima de fe y optimismo, indispensable a la felicidad, hemos de hacer la guerra a dos enemigos: el escepticismo y los estados o fenómenos psicológicos enemigos del optimismo.	felicidad	-1.2175285535798643
es_367	spanish	Está indexada con el IPC, de ahí que su fluctuación siga las variaciones del costo de la vida mensual, similar a la UF (unidad de fomento).	indexada	-3.210229314838365
es_368	spanish	El análisis de la teoría señalada es importante en las finanzas porque implica que un administrador no debe limitarse a establecer un precio acorde al costo de producción que mantiene.	implica	-1.2805975518339006
es_369	spanish	Al mismo tiempo, como economía abierta al mundo, es un importador de bienes durables de uso doméstico e industrial, como automóviles, artículos electrónicos, vestuario y alimentos de consumo masivo.	electrónicos	-1.6610216308356782
es_370	spanish	Reducir los plazos y los costes de intermediación al facilitar la búsqueda de contrapartida para cada operación y agilizar los procedimientos de liquidación.	Reducir	-1.1880072103306591
es_371	spanish	La producción, digamos sencillamente que es, entre las diferentes acepciones del concepto y según el enfoque económico, crear cosas o servicios con valor económico.	digamos	-0.8409361326738287
es_372	spanish	Los índices y razones presentan ratios de las cuentas de balance y estado de resultados con el objetivo de correlacionar información que no puede observarse a través del análisis vertical o el análisis horizontal.	correlacionar	-3.210229314838365
es_373	spanish	Por ejemplo, si se incrementan los documentos por pagar, significa que la empresa se ha endeudado, por tanto, recibió efectivo.	endeudado	-2.7331080601187026
es_374	spanish	Cómo y cuándo usar los fondos del plan jubilatorio, saber cuáles son las distribuciones mínimas exigidas y abrir cuentas de ahorros jubilatorios, por tu cuenta o a través de tu empleador.	jubilatorio	-3.8914705522139523
es_375	spanish	La clave para lograr sus objetivos financieros, personales y familiares, es planificarlos apropiadamente y darles mucho seguimiento a través de este presupuesto.	seguimiento	-1.4880068508686346
es_376	spanish	La reducción de estas dos últimas puede colaborar al mencionado incremento del efectivo, ya sea por procesos de cobranzas o incrementos en ventas.	colaborar	-1.5570168010630212
es_377	spanish	Algunos de ustedes tienen grandes deudas, han cavado un gran hoyo y se demoraron bastante tiempo en caer en esa hondonada, por lo tanto van a requerir de tiempo para salir de ella.	hondonada	-3.2682212618160515
es_378	spanish	Es importante pensar que cuando se exceden los tiempos para el pago de ellos se sufren unos recargos que, aunque a veces parezca que son intrascendentes o poco gravosos, de alguna manera afectan el presupuesto personal o familiar y esto sin mencionar otros inconvenientes, dificultades o problemas que acarrea tal incumplimiento.	intrascendentes	-3.386320573894046
es_379	spanish	Por ejemplo, generalmente la hipoteca es uno de los mejores tipos de endeudamiento, porque la mayoría de las viviendas aumenta de valor con el paso del tiempo.	aumenta	-1.3202277016537283
es_380	spanish	Los tipos de seguros disponibles se expanden y se ha llegado al grado en que el sector financiero está muy directamente relacionado con el tema.	disponibles	-1.2931178423446683
es_381	spanish	Pero uno no puede dejar que el derrotismo lo detenga e impida que haga un presupuesto.	impida	-2.160688276547563
es_382	spanish	En espacios monopólicos, el comprador no tiene la posibilidad de seleccionar, en uno u otro oferente, lo que le parezca más conveniente, como sí lo hace en mercados competitivos.	comprador	-2.023414190390911
es_383	spanish	El seguro de responsabilidad civil, también denominado de cobertura completa, te protege ante las reclamaciones de terceros por lesiones y daños a la propiedad.	lesiones	-1.6841055147448802
es_384	spanish	El lucro, en cambio, aunque es un sinónimo de utilidad, ganancias o beneficio, es la expresión peyorativa de la utilidad.	sinónimo	-1.8803231914381546
es_385	spanish	Estos trabajadores debían entregar a la empresa una boleta por los honorarios, donde se señalaba claramente el monto del total, el descuento del 10 % y la suma por recibir, además de los datos del trabajador y del destinatario.	boleta	-2.4474257562958757
es_386	spanish	Tal vez se cuestione por qué tiene que someterse a esta disciplina e inconveniencia de presupuestar su propia vida.	someterse	-2.0785571955710966
es_387	spanish	Las transacciones en cajeros deben ser personalizadas, no preste su tarjeta y no de la clave a ningún amigo o conocido para que realice las transacciones por usted.	preste	-2.165558919918904
es_388	spanish	Tiene que educarse activamente en estas materias (rendimientos, balances y contabilidad, negocios, mercados, negociación, contratos) y desarrollar aptitudes comerciales.	negociación	-1.8453657649679136
es_389	spanish	Tal vez una familia numerosa ocupaba una pocilga o una pequeña parte de un inquilinato, compuesta de dos o tres cuartos.	numerosa	-2.316282707286291
es_390	spanish	La tarea fundamental de la empresa es la de organizar y poner en acción los factores productivos que son los recursos naturales (materias primas), el trabajo y el capital, para transformarlos en bienes y servicios.	organizar	-1.4060330711376507
es_391	spanish	El problema es que esas penalizaciones tienen a la larga una repercusión negativa en la historia de crédito, la cual es muy importante en todas las finanzas y desde luego, en las finanzas personales y familiares.	negativa	-1.396481578530784
es_392	spanish	El desempleo involuntario es un fenómeno muy común y que se ha acentuado calamitosamente en los últimos tiempos, en los países y en las economías modernas.	calamitosamente	-4.590440556549971
es_393	spanish	De cierto modo, lo global se contrapone a lo tribal, entendiendo esto último como la conveniencia de la defensa de las culturas locales, en su mayoría de orígenes ancestrales.	orígenes	-1.6459578843998024
es_394	spanish	A continuación, te presentamos un panorama general de los tipos de inversiones habituales.	presentamos	-1.5895728350187441
es_395	spanish	Los accionistas comunes están sujetos a que la compañía decida no distribuir los dividendos y que los montos distribuidos fluctúen considerablemente de un periodo a otro.	distribuidos	-2.0426658511621483
es_396	spanish	Al igual que en el resto de las disciplinas, en la Economía se distinguen tres tipos fundamentales de leyes: Leyes causales: las determinan las relaciones en las que, a continuación de un hecho, acción o acto determinado, sobreviene constantemente otro hecho determinado, en un lapso determinado.	lapso	-1.9469878800637836
es_397	spanish	Esta circunstancia o familiaridad hace que el concepto sea comprendido fácilmente, aunque quizás no el uso o manejo adecuado, ya que para este se requieren otras habilidades y valores más que el solo conocimiento.	fácilmente	-1.0607536027770545
es_398	spanish	Evalúa dar al menos algunos de los siguientes pasos: Antes de omitir un pago, llama a tus acreedores para analizar las opciones.	analizar	-1.1694951506279987
es_399	spanish	La austeridad significa realizar el gasto necesario y está asociado al ahorro, que tiene una connotación completamente diferente al de avaricia que se refiere a un afán desordenado de poseer riquezas o dinero para atesorarlo, que puede inducir a actuar con envidia y actos negativos.	riquezas	-1.8015654407745543
es_400	spanish	Acorde a los datos presentados se puede observar que a pesar de observarse un crecimiento del 0.7% en el total de activos circulantes; esta cuenta está utilizando un menor porcentaje de los recursos totales invertidos entre el 2016 y el 2017.	totales	-1.8897368394049516
es_401	spanish	Si te denegaron un crédito, tienes derecho a obtener un informe crediticio gratis.	crediticio	-2.8744372129151716
es_402	spanish	Si la agencia determina que la información que contiene el informe es inexacta, el acreedor debe notificar a las otras agencias de informes crediticios sobre la existencia del error para que ellos también puedan corregir la información.	agencia	-1.4822139001750425
es_403	spanish	Anteriormente, mencionamos las formas de averiguar a dónde va a parar tu dinero y cómo detener las fugas de dinero.	parar	-1.124017834116179
es_404	spanish	Todos los habitantes de la sociedad toman decisiones económicas, para mejorar sus remuneraciones, su consumo y, consecuentemente, elevar su bienestar.	toman	-1.278898598148776
es_405	spanish	Dependiendo de las circunstancias y particularidades de cada proyecto, es posible que tenga que evaluarse la rentabilidad ante movimientos de tres o más variables.	Dependiendo	-0.9924164842157813
es_406	spanish	El Banco Mundial, al definir la pobreza, establece un tope de ingreso de un dólar al día por persona.	pobreza	-1.5385166405038644
es_407	spanish	Para poder cumplir con los nuevos pedidos, la empresa necesita construir nuevos hornos, comprar más materiales y contratar más personas para su manejo y el de las nuevas máquinas que también se tuvo que adquirir.	hornos	-2.1479607874855224
es_408	spanish	La mejor forma de evitar el pago de tasas de interés altas y penalidades, es llevando la cuenta de los gastos realizados con su tarjeta de crédito.	llevando	-1.1585945108512457
es_409	spanish	Una incapacidad, y máxime si se trata de una incapacidad total es supremamente complicada para cualquier persona, y algunos dicen que lo es más que la misma muerte prematura, porque además de la pérdida de la fuente generadora de ingresos hay que sumar por lo general los gastos médicos.	máxime	-2.8345657008774796
es_410	spanish	Para ello disponen de sistemas de información que les proporcionan datos financieros y no financieros periódicamente.	disponen	-1.9927453706244587
es_411	spanish	La lista de cuentas aludida es invaluable para la familia si usted llega a estar incapacitado o muere repentinamente.	invaluable	-2.479850846250722
es_412	spanish	Cada año, en los meses de marzo y abril, el Servicio de Impuestos Internos propone declaraciones digitales a los contribuyentes (declaraciones de renta precalculadas por la institución), particularmente para personas naturales y pequeñas empresas.	contribuyentes	-2.5222546948038094
es_413	spanish	Diez años si la prescripción se interrumpe mediante reconocimiento escrito de la obligación tributaria por parte del contribuyente.	contribuyente	-2.681955537671321
es_414	spanish	Hoy en día han surgido los diferentes medios de pago (antes mencionados) que eliminan el riesgo de robo y se pueden recuperar en caso de extravío, son fáciles de manejar y permiten el control de ingresos y gastos.	robo	-1.6219576079960358
es_415	spanish	Por consiguiente, primero compran las cosas que necesitan, después las que más desean y prescinden de lo demás.	desean	-1.496668775051241
es_416	spanish	Por ejemplo, en la tabla anterior se muestra una reducción de los Otros Ingresos, sin embargo no se puede identificar cuál es la razón para dicha reducción.	reducción	-1.5335357052134984
es_417	spanish	Con frecuencia, estas compañías cobran honorarios costosos por cosas que podrías hacer tú mismo.	cobran	-1.6745133448528553
es_418	spanish	También, en los países existen otras instituciones depositarias de ahorros como las cajas de ahorro, asociaciones de ahorro y préstamo, por ejemplo que, por lo general, otorgan préstamos hipotecarios para vivienda, préstamos al consumidor o para fines específicos.	específicos	-1.4458663489403547
es_419	spanish	El documento antes citado, la define también como: el rompimiento del equilibrio psicofisiológico que experimenta el ser humano, provocado por la falta o exceso de algo.	psicofisiológico	-4.590440556549971
es_420	spanish	La función de concentración de recursos, tiene que ver con la racionalidad de las personas que invierten al decidir cómo y dónde destinar sus recursos financieros, teniendo en cuenta la evaluación que realicen de la relación riesgo	destinar	-2.2539808227014415
es_421	spanish	Después surgió la moneda y posteriormente surgió el papel-moneda, que por mucho tiempo fueron los principales medios para los intercambios comerciales.	posteriormente	-1.1758014098129619
es_422	spanish	A éstos se les coloca una fecha posterior al momento en que se elabora el cheque, como manera de recordarle al que lo recibe que la cuenta no tendrá los fondos suficientes si no hasta el día que se indica en el cheque y que sólo entonces podrá hacerlo efectivo.	recordarle	-2.219372694278235
es_423	spanish	Colisión: Choque de dos cuerpos. Oposición y pugna de ideas, principios o intereses. Parte del ingreso que no se destina al ahorro, sino que es aplicado a la adquisición de alimentos, educación, ocio, entre otros.	aplicado	-1.5934913080545898
es_424	spanish	La corrupción, en tanto, es lo opuesto a la honradez y se la asocia con el vicio, el soborno, la perversión y otros calificativos vinculados a lo inmoral y a la falta de ética personal y empresarial en el actuar.	vinculados	-1.9091993191743837
es_425	spanish	No obstante, sería imprudente ejecutar un proyecto únicamente con el resultado de un análisis de rentabilidad; puesto que, para realizar el flujo de caja proyectado se realizaron varios supuestos que no necesariamente tienen que cumplirse.	imprudente	-2.4381522121669144
es_426	spanish	La quiebra del capítulo 13 permanece en tus antecedentes crediticios por al menos siete años.	quiebra	-1.9671912661520705
es_427	spanish	Esta modalidad de cheques posfechados no es avalada por la legislación de algunos países que considera que el cheque se convierte en un instrumento de crédito.	convierte	-1.0947574889330558
es_428	spanish	Para realizar el presupuesto, digamos finalmente, que los autores que se han dedicado a este asunto y al de las finanzas personales y familiares, han propuesto diferentes modelos, alguno o algunos de los cuales presentaremos en el capítulo antes aludido.	finanzas	-1.6574597346267728
es_429	spanish	De todas maneras, señala el Diccionario aludido,	señala	-1.636198047110646
es_430	spanish	El proceso está orientado para que se eduque de un modo gradual y constante en las habilidades y conocimientos requeridos para los negocios, finanzas e inversiones.	habilidades	-1.213863599493459
es_431	spanish	Existen ocho áreas fundamentales que debes tener en cuenta cuando planeas mantenerte tú mismo cuando te jubiles:	planeas	-2.5451175777633135
es_432	spanish	El caso más frecuente es el de la ansiedad, zozobra y desesperación por mantener y obtener cada vez ingresos más altos, lo cual creo se comprende como una resultante impuesta por la sociedad de consumo que nos rige.	impuesta	-2.2620609531112335
es_433	spanish	Un problema de solvencia implica que la compañía no está generando rentabilidad para los accionistas y si este problema persiste, no tendría sentido seguir operando.	generando	-1.3202277016537283
es_434	spanish	El crédito personal es, igualmente, una facilidad crediticia en la cual la garantía del mismo es la promesa de pago incondicional de un deudor que goza de muy buena reputación y solvencia económica, moral y crediticia (Garantía fiduciaria).	fiduciaria	-3.248017875727765
es_435	spanish	Si detecta algún dispositivo inusual o anormal en el equipo, añadidos, reparaciones mal hechas, no realice transacciones y notifique a la entidad financiera a la mayor brevedad posible.	realice	-1.6955708998047185
es_436	spanish	El ingreso de una persona, de una familia o de una empresa, e incluso del Estado, es la cantidad de dinero que ésta recibe por realizar una actividad determinada remunerable (negocio, trabajo, venta de productos, etc.	recibe	-1.129392464879313
es_437	spanish	En esta lista se deben incluir la casa, los alquileres, los servicios, alimentación, vestuario y otros gastos obvios.	vestuario	-1.9579832643652468
es_438	spanish	Se otorga sobre vehículos del año, 0 kilómetros, nuevos, de agencias reconocidas.	otorga	-1.7385709558202047
es_439	spanish	Posiblemente sea mejor cambiar el auto por otro más barato o usar un medio de transporte alternativo, en vez de dejar que el acreedor recupere el auto, lo que dañaría tus antecedentes crediticios.	cambiar	-0.6870249707808846
es_440	spanish	Los pagos electrónicos son aquellas transacciones en que se utilizan canales electrónicos para realizar pagos monetarios sin el empleo de efectivo como medio de pago.	canales	-1.2838011155257094
es_441	spanish	Los intereses corresponden a pagos que se realizan por la utilización de dinero por un cierto plazo.	pagos	-1.6290194624835226
es_442	spanish	Los principales delitos de este tipo son el tráfico de influencias, el fraude, el lavado de dinero, el cohecho, la quiebra fraudulenta y la estafa.	influencias	-1.8516599980656019
es_443	spanish	Éste, está probado, no se tiene con el simple ahorro, o al menos con éste aquél es lento y no con la celeridad que quizás se desea, al fin y al cabo la vida es bastante corta y llena de permanentes riesgos y contingencias que es necesario enfrentar permanentemente.	aquél	-2.3232688281469573
es_444	spanish	No va a saber exactamente lo que cuesta cada uno de sus gastos mensuales (por ejemplo, los servicios), pero debe ser un estimativo bastante realista.	mensuales	-1.8130137341606596
es_445	spanish	Este impuesto siempre está incorporado en el precio de las boletas de compras y ventas.	compras	-1.2688421260846272
es_446	spanish	Control centralizado de cuentas: verificar el detalle de todas las cuentas (tanto corrientes como de ahorro) en una sola pantalla.	corrientes	-1.57466180016093
es_447	spanish	Un ejemplo sería ahorrar al menos $5 000 cada año para invertir para la jubilación.	invertir	-1.334204023344048
es_448	spanish	Los bancos usan varios métodos para calcular los intereses y le toca a usted aprender cómo su banco computa estos cargos:	cargos	-1.6846446761821026
es_449	spanish	Por ejemplo, cuando se invierte en una casa y se habita disfrutando de esta y además se puede obtener rentabilidad financiera en caso de venta o arriendo.	invierte	-1.8508682120998792
es_450	spanish	Las cifras también muestran un incremento en la capitalización de la compañía a través del aumento de acciones, superávit de capital y utilidades retenidas.	muestran	-1.2805975518339006
es_451	spanish	Por cada $100 de ingresos, la empresa gana $3.80 de utilidad neta.	gana	-1.1325586598159787
es_452	spanish	La jerarquía de necesidades de Maslow (pirámide de Maslow) consta de 5 niveles: Los cuatro primeros niveles pueden ser agrupados como necesidades del déficit (Deficit needs); el nivel superior se le denomina como una necesidad del ser (being needs).	agrupados	-2.444312520871733
es_453	spanish	Sobre el particular, dicen que las personas dentro de una multitud son arrastradas a hacer cosas que solas no lo harían y, citan lo siguiente:	arrastradas	-2.866164686949182
es_454	spanish	El crédito de los ciudadanos en las cosas más nimias no debe ser esclavizado y dependiente de una multitud de oficiales subalternos de las rentas.	dependiente	-1.866164686949182
es_455	spanish	Los que ahorran piden que se les pague un precio por postergar su consumo, y los que demandan el dinero ahorrado (piden un crédito) para hacer una inversión están dispuestos a pagar un precio por ese dinero con tal de no perder la oportunidad de invertir y sacar un mayor resultado.	demandan	-2.304883247542197
es_456	spanish	La última columna indica la diferencia favorable entre los flujos de ingresos por exportaciones menos los flujos de egresos por el pago de importaciones.	flujos	-2.1004820771251365
es_457	spanish	Pero si eso ocurre habitualmente, tienes un flujo de fondos negativo y tu presupuesto está desequilibrado.	habitualmente	-1.5643160398045208
es_458	spanish	En virtud de estas y otras reflexiones fue que se diseñó este capítulo en el marco del Libro Maestro de la cual forma parte sustantiva.	diseñó	-2.008377193638262
es_459	spanish	Afiliación: Están relacionadas con el desarrollo afectivo del individuo, son las necesidades de asociación, participación y aceptación en el grupo de trabajo, entre estas se encuentran: la amistad, el afecto y el amor.	relacionadas	-1.448677326274183
es_460	spanish	Antivirus es un programa informático específicamente diseñado para detectar y eliminar virus; el uso correcto permite el bloqueo infranqueable de los virus y demás códigos maliciosos.	bloqueo	-1.655437405096316
es_461	spanish	En esta coyuntura surge el dinero que es casi un concepto abstracto, por lo simbólico, de allí la dificultad para algunos de definirlo y más para comprenderlo.	definirlo	-2.340020554241077
es_462	spanish	Estas alternativas permiten rendimientos más reducidos, mientras los de plazo definido consideran pago de intereses.	consideran	-1.4477383108123554
es_463	spanish	Los segundos enfatizan en la dependencia y pérdida de identidad cultural que traen las nuevas prácticas y costumbre foráneas.	dependencia	-1.6972338034901229
es_464	spanish	Para la operación óptima de dicha infraestructura ha sido necesaria la inversión de cifras millonarias de dinero para la compra, actualización y mantenimiento de equipo, redes de comunicación y software, con el fin de mantener los servicios operando las 24 horas de todos los días del año.	millonarias	-2.4935305435419144
es_465	spanish	Es cierto que mis padres no tenían los medios financieros para que fuera a la universidad cuando terminé la secundaria, pero fue mi miedo lo que me impidió hacerlo.	impidió	-2.1191488454910323
es_466	spanish	Con frecuencia en el país la gente se queja del alto costo de vida, especialmente en los últimos tiempos, y esto porque los productos de uso inmediato, así como muchos de los servicios esenciales, aumentan su valor constantemente.	aumentan	-1.7235627422124722
es_467	spanish	Esto es, la entrega del cheque no libera jurídicamente al deudor ni, consecuentemente extingue su débito.	jurídicamente	-2.6983459538594907
es_468	spanish	Si alguno de los rubros mencionados en estas tablas no involucra efectivo, entonces no debe considerarse para la elaboración del estado financiero.	tablas	-1.6337919773447678
es_469	spanish	El precio de los bienes o servicios es determinado por el comprador ya que, al ser único, posee el poder de mercado y los numerosos oferentes deben adaptarse a sus exigencias.	adaptarse	-1.5900064790706523
es_470	spanish	Si existe igualdad fiscal todos los ciudadanos tendrán constante necesidad de reunirse y de obrar en asuntos que a todos interesa y eso basta para conservar un nexo entre ellos.	igualdad	-1.5069379367197036
es_471	spanish	Es cierto que algunas cuentas 401(k) te permiten pedir dinero prestado, pero hacerlo enlentece el ritmo de crecimiento de la cuenta.	ritmo	-1.1690011663299213
es_472	spanish	En la actualidad, los impuestos que recauda el fisco permiten financiar gasto e inversiones y actividades de bien general en beneficio de los habitantes del territorio.	gasto	-1.4725067215103296
es_473	spanish	Son diferentes las teorías psicológicas y psicosociales que sugieren la manera de llegar al cambio de las actitudes, las cuales afortunadamente no discrepan de manera preocupante.	psicológicas	-2.165558919918904
es_474	spanish	¡Cuánto más sencillo sería aceptar dinero de quien tuviere un aparato de televisión que necesitara reparación, y luego comprar sus comestibles y otros artículos con ese dinero!	tuviere	-3.128042558651015
es_475	spanish	Su audiencia hasta este punto había sido muy cortés y receptiva, y había estado muy contenta con el material que ella había mostrado.	cortés	-2.0825846848541403
es_476	spanish	Su valor indica que por cada dólar invertido en el negocio, la compañía genera $2.05 en ventas.	ventas	-1.3771885043535743
es_477	spanish	La entidad bancaria o institución emisora de la tarjeta proporcionará un estado de cuenta de las transacciones efectuadas por un período de tiempo determinado.	transacciones	-1.9101050431354079
es_478	spanish	En sus comienzos cada moneda valía alrededor de $300, a fines de 2019 llega a $15.000 y continúa con alzas y bajas.	bajas	-1.3039840868029882
es_479	spanish	Como, en general, las personas no han recibido educación financiera, en el manejo que hacen de sus ingresos no prevén recursos que les permita tener alguna reserva económica para enfrentar alguna de las múltiples contingencias o imprevistos de que antes se ha hablado aquí.	reserva	-1.4524538238264393
es_480	spanish	Cuando empecé a estudiar las leyes fiscales (dice Mollien en sus Memorias) me horroricé de lo que veía: multas, prisiones, castigos corporales al arbitrio de tribunales especiales; los delegados tenían en sus manos a personas y bienes.	tribunales	-2.0463725121996954
es_481	spanish	Los primeros sostienen que la integración e interacción de las naciones favorece a todos los pueblos, sin importar su origen o latitud.	latitud	-2.4505614701487346
es_482	spanish	Para lograr una buena administración de los recursos financieros, si aún no se ha hecho, es imprescindible iniciar un programa regular de planificación financiera.	financiera	-1.5852600440461906
es_483	spanish	Estado de flujo de efectivo igual que el estado de resultados, este informe es complementario al balance.	flujo	-1.417837625340111
es_484	spanish	Éstos incluyen: sueldos, arriendos, seguros, mantenimientos, suministros, combustible, depreciaciones, entre otros.	mantenimientos	-2.6173127029502723
es_485	spanish	Incluso, un mismo producto podría tener precio distinto para la misma persona, si ésta lo adquiere en sucursales que pertenezcan a diferentes estratos sociales.	pertenezcan	-2.621957607996036
es_486	spanish	En el largo plazo, las acciones, en promedio, superan de forma sistemática y sustancial al efectivo y a la inflación.	superan	-1.8880100201044456
es_487	spanish	En general, se dice que la rentabilidad normal de una inversión en países desarrollados fluctúa, en promedio, entre el 6 % y el 8 % anual.	promedio	-1.34964178543264
es_488	spanish	En ciertos casos hay aranceles de referencia, como los que operan en el sector de la salud para determinadas prestaciones médicas.	determinadas	-1.6257096354963416
es_489	spanish	Es uno de los puestos claves de la organización, y en muchas ocasiones se lo reconoce como el segundo al mando luego del gerente general; quien lo supervisa, acorde a la estructura jerárquica.	supervisa	-2.6983459538594907
es_490	spanish	Casi todos los estados exigen a los automovilistas el seguro de responsabilidad para automóviles que cubre costos médicos y reparaciones del vehículo entre otros costos.	reparaciones	-2.0187317247412833
es_491	spanish	Si este indicador baja de 1, implicaría que la empresa no está en capacidad de cubrir sus obligaciones de corto plazo con los activos líquidos que posee.	indicador	-1.7136455803492703
es_492	spanish	Cuando este último caso sucede, el proyecto o la inversión no es económicamente rentable y no debe ejecutarse.	económicamente	-1.6242988238109384
es_493	spanish	Entonces, esta persona se dirige a un banco con la factura y realiza una operación conocida como factoring.	realiza	-1.213681161145091
es_494	spanish	El administrador de escenarios es una herramienta en Excel que permite alterar múltiples variables con el objetivo de observar el efecto en otras variables de resultados.	variables	-1.6099826642738708
es_495	spanish	Para el conjunto de la economía, porque contribuyen de forma decisiva a la asignación eficiente de los recursos.	decisiva	-2.230605074210083
es_496	spanish	Las deudas, la elaboración del presupuesto familiar, las cuentas por pagar, etc. pueden ser objeto de dolorosos conflictos familiares y, por esta razón, muchas parejas optan por no hablar de dinero para evitar disputas y con lo cual no se hacen ningún favor.	elaboración	-1.6724102197650907
es_497	spanish	Elusión tributaria: Es una figura consistente en no pagar determinados impuestos que se han establecido, amparándose en subterfugios o resquicios legales, no previstos por el legislador en el momento de redactar la ley.	determinados	-1.5869800244404646
es_498	spanish	El impuesto a los réditos es también un buen instrumento para conocer el monto de las rentas y de la riqueza nacional.	monto	-1.6682342791109546
es_499	spanish	Los hombres se dedicaban preferentemente a la caza y confeccionaban los utensilios de piedra.	caza	-1.7553844548298547
es_500	spanish	En este sentido, el análisis vertical permite responder la interrogante anterior, señalando el uso que se dio a los ingresos de la compañía en el período de análisis.	responder	-1.1262491859089714
es_501	spanish	Así se podrán reparar más rápido los carros, y se podrá recibir mayor número de los que actualmente se pueden atender.	rápido	-0.7024296443049423
es_502	spanish	Luego, haga un cuadro donde pueda colocar cuánto debe reunir semanal o mensualmente para lograr cada una de sus metas, dependiendo del plazo que éstas tengan.	metas	-1.37401072567372
es_503	spanish	Estas tarjetas acarrean pocos riesgos y te ayudan a crear buenos antecedentes crediticios al mostrar tu capacidad para usar una tarjeta con responsabilidad.	mostrar	-0.8210632304738325
es_504	spanish	Los acreedores confían en la información crediticia para ver cómo has gestionado tus préstamos en el pasado y determinar qué posibilidades tienes de pagar un nuevo préstamo.	confían	-2.017568954349491
es_505	spanish	Cheque de caja: se solicita al banco, y este procede a retirar el monto solicitado de la cuenta corriente o de inversión del solicitante o se deposita en la cuenta que el banco destine.	destine	-2.9883805652220086
es_506	spanish	Las fuerzas de crecimiento dan lugar a un movimiento hacia arriba en la jerarquía, mientras que las fuerzas regresivas empujan las necesidades prepotentes hacia abajo en la misma.	empujan	-2.3303691685648964
es_507	spanish	Prepararse para el futuro es también prepararse para la jubilación y para los posibles gastos médicos todo lo cual requiere planeación, ahorro y un número limitado de deudas.	limitado	-1.4738328125617226
es_508	spanish	El mercado es el lugar donde se transan las mercancías y los servicios; es la expresión que define el lugar físico o figurado donde se encuentran vendedores y compradores.	define	-1.4499325135117913
es_509	spanish	En cambio, aunque desaparecieran todos los privilegios y quedara únicamente el privilegio fiscal, bastaría esta desigualdad para mantener separadas las clases, ya que nunca podrían reunirse para discutir y decidir los asuntos que más les interesan y los que con mayor frecuencia se suscitan.	decidir	-1.2243913467497356
es_510	spanish	Finalmente, se incluye el valor positivo por la adquisición del préstamo y los valores negativos por la amortización de la deuda que se obtiene de la tabla 21.	préstamo	-1.916498557915883
es_511	spanish	Además de los anteriores, en la economía global hay indicadores financieros que entregan información sobre el pulso bursátil, el número y los montos de las transacciones de acciones de sociedades, bonos u otros instrumentos financieros y de inversión.	bonos	-1.9519512995953336
es_512	spanish	Con lo anterior, surge otro paso en la planeación y lo que sigue lo explican muy bien los varias veces mencionados Alonso, Brailovsky y Ortiz y a lo cual queremos ceñirnos adaptándolo y trascribiéndolo aquí en toda su dimensión, dada su relevancia.	dimensión	-1.4758295723177979
es_513	spanish	En la quiebra prevista en el capítulo 7, tus activos se venden y el dinero se divide entre tus acreedores.	activos	-1.3950944982015514
es_514	spanish	«El sistema de administración financiera del Estado comprende el conjunto de procesos administrativos que permiten la obtención de recursos y su aplicación a la concreción de los logros de los objetivos del Estado [	administrativos	-2.11043361359282
es_515	spanish	Crea una lista de gastos previsibles y piensa cómo crees que gastas tu dinero en un mes normal.	Crea	-1.0789582679239695
es_516	spanish	Por no dejar pasar la oportunidad, usted puede ir a un vendedor de automóviles, escoger uno y pagarlo a plazos.	pagarlo	-2.041437294524183
es_517	spanish	Autorrealización: Son las más elevadas, se hallan en la cima de la jerarquía, a través de su satisfacción personal, encuentran un sentido a la vida mediante el desarrollo de su potencial en una actividad.	elevadas	-1.9499591195795491
es_518	spanish	El segundo principio establece que no basta con incrementar las entradas de efectivo, sino que éstas deben acelerarse.	entradas	-1.4711846672720343
es_519	spanish	Realizan una adecuación de las necesidades entre prestamistas y prestatarios en cuanto a cantidades y plazos.	prestamistas	-2.866164686949182
es_520	spanish	No obstante, dado que existe esa disminución, la tarea siguiente sería buscar qué pudo haber ocasionado esa variación.	variación	-1.7313022592554401
es_521	spanish	Como resultado, una emergencia costosa, como la súbita pérdida de empleo o la acumulación de demasiadas cuentas médicas, podrían enviar a cualquier persona que no esté financieramente preparada a vivir endeudada durante años y, en algunos casos, a la bancarrota.	endeudada	-3.0589616395077157
es_522	spanish	Los problemas de la economía urbana son en gran parte de naturaleza social, y las muchas propuestas para mejorar el bienestar social y económico de los grupos minoritarios indican una recia voluntad para cooperar en la solución de estos problemas.	bienestar	-1.3371025512238646
es_523	spanish	El seguimiento o monitoreo y evaluación, que es la tercera etapa, permitirá ir visualizando la puesta en marcha y el cumplimiento del plan de acción, para contribuir al logro de sus objetivos y metas, así como plantear recomendaciones para evitar desviaciones; es decir, una forma de evaluación concurrente.	puesta	-1.2590132600292279
es_524	spanish	Los bienes y servicios utilizados por las personas o la sociedad para satisfacer sus necesidades se denominan satisfactores o productos, o simplemente bienes.	utilizados	-1.5647251726486304
es_525	spanish	Si se visita una fábrica de refrigeradoras y de estufas se encontrará que allí, según su tamaño, trabajan muchos obreros, quienes procesan las láminas de acero y construyen, con otras actividades los muebles metálicos.	muebles	-1.6579667918728178
es_526	spanish	Pero a muchas personas no les gusta ceñirse a él porque sencillamente no les gusta y porque los presupuestos contienen once de los obstáculos que impiden que estos se hagan.	gusta	-0.5172722942848694
es_527	spanish	El asegurado es quien se espera que tome la decisión sobre la cuantía del seguro, calculado sobre sus ingresos, para posibilitar la cuota que debe atender y también proyectando cual sería el valor o costo ajustado de los gastos familiares, tomando en cuenta también el tamaño y características de la familia.	atender	-1.4192994055215888
es_528	spanish	Una de las mejores formas de gestionar el riesgo es distribuir tus inversiones y ahorros a través de diversos canales.	inversiones	-1.6187009656621927
es_529	spanish	Al momento de la entrega de estos cheques, el banco pide que el solicitante los firme, y solo podrá cobrarlos esta persona al firmar nuevamente los cheques en la parte de abajo, así la entidad que los recibe podrá cotejar que las firmas sean idénticas.	entidad	-1.4839097027275896
es_530	spanish	El punto de equilibrio, dependiendo del giro del negocio, puede expresarse en cantidades o en términos monetarios.	cantidades	-1.340020554241077
es_531	spanish	Como se indicó al inicio del capítulo, para la construcción del EFE se emplean dos métodos: directo e indirecto.	directo	-0.9929647666795935
es_532	spanish	Otras disposiciones, como el artículo 19 de la Ley de Bancos, establecen que estas entidades deben conservar los libros y documentación por diez años, salvo que la Superintendencia de Bancos e Instituciones Financieras autorice su destrucción con anterioridad.	anterioridad	-2.0389905585770958
es_533	spanish	Es posible evitar el crecimiento de una deuda utilizando su tarjeta de crédito solamente cuando pueda cancelar la totalidad de su saldo todos los meses.	saldo	-1.9971544895295137
es_534	spanish	Al igual que se mencionó en la sección de la tabla de datos, el administrador de escenarios requiere que toda la información del flujo de caja se encuentre correctamente formulada antes de su ejecución.	encuentre	-1.3830755190808992
es_535	spanish	Estimado Cliente. Queremos informarle que personas inescrupulosas están solicitando información a nuestros clientes en nombre de nuestra Institución, por consiguiente, para verificar si su cuenta fue afectada ingrese en los siguientes campos su número de Tarjeta y contraseña...	ingrese	-2.137122216502933
es_536	spanish	Por ejemplo: Tengo que mantenerme al día con las tendencias, o me sentiré avergonzado.	avergonzado	-2.2915874801402643
es_537	spanish	Sin duda, estaremos de acuerdo en que el metal en un automóvil de último modelo es más útil que un montón de mineral de hierro o unos pocos lingotes de acero.	metal	-1.3378302159825979
es_538	spanish	Eficiencia: Ausencia de despilfarro o utilización de los recursos económicos, que reporta el máximo nivel de satisfacción posible, con los factores y la tecnología dados.	reporta	-2.2620609531112335
es_539	spanish	En el origen, los impuestos eran aplicados a las personas, por los soberanos y el clero, para financiar los asuntos de las castas gobernantes y ceremonias religiosas respectivamente.	castas	-2.5776033318447986
es_540	spanish	También, deben considerarse, los aspectos relativos a la conceptualización e ideas generales sobre la historia de la tributación, su importancia, propósitos, características y equidad o justicia de un buen impuesto; la educabilidad y la dimensión moral de los impuestos y, los impuestos y las finanzas personales.	personales	-1.2547821042606695
es_541	spanish	En resumen, acorde a las tablas presentadas, se han incrementado los ingresos, las utilidades, la capitalización y el efectivo.	presentadas	-2.270294270438917
es_542	spanish	En el primero, el bien o servicio se consume directamente y no es utilizado para generar otros productos.	utilizado	-1.128342175414815
es_543	spanish	Se han logrado tremendos incrementos en la producción total como resultado del desarrollo de la energía eléctrica y hoy también la marina y la eólica que se están tratando de aprovechar para usos industriales y otros.	marina	-1.5704938748711286
es_544	spanish	Cobros derivados del reembolso de anticipos y préstamos a terceros (distintos de las operaciones de este tipo hechas por entidades financieras).	hechas	-1.3454216858122179
es_545	spanish	La inversión requerida es de $15,000 que incluyen: $5,000 en maquinarias y equipos, $2,000 en mobiliario; el saldo corresponde al capital de trabajo.	mobiliario	-2.1942412094542347
es_546	spanish	Los ingresos activos están constituidos por el salario o sueldo que se percibe, cuando se tiene un empleo, honorarios que se cobran como contraprestación de servicios, comisiones y otros pagos de la misma naturaleza.	honorarios	-2.4665889155828853
es_547	spanish	La Economía como una disciplina científica que es y que tiene, por consiguiente, su propia estructura de conocimientos tiene asimismo una serie de principios y leyes como los siguientes: Los individuos se enfrentan a disyuntivas o alternativas.	científica	-1.5200332348098513
es_548	spanish	La diferencia estriba en que mientras las necesidades de déficit pueden ser satisfechas, las necesidades del ser son una fuerza impelente continua.	continua	-1.400389138790765
es_549	spanish	Con intereses, ese monto de ahorros mensuales les permitiría ahorrar el pago inicial y comprar su vivienda en 24 meses.	vivienda	-1.5282347477302582
es_550	spanish	tuve una experiencia espeluznante en relación con los gastos que uno debe hacer por alguna enfermedad.	tuve	-0.9435469323822258
es_551	spanish	De partida, el tema concierne a todos los individuos y durante toda la vida, pues las finanzas explican la procedencia y uso de los ingresos y recursos que se disponen para satisfacer las necesidades particulares de todas y todos.	satisfacer	-1.6868080404657333
es_552	spanish	La riqueza con cara humana es lo que percibe y estudia el humanismo, y bajo esta óptica, es que debe inclinarse la educación financiera que deben tener todas las personas que se propongan como meta construir un futuro personal, familiar y social, tranquilo y sostenible.	estudia	-1.579716691158198
es_553	spanish	Me merezco despilfarrar un poco de vez en cuando y será como una recompensa por mi esfuerzo.	merezco	-2.0451334400841468
es_554	spanish	Aplicarla no es fácil, porque usted tiene que demorar la gratificación de hoy para arreglar el desastre que hizo ayer.	ayer	-1.0420511384170528
es_555	spanish	La importancia y trascendencia de las funciones económicas del cheque, derivan de su consideración de medio o instrumento de pago.	derivan	-2.167194682613163
es_556	spanish	Si solicitas una tarjeta de crédito, úsala para comprar cosas que puedes pagar y paga lo que debes a la brevedad.	paga	-1.3279894668195416
es_557	spanish	precisa de un préstamo hipotecario con el que afrontar el pago de la vivienda.	precisa	-1.5767608592587785
es_558	spanish	Pues, el uso de mi chequera testimoniará que soy una persona cumplida y que soy ordenada en la administración de mis cuentas.	ordenada	-1.8811705955741402
es_559	spanish	Estos delitos son difíciles de probar y los ejecutores reciben bajas penas a pesar de que afectan pasivamente a gran cantidad de personas.	pasivamente	-2.819588544907827
es_560	spanish	Por ejemplo, considere una panadería que reemplace sus cajeros por ánforas; el pan se coloca en las perchas y se invita a los clientes a tomar el que quieran y comerlo.	quieran	-1.0369216164010013
es_561	spanish	En la década de los sesenta del siglo XX, el filósofo y comunicador canadiense Marshall McLuhan anticipó nuestras vidas en comunidad universal gracias a los progresos tecnológicos en comunicaciones e interconexiones humanas a escala global y acuñó la expresión «aldea global» para describir la tierra que habitamos.	progresos	-2.3116869555971418
es_562	spanish	Sin embargo, la producción total y el nivel de vida están afectados por la composición y estructura de edades de la población, su educación y el tamaño de la fuerza obrera y productiva, la destreza y movilidad de los trabajadores y la laboriosidad y actitud psicológica de las personas.	movilidad	-1.569665068356413
es_563	spanish	Para vivir en ese clima de fe y optimismo, indispensable a la felicidad, hemos de hacer la guerra a dos enemigos: el escepticismo y los estados o fenómenos psicológicos enemigos del optimismo.	optimismo	-1.9682265335836757
es_564	spanish	Está indexada con el IPC, de ahí que su fluctuación siga las variaciones del costo de la vida mensual, similar a la UF (unidad de fomento).	variaciones	-1.7410211427530715
es_565	spanish	El análisis de la teoría señalada es importante en las finanzas porque implica que un administrador no debe limitarse a establecer un precio acorde al costo de producción que mantiene.	limitarse	-2.4731692608942066
es_566	spanish	Al mismo tiempo, como economía abierta al mundo, es un importador de bienes durables de uso doméstico e industrial, como automóviles, artículos electrónicos, vestuario y alimentos de consumo masivo.	masivo	-1.8159235908214213
es_567	spanish	Reducir los plazos y los costes de intermediación al facilitar la búsqueda de contrapartida para cada operación y agilizar los procedimientos de liquidación.	agilizar	-2.2723772215872096
es_568	spanish	La producción, digamos sencillamente que es, entre las diferentes acepciones del concepto y según el enfoque económico, crear cosas o servicios con valor económico.	enfoque	-1.3167449686198789
es_569	spanish	Los índices y razones presentan ratios de las cuentas de balance y estado de resultados con el objetivo de correlacionar información que no puede observarse a través del análisis vertical o el análisis horizontal.	horizontal	-1.5090932487458384
es_570	spanish	Por ejemplo, si se incrementan los documentos por pagar, significa que la empresa se ha endeudado, por tanto, recibió efectivo.	recibió	-1.3153596580931124
es_571	spanish	Cómo y cuándo usar los fondos del plan jubilatorio, saber cuáles son las distribuciones mínimas exigidas y abrir cuentas de ahorros jubilatorios, por tu cuenta o a través de tu empleador.	mínimas	-1.980846147324751
es_572	spanish	La clave para lograr sus objetivos financieros, personales y familiares, es planificarlos apropiadamente y darles mucho seguimiento a través de este presupuesto.	clave	-0.9772332044462111
es_573	spanish	El Banco Mundial, en el libro pobreza	pobreza	-1.5385166405038644
es_574	spanish	La reducción de estas dos últimas puede colaborar al mencionado incremento del efectivo, ya sea por procesos de cobranzas o incrementos en ventas.	mencionado	-1.3084986231091462
es_575	spanish	Algunos de ustedes tienen grandes deudas, han cavado un gran hoyo y se demoraron bastante tiempo en caer en esa hondonada, por lo tanto van a requerir de tiempo para salir de ella.	hoyo	-1.8906028306827252
es_576	spanish	Es importante pensar que cuando se exceden los tiempos para el pago de ellos se sufren unos recargos que, aunque a veces parezca que son intrascendentes o poco gravosos, de alguna manera afectan el presupuesto personal o familiar y esto sin mencionar otros inconvenientes, dificultades o problemas que acarrea tal incumplimiento.	incumplimiento	-2.3375875255700778
es_577	spanish	Por ejemplo, generalmente la hipoteca es uno de los mejores tipos de endeudamiento, porque la mayoría de las viviendas aumenta de valor con el paso del tiempo.	viviendas	-1.7373510266981054
es_578	spanish	Los tipos de seguros disponibles se expanden y se ha llegado al grado en que el sector financiero está muy directamente relacionado con el tema.	financiero	-1.615008748040708
es_579	spanish	Pero uno no puede dejar que el derrotismo lo detenga e impida que haga un presupuesto.	detenga	-2.0732446585999966
es_580	spanish	En espacios monopólicos, el comprador no tiene la posibilidad de seleccionar, en uno u otro oferente, lo que le parezca más conveniente, como sí lo hace en mercados competitivos.	monopólicos	-3.745342516535714
es_581	spanish	El seguro de responsabilidad civil, también denominado de cobertura completa, te protege ante las reclamaciones de terceros por lesiones y daños a la propiedad.	cobertura	-1.5861191827673284
es_582	spanish	El lucro, en cambio, aunque es un sinónimo de utilidad, ganancias o beneficio, es la expresión peyorativa de la utilidad.	lucro	-2.0118013465818985
es_583	spanish	Estos trabajadores debían entregar a la empresa una boleta por los honorarios, donde se señalaba claramente el monto del total, el descuento del 10 % y la suma por recibir, además de los datos del trabajador y del destinatario.	entregar	-1.3677240854023878
es_584	spanish	Tal vez se cuestione por qué tiene que someterse a esta disciplina e inconveniencia de presupuestar su propia vida.	inconveniencia	-3.28941056088599
es_585	spanish	Las transacciones en cajeros deben ser personalizadas, no preste su tarjeta y no de la clave a ningún amigo o conocido para que realice las transacciones por usted.	tarjeta	-1.2521833263037154
es_586	spanish	Tiene que educarse activamente en estas materias (rendimientos, balances y contabilidad, negocios, mercados, negociación, contratos) y desarrollar aptitudes comerciales.	educarse	-2.6266527292044155
es_587	spanish	Tal vez una familia numerosa ocupaba una pocilga o una pequeña parte de un inquilinato, compuesta de dos o tres cuartos.	compuesta	-1.6266527292044157
es_588	spanish	La tarea fundamental de la empresa es la de organizar y poner en acción los factores productivos que son los recursos naturales (materias primas), el trabajo y el capital, para transformarlos en bienes y servicios.	transformarlos	-2.7708966210081023
es_589	spanish	El problema es que esas penalizaciones tienen a la larga una repercusión negativa en la historia de crédito, la cual es muy importante en todas las finanzas y desde luego, en las finanzas personales y familiares.	repercusión	-1.9372280427746273
es_590	spanish	El desempleo involuntario es un fenómeno muy común y que se ha acentuado calamitosamente en los últimos tiempos, en los países y en las economías modernas.	involuntario	-2.5259825673230525
es_591	spanish	De cierto modo, lo global se contrapone a lo tribal, entendiendo esto último como la conveniencia de la defensa de las culturas locales, en su mayoría de orígenes ancestrales.	ancestrales	-2.0825846848541403
es_592	spanish	A continuación, te presentamos un panorama general de los tipos de inversiones habituales.	panorama	-1.5462929356712483
es_593	spanish	Los accionistas comunes están sujetos a que la compañía decida no distribuir los dividendos y que los montos distribuidos fluctúen considerablemente de un periodo a otro.	sujetos	-1.732505291830542
es_594	spanish	Al igual que en el resto de las disciplinas, en la Economía se distinguen tres tipos fundamentales de leyes: Leyes causales: las determinan las relaciones en las que, a continuación de un hecho, acción o acto determinado, sobreviene constantemente otro hecho determinado, en un lapso determinado.	distinguen	-2.1907668350689327
es_595	spanish	Esta circunstancia o familiaridad hace que el concepto sea comprendido fácilmente, aunque quizás no el uso o manejo adecuado, ya que para este se requieren otras habilidades y valores más que el solo conocimiento.	comprendido	-1.9305243564801207
es_596	spanish	Evalúa dar al menos algunos de los siguientes pasos: Antes de omitir un pago, llama a tus acreedores para analizar las opciones.	opciones	-0.9380008089605508
es_597	spanish	La austeridad significa realizar el gasto necesario y está asociado al ahorro, que tiene una connotación completamente diferente al de avaricia que se refiere a un afán desordenado de poseer riquezas o dinero para atesorarlo, que puede inducir a actuar con envidia y actos negativos.	asociado	-1.5734072172511906
es_598	spanish	Si te denegaron un crédito, tienes derecho a obtener un informe crediticio gratis.	tienes	-0.5322423686717171
es_599	spanish	Si la agencia determina que la información que contiene el informe es inexacta, el acreedor debe notificar a las otras agencias de informes crediticios sobre la existencia del error para que ellos también puedan corregir la información.	corregir	-1.4768314054769431
es_600	spanish	Anteriormente, mencionamos las formas de averiguar a dónde va a parar tu dinero y cómo detener las fugas de dinero.	fugas	-2.212042655601833
es_601	spanish	Por otra parte, el tercer principio se orienta a los egresos y señala:	orienta	-2.3232688281469573
es_602	spanish	Todos los habitantes de la sociedad toman decisiones económicas, para mejorar sus remuneraciones, su consumo y, consecuentemente, elevar su bienestar.	elevar	-1.654933290725258
es_603	spanish	Dependiendo de las circunstancias y particularidades de cada proyecto, es posible que tenga que evaluarse la rentabilidad ante movimientos de tres o más variables.	evaluarse	-2.9671912661520707
es_604	spanish	El Banco Mundial, al definir la pobreza, establece un tope de ingreso de un dólar al día por persona.	dólar	-1.55984083458402
es_605	spanish	Para poder cumplir con los nuevos pedidos, la empresa necesita construir nuevos hornos, comprar más materiales y contratar más personas para su manejo y el de las nuevas máquinas que también se tuvo que adquirir.	contratar	-1.578025181787538
es_606	spanish	La mejor forma de evitar el pago de tasas de interés altas y penalidades, es llevando la cuenta de los gastos realizados con su tarjeta de crédito.	tasas	-1.7604938606083351
es_607	spanish	Cada vez que ellos se metían en una situación que no les gustaba, las primeras palabras que balbuceaban era	metían	-2.2641046956212194
es_608	spanish	Una incapacidad, y máxime si se trata de una incapacidad total es supremamente complicada para cualquier persona, y algunos dicen que lo es más que la misma muerte prematura, porque además de la pérdida de la fuente generadora de ingresos hay que sumar por lo general los gastos médicos.	médicos	-1.3407531287446695
es_609	spanish	Para ello disponen de sistemas de información que les proporcionan datos financieros y no financieros periódicamente.	periódicamente	-2.0679963230436513
es_610	spanish	La lista de cuentas aludida es invaluable para la familia si usted llega a estar incapacitado o muere repentinamente.	incapacitado	-2.8422525295437704
es_611	spanish	Cada año, en los meses de marzo y abril, el Servicio de Impuestos Internos propone declaraciones digitales a los contribuyentes (declaraciones de renta precalculadas por la institución), particularmente para personas naturales y pequeñas empresas.	propone	-1.5156241159047963
es_612	spanish	Diez años si la prescripción se interrumpe mediante reconocimiento escrito de la obligación tributaria por parte del contribuyente.	interrumpe	-2.1147693682255415
es_613	spanish	Hoy en día han surgido los diferentes medios de pago (antes mencionados) que eliminan el riesgo de robo y se pueden recuperar en caso de extravío, son fáciles de manejar y permiten el control de ingresos y gastos.	permiten	-1.1565107909415069
es_614	spanish	Por consiguiente, primero compran las cosas que necesitan, después las que más desean y prescinden de lo demás.	compran	-1.6285450828821206
es_615	spanish	Por ejemplo, en la tabla anterior se muestra una reducción de los Otros Ingresos, sin embargo no se puede identificar cuál es la razón para dicha reducción.	identificar	-1.2019841038497043
es_616	spanish	Con frecuencia, estas compañías cobran honorarios costosos por cosas que podrías hacer tú mismo.	compañías	-1.5400608002885132
es_617	spanish	También, en los países existen otras instituciones depositarias de ahorros como las cajas de ahorro, asociaciones de ahorro y préstamo, por ejemplo que, por lo general, otorgan préstamos hipotecarios para vivienda, préstamos al consumidor o para fines específicos.	cajas	-1.46855257144629
es_618	spanish	El documento antes citado, la define también como: el rompimiento del equilibrio psicofisiológico que experimenta el ser humano, provocado por la falta o exceso de algo.	experimenta	-1.8949588800597734
es_619	spanish	La función de concentración de recursos, tiene que ver con la racionalidad de las personas que invierten al decidir cómo y dónde destinar sus recursos financieros, teniendo en cuenta la evaluación que realicen de la relación riesgo	concentración	-1.436625692205442
es_620	spanish	Después surgió la moneda y posteriormente surgió el papel-moneda, que por mucho tiempo fueron los principales medios para los intercambios comerciales.	intercambios	-2.077222956482032
es_621	spanish	A éstos se les coloca una fecha posterior al momento en que se elabora el cheque, como manera de recordarle al que lo recibe que la cuenta no tendrá los fondos suficientes si no hasta el día que se indica en el cheque y que sólo entonces podrá hacerlo efectivo.	suficientes	-1.4094549757632404
es_622	spanish	Colisión: Choque de dos cuerpos. Oposición y pugna de ideas, principios o intereses. Parte del ingreso que no se destina al ahorro, sino que es aplicado a la adquisición de alimentos, educación, ocio, entre otros.	ahorro	-1.6464516814761991
es_623	spanish	La corrupción, en tanto, es lo opuesto a la honradez y se la asocia con el vicio, el soborno, la perversión y otros calificativos vinculados a lo inmoral y a la falta de ética personal y empresarial en el actuar.	soborno	-2.5651346912852007
