en_31	english	After Ron nearly dies drinking poisoned mead that was apparently intended for Professor Dumbledore, Hermione becomes so distraught that they end their feud for good.	distraught	-6.03678638080717
en_32	english	After Ron nearly dies drinking poisoned mead that was apparently intended for Professor Dumbledore, Hermione becomes so distraught that they end their feud for good.	drinking	-4.587845952502316
en_33	english	After the war, Hitler remained in the army and after receiving intelligence and oratory training, became an intelligence official tasked with infiltrating political parties and reporting to his superiors on their activities.	oratory	-6.564074244992562
en_34	english	After the war, Hitler remained in the army and after receiving intelligence and oratory training, became an intelligence official tasked with infiltrating political parties and reporting to his superiors on their activities.	reporting	-4.615481657863677
en_35	english	After the war, Hitler remained in the army and after receiving intelligence and oratory training, became an intelligence official tasked with infiltrating political parties and reporting to his superiors on their activities.	infiltrating	-6.29048249767552
en_36	english	All other things being equal, nucleophiles are generally compared to each other in terms of relative reactivity.	relative	-4.689604260768987
en_37	english	All other things being equal, nucleophiles are generally compared to each other in terms of relative reactivity.	nucleophiles	-7.023821403642802
en_38	english	All other things being equal, nucleophiles are generally compared to each other in terms of relative reactivity.	compared	-4.291806278963175
en_39	english	Also, the frictional coefficient varies greatly depending on what two substances are in contact, and the temperature and smoothness of the two substances.	frictional	-6.117549757864669
en_40	english	Also, the frictional coefficient varies greatly depending on what two substances are in contact, and the temperature and smoothness of the two substances.	smoothness	-6.117549757864669
en_41	english	Also, the frictional coefficient varies greatly depending on what two substances are in contact, and the temperature and smoothness of the two substances.	varies	-5.237654777463899
en_42	english	Although it requires discipline, it is extremely important to systematically work backwards in time through the record trail, exhausting all record sources for each person, before working on their parents and grandparents.	backwards	-4.810850863238259
en_43	english	Although it requires discipline, it is extremely important to systematically work backwards in time through the record trail, exhausting all record sources for each person, before working on their parents and grandparents.	exhausting	-5.562305222253715
en_44	english	Although it requires discipline, it is extremely important to systematically work backwards in time through the record trail, exhausting all record sources for each person, before working on their parents and grandparents.	systematically	-5.5915124933395015
en_45	english	Although some frames are provided with three holes for the location pins, some brakes only work on one particular position, so take note during any disassembly as to which holes were used.	holes	-4.588595544027182
en_46	english	Although some frames are provided with three holes for the location pins, some brakes only work on one particular position, so take note during any disassembly as to which holes were used.	frames	-4.870096186214043
en_47	english	Although some frames are provided with three holes for the location pins, some brakes only work on one particular position, so take note during any disassembly as to which holes were used.	brakes	-5.12393655652607
en_48	english	Although the Jews were the favored targets and are the victims we most hear about when talking about the Holocaust, they were not the only victims.	favored	-5.619793054860344
en_49	english	Although the Jews were the favored targets and are the victims we most hear about when talking about the Holocaust, they were not the only victims.	hear	-3.6064083302292906
en_50	english	Although the Jews were the favored targets and are the victims we most hear about when talking about the Holocaust, they were not the only victims.	talking	-3.4246063979965258
en_51	english	Among these technologies was nuclear fission, the splitting of a highly electronegative atom into smaller ones, which gives off ten times as much power.	electronegative	-6.3734567327402845
en_52	english	Among these technologies was nuclear fission, the splitting of a highly electronegative atom into smaller ones, which gives off ten times as much power.	technologies	-4.543983677318185
en_53	english	Among these technologies was nuclear fission, the splitting of a highly electronegative atom into smaller ones, which gives off ten times as much power.	nuclear	-4.55913902731705
en_54	english	An ingenious alphabet allowed the Maya to record information on their monuments and temples, giving anthropologists an excellent way to learn about Maya life and culture.	anthropologists	-6.058370672611842
en_55	english	An ingenious alphabet allowed the Maya to record information on their monuments and temples, giving anthropologists an excellent way to learn about Maya life and culture.	excellent	-4.3219995491215855
en_56	english	An ingenious alphabet allowed the Maya to record information on their monuments and temples, giving anthropologists an excellent way to learn about Maya life and culture.	ingenious	-5.959804098859483
en_57	english	Another separate book covers Cascading Style Sheets (CSS) which handle overall look and styling, but the present book addresses CSS briefly.	overall	-4.139959648152652
en_58	english	Another separate book covers Cascading Style Sheets (CSS) which handle overall look and styling, but the present book addresses CSS briefly.	addresses	-4.981500738469316
en_59	english	Another separate book covers Cascading Style Sheets (CSS) which handle overall look and styling, but the present book addresses CSS briefly.	handle	-4.2574960541597715
en_60	english	As Governor, he followed such a strict policy of appointing only fellow Republicans to office that he became the father of the spoils system in America.	father	-3.842667452503531
en_61	english	As Governor, he followed such a strict policy of appointing only fellow Republicans to office that he became the father of the spoils system in America.	appointing	-6.175089078973451
en_62	english	As Governor, he followed such a strict policy of appointing only fellow Republicans to office that he became the father of the spoils system in America.	spoils	-6.013721076738476
en_63	english	As adjectives, their endings will vary according to the nouns they modify.	according	-4.089887724057907
en_64	english	As adjectives, their endings will vary according to the nouns they modify.	vary	-4.920823050524326
en_65	english	As adjectives, their endings will vary according to the nouns they modify.	nouns	-5.739722572360789
en_66	english	As the single parabolic reflector achieves a greater focusing accuracy than any larger bank of mirrors can achieve, the focus is used to achieve a higher temperature which in turn allows a very efficient conversion of heat into mechanical power to drive a electrical generator.	parabolic	-6.29048249767552
en_67	english	As the single parabolic reflector achieves a greater focusing accuracy than any larger bank of mirrors can achieve, the focus is used to achieve a higher temperature which in turn allows a very efficient conversion of heat into mechanical power to drive a electrical generator.	accuracy	-4.885425818195254
en_68	english	As the single parabolic reflector achieves a greater focusing accuracy than any larger bank of mirrors can achieve, the focus is used to achieve a higher temperature which in turn allows a very efficient conversion of heat into mechanical power to drive a electrical generator.	focusing	-4.520030720585621
en_69	english	As well as being queen of the United Kingdom of Great Britain and Ireland, she was also the first monarch to use the title Empress of India.	queen	-4.27677535594804
en_70	english	As well as being queen of the United Kingdom of Great Britain and Ireland, she was also the first monarch to use the title Empress of India.	monarch	-5.4597822783619065
en_71	english	As well as being queen of the United Kingdom of Great Britain and Ireland, she was also the first monarch to use the title Empress of India.	title	-4.192365691304905
en_72	english	At the end of the sequence a scraper removes any toner left on the drum and the whole process is repeated with a new image.	repeated	-4.982428718484577
en_73	english	At the end of the sequence a scraper removes any toner left on the drum and the whole process is repeated with a new image.	drum	-4.94315248235857
en_74	english	At the end of the sequence a scraper removes any toner left on the drum and the whole process is repeated with a new image.	toner	-5.934124038910022
en_75	english	Attachment to the fibre is attributed, at least partly, to salt formation between anionic groups in the dyes and cationic groups in the fibre.	fibre	-5.936206990058315
en_76	english	Attachment to the fibre is attributed, at least partly, to salt formation between anionic groups in the dyes and cationic groups in the fibre.	anionic	-6.856330316349038
en_77	english	Attachment to the fibre is attributed, at least partly, to salt formation between anionic groups in the dyes and cationic groups in the fibre.	cationic	-7.023821403642802
en_78	english	Because of the fact that his mating apparatus is barbed, much like the stinger of a worker, it will be ripped from his body after mating, and he will fall towards the earth with the only possible outcome of death.	mating	-5.777149070301413
en_79	english	Because of the fact that his mating apparatus is barbed, much like the stinger of a worker, it will be ripped from his body after mating, and he will fall towards the earth with the only possible outcome of death.	ripped	-5.243122964245279
en_80	english	Because of the fact that his mating apparatus is barbed, much like the stinger of a worker, it will be ripped from his body after mating, and he will fall towards the earth with the only possible outcome of death.	stinger	-6.186084463274915
en_81	english	Besides the new vocabulary you should also have a look at how the verbs are conjugated depending on the subject of the sentence.	conjugated	-6.4347263894792075
en_82	english	Besides the new vocabulary you should also have a look at how the verbs are conjugated depending on the subject of the sentence.	verbs	-5.457695991810646
en_83	english	Besides the new vocabulary you should also have a look at how the verbs are conjugated depending on the subject of the sentence.	vocabulary	-5.113762281982896
en_84	english	Both make heavy use of mathematical functions to describe and predict physical phenomena that are subject to continuous change, and this requires the use of calculus.	heavy	-4.187720786259142
en_85	english	Both make heavy use of mathematical functions to describe and predict physical phenomena that are subject to continuous change, and this requires the use of calculus.	describe	-4.432102245653058
en_86	english	Both make heavy use of mathematical functions to describe and predict physical phenomena that are subject to continuous change, and this requires the use of calculus.	predict	-4.864927013768998
en_87	english	British trade officials took it as a first priority to populate the recently secured areas of Canada and Florida (referring to the Treaty of Paris), where colonists could reasonably be expected to trade with the mother country.	secured	-5.192817845933883
en_88	english	British trade officials took it as a first priority to populate the recently secured areas of Canada and Florida (referring to the Treaty of Paris), where colonists could reasonably be expected to trade with the mother country.	colonists	-5.925890721582338
en_89	english	British trade officials took it as a first priority to populate the recently secured areas of Canada and Florida (referring to the Treaty of Paris), where colonists could reasonably be expected to trade with the mother country.	populate	-5.586817372131122
en_90	english	Buddhism and Jainism share many  common themes and practices, including an emphasis on nonviolence and a belief that one achieves liberation through the renunciation of worldly ties which bind individuals to illusion through the process of karma, the accumulation of good and bad merit.	liberation	-5.294275486692659
en_91	english	Buddhism and Jainism share many  common themes and practices, including an emphasis on nonviolence and a belief that one achieves liberation through the renunciation of worldly ties which bind individuals to illusion through the process of karma, the accumulation of good and bad merit.	emphasis	-4.9716482121430134
en_92	english	Buddhism and Jainism share many  common themes and practices, including an emphasis on nonviolence and a belief that one achieves liberation through the renunciation of worldly ties which bind individuals to illusion through the process of karma, the accumulation of good and bad merit.	accumulation	-5.444037807025992
en_93	english	By the 1960s more mail was being franked by postage meter than with traditional adhesive stamps.	adhesive	-5.357744107531521
en_94	english	By the 1960s more mail was being franked by postage meter than with traditional adhesive stamps.	franked	-7.409172285006819
en_95	english	By the 1960s more mail was being franked by postage meter than with traditional adhesive stamps.	meter	-4.7362831219959975
en_96	english	Calculating such capacitances and either exploiting them or taking necessary measures to counteract it is a big deal in engineering electric circuits.	counteract	-5.888782340130176
en_97	english	Calculating such capacitances and either exploiting them or taking necessary measures to counteract it is a big deal in engineering electric circuits.	electric	-4.426836429620296
en_98	english	Calculating such capacitances and either exploiting them or taking necessary measures to counteract it is a big deal in engineering electric circuits.	capacitances	-7.555300320685057
en_99	english	Chapter Two investigates this connection a little more fully by discussing the mental gymnastics of problem solving.	discussing	-4.764171319957771
en_100	english	Chapter Two investigates this connection a little more fully by discussing the mental gymnastics of problem solving.	gymnastics	-5.831024451084268
en_101	english	Chapter Two investigates this connection a little more fully by discussing the mental gymnastics of problem solving.	fully	-4.164612443399546
en_102	english	Cheered on by southern supporters (many of whom sent Brooks new canes, to show approval of his actions), came back after a resounding reelection.	resounding	-6.081084056608802
en_103	english	Cheered on by southern supporters (many of whom sent Brooks new canes, to show approval of his actions), came back after a resounding reelection.	whom	-4.463563037693396
en_104	english	Cheered on by southern supporters (many of whom sent Brooks new canes, to show approval of his actions), came back after a resounding reelection.	supporters	-5.114706058845226
en_105	english	Click the attached MAC or WIN button to download the zipped font file.	font	-4.998515538378031
en_106	english	Click the attached MAC or WIN button to download the zipped font file.	download	-4.394711752395023
en_107	english	Click the attached MAC or WIN button to download the zipped font file.	zipped	-6.245670153259158
en_108	english	Configuration can also be assigned on the purely empirical basis of the optical activity.	empirical	-5.557913936287743
en_109	english	Configuration can also be assigned on the purely empirical basis of the optical activity.	assigned	-4.807267426554914
en_110	english	Configuration can also be assigned on the purely empirical basis of the optical activity.	purely	-5.081084056608802
en_111	english	Currently, one seat equals roughly 600,000 constituents.	equals	-4.405527143125392
en_112	english	Currently, one seat equals roughly 600,000 constituents.	constituents	-5.556169779397686
en_113	english	Currently, one seat equals roughly 600,000 constituents.	roughly	-4.671752441417014
en_114	english	Decorative typefaces are better suited for display type (greater than 14 points), while simpler type is better used for text (less than 14 points).	suited	-5.258635130423526
en_115	english	Decorative typefaces are better suited for display type (greater than 14 points), while simpler type is better used for text (less than 14 points).	typefaces	-6.62080186944149
en_116	english	Decorative typefaces are better suited for display type (greater than 14 points), while simpler type is better used for text (less than 14 points).	simpler	-5.1521797995092395
en_117	english	Despite this, we can see that there is still some interaction between Dumbledore and McGonagall, with McGonagall being a moderating influence on all parties, while exhibiting staunch loyalty to Dumbledore.	staunch	-6.2811424714213775
en_118	english	Despite this, we can see that there is still some interaction between Dumbledore and McGonagall, with McGonagall being a moderating influence on all parties, while exhibiting staunch loyalty to Dumbledore.	loyalty	-5.146043668646147
en_119	english	Despite this, we can see that there is still some interaction between Dumbledore and McGonagall, with McGonagall being a moderating influence on all parties, while exhibiting staunch loyalty to Dumbledore.	moderating	-5.905965461972915
en_120	english	Dramas, comedy and all other forms of entertainment were produced, as well as broadcasts of news and music.	comedy	-4.839965636892744
en_121	english	Dramas, comedy and all other forms of entertainment were produced, as well as broadcasts of news and music.	broadcasts	-5.996591750151891
en_122	english	Dramas, comedy and all other forms of entertainment were produced, as well as broadcasts of news and music.	entertainment	-4.70294233701723
en_123	english	Drill them out using a very slow drill speed, or use a screw extractor tool for stuck screws.	extractor	-6.0959078329258265
en_124	english	Drill them out using a very slow drill speed, or use a screw extractor tool for stuck screws.	drill	-4.74939186561086
en_125	english	Drill them out using a very slow drill speed, or use a screw extractor tool for stuck screws.	stuck	-4.313504889389859
en_126	english	Each side had induced their new partners to join by offering territorial concessions.	offering	-4.461668543856109
en_127	english	Each side had induced their new partners to join by offering territorial concessions.	join	-4.045506592359439
en_128	english	Each side had induced their new partners to join by offering territorial concessions.	partners	-4.395132027726545
en_129	english	Each year the membership count for this club increases and the need for small group leaders, also known as Core Facilitators, in dorms increases as well.	dorms	-6.016224221892281
en_130	english	Each year the membership count for this club increases and the need for small group leaders, also known as Core Facilitators, in dorms increases as well.	membership	-4.871893021552962
en_131	english	Each year the membership count for this club increases and the need for small group leaders, also known as Core Facilitators, in dorms increases as well.	count	-4.263753880992847
en_132	english	Electronically controlled motorized zoom lenses are placed on both camera and projector, and synchronized with one another so that both lenses zoom together and at the same focal length at all times.	zoom	-4.402889657055479
en_133	english	Electronically controlled motorized zoom lenses are placed on both camera and projector, and synchronized with one another so that both lenses zoom together and at the same focal length at all times.	motorized	-5.902087806909713
en_134	english	Electronically controlled motorized zoom lenses are placed on both camera and projector, and synchronized with one another so that both lenses zoom together and at the same focal length at all times.	focal	-5.353903196364605
en_135	english	Environmental conditions such as current or temperature gradients cause the bubble to pinch off, creating two bubbles containing similar concentrations of materials.	gradients	-5.886914403995057
en_136	english	Environmental conditions such as current or temperature gradients cause the bubble to pinch off, creating two bubbles containing similar concentrations of materials.	bubble	-4.8233893785681845
en_137	english	Environmental conditions such as current or temperature gradients cause the bubble to pinch off, creating two bubbles containing similar concentrations of materials.	pinch	-5.162251854268279
en_138	english	Ever the patriot, Laurens continued to serve his nation as one of the three representatives selected to negotiate terms at the Paris Peace Conference in 1782.	selected	-4.533449743250732
en_139	english	Ever the patriot, Laurens continued to serve his nation as one of the three representatives selected to negotiate terms at the Paris Peace Conference in 1782.	continued	-4.430144491104527
en_140	english	Ever the patriot, Laurens continued to serve his nation as one of the three representatives selected to negotiate terms at the Paris Peace Conference in 1782.	negotiate	-5.162603367425391
en_141	english	Everything that you study is geared to prepare you for organic syntheses and other chemical transformations performed in the lab.	transformations	-5.667683020349321
en_142	english	Everything that you study is geared to prepare you for organic syntheses and other chemical transformations performed in the lab.	performed	-4.7675565490385905
en_143	english	Everything that you study is geared to prepare you for organic syntheses and other chemical transformations performed in the lab.	prepare	-4.418516357501693
en_144	english	Exercises and review sections are ideally contribute a designed repetition pattern.	contribute	-4.691858492071349
en_145	english	Exercises and review sections are ideally contribute a designed repetition pattern.	ideally	-5.02689788273144
en_146	english	Exercises and review sections are ideally contribute a designed repetition pattern.	repetition	-5.336239988236196
en_147	english	Hard lines are often made to be pressurised with nitrogen or desiccated air, which provide an excellent dielectric even at the high temperatures generated by thousands of watts of RF energy, especially during intense summer heat and sunshine.	desiccated	-6.735756385143189
en_148	english	Hard lines are often made to be pressurised with nitrogen or desiccated air, which provide an excellent dielectric even at the high temperatures generated by thousands of watts of RF energy, especially during intense summer heat and sunshine.	watts	-5.270193291118245
en_149	english	Hard lines are often made to be pressurised with nitrogen or desiccated air, which provide an excellent dielectric even at the high temperatures generated by thousands of watts of RF energy, especially during intense summer heat and sunshine.	intense	-4.6279299576460335
en_150	english	He believes they are expressing the same concerns that he feels, but only in a different way, and that he is morally required to tolerate them because they are weaker than he is.	tolerate	-5.361619291143776
en_151	english	He believes they are expressing the same concerns that he feels, but only in a different way, and that he is morally required to tolerate them because they are weaker than he is.	morally	-5.578491983346991
en_152	english	He believes they are expressing the same concerns that he feels, but only in a different way, and that he is morally required to tolerate them because they are weaker than he is.	believes	-4.822584980335064
en_153	english	He had an exemplary record of service and received the prestigious Iron Cross, both First and Second Class, and also achieved the undistinguished rank of Corporal.	rank	-4.81116386828381
en_154	english	He had an exemplary record of service and received the prestigious Iron Cross, both First and Second Class, and also achieved the undistinguished rank of Corporal.	undistinguished	-7.555300320685057
en_155	english	He had an exemplary record of service and received the prestigious Iron Cross, both First and Second Class, and also achieved the undistinguished rank of Corporal.	prestigious	-5.444037807025992
en_156	english	He was also responsible for drug smuggling and murder, and bribed both police and important politicians.	bribed	-6.329991038959194
en_157	english	He was also responsible for drug smuggling and murder, and bribed both police and important politicians.	drug	-4.472586740513725
en_158	english	He was also responsible for drug smuggling and murder, and bribed both police and important politicians.	police	-4.102777896595578
en_159	english	Heavy spidering can lead to your spider, or your IP, being barred with prejudice from access to the site.	barred	-5.905965461972915
en_160	english	Heavy spidering can lead to your spider, or your IP, being barred with prejudice from access to the site.	spidering	-7.652210333693113
en_161	english	Heavy spidering can lead to your spider, or your IP, being barred with prejudice from access to the site.	prejudice	-5.454929775567495
en_162	english	However if the program is some type of editor running on a desktop, you may want to give the operator the option of saving their tediously entered information instead of just exiting the program.	exiting	-5.686068600954081
en_163	english	However if the program is some type of editor running on a desktop, you may want to give the operator the option of saving their tediously entered information instead of just exiting the program.	saving	-4.569155855974537
en_164	english	However if the program is some type of editor running on a desktop, you may want to give the operator the option of saving their tediously entered information instead of just exiting the program.	tediously	-7.351180338029132
en_165	english	However in one area it possesses a highly sensitive power, namely the right to withdraw or block Supply, i.e.	highly	-4.25982118800704
en_166	english	However in one area it possesses a highly sensitive power, namely the right to withdraw or block Supply, i.e.	namely	-5.201191881537656
en_167	english	However in one area it possesses a highly sensitive power, namely the right to withdraw or block Supply, i.e.	possesses	-5.696763123115418
en_168	english	However, despite these mostly unavoidable limitations, several SUVs and larger trucks have been successfully converted to electric power by hobbyists.	despite	-4.304831523984571
en_169	english	However, despite these mostly unavoidable limitations, several SUVs and larger trucks have been successfully converted to electric power by hobbyists.	successfully	-4.698329887202565
en_170	english	However, despite these mostly unavoidable limitations, several SUVs and larger trucks have been successfully converted to electric power by hobbyists.	unavoidable	-5.9642357136585575
en_171	english	However, heavy, persistent rainfall and rainstorms may cause flooding and waterlogged conditions in the soils, as well as serious rainsplash erosion.	persistent	-5.273358387244232
en_172	english	However, heavy, persistent rainfall and rainstorms may cause flooding and waterlogged conditions in the soils, as well as serious rainsplash erosion.	rainsplash	-8.254270325021077
en_173	english	However, heavy, persistent rainfall and rainstorms may cause flooding and waterlogged conditions in the soils, as well as serious rainsplash erosion.	rainstorms	-6.79187232712212
en_174	english	However, in general, it is necessary to apply those laws to an infinitesimal control volume, then use the resulting differential equations.	differential	-5.107212653992716
en_175	english	However, in general, it is necessary to apply those laws to an infinitesimal control volume, then use the resulting differential equations.	resulting	-5.020259507433897
en_176	english	However, in general, it is necessary to apply those laws to an infinitesimal control volume, then use the resulting differential equations.	infinitesimal	-6.5915124933395015
en_177	english	However, it hardly needs saying that this artifice would have limited value if we knew the myth to be a lie.	myth	-5.067596457521331
en_178	english	However, it hardly needs saying that this artifice would have limited value if we knew the myth to be a lie.	artifice	-6.610817648534889
en_179	english	However, it hardly needs saying that this artifice would have limited value if we knew the myth to be a lie.	hardly	-4.902860573095637
en_180	english	However, it should be clear that different wavelengths will undergo constructive interference for different angles of incidence of the incoming light.	constructive	-5.445384457661264
en_181	english	However, it should be clear that different wavelengths will undergo constructive interference for different angles of incidence of the incoming light.	undergo	-5.483418313378932
en_182	english	However, it should be clear that different wavelengths will undergo constructive interference for different angles of incidence of the incoming light.	angles	-4.989452502011539
en_183	english	However, the attenuation can only go as far as the synaptic and cortical plasticity of the brain, because the seriousness of ADHD mostly depends on neurobiological aspects.	mostly	-4.2489610881725595
en_184	english	However, the attenuation can only go as far as the synaptic and cortical plasticity of the brain, because the seriousness of ADHD mostly depends on neurobiological aspects.	depends	-4.360397646225994
en_185	english	However, the attenuation can only go as far as the synaptic and cortical plasticity of the brain, because the seriousness of ADHD mostly depends on neurobiological aspects.	synaptic	-6.295228932699982
en_186	english	Hydrogen peroxide will spontaneously degrade into water and molecular oxygen, however, the presence of a catalyst speeds up this reaction to the point that it has been used a fuel source for torpedoes and even spacecraft.	speeds	-5.014720604180603
en_187	english	Hydrogen peroxide will spontaneously degrade into water and molecular oxygen, however, the presence of a catalyst speeds up this reaction to the point that it has been used a fuel source for torpedoes and even spacecraft.	spontaneously	-5.810225529103
en_188	english	Hydrogen peroxide will spontaneously degrade into water and molecular oxygen, however, the presence of a catalyst speeds up this reaction to the point that it has been used a fuel source for torpedoes and even spacecraft.	peroxide	-5.86157337176141
en_189	english	I genuinely value the collaborative spirit of this platform and am committed to being more vigilant about copyright issues in the future.	committed	-4.544576455293284
en_190	english	I genuinely value the collaborative spirit of this platform and am committed to being more vigilant about copyright issues in the future.	collaborative	-4.980806052399729
en_191	english	I genuinely value the collaborative spirit of this platform and am committed to being more vigilant about copyright issues in the future.	platform	-4.172347220670016
en_192	english	I understand your concerns about copyright issues and the need to maintain the integrity of the content on the platform.	concerns	-4.542800543146748
en_193	english	I understand your concerns about copyright issues and the need to maintain the integrity of the content on the platform.	maintain	-4.43756514135456
en_194	english	I understand your concerns about copyright issues and the need to maintain the integrity of the content on the platform.	copyright	-5.133367507406549
en_195	english	If not, gently massage the cramped muscle you may also try applying ice.	cramped	-5.909878051335965
en_196	english	If not, gently massage the cramped muscle you may also try applying ice.	massage	-5.0410182728246795
en_197	english	If not, gently massage the cramped muscle you may also try applying ice.	applying	-4.632886296539422
en_198	english	If possible locate a beekeeper in your area that may be willing to guide you along or even mentor you during your newfound interests.	mentor	-4.8214613199879075
en_199	english	If possible locate a beekeeper in your area that may be willing to guide you along or even mentor you during your newfound interests.	newfound	-5.807112293678856
en_200	english	If possible locate a beekeeper in your area that may be willing to guide you along or even mentor you during your newfound interests.	willing	-4.283923448790983
en_201	english	In attempts to improve accuracy the Army employed a large group of mathematicians to continuously calculate differential equations required for solving ballistic firing tables.	mathematicians	-5.927934464092324
en_202	english	In attempts to improve accuracy the Army employed a large group of mathematicians to continuously calculate differential equations required for solving ballistic firing tables.	calculate	-4.722280773608525
en_203	english	In attempts to improve accuracy the Army employed a large group of mathematicians to continuously calculate differential equations required for solving ballistic firing tables.	continuously	-5.028961043295213
en_204	english	In many annual species, only the seed exists during unfavorable dry or cold conditions.	exists	-4.609142925762685
en_205	english	In many annual species, only the seed exists during unfavorable dry or cold conditions.	unfavorable	-6.182388317714951
en_206	english	In many annual species, only the seed exists during unfavorable dry or cold conditions.	annual	-4.576663372300582
en_207	english	In northern Europe (north Germany, Netherlands, and France), the middle class tended to be Protestant, which corresponded with their work ethic and philosophy.	northern	-4.587378113954539
en_208	english	In northern Europe (north Germany, Netherlands, and France), the middle class tended to be Protestant, which corresponded with their work ethic and philosophy.	corresponded	-6.3734567327402845
en_209	english	In northern Europe (north Germany, Netherlands, and France), the middle class tended to be Protestant, which corresponded with their work ethic and philosophy.	tended	-5.4775691410326655
en_210	english	In order to obtain this field, the room has to be sufficiently reverberant and the frequencies have to be high enough to avoid the effects of predominating modes.	sufficiently	-5.529175803939607
en_211	english	In order to obtain this field, the room has to be sufficiently reverberant and the frequencies have to be high enough to avoid the effects of predominating modes.	frequencies	-5.287659338339141
en_212	english	In order to obtain this field, the room has to be sufficiently reverberant and the frequencies have to be high enough to avoid the effects of predominating modes.	predominating	-7.555300320685057
en_213	english	In organic chemistry, carbon is very frequently used, so chemists know that there is a carbon atom at the endpoints of every line that is not specifically labeled.	frequently	-4.6838441466621035
en_214	english	In organic chemistry, carbon is very frequently used, so chemists know that there is a carbon atom at the endpoints of every line that is not specifically labeled.	specifically	-4.131563070702728
en_215	english	In organic chemistry, carbon is very frequently used, so chemists know that there is a carbon atom at the endpoints of every line that is not specifically labeled.	chemists	-6.117549757864669
en_216	english	In the context of programming languages, with a declarative you give facts and rules to the computer which can then be queried to give data back.	declarative	-6.351180338029132
en_217	english	In the context of programming languages, with a declarative you give facts and rules to the computer which can then be queried to give data back.	programming	-4.64606531731675
en_218	english	In the context of programming languages, with a declarative you give facts and rules to the computer which can then be queried to give data back.	queried	-6.7227914079788205
en_219	english	In the example above, the conserved quantity would be socks, the system would be the dryer, and the system is closed as long as nobody puts socks into or takes socks out of the dryer.	socks	-5.11659978778432
en_220	english	In the example above, the conserved quantity would be socks, the system would be the dryer, and the system is closed as long as nobody puts socks into or takes socks out of the dryer.	puts	-4.526647747051938
en_221	english	In the example above, the conserved quantity would be socks, the system would be the dryer, and the system is closed as long as nobody puts socks into or takes socks out of the dryer.	nobody	-4.110631089746533
en_222	english	In the final step, one of the hydrogens of the bonded water molecule is attacked by another water molecule, leaving an alcohol.	attacked	-4.825002658587907
en_223	english	In the final step, one of the hydrogens of the bonded water molecule is attacked by another water molecule, leaving an alcohol.	molecule	-5.045828968582509
en_224	english	In the final step, one of the hydrogens of the bonded water molecule is attacked by another water molecule, leaving an alcohol.	bonded	-5.555300320685057
en_225	english	In these cases, the role of the implementing agent is to provide seed inputs, including, but not limited, to capital that will get the project started and enable it to continue under its own impetus after the implementer departs.	implementer	-6.74912034670117
en_226	english	In these cases, the role of the implementing agent is to provide seed inputs, including, but not limited, to capital that will get the project started and enable it to continue under its own impetus after the implementer departs.	implementing	-5.024844477100381
en_227	english	In these cases, the role of the implementing agent is to provide seed inputs, including, but not limited, to capital that will get the project started and enable it to continue under its own impetus after the implementer departs.	enable	-4.670052212903671
en_228	english	In this system, compounds are named by analogy to glyceraldehyde, which generally produces unambiguous designations, but is easiest to see in the small biomolecules similar to glyceraldehyde.	biomolecules	-6.91184764419887
en_229	english	In this system, compounds are named by analogy to glyceraldehyde, which generally produces unambiguous designations, but is easiest to see in the small biomolecules similar to glyceraldehyde.	easiest	-4.83829591364451
en_230	english	In this system, compounds are named by analogy to glyceraldehyde, which generally produces unambiguous designations, but is easiest to see in the small biomolecules similar to glyceraldehyde.	analogy	-5.147060355373208
en_231	english	Initial data from the analysis of the cardiovascular disease drug simvastatin were presented at the conference.	presented	-4.545849424886363
en_232	english	Initial data from the analysis of the cardiovascular disease drug simvastatin were presented at the conference.	cardiovascular	-5.317756582542183
en_233	english	Initial data from the analysis of the cardiovascular disease drug simvastatin were presented at the conference.	simvastatin	-7.140326972714239
en_234	english	Instead it moves on immediately to the stop bits, and is an admission that parity checking at this level is really useless.	moves	-4.41091294658312
en_235	english	Instead it moves on immediately to the stop bits, and is an admission that parity checking at this level is really useless.	immediately	-4.140995632556725
en_236	english	Instead it moves on immediately to the stop bits, and is an admission that parity checking at this level is really useless.	admission	-5.207385134183366
en_237	english	Instead of relying on them to have the right shell, you can simply specify which shell they should use.	relying	-5.243970368381264
en_238	english	Instead of relying on them to have the right shell, you can simply specify which shell they should use.	shell	-4.741852776420236
en_239	english	Instead of relying on them to have the right shell, you can simply specify which shell they should use.	specify	-4.996351874707018
en_240	english	Intercellular connections allow heterocytes to transport fixed nitrogen to neighboring cells and to receive carbohydrates.	heterocytes	-8.254270325021077
en_241	english	Intercellular connections allow heterocytes to transport fixed nitrogen to neighboring cells and to receive carbohydrates.	fixed	-4.465324597997328
en_242	english	Intercellular connections allow heterocytes to transport fixed nitrogen to neighboring cells and to receive carbohydrates.	connections	-4.560279714560299
en_243	english	Irregular Bones have  peculiar forms, cannot be grouped under the preceding heads, and are used for muscle attachment and articulation.	preceding	-5.785922994608919
en_244	english	Irregular Bones have  peculiar forms, cannot be grouped under the preceding heads, and are used for muscle attachment and articulation.	attachment	-5.068444965408114
en_245	english	Irregular Bones have  peculiar forms, cannot be grouped under the preceding heads, and are used for muscle attachment and articulation.	grouped	-5.582172467085359
en_246	english	It adds a button to the editing toolbar in the source editor, so it is most convenient for redlinked user talk pages, but it can save a click or two otherwise as well, even though it may not be as quick as Twinkle.	button	-3.8810639848781285
en_247	english	It adds a button to the editing toolbar in the source editor, so it is most convenient for redlinked user talk pages, but it can save a click or two otherwise as well, even though it may not be as quick as Twinkle.	redlinked	-8.254270325021077
en_248	english	It adds a button to the editing toolbar in the source editor, so it is most convenient for redlinked user talk pages, but it can save a click or two otherwise as well, even though it may not be as quick as Twinkle.	click	-3.6381941044347497
en_249	english	It has been said that he had to cut his way through the trackless forest, which doubtless was the case in this town at least.	trackless	-7.050150342365151
en_250	english	It has been said that he had to cut his way through the trackless forest, which doubtless was the case in this town at least.	town	-4.032830004209335
en_251	english	It has been said that he had to cut his way through the trackless forest, which doubtless was the case in this town at least.	doubtless	-6.228964459756305
en_252	english	It is generally believed that the pilus is assembled from its base, as a pool of pilin is found in the cell membrane.	pilus	-7.555300320685057
en_253	english	It is generally believed that the pilus is assembled from its base, as a pool of pilin is found in the cell membrane.	assembled	-5.295228932699982
en_254	english	It is generally believed that the pilus is assembled from its base, as a pool of pilin is found in the cell membrane.	pilin	-7.953240329357095
en_255	english	It is important when planning a blended learning lesson within the primary grades to focus on a unit of study, then intertwine it with technology.	grades	-5.004827363578494
en_256	english	It is important when planning a blended learning lesson within the primary grades to focus on a unit of study, then intertwine it with technology.	intertwine	-6.345785306142426
en_257	english	It is important when planning a blended learning lesson within the primary grades to focus on a unit of study, then intertwine it with technology.	blended	-5.289068623995163
en_258	english	It is used by the immune system, for DNA synthesis, for healing wounds, and for normal growth and development during hormonally active periods.	hormonally	-6.975516724068247
en_259	english	It is used by the immune system, for DNA synthesis, for healing wounds, and for normal growth and development during hormonally active periods.	immune	-4.81351862454189
en_260	english	It is used by the immune system, for DNA synthesis, for healing wounds, and for normal growth and development during hormonally active periods.	healing	-4.474025041155723
en_261	english	It repeatedly shows illustrations of Scouts in sunny mountain scenes with no hats whatsoever.	illustrations	-5.453553246738691
en_262	english	It repeatedly shows illustrations of Scouts in sunny mountain scenes with no hats whatsoever.	whatsoever	-4.934956020930564
en_263	english	It repeatedly shows illustrations of Scouts in sunny mountain scenes with no hats whatsoever.	repeatedly	-5.168979746791011
en_264	english	It was discovered by goons and other English speakers, and for a while, posting between the two languages flourished.	goons	-6.189812335794158
en_265	english	It was discovered by goons and other English speakers, and for a while, posting between the two languages flourished.	posting	-4.9420929685812975
en_266	english	It was discovered by goons and other English speakers, and for a while, posting between the two languages flourished.	discovered	-4.444575966304152
en_267	english	It will take you to the page which matches your query, otherwise it displays the search results.	displays	-5.142000556603805
en_268	english	It will take you to the page which matches your query, otherwise it displays the search results.	matches	-4.7626285315434895
en_269	english	It will take you to the page which matches your query, otherwise it displays the search results.	otherwise	-4.246266653180917
en_270	english	Its hydrogen is easy to remove, so serine and threonine often act as hydrogen donors in enzymes.	hydrogen	-4.821621665007969
en_271	english	Its hydrogen is easy to remove, so serine and threonine often act as hydrogen donors in enzymes.	donors	-5.280219422228199
en_272	english	Its hydrogen is easy to remove, so serine and threonine often act as hydrogen donors in enzymes.	serine	-6.932051030287156
en_273	english	James was overthrown (he was technically held abdicated by Parliament) in the bloodless Glorious Revolution of 1688.	overthrown	-6.3048803183761635
en_274	english	James was overthrown (he was technically held abdicated by Parliament) in the bloodless Glorious Revolution of 1688.	technically	-4.696282176796163
en_275	english	James was overthrown (he was technically held abdicated by Parliament) in the bloodless Glorious Revolution of 1688.	abdicated	-6.8740590833094695
en_276	english	Lastly, the study looked at the conversation of polyunsaturated rich phospholipids to triacylglyerides via a phospholipase C pathway.	looked	-3.867272252311021
en_277	english	Lastly, the study looked at the conversation of polyunsaturated rich phospholipids to triacylglyerides via a phospholipase C pathway.	rich	-4.259293651371385
en_278	english	Lastly, the study looked at the conversation of polyunsaturated rich phospholipids to triacylglyerides via a phospholipase C pathway.	phospholipase	-7.476119074637432
en_279	english	Lewis dot structures are useful for introducing the idea of covalence and bonding in small molecules, but other model types have much more capability to communicate chemistry concepts.	communicate	-4.478805515675337
en_280	english	Lewis dot structures are useful for introducing the idea of covalence and bonding in small molecules, but other model types have much more capability to communicate chemistry concepts.	bonding	-5.412910854566221
en_281	english	Lewis dot structures are useful for introducing the idea of covalence and bonding in small molecules, but other model types have much more capability to communicate chemistry concepts.	covalence	-7.953240329357095
en_282	english	Like creating arrays without dynamic allocation, the programmer must initialize the array with sensible values before using it.	array	-4.69664283659425
en_283	english	Like creating arrays without dynamic allocation, the programmer must initialize the array with sensible values before using it.	dynamic	-4.59141809175628
en_284	english	Like creating arrays without dynamic allocation, the programmer must initialize the array with sensible values before using it.	arrays	-5.557040982261358
en_285	english	Mail is generated internally by the Postfix system itself, in order to notify the postmaster of a problem (this path is also indicated with the unlabeled arrow).	generated	-4.756649675239788
en_286	english	Mail is generated internally by the Postfix system itself, in order to notify the postmaster of a problem (this path is also indicated with the unlabeled arrow).	postmaster	-6.631021034623175
en_287	english	Mail is generated internally by the Postfix system itself, in order to notify the postmaster of a problem (this path is also indicated with the unlabeled arrow).	notify	-5.436704955461295
en_288	english	Many federations use these grants to correct imbalances between taxing and spending across different levels of government.	spending	-4.36840046411717
en_289	english	Many federations use these grants to correct imbalances between taxing and spending across different levels of government.	federations	-6.529994455420287
en_290	english	Many federations use these grants to correct imbalances between taxing and spending across different levels of government.	grants	-4.838462597385533
en_291	english	Many freshwater protists have contractile vacuoles that pump excess water out of the cell, thereby maintaining a suitable concentration of ions and molecules inside the cell.	vacuoles	-7.140326972714239
en_292	english	Many freshwater protists have contractile vacuoles that pump excess water out of the cell, thereby maintaining a suitable concentration of ions and molecules inside the cell.	protists	-7.023821403642802
en_293	english	Many freshwater protists have contractile vacuoles that pump excess water out of the cell, thereby maintaining a suitable concentration of ions and molecules inside the cell.	thereby	-5.3903529480632155
en_294	english	Milk is a valuable nutritious food, providing vitamins and essential fats to those who can properly digest it.	fats	-5.40362408983801
en_295	english	Milk is a valuable nutritious food, providing vitamins and essential fats to those who can properly digest it.	nutritious	-5.612796214516976
en_296	english	Milk is a valuable nutritious food, providing vitamins and essential fats to those who can properly digest it.	properly	-4.42949386254553
en_297	english	Modern use of emoticons in electronic discussion is generally traced to a proposal in 1982.	electronic	-4.739722572360789
en_298	english	Modern use of emoticons in electronic discussion is generally traced to a proposal in 1982.	emoticons	-6.975516724068247
en_299	english	Modern use of emoticons in electronic discussion is generally traced to a proposal in 1982.	traced	-5.545000364045245
en_300	english	Most DNS queries (such as name resolution requests) use UDP connections as the amount of data transferred is small and the session establishment overhead would introduce unnecessary traffic and load on nameservers.	introduce	-4.341145534631517
en_301	english	Most DNS queries (such as name resolution requests) use UDP connections as the amount of data transferred is small and the session establishment overhead would introduce unnecessary traffic and load on nameservers.	unnecessary	-5.161900625391955
en_302	english	Most DNS queries (such as name resolution requests) use UDP connections as the amount of data transferred is small and the session establishment overhead would introduce unnecessary traffic and load on nameservers.	traffic	-4.392258273770859
en_303	english	Multiple consecutive conflicts are noticed, and will generate a slightly different message.	consecutive	-5.457695991810646
en_304	english	Multiple consecutive conflicts are noticed, and will generate a slightly different message.	conflicts	-5.165425762294071
en_305	english	Multiple consecutive conflicts are noticed, and will generate a slightly different message.	slightly	-4.254444077566664
en_306	english	Near the end of the War, Germany tries to fight for a last stand with the Allies.	tries	-4.665550545421019
en_307	english	Near the end of the War, Germany tries to fight for a last stand with the Allies.	fight	-3.951896098945493
en_308	english	Near the end of the War, Germany tries to fight for a last stand with the Allies.	stand	-3.9839409279312172
en_309	english	No two or more States shall enter into any treaty, confederation or alliance whatever between them, without the consent of the United States in Congress assembled, specifying accurately the purposes for which the same is to be entered into, and how long it shall continue.	purposes	-4.641062972917316
en_310	english	No two or more States shall enter into any treaty, confederation or alliance whatever between them, without the consent of the United States in Congress assembled, specifying accurately the purposes for which the same is to be entered into, and how long it shall continue.	alliance	-4.909092708478372
en_311	english	No two or more States shall enter into any treaty, confederation or alliance whatever between them, without the consent of the United States in Congress assembled, specifying accurately the purposes for which the same is to be entered into, and how long it shall continue.	accurately	-5.158403871542533
en_312	english	Often the talk pages of controversial topics can be very heavily used.	talk	-3.253311593224923
en_313	english	Often the talk pages of controversial topics can be very heavily used.	topics	-4.48800623436908
en_314	english	Often the talk pages of controversial topics can be very heavily used.	heavily	-4.717585652400146
en_315	english	On the German side, however, a gap developed between the westernmost army corps, and the rapid advance was exhausting the troops.	advance	-4.562305222253715
en_316	english	On the German side, however, a gap developed between the westernmost army corps, and the rapid advance was exhausting the troops.	westernmost	-6.8740590833094695
en_317	english	On the German side, however, a gap developed between the westernmost army corps, and the rapid advance was exhausting the troops.	rapid	-4.831024451084268
en_318	english	One important thing to mention is that characters for numerals are represented differently from their corresponding number, i.e.	mention	-4.253055999734897
en_319	english	One important thing to mention is that characters for numerals are represented differently from their corresponding number, i.e.	corresponding	-5.037049669376557
en_320	english	One important thing to mention is that characters for numerals are represented differently from their corresponding number, i.e.	numerals	-6.29048249767552
en_321	english	One week after the last comment if participants have mostly reached consensus about what to do, action will be taken by an administrator.	reached	-4.442293380684122
en_322	english	One week after the last comment if participants have mostly reached consensus about what to do, action will be taken by an administrator.	participants	-4.663428490239474
en_323	english	One week after the last comment if participants have mostly reached consensus about what to do, action will be taken by an administrator.	consensus	-5.192064516201364
en_324	english	Only the Resurrection Stone seems dubious to Hermione, though Harry hopes it could resurrect his dead parents.	hopes	-4.899010419493697
en_325	english	Only the Resurrection Stone seems dubious to Hermione, though Harry hopes it could resurrect his dead parents.	resurrect	-6.034162236981021
en_326	english	Only the Resurrection Stone seems dubious to Hermione, though Harry hopes it could resurrect his dead parents.	dubious	-5.9446401575951775
en_327	english	Organic chemistry focuses on carbon and following movement of the electrons in carbon chains and rings, and also how electrons are shared with other carbon atoms and heteroatoms.	focuses	-4.926094663582753
en_328	english	Organic chemistry focuses on carbon and following movement of the electrons in carbon chains and rings, and also how electrons are shared with other carbon atoms and heteroatoms.	shared	-4.260569630200726
en_329	english	Organic chemistry focuses on carbon and following movement of the electrons in carbon chains and rings, and also how electrons are shared with other carbon atoms and heteroatoms.	atoms	-5.0386327615860145
en_330	english	Over time, the meat softens and develops more in flavor, and for certain meats this process can be carefully extended in a process called aging.	softens	-6.329991038959194
en_331	english	Over time, the meat softens and develops more in flavor, and for certain meats this process can be carefully extended in a process called aging.	extended	-4.695921816259456
en_332	english	Over time, the meat softens and develops more in flavor, and for certain meats this process can be carefully extended in a process called aging.	carefully	-4.605520112323057
en_333	english	Picture opening the hood of a car and finding a washing machine where the engine should be.	washing	-4.949134006077436
en_334	english	Picture opening the hood of a car and finding a washing machine where the engine should be.	engine	-4.256665537560622
en_335	english	Picture opening the hood of a car and finding a washing machine where the engine should be.	hood	-4.867058524707345
en_336	english	Private bills affect a specific named company, person or other entity (for instance, authorising major constructions on specific named public lands).	entity	-4.840970560939824
en_337	english	Private bills affect a specific named company, person or other entity (for instance, authorising major constructions on specific named public lands).	named	-4.218440499768247
en_338	english	Private bills affect a specific named company, person or other entity (for instance, authorising major constructions on specific named public lands).	constructions	-6.044755310478445
en_339	english	Ranging in size from oversized lakes and enclosed valleys to miniature ponds, these depressions were left by buried ice that eventually melted.	eventually	-4.127814211589271
en_340	english	Ranging in size from oversized lakes and enclosed valleys to miniature ponds, these depressions were left by buried ice that eventually melted.	depressions	-6.258635130423526
en_341	english	Ranging in size from oversized lakes and enclosed valleys to miniature ponds, these depressions were left by buried ice that eventually melted.	lakes	-5.030514871363835
en_342	english	Remember that text will flow and wrap differently for other users, based on their chosen browser, screen resolution, default font size, accessibility options, number of toolbars and sidebars (such as instant messaging panes) and more.	chosen	-4.602895381108032
en_343	english	Remember that text will flow and wrap differently for other users, based on their chosen browser, screen resolution, default font size, accessibility options, number of toolbars and sidebars (such as instant messaging panes) and more.	wrap	-4.453484534693313
en_344	english	Remember that text will flow and wrap differently for other users, based on their chosen browser, screen resolution, default font size, accessibility options, number of toolbars and sidebars (such as instant messaging panes) and more.	default	-4.514856222322381
en_345	english	Rescue breathing is used if the victim does not begin breathing when the airway is opened.	breathing	-4.650152318829041
en_346	english	Rescue breathing is used if the victim does not begin breathing when the airway is opened.	victim	-4.756925944003496
en_347	english	Rescue breathing is used if the victim does not begin breathing when the airway is opened.	begin	-4.036391746993643
en_348	english	Sensitive pads of our fingertips used as tactile antennae gauge the slightest startle, tenseness, or hesitation of response.	hesitation	-5.585884408331076
en_349	english	Sensitive pads of our fingertips used as tactile antennae gauge the slightest startle, tenseness, or hesitation of response.	fingertips	-5.352812003624964
en_350	english	Sensitive pads of our fingertips used as tactile antennae gauge the slightest startle, tenseness, or hesitation of response.	slightest	-5.597214472163972
en_351	english	She arranges the loan of a repair person from her competitor, but in the meantime organizes a large number of men with lanterns into a manual signaling system.	manual	-4.677698640955785
en_352	english	She arranges the loan of a repair person from her competitor, but in the meantime organizes a large number of men with lanterns into a manual signaling system.	arranges	-6.546700148923139
en_353	english	She arranges the loan of a repair person from her competitor, but in the meantime organizes a large number of men with lanterns into a manual signaling system.	organizes	-6.101981980638019
en_354	english	She had been surprised that Taggart had dropped by her slum room one day, out of the blue.	slum	-6.175089078973451
en_355	english	She had been surprised that Taggart had dropped by her slum room one day, out of the blue.	surprised	-4.410414902397915
en_356	english	She had been surprised that Taggart had dropped by her slum room one day, out of the blue.	dropped	-4.54204165540154
en_357	english	Since most textbooks are developed by, or based on the contributions of subject matter experts, this requirement is usually well attended to.	attended	-4.959363414415884
en_358	english	Since most textbooks are developed by, or based on the contributions of subject matter experts, this requirement is usually well attended to.	textbooks	-5.423681656335932
en_359	english	Since most textbooks are developed by, or based on the contributions of subject matter experts, this requirement is usually well attended to.	contributions	-4.979189426564218
en_360	english	Since the elementary idea of functions is better understood from the classical viewpoint, we shall use it hereafter.	classical	-4.913033701782384
en_361	english	Since the elementary idea of functions is better understood from the classical viewpoint, we shall use it hereafter.	elementary	-4.873516554217176
en_362	english	Since the elementary idea of functions is better understood from the classical viewpoint, we shall use it hereafter.	understood	-4.520752073586588
en_363	english	Some of the variations are fees, overdraft protection, minimum balances, allowable account linkages (e.g., checking and savings), and rules on opening the account.	overdraft	-6.762908631186804
en_364	english	Some of the variations are fees, overdraft protection, minimum balances, allowable account linkages (e.g., checking and savings), and rules on opening the account.	minimum	-4.52453872973404
en_365	english	Some of the variations are fees, overdraft protection, minimum balances, allowable account linkages (e.g., checking and savings), and rules on opening the account.	checking	-4.506780832762403
en_366	english	Some parts may never be eaten and some are not normally processed as kosher meat in the United States, due to the additional labor involved.	meat	-4.401485456340528
en_367	english	Some parts may never be eaten and some are not normally processed as kosher meat in the United States, due to the additional labor involved.	kosher	-5.784448309042913
en_368	english	Some parts may never be eaten and some are not normally processed as kosher meat in the United States, due to the additional labor involved.	normally	-4.289445207137687
en_369	english	Some students find the ablative difficult since it sometimes looks like the nominative singular, dative plural or neither.	nominative	-6.529994455420287
en_370	english	Some students find the ablative difficult since it sometimes looks like the nominative singular, dative plural or neither.	dative	-7.175089078973451
en_371	english	Some students find the ablative difficult since it sometimes looks like the nominative singular, dative plural or neither.	ablative	-7.108142289342838
en_372	english	Sometimes you will need to manipulate expressions into a usable form before it is possible to perform operations in calculus.	perform	-4.465324597997328
en_373	english	Sometimes you will need to manipulate expressions into a usable form before it is possible to perform operations in calculus.	expressions	-5.139659340788903
en_374	english	Sometimes you will need to manipulate expressions into a usable form before it is possible to perform operations in calculus.	manipulate	-5.162251854268279
en_375	english	Steels are often subjected to a variety of thermal treatments designed to produce various combinations of stable and metastable iron phases.	stable	-4.611904744176103
en_376	english	Steels are often subjected to a variety of thermal treatments designed to produce various combinations of stable and metastable iron phases.	thermal	-5.0959078329258265
en_377	english	Steels are often subjected to a variety of thermal treatments designed to produce various combinations of stable and metastable iron phases.	metastable	-7.140326972714239
en_378	english	Such a cavity can provide numerous functional advantages.	cavity	-5.573934811606513
en_379	english	Such a cavity can provide numerous functional advantages.	functional	-4.770683028052182
en_380	english	Such a cavity can provide numerous functional advantages.	numerous	-4.75844857163517
en_381	english	Such access might be used for login authentication, creating a new user account, or saving textual information for future retrieval and study.	textual	-6.028961043295213
en_382	english	Such access might be used for login authentication, creating a new user account, or saving textual information for future retrieval and study.	login	-4.9512903882728265
en_383	english	Such access might be used for login authentication, creating a new user account, or saving textual information for future retrieval and study.	retrieval	-5.940403104651923
en_384	english	Suzuki Pureharp is one of the tiny production models that use wood as a cover, which produces a pleasantly soft sound.	soft	-4.320479440877656
en_385	english	Suzuki Pureharp is one of the tiny production models that use wood as a cover, which produces a pleasantly soft sound.	tiny	-4.326848629970657
en_386	english	Suzuki Pureharp is one of the tiny production models that use wood as a cover, which produces a pleasantly soft sound.	pleasantly	-5.811790555956628
en_387	english	The Romans, who used the style initially, found it unwieldy and hard to manage in the mountainous and broken terrain of Italy.	style	-4.073427910374393
en_388	english	The Romans, who used the style initially, found it unwieldy and hard to manage in the mountainous and broken terrain of Italy.	mountainous	-5.934124038910022
en_389	english	The Romans, who used the style initially, found it unwieldy and hard to manage in the mountainous and broken terrain of Italy.	manage	-4.311122195662513
en_390	english	The alcohol rinse does not remove the crystal violet which masks the added red safanin dye.	masks	-4.9474165763280675
en_391	english	The alcohol rinse does not remove the crystal violet which masks the added red safanin dye.	alcohol	-4.592268445631158
en_392	english	The alcohol rinse does not remove the crystal violet which masks the added red safanin dye.	rinse	-5.330508364192376
en_393	english	The big, curling line on the left is elaborately pointing at me (mi).	pointing	-4.785775300514007
en_394	english	The big, curling line on the left is elaborately pointing at me (mi).	elaborately	-6.663205717994576
en_395	english	The big, curling line on the left is elaborately pointing at me (mi).	curling	-5.85981864419486
en_396	english	The carrier wave is filtered out and a loudspeaker plays based on the amplitude of the signal.	filtered	-5.537432601721552
en_397	english	The carrier wave is filtered out and a loudspeaker plays based on the amplitude of the signal.	loudspeaker	-6.224886547335866
en_398	english	The carrier wave is filtered out and a loudspeaker plays based on the amplitude of the signal.	amplitude	-5.599131890209693
en_399	english	The centrepiece at the renovated Abbey was a shrine to Edward.	centrepiece	-7.0781790659653945
en_400	english	The centrepiece at the renovated Abbey was a shrine to Edward.	shrine	-5.381531497548407
en_401	english	The centrepiece at the renovated Abbey was a shrine to Edward.	renovated	-5.669939100653545
en_402	english	The classic Playfair tableau consists of four alphabets, usually in a square arrangement,  two plaintext and two ciphertext.	arrangement	-5.15252325107471
en_403	english	The classic Playfair tableau consists of four alphabets, usually in a square arrangement,  two plaintext and two ciphertext.	consists	-4.949779797247588
en_404	english	The classic Playfair tableau consists of four alphabets, usually in a square arrangement,  two plaintext and two ciphertext.	tableau	-5.81810767798032
en_405	english	The combined work need only contain one copy of this License, and multiple identical Invariant Sections may be replaced with a single copy.	replaced	-4.786958262040524
en_406	english	The combined work need only contain one copy of this License, and multiple identical Invariant Sections may be replaced with a single copy.	combined	-4.656246252686886
en_407	english	The combined work need only contain one copy of this License, and multiple identical Invariant Sections may be replaced with a single copy.	identical	-5.005316709525368
en_408	english	The detriments outweigh the benefits and there are no current studies to show that vouchers are working.	vouchers	-5.915813831416471
en_409	english	The detriments outweigh the benefits and there are no current studies to show that vouchers are working.	outweigh	-5.977808520847832
en_410	english	The detriments outweigh the benefits and there are no current studies to show that vouchers are working.	detriments	-7.140326972714239
en_411	english	The diagnosis of schizophrenia should not be made in the presence of extensive depressive or manic symptoms unless it is clear that schizophrenic symptoms antedate the affective disturbance.	diagnosis	-4.841809777591115
en_412	english	The diagnosis of schizophrenia should not be made in the presence of extensive depressive or manic symptoms unless it is clear that schizophrenic symptoms antedate the affective disturbance.	depressive	-5.8722532824462075
en_413	english	The diagnosis of schizophrenia should not be made in the presence of extensive depressive or manic symptoms unless it is clear that schizophrenic symptoms antedate the affective disturbance.	antedate	-8.254270325021077
en_414	english	The entire assembled application is their platform, and the desktops of the affected staff the target domain for their work.	affected	-4.563719863510717
en_415	english	The entire assembled application is their platform, and the desktops of the affected staff the target domain for their work.	staff	-4.011331554991496
en_416	english	The entire assembled application is their platform, and the desktops of the affected staff the target domain for their work.	domain	-4.670052212903671
en_417	english	The food vacuole formed , and then fuses with a lysosome and digests the food.	formed	-4.6138882803115076
en_418	english	The food vacuole formed , and then fuses with a lysosome and digests the food.	fuses	-5.987098596618062
en_419	english	The food vacuole formed , and then fuses with a lysosome and digests the food.	digests	-6.697967824253789
en_420	english	The formation of this intermediate and subsequent reaction generally has a much lower activation energy barrier than is required for the direct reaction of reactants to products.	subsequent	-5.114076646442444
en_421	english	The formation of this intermediate and subsequent reaction generally has a much lower activation energy barrier than is required for the direct reaction of reactants to products.	barrier	-4.83829591364451
en_422	english	The formation of this intermediate and subsequent reaction generally has a much lower activation energy barrier than is required for the direct reaction of reactants to products.	intermediate	-5.159799196379431
en_423	english	The goals of this procedure will be to distribute accurate information with the correct approvals using sufficient technology and strategies.	approvals	-5.851149803845258
en_424	english	The goals of this procedure will be to distribute accurate information with the correct approvals using sufficient technology and strategies.	sufficient	-4.904410242828745
en_425	english	The goals of this procedure will be to distribute accurate information with the correct approvals using sufficient technology and strategies.	distribute	-5.218840586836528
en_426	english	The guitar is a transposing instrument and is notated an octave higher than its actual pitch to avoid having to use the bass clef in standard notation.	transposing	-6.91184764419887
en_427	english	The guitar is a transposing instrument and is notated an octave higher than its actual pitch to avoid having to use the bass clef in standard notation.	clef	-6.335192232645002
en_428	english	The guitar is a transposing instrument and is notated an octave higher than its actual pitch to avoid having to use the bass clef in standard notation.	notated	-6.975516724068247
en_429	english	The hall sensor and inductor use a property of  the magnetic field to sense the current through a nearby conductor.	sensor	-4.768832843944774
en_430	english	The hall sensor and inductor use a property of  the magnetic field to sense the current through a nearby conductor.	magnetic	-4.926707064833798
en_431	english	The hall sensor and inductor use a property of  the magnetic field to sense the current through a nearby conductor.	hall	-4.460410123678407
en_432	english	The hero then was summoned to compete in the second rite, the rite of conquest, by defeating the mercenary General Claudius.	mercenary	-5.721515946028578
en_433	english	The hero then was summoned to compete in the second rite, the rite of conquest, by defeating the mercenary General Claudius.	rite	-5.896335478020622
en_434	english	The hero then was summoned to compete in the second rite, the rite of conquest, by defeating the mercenary General Claudius.	defeating	-5.5475525426843175
en_435	english	The lexical analyzer is the part of the compiler which removes whitespace and other non compilable characters from the source code.	compilable	-8.254270325021077
en_436	english	The lexical analyzer is the part of the compiler which removes whitespace and other non compilable characters from the source code.	characters	-4.165957009432979
en_437	english	The lexical analyzer is the part of the compiler which removes whitespace and other non compilable characters from the source code.	lexical	-6.356643233730635
en_438	english	The main reason for not allowing multiple outputs with the same input is that it lets us apply the same function to different forms of the same thing without changing their equivalence.	outputs	-5.280219422228199
en_439	english	The main reason for not allowing multiple outputs with the same input is that it lets us apply the same function to different forms of the same thing without changing their equivalence.	changing	-4.156388580307207
en_440	english	The main reason for not allowing multiple outputs with the same input is that it lets us apply the same function to different forms of the same thing without changing their equivalence.	equivalence	-5.929987869723384
en_441	english	The majority of seaweeds, like the kelps (very large brown algae from the Order Laminariales), despite a superficial appearance of such, lack true stems, leaves, roots, and any kind of vascular systems as found in higher plants.	brown	-4.278012075764031
en_442	english	The majority of seaweeds, like the kelps (very large brown algae from the Order Laminariales), despite a superficial appearance of such, lack true stems, leaves, roots, and any kind of vascular systems as found in higher plants.	vascular	-5.5527023399651485
en_443	english	The majority of seaweeds, like the kelps (very large brown algae from the Order Laminariales), despite a superficial appearance of such, lack true stems, leaves, roots, and any kind of vascular systems as found in higher plants.	superficial	-5.586817372131122
en_444	english	The next day, during the Fajr Salaah, he stabbed Sayyiduna Umar (radi Allahu anhu) 6 times in the back, severely wounding the Caliph.	wounding	-6.403011976302
en_445	english	The next day, during the Fajr Salaah, he stabbed Sayyiduna Umar (radi Allahu anhu) 6 times in the back, severely wounding the Caliph.	severely	-5.342580166267215
en_446	english	The next day, during the Fajr Salaah, he stabbed Sayyiduna Umar (radi Allahu anhu) 6 times in the back, severely wounding the Caliph.	stabbed	-5.527543115994503
en_447	english	The northern part of the continent, covering much of Siberia was also inaccessible to the steppe nomads due to the dense forests and the tundra.	nomads	-6.0959078329258265
en_448	english	The northern part of the continent, covering much of Siberia was also inaccessible to the steppe nomads due to the dense forests and the tundra.	steppe	-6.319771873777508
en_449	english	The northern part of the continent, covering much of Siberia was also inaccessible to the steppe nomads due to the dense forests and the tundra.	covering	-4.692215495364698
en_450	english	The others died at sea or in prison while awaiting trial.	died	-4.19345920522973
en_451	english	The others died at sea or in prison while awaiting trial.	awaiting	-5.660984258000619
en_452	english	The others died at sea or in prison while awaiting trial.	prison	-4.513355248539793
en_453	english	The reason why hypothalamic lesions affect body fat and feeding behavior has in fact much to do with leptin signaling.	affect	-4.416934457006061
en_454	english	The reason why hypothalamic lesions affect body fat and feeding behavior has in fact much to do with leptin signaling.	leptin	-6.631021034623175
en_455	english	The reason why hypothalamic lesions affect body fat and feeding behavior has in fact much to do with leptin signaling.	hypothalamic	-6.839296977050258
en_456	english	The relative configuration description is still used mainly in glycochemistry.	description	-4.07806326954239
en_457	english	The relative configuration description is still used mainly in glycochemistry.	configuration	-4.822584980335064
en_458	english	The relative configuration description is still used mainly in glycochemistry.	mainly	-4.573300606555179
en_459	english	The same principle of course applied to the single lens reflex, but early SLRs caused delays and inconvenience through the need to move the mirror out of the focal plane to allow light to the plate behind it.	plane	-4.387156545189098
en_460	english	The same principle of course applied to the single lens reflex, but early SLRs caused delays and inconvenience through the need to move the mirror out of the focal plane to allow light to the plate behind it.	plate	-4.501914520867575
en_461	english	The same principle of course applied to the single lens reflex, but early SLRs caused delays and inconvenience through the need to move the mirror out of the focal plane to allow light to the plate behind it.	inconvenience	-5.923856551671885
en_462	english	The size of an aggro radius sometimes varies with faction and con, and may be spherical in certain environments.	aggro	-6.101981980638019
en_463	english	The size of an aggro radius sometimes varies with faction and con, and may be spherical in certain environments.	spherical	-5.804021216701715
en_464	english	The size of an aggro radius sometimes varies with faction and con, and may be spherical in certain environments.	faction	-5.463985160987834
en_465	english	The theater contributed dramatic outcries, including those of Mary Otis Warren.	theater	-4.657233660043422
en_466	english	The theater contributed dramatic outcries, including those of Mary Otis Warren.	dramatic	-4.7073576818398335
en_467	english	The theater contributed dramatic outcries, including those of Mary Otis Warren.	contributed	-5.097115885114794
en_468	english	There are also different editing styles in the sense of how bold people are willing to be.	styles	-4.802483889496785
en_469	english	There are also different editing styles in the sense of how bold people are willing to be.	bold	-4.884312717675023
en_470	english	There are also different editing styles in the sense of how bold people are willing to be.	editing	-4.7212613025255905
en_471	english	There is a clear need for a different structure to the books as they are meant to be (at least eventually) printed and should therefore have a linear style.	linear	-4.777728515993647
en_472	english	There is a clear need for a different structure to the books as they are meant to be (at least eventually) printed and should therefore have a linear style.	printed	-4.859468547858365
en_473	english	There is a clear need for a different structure to the books as they are meant to be (at least eventually) printed and should therefore have a linear style.	meant	-4.198471665488595
en_474	english	There is a slight tendency towards attack from the opposite side of the halide.	slight	-4.872433525022733
en_475	english	There is a slight tendency towards attack from the opposite side of the halide.	tendency	-5.054241058467306
en_476	english	There is a slight tendency towards attack from the opposite side of the halide.	opposite	-4.403930470437596
en_477	english	There may also be separate licensing fees for distribution of patented multimedia data formats like GIF images, which if not in fact at least in philosophy violate the principles of the GFDL, preventing you from freely using the image or picture.	fees	-4.777438696508815
en_478	english	There may also be separate licensing fees for distribution of patented multimedia data formats like GIF images, which if not in fact at least in philosophy violate the principles of the GFDL, preventing you from freely using the image or picture.	patented	-5.785922994608919
en_479	english	There may also be separate licensing fees for distribution of patented multimedia data formats like GIF images, which if not in fact at least in philosophy violate the principles of the GFDL, preventing you from freely using the image or picture.	philosophy	-4.682096011408016
en_480	english	Therefore, no matter how much slang you use in your native language, limiting your use of slang in French (proportionally to your level of fluency) will also limit how much you are patronised and giggled at by native listeners.	giggled	-6.461878635522822
en_481	english	Therefore, no matter how much slang you use in your native language, limiting your use of slang in French (proportionally to your level of fluency) will also limit how much you are patronised and giggled at by native listeners.	patronised	-7.777149070301413
en_482	english	Therefore, no matter how much slang you use in your native language, limiting your use of slang in French (proportionally to your level of fluency) will also limit how much you are patronised and giggled at by native listeners.	limiting	-5.150466604065119
en_483	english	These are mainly guidelines to administrator behavior, but can be useful to point at when having a serious dispute with administrators or going before stewards and an arbitration board.	stewards	-5.731826091514756
en_484	english	These are mainly guidelines to administrator behavior, but can be useful to point at when having a serious dispute with administrators or going before stewards and an arbitration board.	dispute	-5.259074033423897
en_485	english	These are mainly guidelines to administrator behavior, but can be useful to point at when having a serious dispute with administrators or going before stewards and an arbitration board.	administrators	-5.23473864048982
en_486	english	These deck styles do not do well against decks with any type of disruption or control so they are currently not seeing much play.	deck	-4.522198384021209
en_487	english	These deck styles do not do well against decks with any type of disruption or control so they are currently not seeing much play.	seeing	-3.774249001690026
en_488	english	These deck styles do not do well against decks with any type of disruption or control so they are currently not seeing much play.	decks	-5.357744107531521
en_489	english	These plots are to be interpreted like topographic maps, where the lines represent contours of constant elevation.	topographic	-6.3734567327402845
en_490	english	These plots are to be interpreted like topographic maps, where the lines represent contours of constant elevation.	constant	-4.479972386521799
en_491	english	These plots are to be interpreted like topographic maps, where the lines represent contours of constant elevation.	interpreted	-5.378630388016908
en_492	english	These required money, and a new criminal underworld rose to fund them and profit from them.	underworld	-5.674486728404266
en_493	english	These required money, and a new criminal underworld rose to fund them and profit from them.	fund	-4.493094511865344
en_494	english	These required money, and a new criminal underworld rose to fund them and profit from them.	profit	-4.5104471034173255
en_495	english	They are generally better off using their Ne, as well as the reasoning capacities of their Ti, to hash out truth, rather than deferring to Si traditions.	hash	-5.2343236433422335
en_496	english	They are generally better off using their Ne, as well as the reasoning capacities of their Ti, to hash out truth, rather than deferring to Si traditions.	deferring	-6.461878635522822
en_497	english	They are generally better off using their Ne, as well as the reasoning capacities of their Ti, to hash out truth, rather than deferring to Si traditions.	capacities	-5.550978946902415
en_498	english	They convert solar energy to chemical energy by absorbing sunlight and using it to drive the synthesis of organic compounds such as sugar from carbon dioxide and water.	sunlight	-5.030514871363835
en_499	english	They convert solar energy to chemical energy by absorbing sunlight and using it to drive the synthesis of organic compounds such as sugar from carbon dioxide and water.	absorbing	-5.6299882291854075
en_500	english	They convert solar energy to chemical energy by absorbing sunlight and using it to drive the synthesis of organic compounds such as sugar from carbon dioxide and water.	organic	-4.6763191972913205
en_501	english	They do not interfere with the gestures mages need to cast spells.	gestures	-5.487857477908676
en_502	english	They do not interfere with the gestures mages need to cast spells.	interfere	-5.342048268488661
en_503	english	They do not interfere with the gestures mages need to cast spells.	mages	-5.907917350570437
en_504	english	They left behind a prophesy that the world would end on December 21, 2012 and bring about the fifth cycle of the world.	bring	-3.5819969367081264
en_505	english	They left behind a prophesy that the world would end on December 21, 2012 and bring about the fifth cycle of the world.	fifth	-4.545254908048959
en_506	english	They left behind a prophesy that the world would end on December 21, 2012 and bring about the fifth cycle of the world.	prophesy	-5.866880498682346
en_507	english	They produced more than 90 percent of the fiction films in America and distributed their films both nationally and internationally.	distributed	-4.918611872731774
en_508	english	They produced more than 90 percent of the fiction films in America and distributed their films both nationally and internationally.	nationally	-5.335192232645002
en_509	english	They produced more than 90 percent of the fiction films in America and distributed their films both nationally and internationally.	films	-4.618987687022864
en_510	english	This happens all the time in my dreams, but apparently I believe that I can really do this, and the dream continues nonlucidly.	apparently	-4.385508366809026
en_511	english	This happens all the time in my dreams, but apparently I believe that I can really do this, and the dream continues nonlucidly.	happens	-3.7858491412830193
en_512	english	This happens all the time in my dreams, but apparently I believe that I can really do this, and the dream continues nonlucidly.	continues	-4.438626175889111
en_513	english	This includes teaching, general practice of medicine, medical research, religious fields, entrepreneurship, missionary work, social work, community development, creative arts, acting, broadcasting, consulting, coaching, corporate training, public relations, counseling, advertising, and marketing.	creative	-4.2618493689690515
en_514	english	This includes teaching, general practice of medicine, medical research, religious fields, entrepreneurship, missionary work, social work, community development, creative arts, acting, broadcasting, consulting, coaching, corporate training, public relations, counseling, advertising, and marketing.	religious	-4.504302241511673
en_515	english	This includes teaching, general practice of medicine, medical research, religious fields, entrepreneurship, missionary work, social work, community development, creative arts, acting, broadcasting, consulting, coaching, corporate training, public relations, counseling, advertising, and marketing.	corporate	-4.676433983728332
en_516	english	This is VERY VERY different than passive patterns of reading the text in a high speed linear fashion, which is akin to trying to force the brain to make sense out of a thousand speeding bullets whizzing by.	akin	-5.704041971965982
en_517	english	This is VERY VERY different than passive patterns of reading the text in a high speed linear fashion, which is akin to trying to force the brain to make sense out of a thousand speeding bullets whizzing by.	bullets	-5.155280685619899
en_518	english	This is VERY VERY different than passive patterns of reading the text in a high speed linear fashion, which is akin to trying to force the brain to make sense out of a thousand speeding bullets whizzing by.	whizzing	-6.631021034623175
en_519	english	This is just one of the many feats of engineering which have made it possible for us to quantify and understand the human gene and how it relates to Nutrition.	engineering	-4.394891820595475
en_520	english	This is just one of the many feats of engineering which have made it possible for us to quantify and understand the human gene and how it relates to Nutrition.	quantify	-5.587752344466195
en_521	english	This is just one of the many feats of engineering which have made it possible for us to quantify and understand the human gene and how it relates to Nutrition.	feats	-5.923856551671885
en_522	english	This is particularly useful in cases such as when one attempts to surface modify nanomaterials to increase affinity, reactivity or compatibility.	modify	-5.018994448334023
en_523	english	This is particularly useful in cases such as when one attempts to surface modify nanomaterials to increase affinity, reactivity or compatibility.	particularly	-4.1023491452211704
en_524	english	This is particularly useful in cases such as when one attempts to surface modify nanomaterials to increase affinity, reactivity or compatibility.	nanomaterials	-6.483418313378932
en_525	english	This problem has agitated theologians and philosophers for centuries, and has never been satisfactorily resolved.	theologians	-6.039426476973378
en_526	english	This problem has agitated theologians and philosophers for centuries, and has never been satisfactorily resolved.	philosophers	-5.473953012880925
en_527	english	This problem has agitated theologians and philosophers for centuries, and has never been satisfactorily resolved.	satisfactorily	-6.674486728404266
en_528	english	This revolution was fueled by the use of new farming technology such as the seed drill and improved fertilizers.	revolution	-4.754308459424886
en_529	english	This revolution was fueled by the use of new farming technology such as the seed drill and improved fertilizers.	farming	-4.947630883996815
en_530	english	This revolution was fueled by the use of new farming technology such as the seed drill and improved fertilizers.	improved	-4.717838149199062
en_531	english	This transformation occurs when a live nonpathogenic cell takes up a piece of DNA carry the allele for pathogenicity.	transformation	-4.722025681394494
en_532	english	This transformation occurs when a live nonpathogenic cell takes up a piece of DNA carry the allele for pathogenicity.	nonpathogenic	-8.254270325021077
en_533	english	This transformation occurs when a live nonpathogenic cell takes up a piece of DNA carry the allele for pathogenicity.	occurs	-4.840802912035251
en_534	english	This was a devastating blow to the Japanese and is considered the turning point of the Pacific War.	turning	-4.381473285031477
en_535	english	This was a devastating blow to the Japanese and is considered the turning point of the Pacific War.	devastating	-5.155280685619899
en_536	english	This was a devastating blow to the Japanese and is considered the turning point of the Pacific War.	blow	-4.584581616964868
en_537	english	Though Harry will become an exception, there is another student, also an orphan and a talented wizard, that Dumbledore also paid closer attention to, though not in the same way as with Harry.	paid	-4.169443908323642
en_538	english	Though Harry will become an exception, there is another student, also an orphan and a talented wizard, that Dumbledore also paid closer attention to, though not in the same way as with Harry.	talented	-4.9269113906347455
en_539	english	Though Harry will become an exception, there is another student, also an orphan and a talented wizard, that Dumbledore also paid closer attention to, though not in the same way as with Harry.	orphan	-5.677928974815283
en_540	english	To alleviate indexing problems, the sizeof() expression is commonly used when coding loops that process arrays.	alleviate	-5.611805804778955
en_541	english	To alleviate indexing problems, the sizeof() expression is commonly used when coding loops that process arrays.	coding	-5.032074278719356
en_542	english	To alleviate indexing problems, the sizeof() expression is commonly used when coding loops that process arrays.	commonly	-4.822906560862089
en_543	english	To completely live this way in an industrial urbanized society is to withdraw to the periphery.	periphery	-5.946774287107863
en_544	english	To completely live this way in an industrial urbanized society is to withdraw to the periphery.	urbanized	-6.601057811245732
en_545	english	To completely live this way in an industrial urbanized society is to withdraw to the periphery.	withdraw	-5.29858257470757
en_546	english	To gain familiarity with mathematical proof and also some basic mathematical concepts, readers may read the wikibook Mathematical Proof.	wikibook	-8.254270325021077
en_547	english	To gain familiarity with mathematical proof and also some basic mathematical concepts, readers may read the wikibook Mathematical Proof.	readers	-4.94698827798773
en_548	english	To gain familiarity with mathematical proof and also some basic mathematical concepts, readers may read the wikibook Mathematical Proof.	mathematical	-5.194706907119809
en_549	english	Unless there are obvious problems that are unlikely to be rectified, your time would be better spent mentoring new contributors and trying to help clean up new works, even if the work is currently a blatant violation of current procedures.	contributors	-5.742386964042201
en_550	english	Unless there are obvious problems that are unlikely to be rectified, your time would be better spent mentoring new contributors and trying to help clean up new works, even if the work is currently a blatant violation of current procedures.	blatant	-5.913826210180957
en_551	english	Unless there are obvious problems that are unlikely to be rectified, your time would be better spent mentoring new contributors and trying to help clean up new works, even if the work is currently a blatant violation of current procedures.	rectified	-6.276546719732228
en_552	english	Up through the early 19th century, naturalists and scientists observed critical differences between compounds that were derived from living things and those that were not.	critical	-4.234614099701727
en_553	english	Up through the early 19th century, naturalists and scientists observed critical differences between compounds that were derived from living things and those that were not.	scientists	-4.4850407432844825
en_554	english	Up through the early 19th century, naturalists and scientists observed critical differences between compounds that were derived from living things and those that were not.	observed	-4.904604340924446
en_555	english	Uses the same chord shapes as Open E but is easier on a guitar neck as the strings are detuned lessening the tension.	guitar	-4.600961312082597
en_556	english	Uses the same chord shapes as Open E but is easier on a guitar neck as the strings are detuned lessening the tension.	chord	-4.939350269028656
en_557	english	Uses the same chord shapes as Open E but is easier on a guitar neck as the strings are detuned lessening the tension.	lessening	-6.506082298014875
en_558	english	Warlords of the many provinces of China constantly feuded, and the central government was weak and decentralized, unable to do anything to stop conflict.	unable	-4.752526595393081
en_559	english	Warlords of the many provinces of China constantly feuded, and the central government was weak and decentralized, unable to do anything to stop conflict.	central	-4.234448100853302
en_560	english	Warlords of the many provinces of China constantly feuded, and the central government was weak and decentralized, unable to do anything to stop conflict.	constantly	-4.384979920811677
en_561	english	Washington became quite concerned, however, that local Communist parties might gain power in France, Italy and Greece in the late 1940s, given the battered state of the postwar European economy and the proximity of the Soviet Union.	postwar	-6.686068600954081
en_562	english	Washington became quite concerned, however, that local Communist parties might gain power in France, Italy and Greece in the late 1940s, given the battered state of the postwar European economy and the proximity of the Soviet Union.	proximity	-5.238910569611861
en_563	english	Washington became quite concerned, however, that local Communist parties might gain power in France, Italy and Greece in the late 1940s, given the battered state of the postwar European economy and the proximity of the Soviet Union.	gain	-4.411910751690401
en_564	english	Watch the dog to make sure he does not spit the pill out after eating the treat (if this happens, you will need to force the pill, as described below).	pill	-5.195464838345169
en_565	english	Watch the dog to make sure he does not spit the pill out after eating the treat (if this happens, you will need to force the pill, as described below).	described	-4.549348033797674
en_566	english	Watch the dog to make sure he does not spit the pill out after eating the treat (if this happens, you will need to force the pill, as described below).	spit	-5.280680701593819
en_567	english	We already discussed some of these, yet knowing about sets adds a new definition for each of the following ideas.	adds	-4.7427880363950745
en_568	english	We already discussed some of these, yet knowing about sets adds a new definition for each of the following ideas.	knowing	-4.200347174472501
en_569	english	We already discussed some of these, yet knowing about sets adds a new definition for each of the following ideas.	definition	-4.500993754836657
en_570	english	We recommend this License principally for works whose purpose is instruction or reference.	whose	-4.369701510102742
en_571	english	We recommend this License principally for works whose purpose is instruction or reference.	principally	-6.008757657206926
en_572	english	We recommend this License principally for works whose purpose is instruction or reference.	instruction	-4.779617071659013
en_573	english	We will start by explaining how lucid dreaming works biologically.	explaining	-4.8453523041742965
en_574	english	We will start by explaining how lucid dreaming works biologically.	dreaming	-5.256447244275351
en_575	english	We will start by explaining how lucid dreaming works biologically.	lucid	-5.91184764419887
en_576	english	Weight loss requires your calorie intake to be lower than your calorie output, though neither should be done in the extreme.	extreme	-4.580880746832771
en_577	english	Weight loss requires your calorie intake to be lower than your calorie output, though neither should be done in the extreme.	intake	-5.0479842806086435
en_578	english	Weight loss requires your calorie intake to be lower than your calorie output, though neither should be done in the extreme.	neither	-4.606398559714844
en_579	english	When I arrive to my destination, with the shaded patio still in view, I unfold the towels and lay comfortably on the reclining chair.	patio	-5.51311872616929
en_580	english	When I arrive to my destination, with the shaded patio still in view, I unfold the towels and lay comfortably on the reclining chair.	shaded	-5.646815301806408
en_581	english	When I arrive to my destination, with the shaded patio still in view, I unfold the towels and lay comfortably on the reclining chair.	unfold	-5.397541434638193
en_582	english	When a text fails to support this rule, it requires even a diligent student to needlessly repeat material.	fails	-5.146382299838277
en_583	english	When a text fails to support this rule, it requires even a diligent student to needlessly repeat material.	diligent	-5.730523858209511
en_584	english	When a text fails to support this rule, it requires even a diligent student to needlessly repeat material.	needlessly	-6.356643233730635
en_585	english	Yet the fact that scurvy is caused by lack of vitamin c was only discovered in 1932.	caused	-4.441758040731093
en_586	english	Yet the fact that scurvy is caused by lack of vitamin c was only discovered in 1932.	vitamin	-4.822584980335064
en_587	english	Yet the fact that scurvy is caused by lack of vitamin c was only discovered in 1932.	scurvy	-6.421761412314839
en_588	english	You devise more experiments to test your hypotheses, utilizing a flashlight to prove that you are indeed not blind.	utilizing	-5.1611990186450125
en_589	english	You devise more experiments to test your hypotheses, utilizing a flashlight to prove that you are indeed not blind.	devise	-6.044755310478445
en_590	english	You devise more experiments to test your hypotheses, utilizing a flashlight to prove that you are indeed not blind.	flashlight	-5.512331247291877
en_591	english	You may extract a single document from such a collection, and distribute it individually under this License, provided you insert a copy of this License into the extracted document, and follow this License in all other respects regarding verbatim copying of that document.	extracted	-5.518671425322896
en_592	english	You may extract a single document from such a collection, and distribute it individually under this License, provided you insert a copy of this License into the extracted document, and follow this License in all other respects regarding verbatim copying of that document.	copy	-4.2305241618686
en_593	english	You may extract a single document from such a collection, and distribute it individually under this License, provided you insert a copy of this License into the extracted document, and follow this License in all other respects regarding verbatim copying of that document.	insert	-4.674486728404266
en_594	english	Your legal agreements should go through many iterations in the drafting process, with each iteration simplifying the terms, and improving its readability and usability.	improving	-4.750888261547344
en_595	english	Your legal agreements should go through many iterations in the drafting process, with each iteration simplifying the terms, and improving its readability and usability.	legal	-4.311320254943977
en_596	english	Your legal agreements should go through many iterations in the drafting process, with each iteration simplifying the terms, and improving its readability and usability.	drafting	-5.573029087645489
en_597	english	because the specific conjugation of a verb usually indicates which person is the subject.	verb	-5.086657652293546
en_598	english	because the specific conjugation of a verb usually indicates which person is the subject.	conjugation	-6.421761412314839
en_599	english	because the specific conjugation of a verb usually indicates which person is the subject.	indicates	-4.9956330422969994
en_600	english	After Ron nearly dies drinking poisoned mead that was apparently intended for Professor Dumbledore, Hermione becomes so distraught that they end their feud for good.	feud	-5.85981864419486
