es_31_[4]	spanish	No obstante, sería imprudente ejecutar un proyecto únicamente con el resultado de un análisis de rentabilidad; puesto que, para realizar el flujo de caja proyectado se realizaron varios supuestos que no necesariamente tienen que cumplirse.	necesariamente	-4.604701694973477
es_32_[2]	spanish	La quiebra del capítulo 13 permanece en tus antecedentes crediticios por al menos siete años.	antecedentes	-4.978458442530886
es_33_[1]	spanish	Esta modalidad de cheques posfechados no es avalada por la legislación de algunos países que considera que el cheque se convierte en un instrumento de crédito.	legislación	-5.070157937280479
es_34_[1]	spanish	Para realizar el presupuesto, digamos finalmente, que los autores que se han dedicado a este asunto y al de las finanzas personales y familiares, han propuesto diferentes modelos, alguno o algunos de los cuales presentaremos en el capítulo antes aludido.	aludido	-6.1586662677814
es_35_[1]	spanish	De todas maneras, señala el Diccionario aludido, computable o medible en dinero.	computable	-6.757091974454268
es_36_[1]	spanish	El proceso está orientado para que se eduque de un modo gradual y constante en las habilidades y conocimientos requeridos para los negocios, finanzas e inversiones.	requeridos	-5.5667602762839765
es_37_[2]	spanish	Existen ocho áreas fundamentales que debes tener en cuenta cuando planeas mantenerte tú mismo cuando te jubiles:	fundamentales	-4.072545816736195
es_38_[1]	spanish	El caso más frecuente es el de la ansiedad, zozobra y desesperación por mantener y obtener cada vez ingresos más altos, lo cual creo se comprende como una resultante impuesta por la sociedad de consumo que nos rige.	resultante	-5.381123699322065
es_39_[4]	spanish	Un problema de solvencia implica que la compañía no está generando rentabilidad para los accionistas y si este problema persiste, no tendría sentido seguir operando.	rentabilidad	-4.860198488882019
es_40_[1]	spanish	El crédito personal es, igualmente, una facilidad crediticia en la cual la garantía del mismo es la promesa de pago incondicional de un deudor que goza de muy buena reputación y solvencia económica, moral y crediticia (Garantía fiduciaria).	igualmente	-4.387257904154106
es_41_[1]	spanish	Si detecta algún dispositivo inusual o anormal en el equipo, añadidos, reparaciones mal hechas, no realice transacciones y notifique a la entidad financiera a la mayor brevedad posible.	inusual	-5.167514678750935
es_42_[1]	spanish	El ingreso de una persona, de una familia o de una empresa, e incluso del Estado, es la cantidad de dinero que ésta recibe por realizar una actividad determinada remunerable (negocio, trabajo, venta de productos, etc.	remunerable	-7.93318323350995
es_43_[1]	spanish	En esta lista se deben incluir la casa, los alquileres, los servicios, alimentación, vestuario y otros gastos obvios.	obvios	-4.612725364593301
es_44_[1]	spanish	Se otorga sobre vehículos del año, 0 kilómetros, nuevos, de agencias reconocidas.	vehículos	-4.088085193495693
es_45_[2]	spanish	Posiblemente sea mejor cambiar el auto por otro más barato o usar un medio de transporte alternativo, en vez de dejar que el acreedor recupere el auto, lo que dañaría tus antecedentes crediticios.	acreedor	-5.544017149145417
es_46_[1]	spanish	Los pagos electrónicos son aquellas transacciones en que se utilizan canales electrónicos para realizar pagos monetarios sin el empleo de efectivo como medio de pago.	utilizan	-3.2279697396333056
es_47_[1]	spanish	Los intereses corresponden a pagos que se realizan por la utilización de dinero por un cierto plazo.	utilización	-5.050658695555069
es_48_[3]	spanish	Los principales delitos de este tipo son el tráfico de influencias, el fraude, el lavado de dinero, el cohecho, la quiebra fraudulenta y la estafa.	fraudulenta	-5.88590836612577
es_49_[1]	spanish	Éste, está probado, no se tiene con el simple ahorro, o al menos con éste aquél es lento y no con la celeridad que quizás se desea, al fin y al cabo la vida es bastante corta y llena de permanentes riesgos y contingencias que es necesario enfrentar permanentemente.	celeridad	-6.006326524560257
es_50_[1]	spanish	No va a saber exactamente lo que cuesta cada uno de sus gastos mensuales (por ejemplo, los servicios), pero debe ser un estimativo bastante realista.	estimativo	-6.802849465014943
es_51_[3]	spanish	Este impuesto siempre está incorporado en el precio de las boletas de compras y ventas.	incorporado	-5.381733235537074
es_52_[1]	spanish	Control centralizado de cuentas: verificar el detalle de todas las cuentas (tanto corrientes como de ahorro) en una sola pantalla.	verificar	-4.491331057736658
es_53_[2]	spanish	Un ejemplo sería ahorrar al menos $5 000 cada año para invertir para la jubilación.	jubilación	-5.373875222602937
es_54_[1]	spanish	Los bancos usan varios métodos para calcular los intereses y le toca a usted aprender cómo su banco computa estos cargos:	computa	-5.944178617811413
es_55_[3]	spanish	Por ejemplo, cuando se invierte en una casa y se habita disfrutando de esta y además se puede obtener rentabilidad financiera en caso de venta o arriendo.	además	-3.260139275268715
es_56_[4]	spanish	Las cifras también muestran un incremento en la capitalización de la compañía a través del aumento de acciones, superávit de capital y utilidades retenidas.	cifras	-4.536025659307808
es_57_[4]	spanish	Por cada $100 de ingresos, la empresa gana $3.80 de utilidad neta.	utilidad	-4.592540855949244
es_58_[1]	spanish	La jerarquía de necesidades de Maslow (pirámide de Maslow) consta de 5 niveles: Los cuatro primeros niveles pueden ser agrupados como necesidades del déficit (Deficit needs); el nivel superior se le denomina como una necesidad del ser (being needs).	denomina	-4.650334630675305
es_59_[1]	spanish	Sobre el particular, dicen que las personas dentro de una multitud son arrastradas a hacer cosas que solas no lo harían y, citan lo siguiente:	citan	-4.517792495327376
es_60_[1]	spanish	El crédito de los ciudadanos en las cosas más nimias no debe ser esclavizado y dependiente de una multitud de oficiales subalternos de las rentas.	nimias	-7.757091974454268
es_61_[1]	spanish	Los que ahorran piden que se les pague un precio por postergar su consumo, y los que demandan el dinero ahorrado (piden un crédito) para hacer una inversión están dispuestos a pagar un precio por ese dinero con tal de no perder la oportunidad de invertir y sacar un mayor resultado.	postergar	-5.815911937854185
es_62_[3]	spanish	La última columna indica la diferencia favorable entre los flujos de ingresos por exportaciones menos los flujos de egresos por el pago de importaciones.	egresos	-5.9837932268650365
es_63_[2]	spanish	Pero si eso ocurre habitualmente, tienes un flujo de fondos negativo y tu presupuesto está desequilibrado.	ocurre	-3.64882018719684
es_64_[1]	spanish	En virtud de estas y otras reflexiones fue que se diseñó este capítulo en el marco del Libro Maestro de la cual forma parte sustantiva.	sustantiva	-5.28580026339533
es_65_[1]	spanish	Afiliación: Están relacionadas con el desarrollo afectivo del individuo, son las necesidades de asociación, participación y aceptación en el grupo de trabajo, entre estas se encuentran: la amistad, el afecto y el amor.	individuo	-4.456858916089722
es_66_[1]	spanish	Antivirus es un programa informático específicamente diseñado para detectar y eliminar virus; el uso correcto permite el bloqueo infranqueable de los virus y demás códigos maliciosos.	infranqueable	-6.571455397492357
es_67_[1]	spanish	En esta coyuntura surge el dinero que es casi un concepto abstracto, por lo simbólico, de allí la dificultad para algunos de definirlo y más para comprenderlo.	coyuntura	-5.603785354148907
es_68_[1]	spanish	Estas alternativas permiten rendimientos más reducidos, mientras los de plazo definido consideran pago de intereses.	rendimientos	-4.357245261741346
es_69_[3]	spanish	Los segundos enfatizan en la dependencia y pérdida de identidad cultural que traen las nuevas prácticas y costumbre foráneas.	enfatizan	-5.106137216505215
es_70_[1]	spanish	Para la operación óptima de dicha infraestructura ha sido necesaria la inversión de cifras millonarias de dinero para la compra, actualización y mantenimiento de equipo, redes de comunicación y software, con el fin de mantener los servicios operando las 24 horas de todos los días del año.	óptima	-4.8770409714508975
es_71_[2]	spanish	Es cierto que mis padres no tenían los medios financieros para que fuera a la universidad cuando terminé la secundaria, pero fue mi miedo lo que me impidió hacerlo.	financieros	-4.229762876184706
es_72_[1]	spanish	Con frecuencia en el país la gente se queja del alto costo de vida, especialmente en los últimos tiempos, y esto porque los productos de uso inmediato, así como muchos de los servicios esenciales, aumentan su valor constantemente.	esenciales	-4.398712901306612
es_73_[1]	spanish	Esto es, la entrega del cheque no libera jurídicamente al deudor ni, consecuentemente extingue su débito.	extingue	-5.276127380652846
es_74_[4]	spanish	Si alguno de los rubros mencionados en estas tablas no involucra efectivo, entonces no debe considerarse para la elaboración del estado financiero.	involucra	-4.711247633681944
es_75_[3]	spanish	El precio de los bienes o servicios es determinado por el comprador ya que, al ser único, posee el poder de mercado y los numerosos oferentes deben adaptarse a sus exigencias.	oferentes	-6.336586137883489
es_76_[1]	spanish	Si existe igualdad fiscal todos los ciudadanos tendrán constante necesidad de reunirse y de obrar en asuntos que a todos interesa y eso basta para conservar un nexo entre ellos.	nexo	-5.300725941325226
es_77_[2]	spanish	Es cierto que algunas cuentas 401(k) te permiten pedir dinero prestado, pero hacerlo enlentece el ritmo de crecimiento de la cuenta.	enlentece	-6.7870551978317115
es_78_[3]	spanish	En la actualidad, los impuestos que recauda el fisco permiten financiar gasto e inversiones y actividades de bien general en beneficio de los habitantes del territorio.	recauda	-5.258322092772138
es_79_[1]	spanish	Son diferentes las teorías psicológicas y psicosociales que sugieren la manera de llegar al cambio de las actitudes, las cuales afortunadamente no discrepan de manera preocupante.	afortunadamente	-4.78396412085457
es_80_[1]	spanish	¡Cuánto más sencillo sería aceptar dinero de quien tuviere un aparato de televisión que necesitara reparación, y luego comprar sus comestibles y otros artículos con ese dinero!	sencillo	-3.821517537570431
es_81_[1]	spanish	Su audiencia hasta este punto había sido muy cortés y receptiva, y había estado muy contenta con el material que ella había mostrado.	audiencia	-4.450381085789489
es_82_[4]	spanish	Su valor indica que por cada dólar invertido en el negocio, la compañía genera $2.05 en ventas.	genera	-3.6080166237169875
es_83_[1]	spanish	La entidad bancaria o institución emisora de la tarjeta proporcionará un estado de cuenta de las transacciones efectuadas por un período de tiempo determinado.	proporcionará	-4.37808878493163
es_84_[3]	spanish	En sus comienzos cada moneda valía alrededor de $300, a fines de 2019 llega a $15.000 y continúa con alzas y bajas.	comienzos	-4.339675644178184
es_85_[1]	spanish	Como, en general, las personas no han recibido educación financiera, en el manejo que hacen de sus ingresos no prevén recursos que les permita tener alguna reserva económica para enfrentar alguna de las múltiples contingencias o imprevistos de que antes se ha hablado aquí.	prevén	-4.982088676668287
es_86_[1]	spanish	Cuando empecé a estudiar las leyes fiscales (dice Mollien en sus Memorias) me horroricé de lo que veía: multas, prisiones, castigos corporales al arbitrio de tribunales especiales; los delegados tenían en sus manos a personas y bienes.	horroricé	-8.23421322917393
es_87_[3]	spanish	Los primeros sostienen que la integración e interacción de las naciones favorece a todos los pueblos, sin importar su origen o latitud.	favorece	-4.646277880537575
es_88_[1]	spanish	Para lograr una buena administración de los recursos financieros, si aún no se ha hecho, es imprescindible iniciar un programa regular de planificación financiera.	imprescindible	-4.925009049503523
es_89_[3]	spanish	Estado de flujo de efectivo igual que el estado de resultados, este informe es complementario al balance.	complementario	-5.048387869560968
es_90_[4]	spanish	Éstos incluyen: sueldos, arriendos, seguros, mantenimientos, suministros, combustible, depreciaciones, entre otros.	depreciaciones	-5.8781873719808075
es_91_[4]	spanish	Incluso, un mismo producto podría tener precio distinto para la misma persona, si ésta lo adquiere en sucursales que pertenezcan a diferentes estratos sociales.	estratos	-5.552971991798343
es_92_[2]	spanish	En el largo plazo, las acciones, en promedio, superan de forma sistemática y sustancial al efectivo y a la inflación.	inflación	-4.536548066526256
es_93_[3]	spanish	En general, se dice que la rentabilidad normal de una inversión en países desarrollados fluctúa, en promedio, entre el 6 % y el 8 % anual.	fluctúa	-5.854001987462325
es_94_[3]	spanish	En ciertos casos hay aranceles de referencia, como los que operan en el sector de la salud para determinadas prestaciones médicas.	aranceles	-5.820913465092679
es_95_[4]	spanish	Es uno de los puestos claves de la organización, y en muchas ocasiones se lo reconoce como el segundo al mando luego del gerente general; quien lo supervisa, acorde a la estructura jerárquica.	luego	-3.0729201117536777
es_96_[2]	spanish	Casi todos los estados exigen a los automovilistas el seguro de responsabilidad para automóviles que cubre costos médicos y reparaciones del vehículo entre otros costos.	vehículo	-4.088085193495693
es_97_[4]	spanish	Si este indicador baja de 1, implicaría que la empresa no está en capacidad de cubrir sus obligaciones de corto plazo con los activos líquidos que posee.	cubrir	-4.177232192505818
es_98_[4]	spanish	Cuando este último caso sucede, el proyecto o la inversión no es económicamente rentable y no debe ejecutarse.	ejecutarse	-4.305971046016621
es_99_[4]	spanish	Entonces, esta persona se dirige a un banco con la factura y realiza una operación conocida como factoring.	factoring	-7.088085193495693
es_100_[4]	spanish	El administrador de escenarios es una herramienta en Excel que permite alterar múltiples variables con el objetivo de observar el efecto en otras variables de resultados.	observar	-3.8433840604737854
es_101_[1]	spanish	Para el conjunto de la economía, porque contribuyen de forma decisiva a la asignación eficiente de los recursos.	asignación	-5.316707719621384
es_102_[1]	spanish	Las deudas, la elaboración del presupuesto familiar, las cuentas por pagar, etc. pueden ser objeto de dolorosos conflictos familiares y, por esta razón, muchas parejas optan por no hablar de dinero para evitar disputas y con lo cual no se hacen ningún favor.	disputas	-5.099080577797156
es_103_[1]	spanish	Elusión tributaria: Es una figura consistente en no pagar determinados impuestos que se han establecido, amparándose en subterfugios o resquicios legales, no previstos por el legislador en el momento de redactar la ley.	previstos	-4.818072198005602
es_104_[1]	spanish	El impuesto a los réditos es también un buen instrumento para conocer el monto de las rentas y de la riqueza nacional.	instrumento	-4.3785123983384935
es_105_[1]	spanish	Los hombres se dedicaban preferentemente a la caza y confeccionaban los utensilios de piedra.	confeccionaban	-5.5466842679592965
es_106_[4]	spanish	En este sentido, el análisis vertical permite responder la interrogante anterior, señalando el uso que se dio a los ingresos de la compañía en el período de análisis.	interrogante	-5.386640570031818
es_107_[1]	spanish	Así se podrán reparar más rápido los carros, y se podrá recibir mayor número de los que actualmente se pueden atender.	número	-3.311446263536378
es_108_[1]	spanish	Luego, haga un cuadro donde pueda colocar cuánto debe reunir semanal o mensualmente para lograr cada una de sus metas, dependiendo del plazo que éstas tengan.	colocar	-3.4911034503621723
es_109_[2]	spanish	Estas tarjetas acarrean pocos riesgos y te ayudan a crear buenos antecedentes crediticios al mostrar tu capacidad para usar una tarjeta con responsabilidad.	acarrean	-5.58003668729597
es_110_[2]	spanish	Los acreedores confían en la información crediticia para ver cómo has gestionado tus préstamos en el pasado y determinar qué posibilidades tienes de pagar un nuevo préstamo.	acreedores	-5.544017149145417
es_111_[1]	spanish	Cheque de caja: se solicita al banco, y este procede a retirar el monto solicitado de la cuenta corriente o de inversión del solicitante o se deposita en la cuenta que el banco destine.	solicita	-4.387443275636712
es_112_[1]	spanish	Las fuerzas de crecimiento dan lugar a un movimiento hacia arriba en la jerarquía, mientras que las fuerzas regresivas empujan las necesidades prepotentes hacia abajo en la misma.	prepotentes	-6.1478533984991826
es_113_[1]	spanish	Prepararse para el futuro es también prepararse para la jubilación y para los posibles gastos médicos todo lo cual requiere planeación, ahorro y un número limitado de deudas.	requiere	-4.102498350708863
es_114_[3]	spanish	El mercado es el lugar donde se transan las mercancías y los servicios; es la expresión que define el lugar físico o figurado donde se encuentran vendedores y compradores.	mercancías	-4.952498259146635
es_115_[1]	spanish	En cambio, aunque desaparecieran todos los privilegios y quedara únicamente el privilegio fiscal, bastaría esta desigualdad para mantener separadas las clases, ya que nunca podrían reunirse para discutir y decidir los asuntos que más les interesan y los que con mayor frecuencia se suscitan.	suscitan	-5.469290244524042
es_116_[4]	spanish	Finalmente, se incluye el valor positivo por la adquisición del préstamo y los valores negativos por la amortización de la deuda que se obtiene de la tabla 21.	amortización	-5.9464114992437045
es_117_[3]	spanish	Además de los anteriores, en la economía global hay indicadores financieros que entregan información sobre el pulso bursátil, el número y los montos de las transacciones de acciones de sociedades, bonos u otros instrumentos financieros y de inversión.	bursátil	-5.6578718789681375
es_118_[1]	spanish	Con lo anterior, surge otro paso en la planeación y lo que sigue lo explican muy bien los varias veces mencionados Alonso, Brailovsky y Ortiz y a lo cual queremos ceñirnos adaptándolo y trascribiéndolo aquí en toda su dimensión, dada su relevancia.	ceñirnos	-5.969395406164394
es_119_[2]	spanish	En la quiebra prevista en el capítulo 7, tus activos se venden y el dinero se divide entre tus acreedores.	divide	-4.2261242928823535
es_120_[3]	spanish	«El sistema de administración financiera del Estado comprende el conjunto de procesos administrativos que permiten la obtención de recursos y su aplicación a la concreción de los logros de los objetivos del Estado	comprende	-4.108244266081375
es_121_[2]	spanish	Crea una lista de gastos previsibles y piensa cómo crees que gastas tu dinero en un mes normal.	previsibles	-5.773315386417383
es_122_[1]	spanish	Por no dejar pasar la oportunidad, usted puede ir a un vendedor de automóviles, escoger uno y pagarlo a plazos.	plazos	-4.203937426284643
es_123_[1]	spanish	Autorrealización: Son las más elevadas, se hallan en la cima de la jerarquía, a través de su satisfacción personal, encuentran un sentido a la vida mediante el desarrollo de su potencial en una actividad.	potencial	-4.324657199932755
es_124_[4]	spanish	El segundo principio establece que no basta con incrementar las entradas de efectivo, sino que éstas deben acelerarse.	incrementar	-4.631393886741231
es_125_[1]	spanish	Realizan una adecuación de las necesidades entre prestamistas y prestatarios en cuanto a cantidades y plazos.	prestatarios	-6.370890369053475
es_126_[4]	spanish	No obstante, dado que existe esa disminución, la tarea siguiente sería buscar qué pudo haber ocasionado esa variación.	disminución	-4.441331483788534
es_127_[1]	spanish	Como resultado, una emergencia costosa, como la súbita pérdida de empleo o la acumulación de demasiadas cuentas médicas, podrían enviar a cualquier persona que no esté financieramente preparada a vivir endeudada durante años y, en algunos casos, a la bancarrota.	bancarrota	-5.702734312131676
es_128_[1]	spanish	Los problemas de la economía urbana son en gran parte de naturaleza social, y las muchas propuestas para mejorar el bienestar social y económico de los grupos minoritarios indican una recia voluntad para cooperar en la solución de estos problemas.	recia	-5.799644325139732
es_129_[1]	spanish	El seguimiento o monitoreo y evaluación, que es la tercera etapa, permitirá ir visualizando la puesta en marcha y el cumplimiento del plan de acción, para contribuir al logro de sus objetivos y metas, así como plantear recomendaciones para evitar desviaciones; es decir, una forma de evaluación concurrente.	desviaciones	-5.406843956120105
es_130_[1]	spanish	Los bienes y servicios utilizados por las personas o la sociedad para satisfacer sus necesidades se denominan satisfactores o productos, o simplemente bienes.	denominan	-4.650334630675305
es_131_[1]	spanish	Si se visita una fábrica de refrigeradoras y de estufas se encontrará que allí, según su tamaño, trabajan muchos obreros, quienes procesan las láminas de acero y construyen, con otras actividades los muebles metálicos.	estufas	-5.227747186924699
es_132_[1]	spanish	Pero a muchas personas no les gusta ceñirse a él porque sencillamente no les gusta y porque los presupuestos contienen once de los obstáculos que impiden que estos se hagan.	ceñirse	-5.969395406164394
es_133_[1]	spanish	El asegurado es quien se espera que tome la decisión sobre la cuantía del seguro, calculado sobre sus ingresos, para posibilitar la cuota que debe atender y también proyectando cual sería el valor o costo ajustado de los gastos familiares, tomando en cuenta también el tamaño y características de la familia.	cuantía	-5.6498820048064
es_134_[2]	spanish	Una de las mejores formas de gestionar el riesgo es distribuir tus inversiones y ahorros a través de diversos canales.	gestionar	-4.548919447787147
es_135_[1]	spanish	Al momento de la entrega de estos cheques, el banco pide que el solicitante los firme, y solo podrá cobrarlos esta persona al firmar nuevamente los cheques en la parte de abajo, así la entidad que los recibe podrá cotejar que las firmas sean idénticas.	cotejar	-6.213023930103993
es_136_[4]	spanish	El punto de equilibrio, dependiendo del giro del negocio, puede expresarse en cantidades o en términos monetarios.	monetarios	-4.845756776473664
es_137_[4]	spanish	Como se indicó al inicio del capítulo, para la construcción del EFE se emplean dos métodos: directo e indirecto.	emplean	-4.602161062468121
es_138_[3]	spanish	Otras disposiciones, como el artículo 19 de la Ley de Bancos, establecen que estas entidades deben conservar los libros y documentación por diez años, salvo que la Superintendencia de Bancos e Instituciones Financieras autorice su destrucción con anterioridad.	disposiciones	-4.525877326491667
es_139_[1]	spanish	Es posible evitar el crecimiento de una deuda utilizando su tarjeta de crédito solamente cuando pueda cancelar la totalidad de su saldo todos los meses.	solamente	-3.500286063943514
es_140_[4]	spanish	Al igual que se mencionó en la sección de la tabla de datos, el administrador de escenarios requiere que toda la información del flujo de caja se encuentre correctamente formulada antes de su ejecución.	ejecución	-4.720463079092107
es_141_[1]	spanish	Estimado Cliente. Queremos informarle que personas inescrupulosas están solicitando información a nuestros clientes en nombre de nuestra Institución, por consiguiente, para verificar si su cuenta fue afectada ingrese en los siguientes campos su número de Tarjeta y contraseña...	inescrupulosas	-6.729063250854025
es_142_[2]	spanish	Por ejemplo: Tengo que mantenerme al día con las tendencias, o me sentiré avergonzado.	mantenerme	-3.5475590880784664
es_143_[1]	spanish	Sin duda, estaremos de acuerdo en que el metal en un automóvil de último modelo es más útil que un montón de mineral de hierro o unos pocos lingotes de acero.	automóvil	-4.760434394527206
es_144_[1]	spanish	Eficiencia: Ausencia de despilfarro o utilización de los recursos económicos, que reporta el máximo nivel de satisfacción posible, con los factores y la tecnología dados.	despilfarro	-6.275171836852837
es_145_[3]	spanish	En el origen, los impuestos eran aplicados a las personas, por los soberanos y el clero, para financiar los asuntos de las castas gobernantes y ceremonias religiosas respectivamente.	clero	-5.825973263862081
es_146_[1]	spanish	También, deben considerarse, los aspectos relativos a la conceptualización e ideas generales sobre la historia de la tributación, su importancia, propósitos, características y equidad o justicia de un buen impuesto; la educabilidad y la dimensión moral de los impuestos y, los impuestos y las finanzas personales.	educabilidad	-8.23421322917393
es_147_[4]	spanish	En resumen, acorde a las tablas presentadas, se han incrementado los ingresos, las utilidades, la capitalización y el efectivo.	incrementado	-6.133842684056368
es_148_[1]	spanish	En el primero, el bien o servicio se consume directamente y no es utilizado para generar otros productos.	generar	-3.6080166237169875
es_149_[1]	spanish	Se han logrado tremendos incrementos en la producción total como resultado del desarrollo de la energía eléctrica y hoy también la marina y la eólica que se están tratando de aprovechar para usos industriales y otros.	incrementos	-4.879528675219202
es_150_[4]	spanish	Cobros derivados del reembolso de anticipos y préstamos a terceros (distintos de las operaciones de este tipo hechas por entidades financieras).	reembolso	-5.622489921166589
es_151_[4]	spanish	La inversión requerida es de $15,000 que incluyen: $5,000 en maquinarias y equipos, $2,000 en mobiliario; el saldo corresponde al capital de trabajo.	requerida	-5.5667602762839765
es_152_[1]	spanish	Los ingresos activos están constituidos por el salario o sueldo que se percibe, cuando se tiene un empleo, honorarios que se cobran como contraprestación de servicios, comisiones y otros pagos de la misma naturaleza.	contraprestación	-6.234213229173931
es_153_[1]	spanish	La Economía como una disciplina científica que es y que tiene, por consiguiente, su propia estructura de conocimientos tiene asimismo una serie de principios y leyes como los siguientes: Los individuos se enfrentan a disyuntivas o alternativas.	individuos	-4.456858916089722
es_154_[1]	spanish	La diferencia estriba en que mientras las necesidades de déficit pueden ser satisfechas, las necesidades del ser son una fuerza impelente continua.	estriba	-6.34211862648345
es_155_[2]	spanish	Con intereses, ese monto de ahorros mensuales les permitiría ahorrar el pago inicial y comprar su vivienda en 24 meses.	inicial	-4.314873592386517
es_156_[1]	spanish	espeluznante en relación con los gastos que uno debe hacer por alguna enfermedad.	espeluznante	-5.497816726897288
es_157_[3]	spanish	De partida, el tema concierne a todos los individuos y durante toda la vida, pues las finanzas explican la procedencia y uso de los ingresos y recursos que se disponen para satisfacer las necesidades particulares de todas y todos.	concierne	-5.69138780221475
es_158_[1]	spanish	La riqueza con cara humana es lo que percibe y estudia el humanismo, y bajo esta óptica, es que debe inclinarse la educación financiera que deben tener todas las personas que se propongan como meta construir un futuro personal, familiar y social, tranquilo y sostenible.	percibe	-4.49298281814846
es_159_[2]	spanish	Me merezco despilfarrar un poco de vez en cuando y será como una recompensa por mi esfuerzo.	despilfarrar	-6.677910728406643
es_160_[1]	spanish	Aplicarla no es fácil, porque usted tiene que demorar la gratificación de hoy para arreglar el desastre que hizo ayer.	gratificación	-5.922459368118177
es_161_[1]	spanish	La importancia y trascendencia de las funciones económicas del cheque, derivan de su consideración de medio o instrumento de pago.	trascendencia	-5.46631561315584
es_162_[2]	spanish	Si solicitas una tarjeta de crédito, úsala para comprar cosas que puedes pagar y paga lo que debes a la brevedad.	solicitas	-4.387443275636712
es_163_[1]	spanish	canaliza hacia otra pareja que precisa de un préstamo hipotecario con el que afrontar el pago de la vivienda.	canaliza	-5.173515388820319
es_164_[1]	spanish	Pues, el uso de mi chequera testimoniará que soy una persona cumplida y que soy ordenada en la administración de mis cuentas.	testimoniará	-6.61096393877603
es_165_[3]	spanish	Estos delitos son difíciles de probar y los ejecutores reciben bajas penas a pesar de que afectan pasivamente a gran cantidad de personas.	ejecutores	-5.846823402835201
es_166_[4]	spanish	Por ejemplo, considere una panadería que reemplace sus cajeros por ánforas; el pan se coloca en las perchas y se invita a los clientes a tomar el que quieran y comerlo.	ánforas	-6.081924884790874
es_167_[3]	spanish	En la década de los sesenta del siglo XX, el filósofo y comunicador canadiense Marshall McLuhan anticipó nuestras vidas en comunidad universal gracias a los progresos tecnológicos en comunicaciones e interconexiones humanas a escala global y acuñó la expresión «aldea global» para describir la tierra que habitamos.	interconexiones	-5.874377746834043
es_168_[1]	spanish	Sin embargo, la producción total y el nivel de vida están afectados por la composición y estructura de edades de la población, su educación y el tamaño de la fuerza obrera y productiva, la destreza y movilidad de los trabajadores y la laboriosidad y actitud psicológica de las personas.	estructura	-3.9799310787230993
es_169_[1]	spanish	Para vivir en ese clima de fe y optimismo, indispensable a la felicidad, hemos de hacer la guerra a dos enemigos: el escepticismo y los estados o fenómenos psicológicos enemigos del optimismo.	escepticismo	-5.819239881203113
es_170_[3]	spanish	Está indexada con el IPC, de ahí que su fluctuación siga las variaciones del costo de la vida mensual, similar a la UF (unidad de fomento).	fluctuación	-5.745662512673486
es_171_[4]	spanish	El análisis de la teoría señalada es importante en las finanzas porque implica que un administrador no debe limitarse a establecer un precio acorde al costo de producción que mantiene.	señalada	-4.218895396104814
es_172_[3]	spanish	Al mismo tiempo, como economía abierta al mundo, es un importador de bienes durables de uso doméstico e industrial, como automóviles, artículos electrónicos, vestuario y alimentos de consumo masivo.	bienes	-2.6823206228382515
es_173_[1]	spanish	Reducir los plazos y los costes de intermediación al facilitar la búsqueda de contrapartida para cada operación y agilizar los procedimientos de liquidación.	contrapartida	-6.006326524560257
es_174_[1]	spanish	La producción, digamos sencillamente que es, entre las diferentes acepciones del concepto y según el enfoque económico, crear cosas o servicios con valor económico.	acepciones	-5.9623716226374315
es_175_[4]	spanish	Los índices y razones presentan ratios de las cuentas de balance y estado de resultados con el objetivo de correlacionar información que no puede observarse a través del análisis vertical o el análisis horizontal.	ratios	-5.42871237101553
es_176_[4]	spanish	Por ejemplo, si se incrementan los documentos por pagar, significa que la empresa se ha endeudado, por tanto, recibió efectivo.	incrementan	-4.631393886741231
es_177_[2]	spanish	Cómo y cuándo usar los fondos del plan jubilatorio, saber cuáles son las distribuciones mínimas exigidas y abrir cuentas de ahorros jubilatorios, por tu cuenta o a través de tu empleador.	jubilatorios	-7.088085193495693
es_178_[1]	spanish	La clave para lograr sus objetivos financieros, personales y familiares, es planificarlos apropiadamente y darles mucho seguimiento a través de este presupuesto.	apropiadamente	-6.003764307795657
es_179_[1]	spanish	El Banco Mundial, en el libro demarcar la pobreza	demarcar	-6.509937359573142
es_180_[4]	spanish	La reducción de estas dos últimas puede colaborar al mencionado incremento del efectivo, ya sea por procesos de cobranzas o incrementos en ventas.	incremento	-4.879528675219202
es_181_[1]	spanish	Algunos de ustedes tienen grandes deudas, han cavado un gran hoyo y se demoraron bastante tiempo en caer en esa hondonada, por lo tanto van a requerir de tiempo para salir de ella.	demoraron	-4.787986827395768
es_182_[1]	spanish	Es importante pensar que cuando se exceden los tiempos para el pago de ellos se sufren unos recargos que, aunque a veces parezca que son intrascendentes o poco gravosos, de alguna manera afectan el presupuesto personal o familiar y esto sin mencionar otros inconvenientes, dificultades o problemas que acarrea tal incumplimiento.	acarrea	-5.58003668729597
es_183_[2]	spanish	Por ejemplo, generalmente la hipoteca es uno de los mejores tipos de endeudamiento, porque la mayoría de las viviendas aumenta de valor con el paso del tiempo.	endeudamiento	-5.744254749749096
es_184_[1]	spanish	Los tipos de seguros disponibles se expanden y se ha llegado al grado en que el sector financiero está muy directamente relacionado con el tema.	expanden	-4.820075866989454
es_185_[1]	spanish	Pero uno no puede dejar que el derrotismo lo detenga e impida que haga un presupuesto.	derrotismo	-7.088085193495693
es_186_[3]	spanish	En espacios monopólicos, el comprador no tiene la posibilidad de seleccionar, en uno u otro oferente, lo que le parezca más conveniente, como sí lo hace en mercados competitivos.	oferente	-6.336586137883489
es_187_[2]	spanish	El seguro de responsabilidad civil, también denominado de cobertura completa, te protege ante las reclamaciones de terceros por lesiones y daños a la propiedad.	reclamaciones	-5.408787111406108
es_188_[3]	spanish	El lucro, en cambio, aunque es un sinónimo de utilidad, ganancias o beneficio, es la expresión peyorativa de la utilidad.	peyorativa	-6.251941996134362
es_189_[3]	spanish	Estos trabajadores debían entregar a la empresa una boleta por los honorarios, donde se señalaba claramente el monto del total, el descuento del 10 % y la suma por recibir, además de los datos del trabajador y del destinatario.	destinatario	-5.715699289296043
es_190_[1]	spanish	Tal vez se cuestione por qué tiene que someterse a esta disciplina e inconveniencia de presupuestar su propia vida.	cuestione	-4.745239704447423
es_191_[1]	spanish	Las transacciones en cajeros deben ser personalizadas, no preste su tarjeta y no de la clave a ningún amigo o conocido para que realice las transacciones por usted.	personalizadas	-4.741871975918956
es_192_[1]	spanish	Tiene que educarse activamente en estas materias (rendimientos, balances y contabilidad, negocios, mercados, negociación, contratos) y desarrollar aptitudes comerciales.	aptitudes	-5.603785354148907
es_193_[1]	spanish	Tal vez una familia numerosa ocupaba una pocilga o una pequeña parte de un inquilinato, compuesta de dos o tres cuartos.	inquilinato	-7.456061978790287
es_194_[1]	spanish	La tarea fundamental de la empresa es la de organizar y poner en acción los factores productivos que son los recursos naturales (materias primas), el trabajo y el capital, para transformarlos en bienes y servicios.	fundamental	-4.072545816736195
es_195_[1]	spanish	El problema es que esas penalizaciones tienen a la larga una repercusión negativa en la historia de crédito, la cual es muy importante en todas las finanzas y desde luego, en las finanzas personales y familiares.	penalizaciones	-5.715699289296043
es_196_[1]	spanish	El desempleo involuntario es un fenómeno muy común y que se ha acentuado calamitosamente en los últimos tiempos, en los países y en las economías modernas.	acentuado	-5.876278382173477
es_197_[3]	spanish	De cierto modo, lo global se contrapone a lo tribal, entendiendo esto último como la conveniencia de la defensa de las culturas locales, en su mayoría de orígenes ancestrales.	contrapone	-5.939747003012338
es_198_[2]	spanish	A continuación, te presentamos un panorama general de los tipos de inversiones habituales.	habituales	-4.447319903912615
es_199_[1]	spanish	Los accionistas comunes están sujetos a que la compañía decida no distribuir los dividendos y que los montos distribuidos fluctúen considerablemente de un periodo a otro.	fluctúen	-5.854001987462325
es_200_[1]	spanish	Al igual que en el resto de las disciplinas, en la Economía se distinguen tres tipos fundamentales de leyes: Leyes causales: las determinan las relaciones en las que, a continuación de un hecho, acción o acto determinado, sobreviene constantemente otro hecho determinado, en un lapso determinado.	sobreviene	-6.08499411651855
es_201_[1]	spanish	Esta circunstancia o familiaridad hace que el concepto sea comprendido fácilmente, aunque quizás no el uso o manejo adecuado, ya que para este se requieren otras habilidades y valores más que el solo conocimiento.	circunstancia	-4.393856169970574
es_202_[2]	spanish	Evalúa dar al menos algunos de los siguientes pasos: Antes de omitir un pago, llama a tus acreedores para analizar las opciones.	omitir	-5.334940041856327
es_203_[1]	spanish	La austeridad significa realizar el gasto necesario y está asociado al ahorro, que tiene una connotación completamente diferente al de avaricia que se refiere a un afán desordenado de poseer riquezas o dinero para atesorarlo, que puede inducir a actuar con envidia y actos negativos.	connotación	-5.443928065140689
es_204_[4]	spanish	Acorde a los datos presentados se puede observar que a pesar de observarse un crecimiento del 0.7% en el total de activos circulantes; esta cuenta está utilizando un menor porcentaje de los recursos totales invertidos entre el 2016 y el 2017.	circulantes	-6.110361588206845
es_205_[2]	spanish	Si te denegaron un crédito, tienes derecho a obtener un informe crediticio gratis.	denegaron	-5.802849465014943
es_206_[2]	spanish	Si la agencia determina que la información que contiene el informe es inexacta, el acreedor debe notificar a las otras agencias de informes crediticios sobre la existencia del error para que ellos también puedan corregir la información.	inexacta	-6.270425401828375
es_207_[2]	spanish	Anteriormente, mencionamos las formas de averiguar a dónde va a parar tu dinero y cómo detener las fugas de dinero.	averiguar	-4.707099117534126
es_208_[4]	spanish	Por otra parte, el tercer principio se orienta a los egresos y señala: disminuir las salidas de dinero	disminuir	-4.390420030848018
es_209_[1]	spanish	Todos los habitantes de la sociedad toman decisiones económicas, para mejorar sus remuneraciones, su consumo y, consecuentemente, elevar su bienestar.	remuneraciones	-5.673111845524875
es_210_[4]	spanish	Dependiendo de las circunstancias y particularidades de cada proyecto, es posible que tenga que evaluarse la rentabilidad ante movimientos de tres o más variables.	particularidades	-5.081619151246461
es_211_[1]	spanish	El Banco Mundial, al definir la pobreza, establece un tope de ingreso de un dólar al día por persona.	tope	-4.625580239683893
es_212_[1]	spanish	Para poder cumplir con los nuevos pedidos, la empresa necesita construir nuevos hornos, comprar más materiales y contratar más personas para su manejo y el de las nuevas máquinas que también se tuvo que adquirir.	adquirir	-4.273790022096101
es_213_[1]	spanish	La mejor forma de evitar el pago de tasas de interés altas y penalidades, es llevando la cuenta de los gastos realizados con su tarjeta de crédito.	penalidades	-6.123623518874682
es_214_[1]	spanish	Cada vez que ellos se metían en una situación que no les gustaba, las primeras palabras que balbuceaban era	balbuceaban	-6.448883394163164
es_215_[1]	spanish	Una incapacidad, y máxime si se trata de una incapacidad total es supremamente complicada para cualquier persona, y algunos dicen que lo es más que la misma muerte prematura, porque además de la pérdida de la fuente generadora de ingresos hay que sumar por lo general los gastos médicos.	supremamente	-5.576201832516818
es_216_[3]	spanish	Para ello disponen de sistemas de información que les proporcionan datos financieros y no financieros periódicamente.	proporcionan	-4.37808878493163
es_217_[1]	spanish	La lista de cuentas aludida es invaluable para la familia si usted llega a estar incapacitado o muere repentinamente.	aludida	-6.1586662677814
es_218_[3]	spanish	Cada año, en los meses de marzo y abril, el Servicio de Impuestos Internos propone declaraciones digitales a los contribuyentes (declaraciones de renta precalculadas por la institución), particularmente para personas naturales y pequeñas empresas.	particularmente	-4.70852070466892
es_219_[3]	spanish	Diez años si la prescripción se interrumpe mediante reconocimiento escrito de la obligación tributaria por parte del contribuyente.	prescripción	-5.584878370461789
es_220_[1]	spanish	Hoy en día han surgido los diferentes medios de pago (antes mencionados) que eliminan el riesgo de robo y se pueden recuperar en caso de extravío, son fáciles de manejar y permiten el control de ingresos y gastos.	extravío	-6.441821539675677
es_221_[1]	spanish	Por consiguiente, primero compran las cosas que necesitan, después las que más desean y prescinden de lo demás.	prescinden	-5.476817200380906
es_222_[4]	spanish	Por ejemplo, en la tabla anterior se muestra una reducción de los Otros Ingresos, sin embargo no se puede identificar cuál es la razón para dicha reducción.	razón	-3.7577874021159197
es_223_[2]	spanish	Con frecuencia, estas compañías cobran honorarios costosos por cosas que podrías hacer tú mismo.	costosos	-4.859831531123048
es_224_[1]	spanish	También, en los países existen otras instituciones depositarias de ahorros como las cajas de ahorro, asociaciones de ahorro y préstamo, por ejemplo que, por lo general, otorgan préstamos hipotecarios para vivienda, préstamos al consumidor o para fines específicos.	otorgan	-4.614285518882463
es_225_[1]	spanish	El documento antes citado, la define también como: el rompimiento del equilibrio psicofisiológico que experimenta el ser humano, provocado por la falta o exceso de algo.	rompimiento	-5.765865898761773
es_226_[1]	spanish	La función de concentración de recursos, tiene que ver con la racionalidad de las personas que invierten al decidir cómo y dónde destinar sus recursos financieros, teniendo en cuenta la evaluación que realicen de la relación riesgo	racionalidad	-5.88590836612577
es_227_[1]	spanish	Después surgió la moneda y posteriormente surgió el papel-moneda, que por mucho tiempo fueron los principales medios para los intercambios comerciales.	surgió	-4.175066509747732
es_228_[1]	spanish	A éstos se les coloca una fecha posterior al momento en que se elabora el cheque, como manera de recordarle al que lo recibe que la cuenta no tendrá los fondos suficientes si no hasta el día que se indica en el cheque y que sólo entonces podrá hacerlo efectivo.	coloca	-3.4911034503621723
es_229_[1]	spanish	Colisión: Choque de dos cuerpos. Oposición y pugna de ideas, principios o intereses. Parte del ingreso que no se destina al ahorro, sino que es aplicado a la adquisición de alimentos, educación, ocio, entre otros.	pugna	-6.011496758026348
es_230_[3]	spanish	La corrupción, en tanto, es lo opuesto a la honradez y se la asocia con el vicio, el soborno, la perversión y otros calificativos vinculados a lo inmoral y a la falta de ética personal y empresarial en el actuar.	asocia	-4.540222618713154
es_231	spanish	No obstante, sería imprudente ejecutar un proyecto únicamente con el resultado de un análisis de rentabilidad; puesto que, para realizar el flujo de caja proyectado se realizaron varios supuestos que no necesariamente tienen que cumplirse.	únicamente	-4.358226457745443
es_232	spanish	La quiebra del capítulo 13 permanece en tus antecedentes crediticios por al menos siete años.	permanece	-4.298705963349218
es_233	spanish	Esta modalidad de cheques posfechados no es avalada por la legislación de algunos países que considera que el cheque se convierte en un instrumento de crédito.	avalada	-5.384179971484162
es_234	spanish	Para realizar el presupuesto, digamos finalmente, que los autores que se han dedicado a este asunto y al de las finanzas personales y familiares, han propuesto diferentes modelos, alguno o algunos de los cuales presentaremos en el capítulo antes aludido.	familiares	-4.032843419830808
es_235	spanish	De todas maneras, señala el Diccionario aludido, mercantilista entre riqueza y dinero, y persiste más aún el concepto de la riqueza material computable o medible en dinero.	mercantilista	-6.702734312131676
es_236	spanish	El proceso está orientado para que se eduque de un modo gradual y constante en las habilidades y conocimientos requeridos para los negocios, finanzas e inversiones.	eduque	-4.725548866120988
es_237	spanish	Existen ocho áreas fundamentales que debes tener en cuenta cuando planeas mantenerte tú mismo cuando te jubiles:	jubiles	-7.192820544015706
es_238	spanish	El caso más frecuente es el de la ansiedad, zozobra y desesperación por mantener y obtener cada vez ingresos más altos, lo cual creo se comprende como una resultante impuesta por la sociedad de consumo que nos rige.	zozobra	-6.421299872531075
es_239	spanish	Un problema de solvencia implica que la compañía no está generando rentabilidad para los accionistas y si este problema persiste, no tendría sentido seguir operando.	compañía	-4.042259462020936
es_240	spanish	El crédito personal es, igualmente, una facilidad crediticia en la cual la garantía del mismo es la promesa de pago incondicional de un deudor que goza de muy buena reputación y solvencia económica, moral y crediticia (Garantía fiduciaria).	crediticia	-6.177308377837458
es_241	spanish	Si detecta algún dispositivo inusual o anormal en el equipo, añadidos, reparaciones mal hechas, no realice transacciones y notifique a la entidad financiera a la mayor brevedad posible.	notifique	-5.012017182872211
es_242	spanish	El ingreso de una persona, de una familia o de una empresa, e incluso del Estado, es la cantidad de dinero que ésta recibe por realizar una actividad determinada remunerable (negocio, trabajo, venta de productos, etc.	determinada	-4.210919606137326
es_243	spanish	En esta lista se deben incluir la casa, los alquileres, los servicios, alimentación, vestuario y otros gastos obvios.	incluir	-3.8573079382501168
es_244	spanish	Se otorga sobre vehículos del año, 0 kilómetros, nuevos, de agencias reconocidas.	reconocidas	-4.7015862279450396
es_245	spanish	Posiblemente sea mejor cambiar el auto por otro más barato o usar un medio de transporte alternativo, en vez de dejar que el acreedor recupere el auto, lo que dañaría tus antecedentes crediticios.	dañaría	-4.453967945308578
es_246	spanish	Los pagos electrónicos son aquellas transacciones en que se utilizan canales electrónicos para realizar pagos monetarios sin el empleo de efectivo como medio de pago.	realizar	-3.5138306317336836
es_247	spanish	Los intereses corresponden a pagos que se realizan por la utilización de dinero por un cierto plazo.	realizan	-3.5138306317336836
es_248	spanish	Los principales delitos de este tipo son el tráfico de influencias, el fraude, el lavado de dinero, el cohecho, la quiebra fraudulenta y la estafa.	cohecho	-6.463361217531786
es_249	spanish	Éste, está probado, no se tiene con el simple ahorro, o al menos con éste aquél es lento y no con la celeridad que quizás se desea, al fin y al cabo la vida es bastante corta y llena de permanentes riesgos y contingencias que es necesario enfrentar permanentemente.	enfrentar	-4.018179351355257
es_250	spanish	No va a saber exactamente lo que cuesta cada uno de sus gastos mensuales (por ejemplo, los servicios), pero debe ser un estimativo bastante realista.	realista	-4.776180036677425
es_251	spanish	Este impuesto siempre está incorporado en el precio de las boletas de compras y ventas.	boletas	-5.509937359573142
es_252	spanish	Control centralizado de cuentas: verificar el detalle de todas las cuentas (tanto corrientes como de ahorro) en una sola pantalla.	centralizado	-5.530921851055269
es_253	spanish	Un ejemplo sería ahorrar al menos $5 000 cada año para invertir para la jubilación.	ahorrar	-4.427355199655113
es_254	spanish	Los bancos usan varios métodos para calcular los intereses y le toca a usted aprender cómo su banco computa estos cargos:	usan	-3.3132346842519507
es_255	spanish	Por ejemplo, cuando se invierte en una casa y se habita disfrutando de esta y además se puede obtener rentabilidad financiera en caso de venta o arriendo.	arriendo	-6.188890250387273
es_256	spanish	Las cifras también muestran un incremento en la capitalización de la compañía a través del aumento de acciones, superávit de capital y utilidades retenidas.	utilidades	-4.592540855949244
es_257	spanish	La jerarquía de necesidades de Maslow (pirámide de Maslow) consta de 5 niveles: Los cuatro primeros niveles pueden ser agrupados como necesidades del déficit (Deficit needs); el nivel superior se le denomina como una necesidad del ser (being needs).	consta	-4.831779882954619
es_258	spanish	Sobre el particular, dicen que las personas dentro de una multitud son arrastradas a hacer cosas que solas no lo harían y, citan lo siguiente:	solas	-3.7260337803004067
es_259	spanish	El crédito de los ciudadanos en las cosas más nimias no debe ser esclavizado y dependiente de una multitud de oficiales subalternos de las rentas.	rentas	-4.63575102869978
es_260	spanish	Los que ahorran piden que se les pague un precio por postergar su consumo, y los que demandan el dinero ahorrado (piden un crédito) para hacer una inversión están dispuestos a pagar un precio por ese dinero con tal de no perder la oportunidad de invertir y sacar un mayor resultado.	ahorran	-4.427355199655113
es_261	spanish	La última columna indica la diferencia favorable entre los flujos de ingresos por exportaciones menos los flujos de egresos por el pago de importaciones.	favorable	-4.954318249162292
es_262	spanish	Pero si eso ocurre habitualmente, tienes un flujo de fondos negativo y tu presupuesto está desequilibrado.	desequilibrado	-5.845047144809398
es_263	spanish	En virtud de estas y otras reflexiones fue que se diseñó este capítulo en el marco del Libro Maestro de la cual forma parte sustantiva.	reflexiones	-4.486490767138422
es_264	spanish	Afiliación: Están relacionadas con el desarrollo afectivo del individuo, son las necesidades de asociación, participación y aceptación en el grupo de trabajo, entre estas se encuentran: la amistad, el afecto y el amor.	afecto	-4.947756759426948
es_265	spanish	Antivirus es un programa informático específicamente diseñado para detectar y eliminar virus; el uso correcto permite el bloqueo infranqueable de los virus y demás códigos maliciosos.	maliciosos	-5.651014455205308
es_266	spanish	En esta coyuntura surge el dinero que es casi un concepto abstracto, por lo simbólico, de allí la dificultad para algunos de definirlo y más para comprenderlo.	abstracto	-5.161595752628694
es_267	spanish	Estas alternativas permiten rendimientos más reducidos, mientras los de plazo definido consideran pago de intereses.	alternativas	-4.53169653173578
es_268	spanish	Los segundos enfatizan en la dependencia y pérdida de identidad cultural que traen las nuevas prácticas y costumbre foráneas.	foráneas	-6.022025624769973
es_269	spanish	Para la operación óptima de dicha infraestructura ha sido necesaria la inversión de cifras millonarias de dinero para la compra, actualización y mantenimiento de equipo, redes de comunicación y software, con el fin de mantener los servicios operando las 24 horas de todos los días del año.	infraestructura	-4.6921350828383055
es_270	spanish	Es cierto que mis padres no tenían los medios financieros para que fuera a la universidad cuando terminé la secundaria, pero fue mi miedo lo que me impidió hacerlo.	secundaria	-5.096226496450399
es_271	spanish	Con frecuencia en el país la gente se queja del alto costo de vida, especialmente en los últimos tiempos, y esto porque los productos de uso inmediato, así como muchos de los servicios esenciales, aumentan su valor constantemente.	constantemente	-4.401448924233399
es_272	spanish	Esto es, la entrega del cheque no libera jurídicamente al deudor ni, consecuentemente extingue su débito.	libera	-4.218183266097907
es_273	spanish	Si alguno de los rubros mencionados en estas tablas no involucra efectivo, entonces no debe considerarse para la elaboración del estado financiero.	considerarse	-3.713284494464984
es_274	spanish	El precio de los bienes o servicios es determinado por el comprador ya que, al ser único, posee el poder de mercado y los numerosos oferentes deben adaptarse a sus exigencias.	exigencias	-5.074646035940311
es_275	spanish	Si existe igualdad fiscal todos los ciudadanos tendrán constante necesidad de reunirse y de obrar en asuntos que a todos interesa y eso basta para conservar un nexo entre ellos.	conservar	-4.382893716525185
es_276	spanish	Es cierto que algunas cuentas 401(k) te permiten pedir dinero prestado, pero hacerlo enlentece el ritmo de crecimiento de la cuenta.	pedir	-3.4005753421682794
es_277	spanish	En la actualidad, los impuestos que recauda el fisco permiten financiar gasto e inversiones y actividades de bien general en beneficio de los habitantes del territorio.	financiar	-4.822930316156547
es_278	spanish	Son diferentes las teorías psicológicas y psicosociales que sugieren la manera de llegar al cambio de las actitudes, las cuales afortunadamente no discrepan de manera preocupante.	teorías	-4.091886346019668
es_279	spanish	¡Cuánto más sencillo sería aceptar dinero de quien tuviere un aparato de televisión que necesitara reparación, y luego comprar sus comestibles y otros artículos con ese dinero!	comprar	-3.463258176828562
es_280	spanish	Su audiencia hasta este punto había sido muy cortés y receptiva, y había estado muy contenta con el material que ella había mostrado.	mostrado	-3.4123068518216075
es_281	spanish	Su valor indica que por cada dólar invertido en el negocio, la compañía genera $2.05 en ventas.	invertido	-4.933617745283967
es_282	spanish	La entidad bancaria o institución emisora de la tarjeta proporcionará un estado de cuenta de las transacciones efectuadas por un período de tiempo determinado.	efectuadas	-5.547576959911638
es_283	spanish	Como, en general, las personas no han recibido educación financiera, en el manejo que hacen de sus ingresos no prevén recursos que les permita tener alguna reserva económica para enfrentar alguna de las múltiples contingencias o imprevistos de que antes se ha hablado aquí.	permita	-3.4599810203892707
es_284	spanish	Cuando empecé a estudiar las leyes fiscales (dice Mollien en sus Memorias) me horroricé de lo que veía: multas, prisiones, castigos corporales al arbitrio de tribunales especiales; los delegados tenían en sus manos a personas y bienes.	empecé	-3.0455181184088356
es_285	spanish	Los primeros sostienen que la integración e interacción de las naciones favorece a todos los pueblos, sin importar su origen o latitud.	sostienen	-4.323642180692672
es_286	spanish	Para lograr una buena administración de los recursos financieros, si aún no se ha hecho, es imprescindible iniciar un programa regular de planificación financiera.	regular	-4.347384224496949
es_287	spanish	Estado de flujo de efectivo igual que el estado de resultados, este informe es complementario al balance.	balance	-4.708132537371901
es_288	spanish	Éstos incluyen: sueldos, arriendos, seguros, mantenimientos, suministros, combustible, depreciaciones, entre otros.	arriendos	-6.242987153481436
es_289	spanish	Incluso, un mismo producto podría tener precio distinto para la misma persona, si ésta lo adquiere en sucursales que pertenezcan a diferentes estratos sociales.	distinto	-3.7022491952255847
es_290	spanish	En el largo plazo, las acciones, en promedio, superan de forma sistemática y sustancial al efectivo y a la inflación.	efectivo	-4.307562152085041
es_291	spanish	En general, se dice que la rentabilidad normal de una inversión en países desarrollados fluctúa, en promedio, entre el 6 % y el 8 % anual.	desarrollados	-4.719001924846129
es_292	spanish	En ciertos casos hay aranceles de referencia, como los que operan en el sector de la salud para determinadas prestaciones médicas.	prestaciones	-4.979906896842645
es_293	spanish	Es uno de los puestos claves de la organización, y en muchas ocasiones se lo reconoce como el segundo al mando luego del gerente general; quien lo supervisa, acorde a la estructura jerárquica.	jerárquica	-5.69138780221475
es_294	spanish	Casi todos los estados exigen a los automovilistas el seguro de responsabilidad para automóviles que cubre costos médicos y reparaciones del vehículo entre otros costos.	automóviles	-4.760434394527206
es_295	spanish	Si este indicador baja de 1, implicaría que la empresa no está en capacidad de cubrir sus obligaciones de corto plazo con los activos líquidos que posee.	posee	-4.322469851317999
es_296	spanish	Cuando este último caso sucede, el proyecto o la inversión no es económicamente rentable y no debe ejecutarse.	rentable	-4.9310171717534415
es_297	spanish	Entonces, esta persona se dirige a un banco con la factura y realiza una operación conocida como factoring.	banco	-4.053084529426635
es_298	spanish	El administrador de escenarios es una herramienta en Excel que permite alterar múltiples variables con el objetivo de observar el efecto en otras variables de resultados.	alterar	-4.838537443903995
es_299	spanish	Para el conjunto de la economía, porque contribuyen de forma decisiva a la asignación eficiente de los recursos.	contribuyen	-4.51413665640579
es_300	spanish	Las deudas, la elaboración del presupuesto familiar, las cuentas por pagar, etc. pueden ser objeto de dolorosos conflictos familiares y, por esta razón, muchas parejas optan por no hablar de dinero para evitar disputas y con lo cual no se hacen ningún favor.	optan	-4.682031890334595
es_301	spanish	Elusión tributaria: Es una figura consistente en no pagar determinados impuestos que se han establecido, amparándose en subterfugios o resquicios legales, no previstos por el legislador en el momento de redactar la ley.	subterfugios	-6.6214293724541955
es_302	spanish	El impuesto a los réditos es también un buen instrumento para conocer el monto de las rentas y de la riqueza nacional.	réditos	-5.720995629105992
es_303	spanish	Los hombres se dedicaban preferentemente a la caza y confeccionaban los utensilios de piedra.	utensilios	-5.432123971292198
es_304	spanish	En este sentido, el análisis vertical permite responder la interrogante anterior, señalando el uso que se dio a los ingresos de la compañía en el período de análisis.	vertical	-4.497976130269202
es_305	spanish	Así se podrán reparar más rápido los carros, y se podrá recibir mayor número de los que actualmente se pueden atender.	carros	-4.2843842702386175
es_306	spanish	Luego, haga un cuadro donde pueda colocar cuánto debe reunir semanal o mensualmente para lograr cada una de sus metas, dependiendo del plazo que éstas tengan.	dependiendo	-3.728276804607381
es_307	spanish	Estas tarjetas acarrean pocos riesgos y te ayudan a crear buenos antecedentes crediticios al mostrar tu capacidad para usar una tarjeta con responsabilidad.	tarjetas	-4.123825563298844
es_308	spanish	Los acreedores confían en la información crediticia para ver cómo has gestionado tus préstamos en el pasado y determinar qué posibilidades tienes de pagar un nuevo préstamo.	gestionado	-5.759996965097676
es_309	spanish	Cheque de caja: se solicita al banco, y este procede a retirar el monto solicitado de la cuenta corriente o de inversión del solicitante o se deposita en la cuenta que el banco destine.	deposita	-4.88727376647494
es_310	spanish	Las fuerzas de crecimiento dan lugar a un movimiento hacia arriba en la jerarquía, mientras que las fuerzas regresivas empujan las necesidades prepotentes hacia abajo en la misma.	jerarquía	-5.074345382081364
es_311	spanish	Prepararse para el futuro es también prepararse para la jubilación y para los posibles gastos médicos todo lo cual requiere planeación, ahorro y un número limitado de deudas.	deudas	-4.37483472474833
es_312	spanish	El mercado es el lugar donde se transan las mercancías y los servicios; es la expresión que define el lugar físico o figurado donde se encuentran vendedores y compradores.	transan	-6.275171836852837
es_313	spanish	En cambio, aunque desaparecieran todos los privilegios y quedara únicamente el privilegio fiscal, bastaría esta desigualdad para mantener separadas las clases, ya que nunca podrían reunirse para discutir y decidir los asuntos que más les interesan y los que con mayor frecuencia se suscitan.	separadas	-4.411195705727882
es_314	spanish	Finalmente, se incluye el valor positivo por la adquisición del préstamo y los valores negativos por la amortización de la deuda que se obtiene de la tabla 21.	tabla	-4.196308871861527
es_315	spanish	Además de los anteriores, en la economía global hay indicadores financieros que entregan información sobre el pulso bursátil, el número y los montos de las transacciones de acciones de sociedades, bonos u otros instrumentos financieros y de inversión.	montos	-4.817240056570895
es_316	spanish	Con lo anterior, surge otro paso en la planeación y lo que sigue lo explican muy bien los varias veces mencionados Alonso, Brailovsky y Ortiz y a lo cual queremos ceñirnos adaptándolo y trascribiéndolo aquí en toda su dimensión, dada su relevancia.	queremos	-2.623462597490472
es_317	spanish	En la quiebra prevista en el capítulo 7, tus activos se venden y el dinero se divide entre tus acreedores.	prevista	-4.818072198005602
es_318	spanish	«El sistema de administración financiera del Estado comprende el conjunto de procesos administrativos que permiten la obtención de recursos y su aplicación a la concreción de los logros de los objetivos del Estado [	concreción	-6.001217118781777
es_319	spanish	Crea una lista de gastos previsibles y piensa cómo crees que gastas tu dinero en un mes normal.	piensa	-3.1756050214735754
es_320	spanish	Por no dejar pasar la oportunidad, usted puede ir a un vendedor de automóviles, escoger uno y pagarlo a plazos.	vendedor	-4.7643912131957675
es_321	spanish	Autorrealización: Son las más elevadas, se hallan en la cima de la jerarquía, a través de su satisfacción personal, encuentran un sentido a la vida mediante el desarrollo de su potencial en una actividad.	cima	-4.873052233978904
es_322	spanish	El segundo principio establece que no basta con incrementar las entradas de efectivo, sino que éstas deben acelerarse.	acelerarse	-4.653516289461494
es_323	spanish	Realizan una adecuación de las necesidades entre prestamistas y prestatarios en cuanto a cantidades y plazos.	Realizan	-3.5138306317336836
es_324	spanish	No obstante, dado que existe esa disminución, la tarea siguiente sería buscar qué pudo haber ocasionado esa variación.	ocasionado	-5.88010479002653
es_325	spanish	Como resultado, una emergencia costosa, como la súbita pérdida de empleo o la acumulación de demasiadas cuentas médicas, podrían enviar a cualquier persona que no esté financieramente preparada a vivir endeudada durante años y, en algunos casos, a la bancarrota.	preparada	-4.121139335579723
es_326	spanish	Los problemas de la economía urbana son en gran parte de naturaleza social, y las muchas propuestas para mejorar el bienestar social y económico de los grupos minoritarios indican una recia voluntad para cooperar en la solución de estos problemas.	urbana	-4.563689071391851
es_327	spanish	El seguimiento o monitoreo y evaluación, que es la tercera etapa, permitirá ir visualizando la puesta en marcha y el cumplimiento del plan de acción, para contribuir al logro de sus objetivos y metas, así como plantear recomendaciones para evitar desviaciones; es decir, una forma de evaluación concurrente.	concurrente	-6.1586662677814
es_328	spanish	Los bienes y servicios utilizados por las personas o la sociedad para satisfacer sus necesidades se denominan satisfactores o productos, o simplemente bienes.	satisfactores	-7.279970719734606
es_329	spanish	Si se visita una fábrica de refrigeradoras y de estufas se encontrará que allí, según su tamaño, trabajan muchos obreros, quienes procesan las láminas de acero y construyen, con otras actividades los muebles metálicos.	refrigeradoras	-5.247889452123165
es_330	spanish	Pero a muchas personas no les gusta ceñirse a él porque sencillamente no les gusta y porque los presupuestos contienen once de los obstáculos que impiden que estos se hagan.	sencillamente	-4.724876271156287
es_331	spanish	El asegurado es quien se espera que tome la decisión sobre la cuantía del seguro, calculado sobre sus ingresos, para posibilitar la cuota que debe atender y también proyectando cual sería el valor o costo ajustado de los gastos familiares, tomando en cuenta también el tamaño y características de la familia.	calculado	-5.426678201105077
es_332	spanish	Una de las mejores formas de gestionar el riesgo es distribuir tus inversiones y ahorros a través de diversos canales.	distribuir	-4.693508445863168
es_333	spanish	Al momento de la entrega de estos cheques, el banco pide que el solicitante los firme, y solo podrá cobrarlos esta persona al firmar nuevamente los cheques en la parte de abajo, así la entidad que los recibe podrá cotejar que las firmas sean idénticas.	pide	-3.4005753421682794
es_334	spanish	El punto de equilibrio, dependiendo del giro del negocio, puede expresarse en cantidades o en términos monetarios.	equilibrio	-4.42932448455154
es_335	spanish	Como se indicó al inicio del capítulo, para la construcción del EFE se emplean dos métodos: directo e indirecto.	indicó	-3.9251369273515992
es_336	spanish	Otras disposiciones, como el artículo 19 de la Ley de Bancos, establecen que estas entidades deben conservar los libros y documentación por diez años, salvo que la Superintendencia de Bancos e Instituciones Financieras autorice su destrucción con anterioridad.	autorice	-5.1765471252641015
es_337	spanish	Es posible evitar el crecimiento de una deuda utilizando su tarjeta de crédito solamente cuando pueda cancelar la totalidad de su saldo todos los meses.	cancelar	-4.788764714907881
es_338	spanish	Al igual que se mencionó en la sección de la tabla de datos, el administrador de escenarios requiere que toda la información del flujo de caja se encuentre correctamente formulada antes de su ejecución.	escenarios	-4.226508114809151
es_339	spanish	Estimado Cliente. Queremos informarle que personas inescrupulosas están solicitando información a nuestros clientes en nombre de nuestra Institución, por consiguiente, para verificar si su cuenta fue afectada ingrese en los siguientes campos su número de Tarjeta y contraseña...	clientes	-3.898514677675709
es_340	spanish	Por ejemplo: Tengo que mantenerme al día con las tendencias, o me sentiré avergonzado.	Tengo	-2.0113592098818187
es_341	spanish	Sin duda, estaremos de acuerdo en que el metal en un automóvil de último modelo es más útil que un montón de mineral de hierro o unos pocos lingotes de acero.	lingotes	-5.603785354148907
es_342	spanish	Eficiencia: Ausencia de despilfarro o utilización de los recursos económicos, que reporta el máximo nivel de satisfacción posible, con los factores y la tecnología dados.	satisfacción	-4.777543599750173
es_343	spanish	En el origen, los impuestos eran aplicados a las personas, por los soberanos y el clero, para financiar los asuntos de las castas gobernantes y ceremonias religiosas respectivamente.	soberanos	-5.059862631694551
es_344	spanish	También, deben considerarse, los aspectos relativos a la conceptualización e ideas generales sobre la historia de la tributación, su importancia, propósitos, características y equidad o justicia de un buen impuesto; la educabilidad y la dimensión moral de los impuestos y, los impuestos y las finanzas personales.	conceptualización	-6.130409508217974
es_345	spanish	En resumen, acorde a las tablas presentadas, se han incrementado los ingresos, las utilidades, la capitalización y el efectivo.	resumen	-4.418569080041966
es_346	spanish	En el primero, el bien o servicio se consume directamente y no es utilizado para generar otros productos.	consume	-4.183215150000547
es_347	spanish	Se han logrado tremendos incrementos en la producción total como resultado del desarrollo de la energía eléctrica y hoy también la marina y la eólica que se están tratando de aprovechar para usos industriales y otros.	eléctrica	-4.15246997925121
es_348	spanish	Cobros derivados del reembolso de anticipos y préstamos a terceros (distintos de las operaciones de este tipo hechas por entidades financieras).	financieras	-4.229762876184706
es_349	spanish	La inversión requerida es de $15,000 que incluyen: $5,000 en maquinarias y equipos, $2,000 en mobiliario; el saldo corresponde al capital de trabajo.	equipos	-3.450581168810886
es_350	spanish	Los ingresos activos están constituidos por el salario o sueldo que se percibe, cuando se tiene un empleo, honorarios que se cobran como contraprestación de servicios, comisiones y otros pagos de la misma naturaleza.	constituidos	-4.648076203943138
es_351	spanish	La Economía como una disciplina científica que es y que tiene, por consiguiente, su propia estructura de conocimientos tiene asimismo una serie de principios y leyes como los siguientes: Los individuos se enfrentan a disyuntivas o alternativas.	disyuntivas	-6.016729284960024
es_352	spanish	La diferencia estriba en que mientras las necesidades de déficit pueden ser satisfechas, las necesidades del ser son una fuerza impelente continua.	impelente	-7.030093246518006
es_353	spanish	Con intereses, ese monto de ahorros mensuales les permitiría ahorrar el pago inicial y comprar su vivienda en 24 meses.	ahorros	-4.662387980133102
es_354	spanish	De partida, el tema concierne a todos los individuos y durante toda la vida, pues las finanzas explican la procedencia y uso de los ingresos y recursos que se disponen para satisfacer las necesidades particulares de todas y todos.	procedencia	-5.458238898044562
es_355	spanish	La riqueza con cara humana es lo que percibe y estudia el humanismo, y bajo esta óptica, es que debe inclinarse la educación financiera que deben tener todas las personas que se propongan como meta construir un futuro personal, familiar y social, tranquilo y sostenible.	construir	-3.8587691036688136
es_356	spanish	Me merezco despilfarrar un poco de vez en cuando y será como una recompensa por mi esfuerzo.	recompensa	-4.649203949271469
es_357	spanish	Aplicarla no es fácil, porque usted tiene que demorar la gratificación de hoy para arreglar el desastre que hizo ayer.	demorar	-4.787986827395768
es_358	spanish	La importancia y trascendencia de las funciones económicas del cheque, derivan de su consideración de medio o instrumento de pago.	cheque	-5.016729284960024
es_359	spanish	Si solicitas una tarjeta de crédito, úsala para comprar cosas que puedes pagar y paga lo que debes a la brevedad.	brevedad	-5.740058635155488
es_360	spanish	afrontar el pago de la vivienda.	afrontar	-4.801404224140763
es_361	spanish	Pues, el uso de mi chequera testimoniará que soy una persona cumplida y que soy ordenada en la administración de mis cuentas.	chequera	-6.456061978790287
es_362	spanish	Estos delitos son difíciles de probar y los ejecutores reciben bajas penas a pesar de que afectan pasivamente a gran cantidad de personas.	probar	-3.742459446401783
es_363	spanish	Por ejemplo, considere una panadería que reemplace sus cajeros por ánforas; el pan se coloca en las perchas y se invita a los clientes a tomar el que quieran y comerlo.	panadería	-5.414669293632062
es_364	spanish	En la década de los sesenta del siglo XX, el filósofo y comunicador canadiense Marshall McLuhan anticipó nuestras vidas en comunidad universal gracias a los progresos tecnológicos en comunicaciones e interconexiones humanas a escala global y acuñó la expresión «aldea global» para describir la tierra que habitamos.	acuñó	-5.315658698623657
es_365	spanish	Sin embargo, la producción total y el nivel de vida están afectados por la composición y estructura de edades de la población, su educación y el tamaño de la fuerza obrera y productiva, la destreza y movilidad de los trabajadores y la laboriosidad y actitud psicológica de las personas.	laboriosidad	-6.911993934440011
es_366	spanish	Para vivir en ese clima de fe y optimismo, indispensable a la felicidad, hemos de hacer la guerra a dos enemigos: el escepticismo y los estados o fenómenos psicológicos enemigos del optimismo.	felicidad	-4.224549912494552
es_367	spanish	Está indexada con el IPC, de ahí que su fluctuación siga las variaciones del costo de la vida mensual, similar a la UF (unidad de fomento).	indexada	-5.595723972219293
es_368	spanish	El análisis de la teoría señalada es importante en las finanzas porque implica que un administrador no debe limitarse a establecer un precio acorde al costo de producción que mantiene.	implica	-4.371783673067922
es_369	spanish	Al mismo tiempo, como economía abierta al mundo, es un importador de bienes durables de uso doméstico e industrial, como automóviles, artículos electrónicos, vestuario y alimentos de consumo masivo.	electrónicos	-4.3014858618724015
es_370	spanish	Reducir los plazos y los costes de intermediación al facilitar la búsqueda de contrapartida para cada operación y agilizar los procedimientos de liquidación.	Reducir	-4.06890953670557
es_371	spanish	La producción, digamos sencillamente que es, entre las diferentes acepciones del concepto y según el enfoque económico, crear cosas o servicios con valor económico.	digamos	-2.305338790074854
es_372	spanish	Los índices y razones presentan ratios de las cuentas de balance y estado de resultados con el objetivo de correlacionar información que no puede observarse a través del análisis vertical o el análisis horizontal.	correlacionar	-6.103879460678924
es_373	spanish	Por ejemplo, si se incrementan los documentos por pagar, significa que la empresa se ha endeudado, por tanto, recibió efectivo.	endeudado	-6.003764307795657
es_374	spanish	Cómo y cuándo usar los fondos del plan jubilatorio, saber cuáles son las distribuciones mínimas exigidas y abrir cuentas de ahorros jubilatorios, por tu cuenta o a través de tu empleador.	jubilatorio	-7.088085193495693
es_375	spanish	La clave para lograr sus objetivos financieros, personales y familiares, es planificarlos apropiadamente y darles mucho seguimiento a través de este presupuesto.	seguimiento	-4.674785429414441
es_376	spanish	La reducción de estas dos últimas puede colaborar al mencionado incremento del efectivo, ya sea por procesos de cobranzas o incrementos en ventas.	colaborar	-4.551526750924163
es_377	spanish	Algunos de ustedes tienen grandes deudas, han cavado un gran hoyo y se demoraron bastante tiempo en caer en esa hondonada, por lo tanto van a requerir de tiempo para salir de ella.	hondonada	-6.600744773594344
es_378	spanish	Es importante pensar que cuando se exceden los tiempos para el pago de ellos se sufren unos recargos que, aunque a veces parezca que son intrascendentes o poco gravosos, de alguna manera afectan el presupuesto personal o familiar y esto sin mencionar otros inconvenientes, dificultades o problemas que acarrea tal incumplimiento.	intrascendentes	-6.299714777930363
es_379	spanish	Por ejemplo, generalmente la hipoteca es uno de los mejores tipos de endeudamiento, porque la mayoría de las viviendas aumenta de valor con el paso del tiempo.	aumenta	-3.8852272723660732
es_380	spanish	Los tipos de seguros disponibles se expanden y se ha llegado al grado en que el sector financiero está muy directamente relacionado con el tema.	disponibles	-4.202037852212568
es_381	spanish	Pero uno no puede dejar que el derrotismo lo detenga e impida que haga un presupuesto.	impida	-4.415987335559975
es_382	spanish	En espacios monopólicos, el comprador no tiene la posibilidad de seleccionar, en uno u otro oferente, lo que le parezca más conveniente, como sí lo hace en mercados competitivos.	comprador	-4.941292929573924
es_383	spanish	El seguro de responsabilidad civil, también denominado de cobertura completa, te protege ante las reclamaciones de terceros por lesiones y daños a la propiedad.	lesiones	-4.537332857491168
es_384	spanish	El lucro, en cambio, aunque es un sinónimo de utilidad, ganancias o beneficio, es la expresión peyorativa de la utilidad.	sinónimo	-5.221376004468758
es_385	spanish	Estos trabajadores debían entregar a la empresa una boleta por los honorarios, donde se señalaba claramente el monto del total, el descuento del 10 % y la suma por recibir, además de los datos del trabajador y del destinatario.	boleta	-5.509937359573142
es_386	spanish	Tal vez se cuestione por qué tiene que someterse a esta disciplina e inconveniencia de presupuestar su propia vida.	someterse	-4.605517846459907
es_387	spanish	Las transacciones en cajeros deben ser personalizadas, no preste su tarjeta y no de la clave a ningún amigo o conocido para que realice las transacciones por usted.	preste	-5.111669705105176
es_388	spanish	Tiene que educarse activamente en estas materias (rendimientos, balances y contabilidad, negocios, mercados, negociación, contratos) y desarrollar aptitudes comerciales.	negociación	-4.7884533926853
es_389	spanish	Tal vez una familia numerosa ocupaba una pocilga o una pequeña parte de un inquilinato, compuesta de dos o tres cuartos.	numerosa	-4.624405459845228
es_390	spanish	La tarea fundamental de la empresa es la de organizar y poner en acción los factores productivos que son los recursos naturales (materias primas), el trabajo y el capital, para transformarlos en bienes y servicios.	organizar	-4.296244226222478
es_391	spanish	El problema es que esas penalizaciones tienen a la larga una repercusión negativa en la historia de crédito, la cual es muy importante en todas las finanzas y desde luego, en las finanzas personales y familiares.	negativa	-4.01504800734359
es_392	spanish	El desempleo involuntario es un fenómeno muy común y que se ha acentuado calamitosamente en los últimos tiempos, en los países y en las economías modernas.	calamitosamente	-8.23421322917393
es_393	spanish	De cierto modo, lo global se contrapone a lo tribal, entendiendo esto último como la conveniencia de la defensa de las culturas locales, en su mayoría de orígenes ancestrales.	orígenes	-4.1184363530149675
es_394	spanish	A continuación, te presentamos un panorama general de los tipos de inversiones habituales.	presentamos	-3.593145840424521
es_395	spanish	Los accionistas comunes están sujetos a que la compañía decida no distribuir los dividendos y que los montos distribuidos fluctúen considerablemente de un periodo a otro.	distribuidos	-5.2564896238850825
es_396	spanish	Al igual que en el resto de las disciplinas, en la Economía se distinguen tres tipos fundamentales de leyes: Leyes causales: las determinan las relaciones en las que, a continuación de un hecho, acción o acto determinado, sobreviene constantemente otro hecho determinado, en un lapso determinado.	lapso	-5.414669293632062
es_397	spanish	Esta circunstancia o familiaridad hace que el concepto sea comprendido fácilmente, aunque quizás no el uso o manejo adecuado, ya que para este se requieren otras habilidades y valores más que el solo conocimiento.	fácilmente	-4.348682395985838
es_398	spanish	Evalúa dar al menos algunos de los siguientes pasos: Antes de omitir un pago, llama a tus acreedores para analizar las opciones.	analizar	-4.028035231653933
es_399	spanish	La austeridad significa realizar el gasto necesario y está asociado al ahorro, que tiene una connotación completamente diferente al de avaricia que se refiere a un afán desordenado de poseer riquezas o dinero para atesorarlo, que puede inducir a actuar con envidia y actos negativos.	riquezas	-4.320452342761608
es_400	spanish	Acorde a los datos presentados se puede observar que a pesar de observarse un crecimiento del 0.7% en el total de activos circulantes; esta cuenta está utilizando un menor porcentaje de los recursos totales invertidos entre el 2016 y el 2017.	totales	-3.8113608567577644
es_401	spanish	Si te denegaron un crédito, tienes derecho a obtener un informe crediticio gratis.	crediticio	-6.027387353142081
es_402	spanish	Si la agencia determina que la información que contiene el informe es inexacta, el acreedor debe notificar a las otras agencias de informes crediticios sobre la existencia del error para que ellos también puedan corregir la información.	agencia	-4.518460512351071
es_403	spanish	Anteriormente, mencionamos las formas de averiguar a dónde va a parar tu dinero y cómo detener las fugas de dinero.	parar	-4.078391539455964
es_404	spanish	Todos los habitantes de la sociedad toman decisiones económicas, para mejorar sus remuneraciones, su consumo y, consecuentemente, elevar su bienestar.	toman	-3.215229948790882
es_405	spanish	Dependiendo de las circunstancias y particularidades de cada proyecto, es posible que tenga que evaluarse la rentabilidad ante movimientos de tres o más variables.	Dependiendo	-3.728276804607381
es_406	spanish	El Banco Mundial, al definir la pobreza, establece un tope de ingreso de un dólar al día por persona.	pobreza	-4.706325663221226
es_407	spanish	Para poder cumplir con los nuevos pedidos, la empresa necesita construir nuevos hornos, comprar más materiales y contratar más personas para su manejo y el de las nuevas máquinas que también se tuvo que adquirir.	hornos	-4.419899028966471
es_408	spanish	La mejor forma de evitar el pago de tasas de interés altas y penalidades, es llevando la cuenta de los gastos realizados con su tarjeta de crédito.	llevando	-3.035798095139283
es_409	spanish	Una incapacidad, y máxime si se trata de una incapacidad total es supremamente complicada para cualquier persona, y algunos dicen que lo es más que la misma muerte prematura, porque además de la pérdida de la fuente generadora de ingresos hay que sumar por lo general los gastos médicos.	máxime	-6.35339963689314
es_410	spanish	Para ello disponen de sistemas de información que les proporcionan datos financieros y no financieros periódicamente.	disponen	-4.4225042024777395
es_411	spanish	La lista de cuentas aludida es invaluable para la familia si usted llega a estar incapacitado o muere repentinamente.	invaluable	-5.883965210839768
es_412	spanish	Cada año, en los meses de marzo y abril, el Servicio de Impuestos Internos propone declaraciones digitales a los contribuyentes (declaraciones de renta precalculadas por la institución), particularmente para personas naturales y pequeñas empresas.	contribuyentes	-5.4962259028405
es_413	spanish	Diez años si la prescripción se interrumpe mediante reconocimiento escrito de la obligación tributaria por parte del contribuyente.	contribuyente	-5.4962259028405
es_414	spanish	Hoy en día han surgido los diferentes medios de pago (antes mencionados) que eliminan el riesgo de robo y se pueden recuperar en caso de extravío, son fáciles de manejar y permiten el control de ingresos y gastos.	robo	-4.779978333425666
es_415	spanish	Por consiguiente, primero compran las cosas que necesitan, después las que más desean y prescinden de lo demás.	desean	-3.93114683125042
es_416	spanish	Por ejemplo, en la tabla anterior se muestra una reducción de los Otros Ingresos, sin embargo no se puede identificar cuál es la razón para dicha reducción.	reducción	-4.725818196040878
es_417	spanish	Con frecuencia, estas compañías cobran honorarios costosos por cosas que podrías hacer tú mismo.	cobran	-4.226337485406345
es_418	spanish	También, en los países existen otras instituciones depositarias de ahorros como las cajas de ahorro, asociaciones de ahorro y préstamo, por ejemplo que, por lo general, otorgan préstamos hipotecarios para vivienda, préstamos al consumidor o para fines específicos.	específicos	-4.124837197769555
es_419	spanish	El documento antes citado, la define también como: el rompimiento del equilibrio psicofisiológico que experimenta el ser humano, provocado por la falta o exceso de algo.	psicofisiológico	-7.389115189159674
es_420	spanish	La función de concentración de recursos, tiene que ver con la racionalidad de las personas que invierten al decidir cómo y dónde destinar sus recursos financieros, teniendo en cuenta la evaluación que realicen de la relación riesgo	destinar	-5.072845226938956
es_421	spanish	Después surgió la moneda y posteriormente surgió el papel-moneda, que por mucho tiempo fueron los principales medios para los intercambios comerciales.	posteriormente	-4.408981905974031
es_422	spanish	A éstos se les coloca una fecha posterior al momento en que se elabora el cheque, como manera de recordarle al que lo recibe que la cuenta no tendrá los fondos suficientes si no hasta el día que se indica en el cheque y que sólo entonces podrá hacerlo efectivo.	recordarle	-3.313453543287814
es_423	spanish	Colisión: Choque de dos cuerpos. Oposición y pugna de ideas, principios o intereses. Parte del ingreso que no se destina al ahorro, sino que es aplicado a la adquisición de alimentos, educación, ocio, entre otros.	aplicado	-5.012277629345926
es_424	spanish	La corrupción, en tanto, es lo opuesto a la honradez y se la asocia con el vicio, el soborno, la perversión y otros calificativos vinculados a lo inmoral y a la falta de ética personal y empresarial en el actuar.	vinculados	-4.719134554098008
es_425	spanish	No obstante, sería imprudente ejecutar un proyecto únicamente con el resultado de un análisis de rentabilidad; puesto que, para realizar el flujo de caja proyectado se realizaron varios supuestos que no necesariamente tienen que cumplirse.	imprudente	-5.812609302304099
es_426	spanish	La quiebra del capítulo 13 permanece en tus antecedentes crediticios por al menos siete años.	quiebra	-5.321991172641515
es_427	spanish	Esta modalidad de cheques posfechados no es avalada por la legislación de algunos países que considera que el cheque se convierte en un instrumento de crédito.	convierte	-3.603114597555561
es_428	spanish	Para realizar el presupuesto, digamos finalmente, que los autores que se han dedicado a este asunto y al de las finanzas personales y familiares, han propuesto diferentes modelos, alguno o algunos de los cuales presentaremos en el capítulo antes aludido.	finanzas	-4.824956577135021
es_429	spanish	De todas maneras, señala el Diccionario aludido,	señala	-4.218895396104814
es_430	spanish	El proceso está orientado para que se eduque de un modo gradual y constante en las habilidades y conocimientos requeridos para los negocios, finanzas e inversiones.	habilidades	-4.063365025530621
es_431	spanish	Existen ocho áreas fundamentales que debes tener en cuenta cuando planeas mantenerte tú mismo cuando te jubiles:	planeas	-6.024698214631299
es_432	spanish	El caso más frecuente es el de la ansiedad, zozobra y desesperación por mantener y obtener cada vez ingresos más altos, lo cual creo se comprende como una resultante impuesta por la sociedad de consumo que nos rige.	impuesta	-4.3398417753176926
es_433	spanish	Un problema de solvencia implica que la compañía no está generando rentabilidad para los accionistas y si este problema persiste, no tendría sentido seguir operando.	generando	-3.6080166237169875
es_434	spanish	El crédito personal es, igualmente, una facilidad crediticia en la cual la garantía del mismo es la promesa de pago incondicional de un deudor que goza de muy buena reputación y solvencia económica, moral y crediticia (Garantía fiduciaria).	fiduciaria	-6.225613057412013
es_435	spanish	Si detecta algún dispositivo inusual o anormal en el equipo, añadidos, reparaciones mal hechas, no realice transacciones y notifique a la entidad financiera a la mayor brevedad posible.	realice	-3.5138306317336836
es_436	spanish	El ingreso de una persona, de una familia o de una empresa, e incluso del Estado, es la cantidad de dinero que ésta recibe por realizar una actividad determinada remunerable (negocio, trabajo, venta de productos, etc.	recibe	-3.5319550660118364
es_437	spanish	En esta lista se deben incluir la casa, los alquileres, los servicios, alimentación, vestuario y otros gastos obvios.	vestuario	-5.118935637778029
es_438	spanish	Se otorga sobre vehículos del año, 0 kilómetros, nuevos, de agencias reconocidas.	otorga	-4.614285518882463
es_439	spanish	Posiblemente sea mejor cambiar el auto por otro más barato o usar un medio de transporte alternativo, en vez de dejar que el acreedor recupere el auto, lo que dañaría tus antecedentes crediticios.	cambiar	-3.32010288666573
es_440	spanish	Los pagos electrónicos son aquellas transacciones en que se utilizan canales electrónicos para realizar pagos monetarios sin el empleo de efectivo como medio de pago.	canales	-3.295923721066885
es_441	spanish	Los intereses corresponden a pagos que se realizan por la utilización de dinero por un cierto plazo.	pagos	-4.169530662945419
es_442	spanish	Los principales delitos de este tipo son el tráfico de influencias, el fraude, el lavado de dinero, el cohecho, la quiebra fraudulenta y la estafa.	influencias	-4.401448924233399
es_443	spanish	Éste, está probado, no se tiene con el simple ahorro, o al menos con éste aquél es lento y no con la celeridad que quizás se desea, al fin y al cabo la vida es bastante corta y llena de permanentes riesgos y contingencias que es necesario enfrentar permanentemente.	aquél	-5.497816726897288
es_444	spanish	No va a saber exactamente lo que cuesta cada uno de sus gastos mensuales (por ejemplo, los servicios), pero debe ser un estimativo bastante realista.	mensuales	-4.738807666027737
es_445	spanish	Este impuesto siempre está incorporado en el precio de las boletas de compras y ventas.	compras	-4.1361581895046875
es_446	spanish	Control centralizado de cuentas: verificar el detalle de todas las cuentas (tanto corrientes como de ahorro) en una sola pantalla.	corrientes	-4.169568084381994
es_447	spanish	Un ejemplo sería ahorrar al menos $5 000 cada año para invertir para la jubilación.	invertir	-4.204748282535695
es_448	spanish	Los bancos usan varios métodos para calcular los intereses y le toca a usted aprender cómo su banco computa estos cargos:	cargos	-4.257679848781993
es_449	spanish	Por ejemplo, cuando se invierte en una casa y se habita disfrutando de esta y además se puede obtener rentabilidad financiera en caso de venta o arriendo.	invierte	-4.204748282535695
es_450	spanish	Las cifras también muestran un incremento en la capitalización de la compañía a través del aumento de acciones, superávit de capital y utilidades retenidas.	muestran	-3.4123068518216075
es_451	spanish	Por cada $100 de ingresos, la empresa gana $3.80 de utilidad neta.	gana	-3.5033583080904065
es_452	spanish	La jerarquía de necesidades de Maslow (pirámide de Maslow) consta de 5 niveles: Los cuatro primeros niveles pueden ser agrupados como necesidades del déficit (Deficit needs); el nivel superior se le denomina como una necesidad del ser (being needs).	agrupados	-4.977014803034586
es_453	spanish	Sobre el particular, dicen que las personas dentro de una multitud son arrastradas a hacer cosas que solas no lo harían y, citan lo siguiente:	arrastradas	-4.516459535963215
es_454	spanish	El crédito de los ciudadanos en las cosas más nimias no debe ser esclavizado y dependiente de una multitud de oficiales subalternos de las rentas.	dependiente	-5.05812197011825
es_455	spanish	Los que ahorran piden que se les pague un precio por postergar su consumo, y los que demandan el dinero ahorrado (piden un crédito) para hacer una inversión están dispuestos a pagar un precio por ese dinero con tal de no perder la oportunidad de invertir y sacar un mayor resultado.	demandan	-4.852917606170105
es_456	spanish	La última columna indica la diferencia favorable entre los flujos de ingresos por exportaciones menos los flujos de egresos por el pago de importaciones.	flujos	-4.473941568631868
es_457	spanish	Pero si eso ocurre habitualmente, tienes un flujo de fondos negativo y tu presupuesto está desequilibrado.	habitualmente	-4.900967530211968
es_458	spanish	En virtud de estas y otras reflexiones fue que se diseñó este capítulo en el marco del Libro Maestro de la cual forma parte sustantiva.	diseñó	-4.489372832388551
es_459	spanish	Afiliación: Están relacionadas con el desarrollo afectivo del individuo, son las necesidades de asociación, participación y aceptación en el grupo de trabajo, entre estas se encuentran: la amistad, el afecto y el amor.	relacionadas	-4.113573500758364
es_460	spanish	Antivirus es un programa informático específicamente diseñado para detectar y eliminar virus; el uso correcto permite el bloqueo infranqueable de los virus y demás códigos maliciosos.	bloqueo	-4.761310577370266
es_461	spanish	En esta coyuntura surge el dinero que es casi un concepto abstracto, por lo simbólico, de allí la dificultad para algunos de definirlo y más para comprenderlo.	definirlo	-4.164027542795551
es_462	spanish	Estas alternativas permiten rendimientos más reducidos, mientras los de plazo definido consideran pago de intereses.	consideran	-3.713284494464984
es_463	spanish	Los segundos enfatizan en la dependencia y pérdida de identidad cultural que traen las nuevas prácticas y costumbre foráneas.	dependencia	-4.88551903890839
es_464	spanish	Para la operación óptima de dicha infraestructura ha sido necesaria la inversión de cifras millonarias de dinero para la compra, actualización y mantenimiento de equipo, redes de comunicación y software, con el fin de mantener los servicios operando las 24 horas de todos los días del año.	millonarias	-4.52392658147104
es_465	spanish	Es cierto que mis padres no tenían los medios financieros para que fuera a la universidad cuando terminé la secundaria, pero fue mi miedo lo que me impidió hacerlo.	impidió	-4.415987335559975
es_466	spanish	Con frecuencia en el país la gente se queja del alto costo de vida, especialmente en los últimos tiempos, y esto porque los productos de uso inmediato, así como muchos de los servicios esenciales, aumentan su valor constantemente.	aumentan	-3.8852272723660732
es_467	spanish	Esto es, la entrega del cheque no libera jurídicamente al deudor ni, consecuentemente extingue su débito.	jurídicamente	-6.038313576764697
es_468	spanish	Si alguno de los rubros mencionados en estas tablas no involucra efectivo, entonces no debe considerarse para la elaboración del estado financiero.	tablas	-4.196308871861527
es_469	spanish	El precio de los bienes o servicios es determinado por el comprador ya que, al ser único, posee el poder de mercado y los numerosos oferentes deben adaptarse a sus exigencias.	adaptarse	-4.221460341682715
es_470	spanish	Si existe igualdad fiscal todos los ciudadanos tendrán constante necesidad de reunirse y de obrar en asuntos que a todos interesa y eso basta para conservar un nexo entre ellos.	igualdad	-4.644263627848223
es_471	spanish	Es cierto que algunas cuentas 401(k) te permiten pedir dinero prestado, pero hacerlo enlentece el ritmo de crecimiento de la cuenta.	ritmo	-4.327662710072481
es_472	spanish	En la actualidad, los impuestos que recauda el fisco permiten financiar gasto e inversiones y actividades de bien general en beneficio de los habitantes del territorio.	gasto	-4.289878637203149
es_473	spanish	Son diferentes las teorías psicológicas y psicosociales que sugieren la manera de llegar al cambio de las actitudes, las cuales afortunadamente no discrepan de manera preocupante.	psicológicas	-4.673111845524875
es_474	spanish	¡Cuánto más sencillo sería aceptar dinero de quien tuviere un aparato de televisión que necesitara reparación, y luego comprar sus comestibles y otros artículos con ese dinero!	tuviere	-2.0113592098818187
es_475	spanish	Su audiencia hasta este punto había sido muy cortés y receptiva, y había estado muy contenta con el material que ella había mostrado.	cortés	-5.250586942049396
es_476	spanish	Su valor indica que por cada dólar invertido en el negocio, la compañía genera $2.05 en ventas.	ventas	-4.040782505447085
es_477	spanish	La entidad bancaria o institución emisora de la tarjeta proporcionará un estado de cuenta de las transacciones efectuadas por un período de tiempo determinado.	transacciones	-4.782887420684411
es_478	spanish	En sus comienzos cada moneda valía alrededor de $300, a fines de 2019 llega a $15.000 y continúa con alzas y bajas.	bajas	-4.320717269556807
es_479	spanish	Como, en general, las personas no han recibido educación financiera, en el manejo que hacen de sus ingresos no prevén recursos que les permita tener alguna reserva económica para enfrentar alguna de las múltiples contingencias o imprevistos de que antes se ha hablado aquí.	reserva	-4.454039985531336
es_480	spanish	Cuando empecé a estudiar las leyes fiscales (dice Mollien en sus Memorias) me horroricé de lo que veía: multas, prisiones, castigos corporales al arbitrio de tribunales especiales; los delegados tenían en sus manos a personas y bienes.	tribunales	-4.5394325931618695
es_481	spanish	Los primeros sostienen que la integración e interacción de las naciones favorece a todos los pueblos, sin importar su origen o latitud.	latitud	-5.52156352754672
es_482	spanish	Para lograr una buena administración de los recursos financieros, si aún no se ha hecho, es imprescindible iniciar un programa regular de planificación financiera.	financiera	-4.229762876184706
es_483	spanish	Estado de flujo de efectivo igual que el estado de resultados, este informe es complementario al balance.	flujo	-4.473941568631868
es_484	spanish	Éstos incluyen: sueldos, arriendos, seguros, mantenimientos, suministros, combustible, depreciaciones, entre otros.	mantenimientos	-4.5252826933673145
es_485	spanish	Incluso, un mismo producto podría tener precio distinto para la misma persona, si ésta lo adquiere en sucursales que pertenezcan a diferentes estratos sociales.	pertenezcan	-4.22074399686476
es_486	spanish	En el largo plazo, las acciones, en promedio, superan de forma sistemática y sustancial al efectivo y a la inflación.	superan	-4.120169666625853
es_487	spanish	En general, se dice que la rentabilidad normal de una inversión en países desarrollados fluctúa, en promedio, entre el 6 % y el 8 % anual.	promedio	-4.478109857588825
es_488	spanish	En ciertos casos hay aranceles de referencia, como los que operan en el sector de la salud para determinadas prestaciones médicas.	determinadas	-4.210919606137326
es_489	spanish	Es uno de los puestos claves de la organización, y en muchas ocasiones se lo reconoce como el segundo al mando luego del gerente general; quien lo supervisa, acorde a la estructura jerárquica.	supervisa	-5.402983535306867
es_490	spanish	Casi todos los estados exigen a los automovilistas el seguro de responsabilidad para automóviles que cubre costos médicos y reparaciones del vehículo entre otros costos.	reparaciones	-4.8090051780352745
es_491	spanish	Si este indicador baja de 1, implicaría que la empresa no está en capacidad de cubrir sus obligaciones de corto plazo con los activos líquidos que posee.	indicador	-4.568163490693415
es_492	spanish	Cuando este último caso sucede, el proyecto o la inversión no es económicamente rentable y no debe ejecutarse.	económicamente	-5.001725362820944
es_493	spanish	Entonces, esta persona se dirige a un banco con la factura y realiza una operación conocida como factoring.	realiza	-3.5138306317336836
es_494	spanish	El administrador de escenarios es una herramienta en Excel que permite alterar múltiples variables con el objetivo de observar el efecto en otras variables de resultados.	variables	-4.294045515139856
es_495	spanish	Para el conjunto de la economía, porque contribuyen de forma decisiva a la asignación eficiente de los recursos.	decisiva	-5.184995206503749
es_496	spanish	Las deudas, la elaboración del presupuesto familiar, las cuentas por pagar, etc. pueden ser objeto de dolorosos conflictos familiares y, por esta razón, muchas parejas optan por no hablar de dinero para evitar disputas y con lo cual no se hacen ningún favor.	elaboración	-4.988947389716469
es_497	spanish	Elusión tributaria: Es una figura consistente en no pagar determinados impuestos que se han establecido, amparándose en subterfugios o resquicios legales, no previstos por el legislador en el momento de redactar la ley.	determinados	-4.210919606137326
es_498	spanish	El impuesto a los réditos es también un buen instrumento para conocer el monto de las rentas y de la riqueza nacional.	monto	-4.817240056570895
es_499	spanish	Los hombres se dedicaban preferentemente a la caza y confeccionaban los utensilios de piedra.	caza	-4.879912666828571
es_500	spanish	En este sentido, el análisis vertical permite responder la interrogante anterior, señalando el uso que se dio a los ingresos de la compañía en el período de análisis.	responder	-3.8682762063503136
es_501	spanish	Así se podrán reparar más rápido los carros, y se podrá recibir mayor número de los que actualmente se pueden atender.	rápido	-3.6200756383149533
es_502	spanish	Luego, haga un cuadro donde pueda colocar cuánto debe reunir semanal o mensualmente para lograr cada una de sus metas, dependiendo del plazo que éstas tengan.	metas	-4.2146815446426755
es_503	spanish	Estas tarjetas acarrean pocos riesgos y te ayudan a crear buenos antecedentes crediticios al mostrar tu capacidad para usar una tarjeta con responsabilidad.	mostrar	-3.4123068518216075
es_504	spanish	Los acreedores confían en la información crediticia para ver cómo has gestionado tus préstamos en el pasado y determinar qué posibilidades tienes de pagar un nuevo préstamo.	confían	-4.196507916038394
es_505	spanish	Cheque de caja: se solicita al banco, y este procede a retirar el monto solicitado de la cuenta corriente o de inversión del solicitante o se deposita en la cuenta que el banco destine.	destine	-5.072845226938956
es_506	spanish	Las fuerzas de crecimiento dan lugar a un movimiento hacia arriba en la jerarquía, mientras que las fuerzas regresivas empujan las necesidades prepotentes hacia abajo en la misma.	empujan	-4.5642458592654265
es_507	spanish	Prepararse para el futuro es también prepararse para la jubilación y para los posibles gastos médicos todo lo cual requiere planeación, ahorro y un número limitado de deudas.	limitado	-4.604701694973477
es_508	spanish	El mercado es el lugar donde se transan las mercancías y los servicios; es la expresión que define el lugar físico o figurado donde se encuentran vendedores y compradores.	define	-4.164027542795551
es_509	spanish	En cambio, aunque desaparecieran todos los privilegios y quedara únicamente el privilegio fiscal, bastaría esta desigualdad para mantener separadas las clases, ya que nunca podrían reunirse para discutir y decidir los asuntos que más les interesan y los que con mayor frecuencia se suscitan.	decidir	-3.6632152190642238
es_510	spanish	Finalmente, se incluye el valor positivo por la adquisición del préstamo y los valores negativos por la amortización de la deuda que se obtiene de la tabla 21.	préstamo	-4.758542040849501
es_511	spanish	Además de los anteriores, en la economía global hay indicadores financieros que entregan información sobre el pulso bursátil, el número y los montos de las transacciones de acciones de sociedades, bonos u otros instrumentos financieros y de inversión.	bonos	-4.631827639068826
es_512	spanish	Con lo anterior, surge otro paso en la planeación y lo que sigue lo explican muy bien los varias veces mencionados Alonso, Brailovsky y Ortiz y a lo cual queremos ceñirnos adaptándolo y trascribiéndolo aquí en toda su dimensión, dada su relevancia.	dimensión	-4.323002336036377
es_513	spanish	En la quiebra prevista en el capítulo 7, tus activos se venden y el dinero se divide entre tus acreedores.	activos	-3.8705636496556077
es_514	spanish	«El sistema de administración financiera del Estado comprende el conjunto de procesos administrativos que permiten la obtención de recursos y su aplicación a la concreción de los logros de los objetivos del Estado [	administrativos	-4.742151624661331
es_515	spanish	Crea una lista de gastos previsibles y piensa cómo crees que gastas tu dinero en un mes normal.	Crea	-2.85481524102391
es_516	spanish	Por no dejar pasar la oportunidad, usted puede ir a un vendedor de automóviles, escoger uno y pagarlo a plazos.	pagarlo	-3.632294406493735
es_517	spanish	Autorrealización: Son las más elevadas, se hallan en la cima de la jerarquía, a través de su satisfacción personal, encuentran un sentido a la vida mediante el desarrollo de su potencial en una actividad.	elevadas	-4.357187613306682
es_518	spanish	El segundo principio establece que no basta con incrementar las entradas de efectivo, sino que éstas deben acelerarse.	entradas	-3.903738577687794
es_519	spanish	Realizan una adecuación de las necesidades entre prestamistas y prestatarios en cuanto a cantidades y plazos.	prestamistas	-5.9600553799102505
es_520	spanish	No obstante, dado que existe esa disminución, la tarea siguiente sería buscar qué pudo haber ocasionado esa variación.	variación	-4.814092381088228
es_521	spanish	Como resultado, una emergencia costosa, como la súbita pérdida de empleo o la acumulación de demasiadas cuentas médicas, podrían enviar a cualquier persona que no esté financieramente preparada a vivir endeudada durante años y, en algunos casos, a la bancarrota.	endeudada	-6.003764307795657
es_522	spanish	Los problemas de la economía urbana son en gran parte de naturaleza social, y las muchas propuestas para mejorar el bienestar social y económico de los grupos minoritarios indican una recia voluntad para cooperar en la solución de estos problemas.	bienestar	-4.4990136807516174
es_523	spanish	El seguimiento o monitoreo y evaluación, que es la tercera etapa, permitirá ir visualizando la puesta en marcha y el cumplimiento del plan de acción, para contribuir al logro de sus objetivos y metas, así como plantear recomendaciones para evitar desviaciones; es decir, una forma de evaluación concurrente.	puesta	-3.838310489614073
es_524	spanish	Los bienes y servicios utilizados por las personas o la sociedad para satisfacer sus necesidades se denominan satisfactores o productos, o simplemente bienes.	utilizados	-4.590760552687743
es_525	spanish	Si se visita una fábrica de refrigeradoras y de estufas se encontrará que allí, según su tamaño, trabajan muchos obreros, quienes procesan las láminas de acero y construyen, con otras actividades los muebles metálicos.	muebles	-4.659834664760848
es_526	spanish	Pero a muchas personas no les gusta ceñirse a él porque sencillamente no les gusta y porque los presupuestos contienen once de los obstáculos que impiden que estos se hagan.	gusta	-3.0134019443797064
es_527	spanish	El asegurado es quien se espera que tome la decisión sobre la cuantía del seguro, calculado sobre sus ingresos, para posibilitar la cuota que debe atender y también proyectando cual sería el valor o costo ajustado de los gastos familiares, tomando en cuenta también el tamaño y características de la familia.	atender	-4.321247608469827
es_528	spanish	Una de las mejores formas de gestionar el riesgo es distribuir tus inversiones y ahorros a través de diversos canales.	inversiones	-4.075007095527605
es_529	spanish	Al momento de la entrega de estos cheques, el banco pide que el solicitante los firme, y solo podrá cobrarlos esta persona al firmar nuevamente los cheques en la parte de abajo, así la entidad que los recibe podrá cotejar que las firmas sean idénticas.	entidad	-4.386332231728556
es_530	spanish	El punto de equilibrio, dependiendo del giro del negocio, puede expresarse en cantidades o en términos monetarios.	cantidades	-3.663962251979939
es_531	spanish	Como se indicó al inicio del capítulo, para la construcción del EFE se emplean dos métodos: directo e indirecto.	directo	-3.814968125008951
es_532	spanish	Otras disposiciones, como el artículo 19 de la Ley de Bancos, establecen que estas entidades deben conservar los libros y documentación por diez años, salvo que la Superintendencia de Bancos e Instituciones Financieras autorice su destrucción con anterioridad.	anterioridad	-5.525792329039218
es_533	spanish	Es posible evitar el crecimiento de una deuda utilizando su tarjeta de crédito solamente cuando pueda cancelar la totalidad de su saldo todos los meses.	saldo	-5.128362554788787
es_534	spanish	Al igual que se mencionó en la sección de la tabla de datos, el administrador de escenarios requiere que toda la información del flujo de caja se encuentre correctamente formulada antes de su ejecución.	encuentre	-3.016171640520614
es_535	spanish	Estimado Cliente. Queremos informarle que personas inescrupulosas están solicitando información a nuestros clientes en nombre de nuestra Institución, por consiguiente, para verificar si su cuenta fue afectada ingrese en los siguientes campos su número de Tarjeta y contraseña...	ingrese	-4.201393079735367
es_536	spanish	Por ejemplo: Tengo que mantenerme al día con las tendencias, o me sentiré avergonzado.	avergonzado	-5.431439503881955
es_537	spanish	Sin duda, estaremos de acuerdo en que el metal en un automóvil de último modelo es más útil que un montón de mineral de hierro o unos pocos lingotes de acero.	metal	-4.370533561298033
es_538	spanish	Eficiencia: Ausencia de despilfarro o utilización de los recursos económicos, que reporta el máximo nivel de satisfacción posible, con los factores y la tecnología dados.	reporta	-4.569665266927384
es_539	spanish	En el origen, los impuestos eran aplicados a las personas, por los soberanos y el clero, para financiar los asuntos de las castas gobernantes y ceremonias religiosas respectivamente.	castas	-5.437638895963501
es_540	spanish	También, deben considerarse, los aspectos relativos a la conceptualización e ideas generales sobre la historia de la tributación, su importancia, propósitos, características y equidad o justicia de un buen impuesto; la educabilidad y la dimensión moral de los impuestos y, los impuestos y las finanzas personales.	personales	-3.7784246143557727
es_541	spanish	En resumen, acorde a las tablas presentadas, se han incrementado los ingresos, las utilidades, la capitalización y el efectivo.	presentadas	-4.957292097108157
es_542	spanish	En el primero, el bien o servicio se consume directamente y no es utilizado para generar otros productos.	utilizado	-4.590760552687743
es_543	spanish	Se han logrado tremendos incrementos en la producción total como resultado del desarrollo de la energía eléctrica y hoy también la marina y la eólica que se están tratando de aprovechar para usos industriales y otros.	marina	-4.761310577370266
es_544	spanish	Cobros derivados del reembolso de anticipos y préstamos a terceros (distintos de las operaciones de este tipo hechas por entidades financieras).	hechas	-3.2828077053810993
es_545	spanish	La inversión requerida es de $15,000 que incluyen: $5,000 en maquinarias y equipos, $2,000 en mobiliario; el saldo corresponde al capital de trabajo.	mobiliario	-5.525792329039218
es_546	spanish	Los ingresos activos están constituidos por el salario o sueldo que se percibe, cuando se tiene un empleo, honorarios que se cobran como contraprestación de servicios, comisiones y otros pagos de la misma naturaleza.	honorarios	-5.683984876118837
es_547	spanish	La Economía como una disciplina científica que es y que tiene, por consiguiente, su propia estructura de conocimientos tiene asimismo una serie de principios y leyes como los siguientes: Los individuos se enfrentan a disyuntivas o alternativas.	científica	-4.101985568440563
es_548	spanish	La diferencia estriba en que mientras las necesidades de déficit pueden ser satisfechas, las necesidades del ser son una fuerza impelente continua.	continua	-4.42330894850523
es_549	spanish	Con intereses, ese monto de ahorros mensuales les permitiría ahorrar el pago inicial y comprar su vivienda en 24 meses.	vivienda	-4.375796351450442
es_550	spanish	tuve una experiencia espeluznante en relación con los gastos que uno debe hacer por alguna enfermedad.	tuve	-2.0113592098818187
es_551	spanish	De partida, el tema concierne a todos los individuos y durante toda la vida, pues las finanzas explican la procedencia y uso de los ingresos y recursos que se disponen para satisfacer las necesidades particulares de todas y todos.	satisfacer	-4.88982095548882
es_552	spanish	La riqueza con cara humana es lo que percibe y estudia el humanismo, y bajo esta óptica, es que debe inclinarse la educación financiera que deben tener todas las personas que se propongan como meta construir un futuro personal, familiar y social, tranquilo y sostenible.	estudia	-3.8464675695650667
es_553	spanish	Me merezco despilfarrar un poco de vez en cuando y será como una recompensa por mi esfuerzo.	merezco	-4.128056342207091
es_554	spanish	Aplicarla no es fácil, porque usted tiene que demorar la gratificación de hoy para arreglar el desastre que hizo ayer.	ayer	-4.011548772456244
es_555	spanish	La importancia y trascendencia de las funciones económicas del cheque, derivan de su consideración de medio o instrumento de pago.	derivan	-4.962139441673921
es_556	spanish	Si solicitas una tarjeta de crédito, úsala para comprar cosas que puedes pagar y paga lo que debes a la brevedad.	paga	-3.632294406493735
es_557	spanish	precisa de un préstamo hipotecario con el que afrontar el pago de la vivienda.	precisa	-4.476893132627258
es_558	spanish	Pues, el uso de mi chequera testimoniará que soy una persona cumplida y que soy ordenada en la administración de mis cuentas.	ordenada	-4.884741429959545
es_559	spanish	Estos delitos son difíciles de probar y los ejecutores reciben bajas penas a pesar de que afectan pasivamente a gran cantidad de personas.	pasivamente	-6.347722504001449
es_560	spanish	Por ejemplo, considere una panadería que reemplace sus cajeros por ánforas; el pan se coloca en las perchas y se invita a los clientes a tomar el que quieran y comerlo.	quieran	-2.623462597490472
es_561	spanish	En la década de los sesenta del siglo XX, el filósofo y comunicador canadiense Marshall McLuhan anticipó nuestras vidas en comunidad universal gracias a los progresos tecnológicos en comunicaciones e interconexiones humanas a escala global y acuñó la expresión «aldea global» para describir la tierra que habitamos.	progresos	-4.75492591269776
es_562	spanish	Sin embargo, la producción total y el nivel de vida están afectados por la composición y estructura de edades de la población, su educación y el tamaño de la fuerza obrera y productiva, la destreza y movilidad de los trabajadores y la laboriosidad y actitud psicológica de las personas.	movilidad	-4.776028793603668
es_563	spanish	Para vivir en ese clima de fe y optimismo, indispensable a la felicidad, hemos de hacer la guerra a dos enemigos: el escepticismo y los estados o fenómenos psicológicos enemigos del optimismo.	optimismo	-5.266197515180289
es_564	spanish	Está indexada con el IPC, de ahí que su fluctuación siga las variaciones del costo de la vida mensual, similar a la UF (unidad de fomento).	variaciones	-4.814092381088228
es_565	spanish	El análisis de la teoría señalada es importante en las finanzas porque implica que un administrador no debe limitarse a establecer un precio acorde al costo de producción que mantiene.	limitarse	-4.4857926067063625
es_566	spanish	Al mismo tiempo, como economía abierta al mundo, es un importador de bienes durables de uso doméstico e industrial, como automóviles, artículos electrónicos, vestuario y alimentos de consumo masivo.	masivo	-4.714385235398212
es_567	spanish	Reducir los plazos y los costes de intermediación al facilitar la búsqueda de contrapartida para cada operación y agilizar los procedimientos de liquidación.	agilizar	-5.552068152800099
es_568	spanish	La producción, digamos sencillamente que es, entre las diferentes acepciones del concepto y según el enfoque económico, crear cosas o servicios con valor económico.	enfoque	-4.459039843749144
es_569	spanish	Los índices y razones presentan ratios de las cuentas de balance y estado de resultados con el objetivo de correlacionar información que no puede observarse a través del análisis vertical o el análisis horizontal.	horizontal	-4.677187506787548
es_570	spanish	Por ejemplo, si se incrementan los documentos por pagar, significa que la empresa se ha endeudado, por tanto, recibió efectivo.	recibió	-3.5319550660118364
es_571	spanish	Cómo y cuándo usar los fondos del plan jubilatorio, saber cuáles son las distribuciones mínimas exigidas y abrir cuentas de ahorros jubilatorios, por tu cuenta o a través de tu empleador.	mínimas	-4.0364366179025435
es_572	spanish	La clave para lograr sus objetivos financieros, personales y familiares, es planificarlos apropiadamente y darles mucho seguimiento a través de este presupuesto.	clave	-3.9937139026664195
es_573	spanish	El Banco Mundial, en el libro pobreza	pobreza	-4.706325663221226
es_574	spanish	La reducción de estas dos últimas puede colaborar al mencionado incremento del efectivo, ya sea por procesos de cobranzas o incrementos en ventas.	mencionado	-4.940408869254594
es_575	spanish	Algunos de ustedes tienen grandes deudas, han cavado un gran hoyo y se demoraron bastante tiempo en caer en esa hondonada, por lo tanto van a requerir de tiempo para salir de ella.	hoyo	-5.139742100532286
es_576	spanish	Es importante pensar que cuando se exceden los tiempos para el pago de ellos se sufren unos recargos que, aunque a veces parezca que son intrascendentes o poco gravosos, de alguna manera afectan el presupuesto personal o familiar y esto sin mencionar otros inconvenientes, dificultades o problemas que acarrea tal incumplimiento.	incumplimiento	-5.519883469428698
es_577	spanish	Por ejemplo, generalmente la hipoteca es uno de los mejores tipos de endeudamiento, porque la mayoría de las viviendas aumenta de valor con el paso del tiempo.	viviendas	-4.375796351450442
es_578	spanish	Los tipos de seguros disponibles se expanden y se ha llegado al grado en que el sector financiero está muy directamente relacionado con el tema.	financiero	-4.229762876184706
es_579	spanish	Pero uno no puede dejar que el derrotismo lo detenga e impida que haga un presupuesto.	detenga	-5.575248386509496
es_580	spanish	En espacios monopólicos, el comprador no tiene la posibilidad de seleccionar, en uno u otro oferente, lo que le parezca más conveniente, como sí lo hace en mercados competitivos.	monopólicos	-6.757091974454268
es_581	spanish	El seguro de responsabilidad civil, también denominado de cobertura completa, te protege ante las reclamaciones de terceros por lesiones y daños a la propiedad.	cobertura	-4.7510540194569515
es_582	spanish	El lucro, en cambio, aunque es un sinónimo de utilidad, ganancias o beneficio, es la expresión peyorativa de la utilidad.	lucro	-5.44112162899735
es_583	spanish	Estos trabajadores debían entregar a la empresa una boleta por los honorarios, donde se señalaba claramente el monto del total, el descuento del 10 % y la suma por recibir, además de los datos del trabajador y del destinatario.	entregar	-4.037815944736588
es_584	spanish	Tal vez se cuestione por qué tiene que someterse a esta disciplina e inconveniencia de presupuestar su propia vida.	inconveniencia	-6.715699289296043
es_585	spanish	Las transacciones en cajeros deben ser personalizadas, no preste su tarjeta y no de la clave a ningún amigo o conocido para que realice las transacciones por usted.	tarjeta	-4.123825563298844
es_586	spanish	Tiene que educarse activamente en estas materias (rendimientos, balances y contabilidad, negocios, mercados, negociación, contratos) y desarrollar aptitudes comerciales.	educarse	-4.725548866120988
es_587	spanish	Tal vez una familia numerosa ocupaba una pocilga o una pequeña parte de un inquilinato, compuesta de dos o tres cuartos.	compuesta	-4.476665375704687
es_588	spanish	La tarea fundamental de la empresa es la de organizar y poner en acción los factores productivos que son los recursos naturales (materias primas), el trabajo y el capital, para transformarlos en bienes y servicios.	transformarlos	-4.180021652377499
es_589	spanish	El problema es que esas penalizaciones tienen a la larga una repercusión negativa en la historia de crédito, la cual es muy importante en todas las finanzas y desde luego, en las finanzas personales y familiares.	repercusión	-5.162699424078841
es_590	spanish	El desempleo involuntario es un fenómeno muy común y que se ha acentuado calamitosamente en los últimos tiempos, en los países y en las economías modernas.	involuntario	-5.608900778212257
es_591	spanish	De cierto modo, lo global se contrapone a lo tribal, entendiendo esto último como la conveniencia de la defensa de las culturas locales, en su mayoría de orígenes ancestrales.	ancestrales	-5.093705186135751
es_592	spanish	A continuación, te presentamos un panorama general de los tipos de inversiones habituales.	panorama	-4.901370962179579
es_593	spanish	Los accionistas comunes están sujetos a que la compañía decida no distribuir los dividendos y que los montos distribuidos fluctúen considerablemente de un periodo a otro.	sujetos	-4.399538254711187
es_594	spanish	Al igual que en el resto de las disciplinas, en la Economía se distinguen tres tipos fundamentales de leyes: Leyes causales: las determinan las relaciones en las que, a continuación de un hecho, acción o acto determinado, sobreviene constantemente otro hecho determinado, en un lapso determinado.	distinguen	-4.644486972919694
es_595	spanish	Esta circunstancia o familiaridad hace que el concepto sea comprendido fácilmente, aunque quizás no el uso o manejo adecuado, ya que para este se requieren otras habilidades y valores más que el solo conocimiento.	comprendido	-5.476817200380906
es_596	spanish	Evalúa dar al menos algunos de los siguientes pasos: Antes de omitir un pago, llama a tus acreedores para analizar las opciones.	opciones	-3.6218108717064004
es_597	spanish	La austeridad significa realizar el gasto necesario y está asociado al ahorro, que tiene una connotación completamente diferente al de avaricia que se refiere a un afán desordenado de poseer riquezas o dinero para atesorarlo, que puede inducir a actuar con envidia y actos negativos.	asociado	-4.648978165808155
es_598	spanish	Si te denegaron un crédito, tienes derecho a obtener un informe crediticio gratis.	tienes	-2.0113592098818187
es_599	spanish	Si la agencia determina que la información que contiene el informe es inexacta, el acreedor debe notificar a las otras agencias de informes crediticios sobre la existencia del error para que ellos también puedan corregir la información.	corregir	-4.509937359573142
es_600	spanish	Anteriormente, mencionamos las formas de averiguar a dónde va a parar tu dinero y cómo detener las fugas de dinero.	fugas	-4.914482734843706
es_601	spanish	Por otra parte, el tercer principio se orienta a los egresos y señala:	orienta	-4.773465687329733
es_602	spanish	Todos los habitantes de la sociedad toman decisiones económicas, para mejorar sus remuneraciones, su consumo y, consecuentemente, elevar su bienestar.	elevar	-4.406843956120105
es_603	spanish	Dependiendo de las circunstancias y particularidades de cada proyecto, es posible que tenga que evaluarse la rentabilidad ante movimientos de tres o más variables.	evaluarse	-4.4762860460606015
es_604	spanish	El Banco Mundial, al definir la pobreza, establece un tope de ingreso de un dólar al día por persona.	dólar	-3.7013442421279557
es_605	spanish	Para poder cumplir con los nuevos pedidos, la empresa necesita construir nuevos hornos, comprar más materiales y contratar más personas para su manejo y el de las nuevas máquinas que también se tuvo que adquirir.	contratar	-4.500694977739443
es_606	spanish	La mejor forma de evitar el pago de tasas de interés altas y penalidades, es llevando la cuenta de los gastos realizados con su tarjeta de crédito.	tasas	-4.434115048999155
es_607	spanish	Cada vez que ellos se metían en una situación que no les gustaba, las primeras palabras que balbuceaban era	metían	-3.5083424159476566
es_608	spanish	Una incapacidad, y máxime si se trata de una incapacidad total es supremamente complicada para cualquier persona, y algunos dicen que lo es más que la misma muerte prematura, porque además de la pérdida de la fuente generadora de ingresos hay que sumar por lo general los gastos médicos.	médicos	-3.9279812642989738
es_609	spanish	Para ello disponen de sistemas de información que les proporcionan datos financieros y no financieros periódicamente.	periódicamente	-5.5790747943625485
es_610	spanish	La lista de cuentas aludida es invaluable para la familia si usted llega a estar incapacitado o muere repentinamente.	incapacitado	-6.162331221867805
es_611	spanish	Cada año, en los meses de marzo y abril, el Servicio de Impuestos Internos propone declaraciones digitales a los contribuyentes (declaraciones de renta precalculadas por la institución), particularmente para personas naturales y pequeñas empresas.	propone	-4.172798450896857
es_612	spanish	Diez años si la prescripción se interrumpe mediante reconocimiento escrito de la obligación tributaria por parte del contribuyente.	interrumpe	-5.609931133338263
es_613	spanish	Hoy en día han surgido los diferentes medios de pago (antes mencionados) que eliminan el riesgo de robo y se pueden recuperar en caso de extravío, son fáciles de manejar y permiten el control de ingresos y gastos.	permiten	-3.4599810203892707
es_614	spanish	Por consiguiente, primero compran las cosas que necesitan, después las que más desean y prescinden de lo demás.	compran	-3.463258176828562
es_615	spanish	Por ejemplo, en la tabla anterior se muestra una reducción de los Otros Ingresos, sin embargo no se puede identificar cuál es la razón para dicha reducción.	identificar	-4.107757115742126
es_616	spanish	Con frecuencia, estas compañías cobran honorarios costosos por cosas que podrías hacer tú mismo.	compañías	-4.042259462020936
es_617	spanish	También, en los países existen otras instituciones depositarias de ahorros como las cajas de ahorro, asociaciones de ahorro y préstamo, por ejemplo que, por lo general, otorgan préstamos hipotecarios para vivienda, préstamos al consumidor o para fines específicos.	cajas	-3.937394527593442
es_618	spanish	El documento antes citado, la define también como: el rompimiento del equilibrio psicofisiológico que experimenta el ser humano, provocado por la falta o exceso de algo.	experimenta	-4.259333256167
es_619	spanish	La función de concentración de recursos, tiene que ver con la racionalidad de las personas que invierten al decidir cómo y dónde destinar sus recursos financieros, teniendo en cuenta la evaluación que realicen de la relación riesgo	concentración	-4.563503633950133
es_620	spanish	Después surgió la moneda y posteriormente surgió el papel-moneda, que por mucho tiempo fueron los principales medios para los intercambios comerciales.	intercambios	-4.668601504271872
es_621	spanish	A éstos se les coloca una fecha posterior al momento en que se elabora el cheque, como manera de recordarle al que lo recibe que la cuenta no tendrá los fondos suficientes si no hasta el día que se indica en el cheque y que sólo entonces podrá hacerlo efectivo.	suficientes	-3.9475547045582444
es_622	spanish	Colisión: Choque de dos cuerpos. Oposición y pugna de ideas, principios o intereses. Parte del ingreso que no se destina al ahorro, sino que es aplicado a la adquisición de alimentos, educación, ocio, entre otros.	ahorro	-4.662387980133102
es_623	spanish	La corrupción, en tanto, es lo opuesto a la honradez y se la asocia con el vicio, el soborno, la perversión y otros calificativos vinculados a lo inmoral y a la falta de ética personal y empresarial en el actuar.	soborno	-5.628908183032821
