es_31_[4]	spanish	No obstante, sería imprudente ejecutar un proyecto únicamente con el resultado de un análisis de rentabilidad; puesto que, para realizar el flujo de caja proyectado se realizaron varios supuestos que no necesariamente tienen que cumplirse.	necesariamente	-4.6050620546244305
es_32_[2]	spanish	La quiebra del capítulo 13 permanece en tus antecedentes crediticios por al menos siete años.	antecedentes	-5.0912464588328366
es_33_[1]	spanish	Esta modalidad de cheques posfechados no es avalada por la legislación de algunos países que considera que el cheque se convierte en un instrumento de crédito.	legislación	-5.110721947857797
es_34_[1]	spanish	Para realizar el presupuesto, digamos finalmente, que los autores que se han dedicado a este asunto y al de las finanzas personales y familiares, han propuesto diferentes modelos, alguno o algunos de los cuales presentaremos en el capítulo antes aludido.	aludido	-6.3154954964488095
es_35_[1]	spanish	De todas maneras, señala el Diccionario aludido, computable o medible en dinero.	computable	-6.854362347113278
es_36_[1]	spanish	El proceso está orientado para que se eduque de un modo gradual y constante en las habilidades y conocimientos requeridos para los negocios, finanzas e inversiones.	requeridos	-5.898113854976354
es_37_[2]	spanish	Existen ocho áreas fundamentales que debes tener en cuenta cuando planeas mantenerte tú mismo cuando te jubiles:	fundamentales	-4.6650826344761
es_38_[1]	spanish	El caso más frecuente es el de la ansiedad, zozobra y desesperación por mantener y obtener cada vez ingresos más altos, lo cual creo se comprende como una resultante impuesta por la sociedad de consumo que nos rige.	resultante	-5.465196262748745
es_39_[4]	spanish	Un problema de solvencia implica que la compañía no está generando rentabilidad para los accionistas y si este problema persiste, no tendría sentido seguir operando.	rentabilidad	-4.912975158359539
es_40_[1]	spanish	El crédito personal es, igualmente, una facilidad crediticia en la cual la garantía del mismo es la promesa de pago incondicional de un deudor que goza de muy buena reputación y solvencia económica, moral y crediticia (Garantía fiduciaria).	igualmente	-4.387618263805059
es_41_[1]	spanish	Si detecta algún dispositivo inusual o anormal en el equipo, añadidos, reparaciones mal hechas, no realice transacciones y notifique a la entidad financiera a la mayor brevedad posible.	inusual	-5.284695884788008
es_42_[1]	spanish	El ingreso de una persona, de una familia o de una empresa, e incluso del Estado, es la cantidad de dinero que ésta recibe por realizar una actividad determinada remunerable (negocio, trabajo, venta de productos, etc.	remunerable	-7.933543593160902
es_43_[1]	spanish	En esta lista se deben incluir la casa, los alquileres, los servicios, alimentación, vestuario y otros gastos obvios.	obvios	-6.041448990470422
es_44_[1]	spanish	Se otorga sobre vehículos del año, 0 kilómetros, nuevos, de agencias reconocidas.	vehículos	-4.506788414641978
es_45_[2]	spanish	Posiblemente sea mejor cambiar el auto por otro más barato o usar un medio de transporte alternativo, en vez de dejar que el acreedor recupere el auto, lo que dañaría tus antecedentes crediticios.	acreedor	-5.847183762486154
es_46_[1]	spanish	Los pagos electrónicos son aquellas transacciones en que se utilizan canales electrónicos para realizar pagos monetarios sin el empleo de efectivo como medio de pago.	utilizan	-4.4106431336993195
es_47_[1]	spanish	Los intereses corresponden a pagos que se realizan por la utilización de dinero por un cierto plazo.	utilización	-5.05444771366083
es_48_[3]	spanish	Los principales delitos de este tipo son el tráfico de influencias, el fraude, el lavado de dinero, el cohecho, la quiebra fraudulenta y la estafa.	fraudulenta	-6.3314836018329395
es_49_[1]	spanish	Éste, está probado, no se tiene con el simple ahorro, o al menos con éste aquél es lento y no con la celeridad que quizás se desea, al fin y al cabo la vida es bastante corta y llena de permanentes riesgos y contingencias que es necesario enfrentar permanentemente.	celeridad	-6.009264307099021
es_50_[1]	spanish	No va a saber exactamente lo que cuesta cada uno de sus gastos mensuales (por ejemplo, los servicios), pero debe ser un estimativo bastante realista.	estimativo	-6.955819987872054
es_51_[3]	spanish	Este impuesto siempre está incorporado en el precio de las boletas de compras y ventas.	incorporado	-5.199945132199563
es_52_[1]	spanish	Control centralizado de cuentas: verificar el detalle de todas las cuentas (tanto corrientes como de ahorro) en una sola pantalla.	verificar	-4.732966666406054
es_53_[2]	spanish	Un ejemplo sería ahorrar al menos $5 000 cada año para invertir para la jubilación.	jubilación	-5.415029653283015
es_54_[1]	spanish	Los bancos usan varios métodos para calcular los intereses y le toca a usted aprender cómo su banco computa estos cargos:	computa	-6.544377508796369
es_55_[3]	spanish	Por ejemplo, cuando se invierte en una casa y se habita disfrutando de esta y además se puede obtener rentabilidad financiera en caso de venta o arriendo.	además	-3.264659362577462
es_56_[4]	spanish	Las cifras también muestran un incremento en la capitalización de la compañía a través del aumento de acciones, superávit de capital y utilidades retenidas.	cifras	-4.816106567878283
es_57_[4]	spanish	Por cada $100 de ingresos, la empresa gana $3.80 de utilidad neta.	utilidad	-4.6412875218044265
es_58_[1]	spanish	La jerarquía de necesidades de Maslow (pirámide de Maslow) consta de 5 niveles: Los cuatro primeros niveles pueden ser agrupados como necesidades del déficit (Deficit needs); el nivel superior se le denomina como una necesidad del ser (being needs).	denomina	-5.049882158007285
es_59_[1]	spanish	Sobre el particular, dicen que las personas dentro de una multitud son arrastradas a hacer cosas que solas no lo harían y, citan lo siguiente:	citan	-6.052730000880111
es_60_[1]	spanish	El crédito de los ciudadanos en las cosas más nimias no debe ser esclavizado y dependiente de una multitud de oficiales subalternos de las rentas.	nimias	-7.389475548810626
es_61_[1]	spanish	Los que ahorran piden que se les pague un precio por postergar su consumo, y los que demandan el dinero ahorrado (piden un crédito) para hacer una inversión están dispuestos a pagar un precio por ese dinero con tal de no perder la oportunidad de invertir y sacar un mayor resultado.	postergar	-6.300075137581316
es_62_[3]	spanish	La última columna indica la diferencia favorable entre los flujos de ingresos por exportaciones menos los flujos de egresos por el pago de importaciones.	egresos	-6.1411519036626485
es_63_[2]	spanish	Pero si eso ocurre habitualmente, tienes un flujo de fondos negativo y tu presupuesto está desequilibrado.	ocurre	-4.086742738881424
es_64_[1]	spanish	En virtud de estas y otras reflexiones fue que se diseñó este capítulo en el marco del Libro Maestro de la cual forma parte sustantiva.	sustantiva	-6.1411519036626485
es_65_[1]	spanish	Afiliación: Están relacionadas con el desarrollo afectivo del individuo, son las necesidades de asociación, participación y aceptación en el grupo de trabajo, entre estas se encuentran: la amistad, el afecto y el amor.	individuo	-4.725774623420978
es_66_[1]	spanish	Antivirus es un programa informático específicamente diseñado para detectar y eliminar virus; el uso correcto permite el bloqueo infranqueable de los virus y demás códigos maliciosos.	infranqueable	-6.678271088057596
es_67_[1]	spanish	En esta coyuntura surge el dinero que es casi un concepto abstracto, por lo simbólico, de allí la dificultad para algunos de definirlo y más para comprenderlo.	coyuntura	-5.669907524572794
es_68_[1]	spanish	Estas alternativas permiten rendimientos más reducidos, mientras los de plazo definido consideran pago de intereses.	rendimientos	-5.383315240105808
es_69_[3]	spanish	Los segundos enfatizan en la dependencia y pérdida de identidad cultural que traen las nuevas prácticas y costumbre foráneas.	enfatizan	-6.463721577182739
es_70_[1]	spanish	Para la operación óptima de dicha infraestructura ha sido necesaria la inversión de cifras millonarias de dinero para la compra, actualización y mantenimiento de equipo, redes de comunicación y software, con el fin de mantener los servicios operando las 24 horas de todos los días del año.	óptima	-5.317068079272337
es_71_[2]	spanish	Es cierto que mis padres no tenían los medios financieros para que fuera a la universidad cuando terminé la secundaria, pero fue mi miedo lo que me impidió hacerlo.	financieros	-4.901126314328133
es_72_[1]	spanish	Con frecuencia en el país la gente se queja del alto costo de vida, especialmente en los últimos tiempos, y esto porque los productos de uso inmediato, así como muchos de los servicios esenciales, aumentan su valor constantemente.	esenciales	-4.87152599430379
es_73_[1]	spanish	Esto es, la entrega del cheque no libera jurídicamente al deudor ni, consecuentemente extingue su débito.	extingue	-6.247801854558639
es_74_[4]	spanish	Si alguno de los rubros mencionados en estas tablas no involucra efectivo, entonces no debe considerarse para la elaboración del estado financiero.	involucra	-5.3374965856154635
es_75_[3]	spanish	El precio de los bienes o servicios es determinado por el comprador ya que, al ser único, posee el poder de mercado y los numerosos oferentes deben adaptarse a sus exigencias.	oferentes	-6.456422338441239
es_76_[1]	spanish	Si existe igualdad fiscal todos los ciudadanos tendrán constante necesidad de reunirse y de obrar en asuntos que a todos interesa y eso basta para conservar un nexo entre ellos.	nexo	-5.584266065692947
es_77_[2]	spanish	Es cierto que algunas cuentas 401(k) te permiten pedir dinero prestado, pero hacerlo enlentece el ritmo de crecimiento de la cuenta.	enlentece	-7.155392342777259
es_78_[3]	spanish	En la actualidad, los impuestos que recauda el fisco permiten financiar gasto e inversiones y actividades de bien general en beneficio de los habitantes del territorio.	recauda	-6.395724498087628
es_79_[1]	spanish	Son diferentes las teorías psicológicas y psicosociales que sugieren la manera de llegar al cambio de las actitudes, las cuales afortunadamente no discrepan de manera preocupante.	afortunadamente	-4.784324480505522
es_80_[1]	spanish	¡Cuánto más sencillo sería aceptar dinero de quien tuviere un aparato de televisión que necesitara reparación, y luego comprar sus comestibles y otros artículos con ese dinero!	sencillo	-4.03208527176479
es_81_[1]	spanish	Su audiencia hasta este punto había sido muy cortés y receptiva, y había estado muy contenta con el material que ella había mostrado.	audiencia	-4.5054087991321135
es_82_[4]	spanish	Su valor indica que por cada dólar invertido en el negocio, la compañía genera $2.05 en ventas.	genera	-4.27424553829474
es_83_[1]	spanish	La entidad bancaria o institución emisora de la tarjeta proporcionará un estado de cuenta de las transacciones efectuadas por un período de tiempo determinado.	proporcionará	-5.949016279817109
es_84_[3]	spanish	En sus comienzos cada moneda valía alrededor de $300, a fines de 2019 llega a $15.000 y continúa con alzas y bajas.	comienzos	-5.226825810824144
es_85_[1]	spanish	Como, en general, las personas no han recibido educación financiera, en el manejo que hacen de sus ingresos no prevén recursos que les permita tener alguna reserva económica para enfrentar alguna de las múltiples contingencias o imprevistos de que antes se ha hablado aquí.	prevén	-6.110721947857797
es_86_[1]	spanish	Cuando empecé a estudiar las leyes fiscales (dice Mollien en sus Memorias) me horroricé de lo que veía: multas, prisiones, castigos corporales al arbitrio de tribunales especiales; los delegados tenían en sus manos a personas y bienes.	horroricé	-7.632513597496921
es_87_[3]	spanish	Los primeros sostienen que la integración e interacción de las naciones favorece a todos los pueblos, sin importar su origen o latitud.	favorece	-5.149640013888167
es_88_[1]	spanish	Para lograr una buena administración de los recursos financieros, si aún no se ha hecho, es imprescindible iniciar un programa regular de planificación financiera.	imprescindible	-5.03208527176479
es_89_[3]	spanish	Estado de flujo de efectivo igual que el estado de resultados, este informe es complementario al balance.	complementario	-5.633600693138135
es_90_[4]	spanish	Éstos incluyen: sueldos, arriendos, seguros, mantenimientos, suministros, combustible, depreciaciones, entre otros.	depreciaciones	-6.8921509080026775
es_91_[4]	spanish	Incluso, un mismo producto podría tener precio distinto para la misma persona, si ésta lo adquiere en sucursales que pertenezcan a diferentes estratos sociales.	estratos	-5.829739872204946
es_92_[2]	spanish	En el largo plazo, las acciones, en promedio, superan de forma sistemática y sustancial al efectivo y a la inflación.	inflación	-4.540758734935467
es_93_[3]	spanish	En general, se dice que la rentabilidad normal de una inversión en países desarrollados fluctúa, en promedio, entre el 6 % y el 8 % anual.	fluctúa	-6.371250728704427
es_94_[3]	spanish	En ciertos casos hay aranceles de referencia, como los que operan en el sector de la salud para determinadas prestaciones médicas.	aranceles	-5.979301083721578
es_95_[4]	spanish	Es uno de los puestos claves de la organización, y en muchas ocasiones se lo reconoce como el segundo al mando luego del gerente general; quien lo supervisa, acorde a la estructura jerárquica.	luego	-3.0732984456816754
es_96_[2]	spanish	Casi todos los estados exigen a los automovilistas el seguro de responsabilidad para automóviles que cubre costos médicos y reparaciones del vehículo entre otros costos.	vehículo	-4.2991167081132735
es_97_[4]	spanish	Si este indicador baja de 1, implicaría que la empresa no está en capacidad de cubrir sus obligaciones de corto plazo con los activos líquidos que posee.	cubrir	-4.51873731365989
es_98_[4]	spanish	Cuando este último caso sucede, el proyecto o la inversión no es económicamente rentable y no debe ejecutarse.	ejecutarse	-4.654789992208073
es_99_[4]	spanish	Entonces, esta persona se dirige a un banco con la factura y realiza una operación conocida como factoring.	factoring	-7.088445553146645
es_100_[4]	spanish	El administrador de escenarios es una herramienta en Excel que permite alterar múltiples variables con el objetivo de observar el efecto en otras variables de resultados.	observar	-4.20689787291999
es_101_[1]	spanish	Para el conjunto de la economía, porque contribuyen de forma decisiva a la asignación eficiente de los recursos.	asignación	-5.4020646761186475
es_102_[1]	spanish	Las deudas, la elaboración del presupuesto familiar, las cuentas por pagar, etc. pueden ser objeto de dolorosos conflictos familiares y, por esta razón, muchas parejas optan por no hablar de dinero para evitar disputas y con lo cual no se hacen ningún favor.	disputas	-5.600096318664152
es_103_[1]	spanish	Elusión tributaria: Es una figura consistente en no pagar determinados impuestos que se han establecido, amparándose en subterfugios o resquicios legales, no previstos por el legislador en el momento de redactar la ley.	previstos	-5.79524089499462
es_104_[1]	spanish	El impuesto a los réditos es también un buen instrumento para conocer el monto de las rentas y de la riqueza nacional.	instrumento	-4.668961863922824
es_105_[1]	spanish	Los hombres se dedicaban preferentemente a la caza y confeccionaban los utensilios de piedra.	confeccionaban	-7.280331079385559
es_106_[4]	spanish	En este sentido, el análisis vertical permite responder la interrogante anterior, señalando el uso que se dio a los ingresos de la compañía en el período de análisis.	interrogante	-5.736263035035283
es_107_[1]	spanish	Así se podrán reparar más rápido los carros, y se podrá recibir mayor número de los que actualmente se pueden atender.	número	-3.37696974313024
es_108_[1]	spanish	Luego, haga un cuadro donde pueda colocar cuánto debe reunir semanal o mensualmente para lograr cada una de sus metas, dependiendo del plazo que éstas tengan.	colocar	-3.802920391478307
es_109_[2]	spanish	Estas tarjetas acarrean pocos riesgos y te ayudan a crear buenos antecedentes crediticios al mostrar tu capacidad para usar una tarjeta con responsabilidad.	acarrean	-6.757452334105221
es_110_[2]	spanish	Los acreedores confían en la información crediticia para ver cómo has gestionado tus préstamos en el pasado y determinar qué posibilidades tienes de pagar un nuevo préstamo.	acreedores	-5.876638741824429
es_111_[1]	spanish	Cheque de caja: se solicita al banco, y este procede a retirar el monto solicitado de la cuenta corriente o de inversión del solicitante o se deposita en la cuenta que el banco destine.	solicita	-5.3492123687933715
es_112_[1]	spanish	Las fuerzas de crecimiento dan lugar a un movimiento hacia arriba en la jerarquía, mientras que las fuerzas regresivas empujan las necesidades prepotentes hacia abajo en la misma.	prepotentes	-6.803209824665896
es_113_[1]	spanish	Prepararse para el futuro es también prepararse para la jubilación y para los posibles gastos médicos todo lo cual requiere planeación, ahorro y un número limitado de deudas.	requiere	-4.364579588703141
es_114_[3]	spanish	El mercado es el lugar donde se transan las mercancías y los servicios; es la expresión que define el lugar físico o figurado donde se encuentran vendedores y compradores.	mercancías	-5.2774453911480705
es_115_[1]	spanish	En cambio, aunque desaparecieran todos los privilegios y quedara únicamente el privilegio fiscal, bastaría esta desigualdad para mantener separadas las clases, ya que nunca podrían reunirse para discutir y decidir los asuntos que más les interesan y los que con mayor frecuencia se suscitan.	suscitan	-6.510297719224094
es_116_[4]	spanish	Finalmente, se incluye el valor positivo por la adquisición del préstamo y los valores negativos por la amortización de la deuda que se obtiene de la tabla 21.	amortización	-6.0853544761695035
es_117_[3]	spanish	Además de los anteriores, en la economía global hay indicadores financieros que entregan información sobre el pulso bursátil, el número y los montos de las transacciones de acciones de sociedades, bonos u otros instrumentos financieros y de inversión.	bursátil	-5.806438794796095
es_118_[1]	spanish	Con lo anterior, surge otro paso en la planeación y lo que sigue lo explican muy bien los varias veces mencionados Alonso, Brailovsky y Ortiz y a lo cual queremos ceñirnos adaptándolo y trascribiéndolo aquí en toda su dimensión, dada su relevancia.	ceñirnos	-6.1776687374884105
es_119_[2]	spanish	En la quiebra prevista en el capítulo 7, tus activos se venden y el dinero se divide entre tus acreedores.	divide	-4.946548053436521
es_120_[3]	spanish	«El sistema de administración financiera del Estado comprende el conjunto de procesos administrativos que permiten la obtención de recursos y su aplicación a la concreción de los logros de los objetivos del Estado	comprende	-5.077721687754872
es_121_[2]	spanish	Crea una lista de gastos previsibles y piensa cómo crees que gastas tu dinero en un mes normal.	previsibles	-6.518570245190085
es_122_[1]	spanish	Por no dejar pasar la oportunidad, usted puede ir a un vendedor de automóviles, escoger uno y pagarlo a plazos.	plazos	-5.235443047537513
es_123_[1]	spanish	Autorrealización: Son las más elevadas, se hallan en la cima de la jerarquía, a través de su satisfacción personal, encuentran un sentido a la vida mediante el desarrollo de su potencial en una actividad.	potencial	-4.386384471833485
es_124_[4]	spanish	El segundo principio establece que no basta con incrementar las entradas de efectivo, sino que éstas deben acelerarse.	incrementar	-5.069032512102511
es_125_[1]	spanish	Realizan una adecuación de las necesidades entre prestamistas y prestatarios en cuanto a cantidades y plazos.	prestatarios	-7.004124667446609
es_126_[4]	spanish	No obstante, dado que existe esa disminución, la tarea siguiente sería buscar qué pudo haber ocasionado esa variación.	disminución	-4.533696880447979
es_127_[1]	spanish	Como resultado, una emergencia costosa, como la súbita pérdida de empleo o la acumulación de demasiadas cuentas médicas, podrían enviar a cualquier persona que no esté financieramente preparada a vivir endeudada durante años y, en algunos casos, a la bancarrota.	bancarrota	-5.736263035035283
es_128_[1]	spanish	Los problemas de la economía urbana son en gran parte de naturaleza social, y las muchas propuestas para mejorar el bienestar social y económico de los grupos minoritarios indican una recia voluntad para cooperar en la solución de estos problemas.	recia	-6.44218189932663
es_129_[1]	spanish	El seguimiento o monitoreo y evaluación, que es la tercera etapa, permitirá ir visualizando la puesta en marcha y el cumplimiento del plan de acción, para contribuir al logro de sus objetivos y metas, así como plantear recomendaciones para evitar desviaciones; es decir, una forma de evaluación concurrente.	desviaciones	-5.9721224990944535
es_130_[1]	spanish	Los bienes y servicios utilizados por las personas o la sociedad para satisfacer sus necesidades se denominan satisfactores o productos, o simplemente bienes.	denominan	-5.572760903287622
es_131_[1]	spanish	Si se visita una fábrica de refrigeradoras y de estufas se encontrará que allí, según su tamaño, trabajan muchos obreros, quienes procesan las láminas de acero y construyen, con otras actividades los muebles metálicos.	estufas	-6.193180903666659
es_132_[1]	spanish	Pero a muchas personas no les gusta ceñirse a él porque sencillamente no les gusta y porque los presupuestos contienen once de los obstáculos que impiden que estos se hagan.	ceñirse	-6.1776687374884105
es_133_[1]	spanish	El asegurado es quien se espera que tome la decisión sobre la cuantía del seguro, calculado sobre sus ingresos, para posibilitar la cuota que debe atender y también proyectando cual sería el valor o costo ajustado de los gastos familiares, tomando en cuenta también el tamaño y características de la familia.	cuantía	-5.700547482768749
es_134_[2]	spanish	Una de las mejores formas de gestionar el riesgo es distribuir tus inversiones y ahorros a través de diversos canales.	gestionar	-4.756151401084803
es_135_[1]	spanish	Al momento de la entrega de estos cheques, el banco pide que el solicitante los firme, y solo podrá cobrarlos esta persona al firmar nuevamente los cheques en la parte de abajo, así la entidad que los recibe podrá cotejar que las firmas sean idénticas.	cotejar	-6.336946497534442
es_136_[4]	spanish	El punto de equilibrio, dependiendo del giro del negocio, puede expresarse en cantidades o en términos monetarios.	monetarios	-5.854362347113278
es_137_[4]	spanish	Como se indicó al inicio del capítulo, para la construcción del EFE se emplean dos métodos: directo e indirecto.	emplean	-5.610291492989215
es_138_[3]	spanish	Otras disposiciones, como el artículo 19 de la Ley de Bancos, establecen que estas entidades deben conservar los libros y documentación por diez años, salvo que la Superintendencia de Bancos e Instituciones Financieras autorice su destrucción con anterioridad.	disposiciones	-5.498974689126704
es_139_[1]	spanish	Es posible evitar el crecimiento de una deuda utilizando su tarjeta de crédito solamente cuando pueda cancelar la totalidad de su saldo todos los meses.	solamente	-3.5006464235944668
es_140_[4]	spanish	Al igual que se mencionó en la sección de la tabla de datos, el administrador de escenarios requiere que toda la información del flujo de caja se encuentre correctamente formulada antes de su ejecución.	ejecución	-4.754279128821877
es_141_[1]	spanish	Estimado Cliente. Queremos informarle que personas inescrupulosas están solicitando información a nuestros clientes en nombre de nuestra Institución, por consiguiente, para verificar si su cuenta fue afectada ingrese en los siguientes campos su número de Tarjeta y contraseña...	inescrupulosas	-7.3314836018329395
es_142_[2]	spanish	Por ejemplo: Tengo que mantenerme al día con las tendencias, o me sentiré avergonzado.	mantenerme	-3.888866667546455
es_143_[1]	spanish	Sin duda, estaremos de acuerdo en que el metal en un automóvil de último modelo es más útil que un montón de mineral de hierro o unos pocos lingotes de acero.	automóvil	-4.931377531404395
es_144_[1]	spanish	Eficiencia: Ausencia de despilfarro o utilización de los recursos económicos, que reporta el máximo nivel de satisfacción posible, con los factores y la tecnología dados.	despilfarro	-6.30515466311059
es_145_[3]	spanish	En el origen, los impuestos eran aplicados a las personas, por los soberanos y el clero, para financiar los asuntos de las castas gobernantes y ceremonias religiosas respectivamente.	clero	-5.834899867343846
es_146_[1]	spanish	También, deben considerarse, los aspectos relativos a la conceptualización e ideas generales sobre la historia de la tributación, su importancia, propósitos, características y equidad o justicia de un buen impuesto; la educabilidad y la dimensión moral de los impuestos y, los impuestos y las finanzas personales.	educabilidad	-8.234573588824883
es_147_[4]	spanish	En resumen, acorde a las tablas presentadas, se han incrementado los ingresos, las utilidades, la capitalización y el efectivo.	incrementado	-5.523610469829608
es_148_[1]	spanish	En el primero, el bien o servicio se consume directamente y no es utilizado para generar otros productos.	generar	-4.055136705579907
es_149_[1]	spanish	Se han logrado tremendos incrementos en la producción total como resultado del desarrollo de la energía eléctrica y hoy también la marina y la eólica que se están tratando de aprovechar para usos industriales y otros.	incrementos	-5.962731982288385
es_150_[4]	spanish	Cobros derivados del reembolso de anticipos y préstamos a terceros (distintos de las operaciones de este tipo hechas por entidades financieras).	reembolso	-5.729423610504978
es_151_[4]	spanish	La inversión requerida es de $15,000 que incluyen: $5,000 en maquinarias y equipos, $2,000 en mobiliario; el saldo corresponde al capital de trabajo.	requerida	-5.785867268919803
es_152_[1]	spanish	Los ingresos activos están constituidos por el salario o sueldo que se percibe, cuando se tiene un empleo, honorarios que se cobran como contraprestación de servicios, comisiones y otros pagos de la misma naturaleza.	contraprestación	-6.285183582179971
es_153_[1]	spanish	La Economía como una disciplina científica que es y que tiene, por consiguiente, su propia estructura de conocimientos tiene asimismo una serie de principios y leyes como los siguientes: Los individuos se enfrentan a disyuntivas o alternativas.	individuos	-4.792250633079309
es_154_[1]	spanish	La diferencia estriba en que mientras las necesidades de déficit pueden ser satisfechas, las necesidades del ser son una fuerza impelente continua.	estriba	-6.44218189932663
es_155_[2]	spanish	Con intereses, ese monto de ahorros mensuales les permitiría ahorrar el pago inicial y comprar su vivienda en 24 meses.	inicial	-4.419460930635071
es_156_[1]	spanish	espeluznante en relación con los gastos que uno debe hacer por alguna enfermedad.	espeluznante	-5.6819053727126905
es_157_[3]	spanish	De partida, el tema concierne a todos los individuos y durante toda la vida, pues las finanzas explican la procedencia y uso de los ingresos y recursos que se disponen para satisfacer las necesidades particulares de todas y todos.	concierne	-5.809691952193816
es_158_[1]	spanish	La riqueza con cara humana es lo que percibe y estudia el humanismo, y bajo esta óptica, es que debe inclinarse la educación financiera que deben tener todas las personas que se propongan como meta construir un futuro personal, familiar y social, tranquilo y sostenible.	percibe	-5.1521472879641115
es_159_[2]	spanish	Me merezco despilfarrar un poco de vez en cuando y será como una recompensa por mi esfuerzo.	despilfarrar	-6.772175590925928
es_160_[1]	spanish	Aplicarla no es fácil, porque usted tiene que demorar la gratificación de hoy para arreglar el desastre que hizo ayer.	gratificación	-6.001577478432729
es_161_[1]	spanish	La importancia y trascendencia de las funciones económicas del cheque, derivan de su consideración de medio o instrumento de pago.	trascendencia	-5.466675972806793
es_162_[2]	spanish	Si solicitas una tarjeta de crédito, úsala para comprar cosas que puedes pagar y paga lo que debes a la brevedad.	solicitas	-6.449243753814116
es_163_[1]	spanish	canaliza hacia otra pareja que precisa de un préstamo hipotecario con el que afrontar el pago de la vivienda.	canaliza	-6.27553219650379
es_164_[1]	spanish	Pues, el uso de mi chequera testimoniará que soy una persona cumplida y que soy ordenada en la administración de mis cuentas.	testimoniará	-8.234573588824883
es_165_[3]	spanish	Estos delitos son difíciles de probar y los ejecutores reciben bajas penas a pesar de que afectan pasivamente a gran cantidad de personas.	ejecutores	-6.230252215042241
es_166_[4]	spanish	Por ejemplo, considere una panadería que reemplace sus cajeros por ánforas; el pan se coloca en las perchas y se invita a los clientes a tomar el que quieran y comerlo.	ánforas	-6.27553219650379
es_167_[3]	spanish	En la década de los sesenta del siglo XX, el filósofo y comunicador canadiense Marshall McLuhan anticipó nuestras vidas en comunidad universal gracias a los progresos tecnológicos en comunicaciones e interconexiones humanas a escala global y acuñó la expresión «aldea global» para describir la tierra que habitamos.	interconexiones	-6.803209824665896
es_168_[1]	spanish	Sin embargo, la producción total y el nivel de vida están afectados por la composición y estructura de edades de la población, su educación y el tamaño de la fuerza obrera y productiva, la destreza y movilidad de los trabajadores y la laboriosidad y actitud psicológica de las personas.	estructura	-4.102057753912245
es_169_[1]	spanish	Para vivir en ese clima de fe y optimismo, indispensable a la felicidad, hemos de hacer la guerra a dos enemigos: el escepticismo y los estados o fenómenos psicológicos enemigos del optimismo.	escepticismo	-5.824640465493589
es_170_[3]	spanish	Está indexada con el IPC, de ahí que su fluctuación siga las variaciones del costo de la vida mensual, similar a la UF (unidad de fomento).	fluctuación	-6.247801854558639
es_171_[4]	spanish	El análisis de la teoría señalada es importante en las finanzas porque implica que un administrador no debe limitarse a establecer un precio acorde al costo de producción que mantiene.	señalada	-6.004124667446609
es_172_[3]	spanish	Al mismo tiempo, como economía abierta al mundo, es un importador de bienes durables de uso doméstico e industrial, como automóviles, artículos electrónicos, vestuario y alimentos de consumo masivo.	bienes	-4.507927868583971
es_173_[1]	spanish	Reducir los plazos y los costes de intermediación al facilitar la búsqueda de contrapartida para cada operación y agilizar los procedimientos de liquidación.	contrapartida	-6.00668688421121
es_174_[1]	spanish	La producción, digamos sencillamente que es, entre las diferentes acepciones del concepto y según el enfoque económico, crear cosas o servicios con valor económico.	acepciones	-6.49421089933064
es_175_[4]	spanish	Los índices y razones presentan ratios de las cuentas de balance y estado de resultados con el objetivo de correlacionar información que no puede observarse a través del análisis vertical o el análisis horizontal.	ratios	-6.064311873429926
es_176_[4]	spanish	Por ejemplo, si se incrementan los documentos por pagar, significa que la empresa se ha endeudado, por tanto, recibió efectivo.	incrementan	-6.0118571176773
es_177_[2]	spanish	Cómo y cuándo usar los fondos del plan jubilatorio, saber cuáles son las distribuciones mínimas exigidas y abrir cuentas de ahorros jubilatorios, por tu cuenta o a través de tu empleador.	jubilatorios	-7.5356035844888645
es_178_[1]	spanish	La clave para lograr sus objetivos financieros, personales y familiares, es planificarlos apropiadamente y darles mucho seguimiento a través de este presupuesto.	apropiadamente	-6.004124667446609
es_179_[1]	spanish	El Banco Mundial, en el libro demarcar la pobreza	demarcar	-7.058482329769202
es_180_[4]	spanish	La reducción de estas dos últimas puede colaborar al mencionado incremento del efectivo, ya sea por procesos de cobranzas o incrementos en ventas.	incremento	-4.917346239648463
es_181_[1]	spanish	Algunos de ustedes tienen grandes deudas, han cavado un gran hoyo y se demoraron bastante tiempo en caer en esa hondonada, por lo tanto van a requerir de tiempo para salir de ella.	demoraron	-6.30515466311059
es_182_[1]	spanish	Es importante pensar que cuando se exceden los tiempos para el pago de ellos se sufren unos recargos que, aunque a veces parezca que son intrascendentes o poco gravosos, de alguna manera afectan el presupuesto personal o familiar y esto sin mencionar otros inconvenientes, dificultades o problemas que acarrea tal incumplimiento.	acarrea	-6.197147090884259
es_183_[2]	spanish	Por ejemplo, generalmente la hipoteca es uno de los mejores tipos de endeudamiento, porque la mayoría de las viviendas aumenta de valor con el paso del tiempo.	endeudamiento	-5.7488521623433035
es_184_[1]	spanish	Los tipos de seguros disponibles se expanden y se ha llegado al grado en que el sector financiero está muy directamente relacionado con el tema.	expanden	-6.1776687374884105
es_185_[1]	spanish	Pero uno no puede dejar que el derrotismo lo detenga e impida que haga un presupuesto.	derrotismo	-7.088445553146645
es_186_[3]	spanish	En espacios monopólicos, el comprador no tiene la posibilidad de seleccionar, en uno u otro oferente, lo que le parezca más conveniente, como sí lo hace en mercados competitivos.	oferente	-6.933543593160902
es_187_[2]	spanish	El seguro de responsabilidad civil, también denominado de cobertura completa, te protege ante las reclamaciones de terceros por lesiones y daños a la propiedad.	reclamaciones	-5.721355988756945
es_188_[3]	spanish	El lucro, en cambio, aunque es un sinónimo de utilidad, ganancias o beneficio, es la expresión peyorativa de la utilidad.	peyorativa	-6.729423610504978
es_189_[3]	spanish	Estos trabajadores debían entregar a la empresa una boleta por los honorarios, donde se señalaba claramente el monto del total, el descuento del 10 % y la suma por recibir, además de los datos del trabajador y del destinatario.	destinatario	-5.924943421398985
es_190_[1]	spanish	Tal vez se cuestione por qué tiene que someterse a esta disciplina e inconveniencia de presupuestar su propia vida.	cuestione	-6.4020646761186475
es_191_[1]	spanish	Las transacciones en cajeros deben ser personalizadas, no preste su tarjeta y no de la clave a ningún amigo o conocido para que realice las transacciones por usted.	personalizadas	-5.560631590190796
es_192_[1]	spanish	Tiene que educarse activamente en estas materias (rendimientos, balances y contabilidad, negocios, mercados, negociación, contratos) y desarrollar aptitudes comerciales.	aptitudes	-5.8162722975051375
es_193_[1]	spanish	Tal vez una familia numerosa ocupaba una pocilga o una pequeña parte de un inquilinato, compuesta de dos o tres cuartos.	inquilinato	-7.5356035844888645
es_194_[1]	spanish	La tarea fundamental de la empresa es la de organizar y poner en acción los factores productivos que son los recursos naturales (materias primas), el trabajo y el capital, para transformarlos en bienes y servicios.	fundamental	-4.20026605922832
es_195_[1]	spanish	El problema es que esas penalizaciones tienen a la larga una repercusión negativa en la historia de crédito, la cual es muy importante en todas las finanzas y desde luego, en las finanzas personales y familiares.	penalizaciones	-6.435233039371302
es_196_[1]	spanish	El desempleo involuntario es un fenómeno muy común y que se ha acentuado calamitosamente en los últimos tiempos, en los países y en las economías modernas.	acentuado	-6.256849983536036
es_197_[3]	spanish	De cierto modo, lo global se contrapone a lo tribal, entendiendo esto último como la conveniencia de la defensa de las culturas locales, en su mayoría de orígenes ancestrales.	contrapone	-6.428393614840997
es_198_[2]	spanish	A continuación, te presentamos un panorama general de los tipos de inversiones habituales.	habituales	-5.127024459080197
es_199_[1]	spanish	Los accionistas comunes están sujetos a que la compañía decida no distribuir los dividendos y que los montos distribuidos fluctúen considerablemente de un periodo a otro.	fluctúen	-7.456422338441239
es_200_[1]	spanish	Al igual que en el resto de las disciplinas, en la Economía se distinguen tres tipos fundamentales de leyes: Leyes causales: las determinan las relaciones en las que, a continuación de un hecho, acción o acto determinado, sobreviene constantemente otro hecho determinado, en un lapso determinado.	sobreviene	-6.654789992208073
es_201_[1]	spanish	Esta circunstancia o familiaridad hace que el concepto sea comprendido fácilmente, aunque quizás no el uso o manejo adecuado, ya que para este se requieren otras habilidades y valores más que el solo conocimiento.	circunstancia	-5.0372930306992645
es_202_[2]	spanish	Evalúa dar al menos algunos de los siguientes pasos: Antes de omitir un pago, llama a tus acreedores para analizar las opciones.	omitir	-5.552428512451051
es_203_[1]	spanish	La austeridad significa realizar el gasto necesario y está asociado al ahorro, que tiene una connotación completamente diferente al de avaricia que se refiere a un afán desordenado de poseer riquezas o dinero para atesorarlo, que puede inducir a actuar con envidia y actos negativos.	connotación	-5.627118565610215
es_204_[4]	spanish	Acorde a los datos presentados se puede observar que a pesar de observarse un crecimiento del 0.7% en el total de activos circulantes; esta cuenta está utilizando un menor porcentaje de los recursos totales invertidos entre el 2016 y el 2017.	circulantes	-6.601105133245297
es_205_[2]	spanish	Si te denegaron un crédito, tienes derecho a obtener un informe crediticio gratis.	denegaron	-6.955819987872054
es_206_[2]	spanish	Si la agencia determina que la información que contiene el informe es inexacta, el acreedor debe notificar a las otras agencias de informes crediticios sobre la existencia del error para que ellos también puedan corregir la información.	inexacta	-6.743211894990611
es_207_[2]	spanish	Anteriormente, mencionamos las formas de averiguar a dónde va a parar tu dinero y cómo detener las fugas de dinero.	averiguar	-4.833517863053039
es_208_[4]	spanish	Por otra parte, el tercer principio se orienta a los egresos y señala: disminuir las salidas de dinero	disminuir	-4.784324480505522
es_209_[1]	spanish	Todos los habitantes de la sociedad toman decisiones económicas, para mejorar sus remuneraciones, su consumo y, consecuentemente, elevar su bienestar.	remuneraciones	-6.371250728704427
es_210_[4]	spanish	Dependiendo de las circunstancias y particularidades de cada proyecto, es posible que tenga que evaluarse la rentabilidad ante movimientos de tres o más variables.	particularidades	-5.519406230976426
es_211_[1]	spanish	El Banco Mundial, al definir la pobreza, establece un tope de ingreso de un dólar al día por persona.	tope	-4.6646147707282895
es_212_[1]	spanish	Para poder cumplir con los nuevos pedidos, la empresa necesita construir nuevos hornos, comprar más materiales y contratar más personas para su manejo y el de las nuevas máquinas que también se tuvo que adquirir.	adquirir	-4.616211657715005
es_213_[1]	spanish	La mejor forma de evitar el pago de tasas de interés altas y penalidades, es llevando la cuenta de los gastos realizados con su tarjeta de crédito.	penalidades	-6.3207597364411665
es_214_[1]	spanish	Cada vez que ellos se metían en una situación que no les gustaba, las primeras palabras que balbuceaban era	balbuceaban	-8.234573588824883
es_215_[1]	spanish	Una incapacidad, y máxime si se trata de una incapacidad total es supremamente complicada para cualquier persona, y algunos dicen que lo es más que la misma muerte prematura, porque además de la pérdida de la fuente generadora de ingresos hay que sumar por lo general los gastos médicos.	supremamente	-5.576562192167771
es_216_[3]	spanish	Para ello disponen de sistemas de información que les proporcionan datos financieros y no financieros periódicamente.	proporcionan	-5.398249473118132
es_217_[1]	spanish	La lista de cuentas aludida es invaluable para la familia si usted llega a estar incapacitado o muere repentinamente.	aludida	-6.729423610504978
es_218_[3]	spanish	Cada año, en los meses de marzo y abril, el Servicio de Impuestos Internos propone declaraciones digitales a los contribuyentes (declaraciones de renta precalculadas por la institución), particularmente para personas naturales y pequeñas empresas.	particularmente	-4.708881064319873
es_219_[3]	spanish	Diez años si la prescripción se interrumpe mediante reconocimiento escrito de la obligación tributaria por parte del contribuyente.	prescripción	-5.653648613149264
es_220_[1]	spanish	Hoy en día han surgido los diferentes medios de pago (antes mencionados) que eliminan el riesgo de robo y se pueden recuperar en caso de extravío, son fáciles de manejar y permiten el control de ingresos y gastos.	extravío	-6.571815757143309
es_221_[1]	spanish	Por consiguiente, primero compran las cosas que necesitan, después las que más desean y prescinden de lo demás.	prescinden	-7.234573588824883
es_222_[4]	spanish	Por ejemplo, en la tabla anterior se muestra una reducción de los Otros Ingresos, sin embargo no se puede identificar cuál es la razón para dicha reducción.	razón	-3.8746053729989787
es_223_[2]	spanish	Con frecuencia, estas compañías cobran honorarios costosos por cosas que podrías hacer tú mismo.	costosos	-5.58329557482674
es_224_[1]	spanish	También, en los países existen otras instituciones depositarias de ahorros como las cajas de ahorro, asociaciones de ahorro y préstamo, por ejemplo que, por lo general, otorgan préstamos hipotecarios para vivienda, préstamos al consumidor o para fines específicos.	otorgan	-5.746022872324439
es_225_[1]	spanish	El documento antes citado, la define también como: el rompimiento del equilibrio psicofisiológico que experimenta el ser humano, provocado por la falta o exceso de algo.	rompimiento	-5.793664506759666
es_226_[1]	spanish	La función de concentración de recursos, tiene que ver con la racionalidad de las personas que invierten al decidir cómo y dónde destinar sus recursos financieros, teniendo en cuenta la evaluación que realicen de la relación riesgo	racionalidad	-5.888220614374244
es_227_[1]	spanish	Después surgió la moneda y posteriormente surgió el papel-moneda, que por mucho tiempo fueron los principales medios para los intercambios comerciales.	surgió	-4.846472387254367
es_228_[1]	spanish	A éstos se les coloca una fecha posterior al momento en que se elabora el cheque, como manera de recordarle al que lo recibe que la cuenta no tendrá los fondos suficientes si no hasta el día que se indica en el cheque y que sólo entonces podrá hacerlo efectivo.	coloca	-4.685447662066772
es_229_[1]	spanish	Colisión: Choque de dos cuerpos. Oposición y pugna de ideas, principios o intereses. Parte del ingreso que no se destina al ahorro, sino que es aplicado a la adquisición de alimentos, educación, ocio, entre otros.	pugna	-6.0853544761695035
es_230_[3]	spanish	La corrupción, en tanto, es lo opuesto a la honradez y se la asocia con el vicio, el soborno, la perversión y otros calificativos vinculados a lo inmoral y a la falta de ética personal y empresarial en el actuar.	asocia	-5.302099824147731
es_231	spanish	No obstante, sería imprudente ejecutar un proyecto únicamente con el resultado de un análisis de rentabilidad; puesto que, para realizar el flujo de caja proyectado se realizaron varios supuestos que no necesariamente tienen que cumplirse.	únicamente	-4.361252987009484
es_232	spanish	La quiebra del capítulo 13 permanece en tus antecedentes crediticios por al menos siete años.	permanece	-4.996025701143555
es_233	spanish	Esta modalidad de cheques posfechados no es avalada por la legislación de algunos países que considera que el cheque se convierte en un instrumento de crédito.	avalada	-6.389475548810626
es_234	spanish	Para realizar el presupuesto, digamos finalmente, que los autores que se han dedicado a este asunto y al de las finanzas personales y familiares, han propuesto diferentes modelos, alguno o algunos de los cuales presentaremos en el capítulo antes aludido.	familiares	-4.358529038578788
es_235	spanish	De todas maneras, señala el Diccionario aludido, mercantilista entre riqueza y dinero, y persiste más aún el concepto de la riqueza material computable o medible en dinero.	mercantilista	-6.912354294090965
es_236	spanish	El proceso está orientado para que se eduque de un modo gradual y constante en las habilidades y conocimientos requeridos para los negocios, finanzas e inversiones.	eduque	-6.463721577182739
es_237	spanish	Existen ocho áreas fundamentales que debes tener en cuenta cuando planeas mantenerte tú mismo cuando te jubiles:	jubiles	-7.3314836018329395
es_238	spanish	El caso más frecuente es el de la ansiedad, zozobra y desesperación por mantener y obtener cada vez ingresos más altos, lo cual creo se comprende como una resultante impuesta por la sociedad de consumo que nos rige.	zozobra	-6.4216602321820275
es_239	spanish	Un problema de solvencia implica que la compañía no está generando rentabilidad para los accionistas y si este problema persiste, no tendría sentido seguir operando.	compañía	-4.1474313094410755
es_240	spanish	El crédito personal es, igualmente, una facilidad crediticia en la cual la garantía del mismo es la promesa de pago incondicional de un deudor que goza de muy buena reputación y solvencia económica, moral y crediticia (Garantía fiduciaria).	crediticia	-6.30515466311059
es_241	spanish	Si detecta algún dispositivo inusual o anormal en el equipo, añadidos, reparaciones mal hechas, no realice transacciones y notifique a la entidad financiera a la mayor brevedad posible.	notifique	-5.6379764931984235
es_242	spanish	El ingreso de una persona, de una familia o de una empresa, e incluso del Estado, es la cantidad de dinero que ésta recibe por realizar una actividad determinada remunerable (negocio, trabajo, venta de productos, etc.	determinada	-4.835592522166753
es_243	spanish	En esta lista se deben incluir la casa, los alquileres, los servicios, alimentación, vestuario y otros gastos obvios.	incluir	-4.607105316365174
es_244	spanish	Se otorga sobre vehículos del año, 0 kilómetros, nuevos, de agencias reconocidas.	reconocidas	-5.511117916789698
es_245	spanish	Posiblemente sea mejor cambiar el auto por otro más barato o usar un medio de transporte alternativo, en vez de dejar que el acreedor recupere el auto, lo que dañaría tus antecedentes crediticios.	dañaría	-6.6905055444746075
es_246	spanish	Los pagos electrónicos son aquellas transacciones en que se utilizan canales electrónicos para realizar pagos monetarios sin el empleo de efectivo como medio de pago.	realizar	-3.8258758199290956
es_247	spanish	Los intereses corresponden a pagos que se realizan por la utilización de dinero por un cierto plazo.	realizan	-4.860558848532972
es_248	spanish	Los principales delitos de este tipo son el tráfico de influencias, el fraude, el lavado de dinero, el cohecho, la quiebra fraudulenta y la estafa.	cohecho	-6.478698733152392
es_249	spanish	Éste, está probado, no se tiene con el simple ahorro, o al menos con éste aquél es lento y no con la celeridad que quizás se desea, al fin y al cabo la vida es bastante corta y llena de permanentes riesgos y contingencias que es necesario enfrentar permanentemente.	enfrentar	-4.393903027491475
es_250	spanish	No va a saber exactamente lo que cuesta cada uno de sus gastos mensuales (por ejemplo, los servicios), pero debe ser un estimativo bastante realista.	realista	-4.949016279817109
es_251	spanish	Este impuesto siempre está incorporado en el precio de las boletas de compras y ventas.	boletas	-5.924943421398985
es_252	spanish	Control centralizado de cuentas: verificar el detalle de todas las cuentas (tanto corrientes como de ahorro) en una sola pantalla.	centralizado	-5.8331730480433395
es_253	spanish	Un ejemplo sería ahorrar al menos $5 000 cada año para invertir para la jubilación.	ahorrar	-4.684589977665195
es_254	spanish	Los bancos usan varios métodos para calcular los intereses y le toca a usted aprender cómo su banco computa estos cargos:	usan	-4.536734220606521
es_255	spanish	Por ejemplo, cuando se invierte en una casa y se habita disfrutando de esta y además se puede obtener rentabilidad financiera en caso de venta o arriendo.	arriendo	-5.974502200839809
es_256	spanish	Las cifras también muestran un incremento en la capitalización de la compañía a través del aumento de acciones, superávit de capital y utilidades retenidas.	utilidades	-5.547044627610249
es_257	spanish	La jerarquía de necesidades de Maslow (pirámide de Maslow) consta de 5 niveles: Los cuatro primeros niveles pueden ser agrupados como necesidades del déficit (Deficit needs); el nivel superior se le denomina como una necesidad del ser (being needs).	consta	-4.987582889583334
es_258	spanish	Sobre el particular, dicen que las personas dentro de una multitud son arrastradas a hacer cosas que solas no lo harían y, citan lo siguiente:	solas	-4.965294199052985
es_259	spanish	El crédito de los ciudadanos en las cosas más nimias no debe ser esclavizado y dependiente de una multitud de oficiales subalternos de las rentas.	rentas	-5.377241092393615
es_260	spanish	Los que ahorran piden que se les pague un precio por postergar su consumo, y los que demandan el dinero ahorrado (piden un crédito) para hacer una inversión están dispuestos a pagar un precio por ese dinero con tal de no perder la oportunidad de invertir y sacar un mayor resultado.	ahorran	-6.03867393641565
es_261	spanish	La última columna indica la diferencia favorable entre los flujos de ingresos por exportaciones menos los flujos de egresos por el pago de importaciones.	favorable	-5.119295997428982
es_262	spanish	Pero si eso ocurre habitualmente, tienes un flujo de fondos negativo y tu presupuesto está desequilibrado.	desequilibrado	-6.225973417062966
es_263	spanish	En virtud de estas y otras reflexiones fue que se diseñó este capítulo en el marco del Libro Maestro de la cual forma parte sustantiva.	reflexiones	-5.065487231337861
es_264	spanish	Afiliación: Están relacionadas con el desarrollo afectivo del individuo, son las necesidades de asociación, participación y aceptación en el grupo de trabajo, entre estas se encuentran: la amistad, el afecto y el amor.	afecto	-5.043402133096325
es_265	spanish	Antivirus es un programa informático específicamente diseñado para detectar y eliminar virus; el uso correcto permite el bloqueo infranqueable de los virus y demás códigos maliciosos.	maliciosos	-6.247801854558639
es_266	spanish	En esta coyuntura surge el dinero que es casi un concepto abstracto, por lo simbólico, de allí la dificultad para algunos de definirlo y más para comprenderlo.	abstracto	-5.454256276684732
es_267	spanish	Estas alternativas permiten rendimientos más reducidos, mientras los de plazo definido consideran pago de intereses.	alternativas	-4.807737135021375
es_268	spanish	Los segundos enfatizan en la dependencia y pérdida de identidad cultural que traen las nuevas prácticas y costumbre foráneas.	foráneas	-6.757452334105221
es_269	spanish	Para la operación óptima de dicha infraestructura ha sido necesaria la inversión de cifras millonarias de dinero para la compra, actualización y mantenimiento de equipo, redes de comunicación y software, con el fin de mantener los servicios operando las 24 horas de todos los días del año.	infraestructura	-4.818432557656554
es_270	spanish	Es cierto que mis padres no tenían los medios financieros para que fuera a la universidad cuando terminé la secundaria, pero fue mi miedo lo que me impidió hacerlo.	secundaria	-4.783708896445117
es_271	spanish	Con frecuencia en el país la gente se queja del alto costo de vida, especialmente en los últimos tiempos, y esto porque los productos de uso inmediato, así como muchos de los servicios esenciales, aumentan su valor constantemente.	constantemente	-4.401809283884352
es_272	spanish	Esto es, la entrega del cheque no libera jurídicamente al deudor ni, consecuentemente extingue su débito.	libera	-5.025863568918482
es_273	spanish	Si alguno de los rubros mencionados en estas tablas no involucra efectivo, entonces no debe considerarse para la elaboración del estado financiero.	considerarse	-4.454184260353931
es_274	spanish	El precio de los bienes o servicios es determinado por el comprador ya que, al ser único, posee el poder de mercado y los numerosos oferentes deben adaptarse a sus exigencias.	exigencias	-5.383315240105808
es_275	spanish	Si existe igualdad fiscal todos los ciudadanos tendrán constante necesidad de reunirse y de obrar en asuntos que a todos interesa y eso basta para conservar un nexo entre ellos.	conservar	-4.837155046473535
es_276	spanish	Es cierto que algunas cuentas 401(k) te permiten pedir dinero prestado, pero hacerlo enlentece el ritmo de crecimiento de la cuenta.	pedir	-4.012065212785212
es_277	spanish	En la actualidad, los impuestos que recauda el fisco permiten financiar gasto e inversiones y actividades de bien general en beneficio de los habitantes del territorio.	financiar	-5.183421066377502
es_278	spanish	Son diferentes las teorías psicológicas y psicosociales que sugieren la manera de llegar al cambio de las actitudes, las cuales afortunadamente no discrepan de manera preocupante.	teorías	-4.747152377465409
es_279	spanish	¡Cuánto más sencillo sería aceptar dinero de quien tuviere un aparato de televisión que necesitara reparación, y luego comprar sus comestibles y otros artículos con ese dinero!	comprar	-3.750316469069119
es_280	spanish	Su audiencia hasta este punto había sido muy cortés y receptiva, y había estado muy contenta con el material que ella había mostrado.	mostrado	-4.809202422385942
es_281	spanish	Su valor indica que por cada dólar invertido en el negocio, la compañía genera $2.05 en ventas.	invertido	-4.98955471808713
es_282	spanish	La entidad bancaria o institución emisora de la tarjeta proporcionará un estado de cuenta de las transacciones efectuadas por un período de tiempo determinado.	efectuadas	-6.643508981798385
es_283	spanish	Como, en general, las personas no han recibido educación financiera, en el manejo que hacen de sus ingresos no prevén recursos que les permita tener alguna reserva económica para enfrentar alguna de las múltiples contingencias o imprevistos de que antes se ha hablado aquí.	permita	-4.708105076355406
es_284	spanish	Cuando empecé a estudiar las leyes fiscales (dice Mollien en sus Memorias) me horroricé de lo que veía: multas, prisiones, castigos corporales al arbitrio de tribunales especiales; los delegados tenían en sus manos a personas y bienes.	empecé	-4.254024849465113
es_285	spanish	Los primeros sostienen que la integración e interacción de las naciones favorece a todos los pueblos, sin importar su origen o latitud.	sostienen	-5.434544229580749
es_286	spanish	Para lograr una buena administración de los recursos financieros, si aún no se ha hecho, es imprescindible iniciar un programa regular de planificación financiera.	regular	-4.524456223713067
es_287	spanish	Estado de flujo de efectivo igual que el estado de resultados, este informe es complementario al balance.	balance	-4.73447439690916
es_288	spanish	Éstos incluyen: sueldos, arriendos, seguros, mantenimientos, suministros, combustible, depreciaciones, entre otros.	arriendos	-6.8921509080026775
es_289	spanish	Incluso, un mismo producto podría tener precio distinto para la misma persona, si ésta lo adquiere en sucursales que pertenezcan a diferentes estratos sociales.	distinto	-4.44092287111771
es_290	spanish	En el largo plazo, las acciones, en promedio, superan de forma sistemática y sustancial al efectivo y a la inflación.	efectivo	-4.596583808040198
es_291	spanish	En general, se dice que la rentabilidad normal de una inversión en países desarrollados fluctúa, en promedio, entre el 6 % y el 8 % anual.	desarrollados	-5.35490438319283
es_292	spanish	En ciertos casos hay aranceles de referencia, como los que operan en el sector de la salud para determinadas prestaciones médicas.	prestaciones	-5.16601669375252
es_293	spanish	Es uno de los puestos claves de la organización, y en muchas ocasiones se lo reconoce como el segundo al mando luego del gerente general; quien lo supervisa, acorde a la estructura jerárquica.	jerárquica	-6.041448990470422
es_294	spanish	Casi todos los estados exigen a los automovilistas el seguro de responsabilidad para automóviles que cubre costos médicos y reparaciones del vehículo entre otros costos.	automóviles	-5.246460748556531
es_295	spanish	Si este indicador baja de 1, implicaría que la empresa no está en capacidad de cubrir sus obligaciones de corto plazo con los activos líquidos que posee.	posee	-4.655705260158855
es_296	spanish	Cuando este último caso sucede, el proyecto o la inversión no es económicamente rentable y no debe ejecutarse.	rentable	-5.042563996171213
es_297	spanish	Entonces, esta persona se dirige a un banco con la factura y realiza una operación conocida como factoring.	banco	-4.215789899950186
es_298	spanish	El administrador de escenarios es una herramienta en Excel que permite alterar múltiples variables con el objetivo de observar el efecto en otras variables de resultados.	alterar	-5.249147114741882
es_299	spanish	Para el conjunto de la economía, porque contribuyen de forma decisiva a la asignación eficiente de los recursos.	contribuyen	-5.472645750404355
es_300	spanish	Las deudas, la elaboración del presupuesto familiar, las cuentas por pagar, etc. pueden ser objeto de dolorosos conflictos familiares y, por esta razón, muchas parejas optan por no hablar de dinero para evitar disputas y con lo cual no se hacen ningún favor.	optan	-5.98172055784499
es_301	spanish	Elusión tributaria: Es una figura consistente en no pagar determinados impuestos que se han establecido, amparándose en subterfugios o resquicios legales, no previstos por el legislador en el momento de redactar la ley.	subterfugios	-7.120630236518046
es_302	spanish	El impuesto a los réditos es también un buen instrumento para conocer el monto de las rentas y de la riqueza nacional.	réditos	-6.252302355785315
es_303	spanish	Los hombres se dedicaban preferentemente a la caza y confeccionaban los utensilios de piedra.	utensilios	-5.52615268869017
es_304	spanish	En este sentido, el análisis vertical permite responder la interrogante anterior, señalando el uso que se dio a los ingresos de la compañía en el período de análisis.	vertical	-4.636439943011646
es_305	spanish	Así se podrán reparar más rápido los carros, y se podrá recibir mayor número de los que actualmente se pueden atender.	carros	-4.884131732289823
es_306	spanish	Luego, haga un cuadro donde pueda colocar cuánto debe reunir semanal o mensualmente para lograr cada una de sus metas, dependiendo del plazo que éstas tengan.	dependiendo	-4.2437908970217455
es_307	spanish	Estas tarjetas acarrean pocos riesgos y te ayudan a crear buenos antecedentes crediticios al mostrar tu capacidad para usar una tarjeta con responsabilidad.	tarjetas	-4.672042819962622
es_308	spanish	Los acreedores confían en la información crediticia para ver cómo has gestionado tus préstamos en el pasado y determinar qué posibilidades tienes de pagar un nuevo préstamo.	gestionado	-5.806438794796095
es_309	spanish	Cheque de caja: se solicita al banco, y este procede a retirar el monto solicitado de la cuenta corriente o de inversión del solicitante o se deposita en la cuenta que el banco destine.	deposita	-5.854362347113278
es_310	spanish	Las fuerzas de crecimiento dan lugar a un movimiento hacia arriba en la jerarquía, mientras que las fuerzas regresivas empujan las necesidades prepotentes hacia abajo en la misma.	jerarquía	-5.163797125981449
es_311	spanish	Prepararse para el futuro es también prepararse para la jubilación y para los posibles gastos médicos todo lo cual requiere planeación, ahorro y un número limitado de deudas.	deudas	-4.971411123862667
es_312	spanish	El mercado es el lugar donde se transan las mercancías y los servicios; es la expresión que define el lugar físico o figurado donde se encuentran vendedores y compradores.	transan	-7.280331079385559
es_313	spanish	En cambio, aunque desaparecieran todos los privilegios y quedara únicamente el privilegio fiscal, bastaría esta desigualdad para mantener separadas las clases, ya que nunca podrían reunirse para discutir y decidir los asuntos que más les interesan y los que con mayor frecuencia se suscitan.	separadas	-5.174631700762928
es_314	spanish	Finalmente, se incluye el valor positivo por la adquisición del préstamo y los valores negativos por la amortización de la deuda que se obtiene de la tabla 21.	tabla	-4.3191209871364045
es_315	spanish	Además de los anteriores, en la economía global hay indicadores financieros que entregan información sobre el pulso bursátil, el número y los montos de las transacciones de acciones de sociedades, bonos u otros instrumentos financieros y de inversión.	montos	-5.704373890621802
es_316	spanish	Con lo anterior, surge otro paso en la planeación y lo que sigue lo explican muy bien los varias veces mencionados Alonso, Brailovsky y Ortiz y a lo cual queremos ceñirnos adaptándolo y trascribiéndolo aquí en toda su dimensión, dada su relevancia.	queremos	-3.676429247653887
es_317	spanish	En la quiebra prevista en el capítulo 7, tus activos se venden y el dinero se divide entre tus acreedores.	prevista	-5.529565629491548
es_318	spanish	«El sistema de administración financiera del Estado comprende el conjunto de procesos administrativos que permiten la obtención de recursos y su aplicación a la concreción de los logros de los objetivos del Estado [	concreción	-6.061387320412609
es_319	spanish	Crea una lista de gastos previsibles y piensa cómo crees que gastas tu dinero en un mes normal.	piensa	-4.2141708678410055
es_320	spanish	Por no dejar pasar la oportunidad, usted puede ir a un vendedor de automóviles, escoger uno y pagarlo a plazos.	vendedor	-4.9843976407409585
es_321	spanish	Autorrealización: Son las más elevadas, se hallan en la cima de la jerarquía, a través de su satisfacción personal, encuentran un sentido a la vida mediante el desarrollo de su potencial en una actividad.	cima	-4.901933178437421
es_322	spanish	El segundo principio establece que no basta con incrementar las entradas de efectivo, sino que éstas deben acelerarse.	acelerarse	-5.008489472849059
es_323	spanish	Realizan una adecuación de las necesidades entre prestamistas y prestatarios en cuanto a cantidades y plazos.	Realizan	-4.860558848532972
es_324	spanish	No obstante, dado que existe esa disminución, la tarea siguiente sería buscar qué pudo haber ocasionado esa variación.	ocasionado	-5.821273824743631
es_325	spanish	Como resultado, una emergencia costosa, como la súbita pérdida de empleo o la acumulación de demasiadas cuentas médicas, podrían enviar a cualquier persona que no esté financieramente preparada a vivir endeudada durante años y, en algunos casos, a la bancarrota.	preparada	-4.803049004637432
es_326	spanish	Los problemas de la economía urbana son en gran parte de naturaleza social, y las muchas propuestas para mejorar el bienestar social y económico de los grupos minoritarios indican una recia voluntad para cooperar en la solución de estos problemas.	urbana	-5.039227530476464
es_327	spanish	El seguimiento o monitoreo y evaluación, que es la tercera etapa, permitirá ir visualizando la puesta en marcha y el cumplimiento del plan de acción, para contribuir al logro de sus objetivos y metas, así como plantear recomendaciones para evitar desviaciones; es decir, una forma de evaluación concurrente.	concurrente	-6.463721577182739
es_328	spanish	Los bienes y servicios utilizados por las personas o la sociedad para satisfacer sus necesidades se denominan satisfactores o productos, o simplemente bienes.	satisfactores	-7.389475548810626
es_329	spanish	Si se visita una fábrica de refrigeradoras y de estufas se encontrará que allí, según su tamaño, trabajan muchos obreros, quienes procesan las láminas de acero y construyen, con otras actividades los muebles metálicos.	refrigeradoras	-7.004124667446609
es_330	spanish	Pero a muchas personas no les gusta ceñirse a él porque sencillamente no les gusta y porque los presupuestos contienen once de los obstáculos que impiden que estos se hagan.	sencillamente	-4.725236630807239
es_331	spanish	El asegurado es quien se espera que tome la decisión sobre la cuantía del seguro, calculado sobre sus ingresos, para posibilitar la cuota que debe atender y también proyectando cual sería el valor o costo ajustado de los gastos familiares, tomando en cuenta también el tamaño y características de la familia.	calculado	-5.335300401507279
es_332	spanish	Una de las mejores formas de gestionar el riesgo es distribuir tus inversiones y ahorros a través de diversos canales.	distribuir	-5.11996260459271
es_333	spanish	Al momento de la entrega de estos cheques, el banco pide que el solicitante los firme, y solo podrá cobrarlos esta persona al firmar nuevamente los cheques en la parte de abajo, así la entidad que los recibe podrá cotejar que las firmas sean idénticas.	pide	-4.244990299513878
es_334	spanish	El punto de equilibrio, dependiendo del giro del negocio, puede expresarse en cantidades o en términos monetarios.	equilibrio	-4.438346274795444
es_335	spanish	Como se indicó al inicio del capítulo, para la construcción del EFE se emplean dos métodos: directo e indirecto.	indicó	-5.18226448917756
es_336	spanish	Otras disposiciones, como el artículo 19 de la Ley de Bancos, establecen que estas entidades deben conservar los libros y documentación por diez años, salvo que la Superintendencia de Bancos e Instituciones Financieras autorice su destrucción con anterioridad.	autorice	-6.30515466311059
es_337	spanish	Es posible evitar el crecimiento de una deuda utilizando su tarjeta de crédito solamente cuando pueda cancelar la totalidad de su saldo todos los meses.	cancelar	-5.163797125981449
es_338	spanish	Al igual que se mencionó en la sección de la tabla de datos, el administrador de escenarios requiere que toda la información del flujo de caja se encuentre correctamente formulada antes de su ejecución.	escenarios	-4.816769866185003
es_339	spanish	Estimado Cliente. Queremos informarle que personas inescrupulosas están solicitando información a nuestros clientes en nombre de nuestra Institución, por consiguiente, para verificar si su cuenta fue afectada ingrese en los siguientes campos su número de Tarjeta y contraseña...	clientes	-4.198384000070684
es_340	spanish	Por ejemplo: Tengo que mantenerme al día con las tendencias, o me sentiré avergonzado.	Tengo	-2.9514058357055197
es_341	spanish	Sin duda, estaremos de acuerdo en que el metal en un automóvil de último modelo es más útil que un montón de mineral de hierro o unos pocos lingotes de acero.	lingotes	-5.750273749478097
es_342	spanish	Eficiencia: Ausencia de despilfarro o utilización de los recursos económicos, que reporta el máximo nivel de satisfacción posible, con los factores y la tecnología dados.	satisfacción	-4.804014819302126
es_343	spanish	En el origen, los impuestos eran aplicados a las personas, por los soberanos y el clero, para financiar los asuntos de las castas gobernantes y ceremonias religiosas respectivamente.	soberanos	-5.848967315226571
es_344	spanish	También, deben considerarse, los aspectos relativos a la conceptualización e ideas generales sobre la historia de la tributación, su importancia, propósitos, características y equidad o justicia de un buen impuesto; la educabilidad y la dimensión moral de los impuestos y, los impuestos y las finanzas personales.	conceptualización	-6.170115599597965
es_345	spanish	En resumen, acorde a las tablas presentadas, se han incrementado los ingresos, las utilidades, la capitalización y el efectivo.	resumen	-4.423400893758329
es_346	spanish	En el primero, el bien o servicio se consume directamente y no es utilizado para generar otros productos.	consume	-4.91194087713266
es_347	spanish	Se han logrado tremendos incrementos en la producción total como resultado del desarrollo de la energía eléctrica y hoy también la marina y la eólica que se están tratando de aprovechar para usos industriales y otros.	eléctrica	-4.586604130461912
es_348	spanish	Cobros derivados del reembolso de anticipos y préstamos a terceros (distintos de las operaciones de este tipo hechas por entidades financieras).	financieras	-5.149997310890552
es_349	spanish	La inversión requerida es de $15,000 que incluyen: $5,000 en maquinarias y equipos, $2,000 en mobiliario; el saldo corresponde al capital de trabajo.	equipos	-4.161552134465144
es_350	spanish	Los ingresos activos están constituidos por el salario o sueldo que se percibe, cuando se tiene un empleo, honorarios que se cobran como contraprestación de servicios, comisiones y otros pagos de la misma naturaleza.	constituidos	-6.197147090884259
es_351	spanish	La Economía como una disciplina científica que es y que tiene, por consiguiente, su propia estructura de conocimientos tiene asimismo una serie de principios y leyes como los siguientes: Los individuos se enfrentan a disyuntivas o alternativas.	disyuntivas	-7.004124667446609
es_352	spanish	La diferencia estriba en que mientras las necesidades de déficit pueden ser satisfechas, las necesidades del ser son una fuerza impelente continua.	impelente	-7.058482329769202
es_353	spanish	Con intereses, ese monto de ahorros mensuales les permitiría ahorrar el pago inicial y comprar su vivienda en 24 meses.	ahorros	-5.126346932449955
es_354	spanish	De partida, el tema concierne a todos los individuos y durante toda la vida, pues las finanzas explican la procedencia y uso de los ingresos y recursos que se disponen para satisfacer las necesidades particulares de todas y todos.	procedencia	-5.480225253113865
es_355	spanish	La riqueza con cara humana es lo que percibe y estudia el humanismo, y bajo esta óptica, es que debe inclinarse la educación financiera que deben tener todas las personas que se propongan como meta construir un futuro personal, familiar y social, tranquilo y sostenible.	construir	-4.185859950743914
es_356	spanish	Me merezco despilfarrar un poco de vez en cuando y será como una recompensa por mi esfuerzo.	recompensa	-4.816935849172654
es_357	spanish	Aplicarla no es fácil, porque usted tiene que demorar la gratificación de hoy para arreglar el desastre que hizo ayer.	demorar	-5.394467494368126
es_358	spanish	La importancia y trascendencia de las funciones económicas del cheque, derivan de su consideración de medio o instrumento de pago.	cheque	-5.1884688015788445
es_359	spanish	Si solicitas una tarjeta de crédito, úsala para comprar cosas que puedes pagar y paga lo que debes a la brevedad.	brevedad	-5.740418994806441
es_360	spanish	afrontar el pago de la vivienda.	afrontar	-4.936813077725749
es_361	spanish	Pues, el uso de mi chequera testimoniará que soy una persona cumplida y que soy ordenada en la administración de mis cuentas.	chequera	-6.527003412726947
es_362	spanish	Estos delitos son difíciles de probar y los ejecutores reciben bajas penas a pesar de que afectan pasivamente a gran cantidad de personas.	probar	-3.962360552304741
es_363	spanish	Por ejemplo, considere una panadería que reemplace sus cajeros por ánforas; el pan se coloca en las perchas y se invita a los clientes a tomar el que quieran y comerlo.	panadería	-5.483294484841541
es_364	spanish	En la década de los sesenta del siglo XX, el filósofo y comunicador canadiense Marshall McLuhan anticipó nuestras vidas en comunidad universal gracias a los progresos tecnológicos en comunicaciones e interconexiones humanas a escala global y acuñó la expresión «aldea global» para describir la tierra que habitamos.	acuñó	-6.001577478432729
es_365	spanish	Sin embargo, la producción total y el nivel de vida están afectados por la composición y estructura de edades de la población, su educación y el tamaño de la fuerza obrera y productiva, la destreza y movilidad de los trabajadores y la laboriosidad y actitud psicológica de las personas.	laboriosidad	-6.912354294090965
es_366	spanish	Para vivir en ese clima de fe y optimismo, indispensable a la felicidad, hemos de hacer la guerra a dos enemigos: el escepticismo y los estados o fenómenos psicológicos enemigos del optimismo.	felicidad	-4.28062070559296
es_367	spanish	Está indexada con el IPC, de ahí que su fluctuación siga las variaciones del costo de la vida mensual, similar a la UF (unidad de fomento).	indexada	-6.3207597364411665
es_368	spanish	El análisis de la teoría señalada es importante en las finanzas porque implica que un administrador no debe limitarse a establecer un precio acorde al costo de producción que mantiene.	implica	-4.546598968790327
es_369	spanish	Al mismo tiempo, como economía abierta al mundo, es un importador de bienes durables de uso doméstico e industrial, como automóviles, artículos electrónicos, vestuario y alimentos de consumo masivo.	electrónicos	-5.020790289489579
es_370	spanish	Reducir los plazos y los costes de intermediación al facilitar la búsqueda de contrapartida para cada operación y agilizar los procedimientos de liquidación.	Reducir	-4.373996037580468
es_371	spanish	La producción, digamos sencillamente que es, entre las diferentes acepciones del concepto y según el enfoque económico, crear cosas o servicios con valor económico.	digamos	-3.5863209448067286
es_372	spanish	Los índices y razones presentan ratios de las cuentas de balance y estado de resultados con el objetivo de correlacionar información que no puede observarse a través del análisis vertical o el análisis horizontal.	correlacionar	-6.611324298426983
es_373	spanish	Por ejemplo, si se incrementan los documentos por pagar, significa que la empresa se ha endeudado, por tanto, recibió efectivo.	endeudado	-6.127363619177015
es_374	spanish	Cómo y cuándo usar los fondos del plan jubilatorio, saber cuáles son las distribuciones mínimas exigidas y abrir cuentas de ahorros jubilatorios, por tu cuenta o a través de tu empleador.	jubilatorio	-7.389475548810626
es_375	spanish	La clave para lograr sus objetivos financieros, personales y familiares, es planificarlos apropiadamente y darles mucho seguimiento a través de este presupuesto.	seguimiento	-4.695371989530756
es_376	spanish	La reducción de estas dos últimas puede colaborar al mencionado incremento del efectivo, ya sea por procesos de cobranzas o incrementos en ventas.	colaborar	-4.915051139759429
es_377	spanish	Algunos de ustedes tienen grandes deudas, han cavado un gran hoyo y se demoraron bastante tiempo en caer en esa hondonada, por lo tanto van a requerir de tiempo para salir de ella.	hondonada	-6.6905055444746075
es_378	spanish	Es importante pensar que cuando se exceden los tiempos para el pago de ellos se sufren unos recargos que, aunque a veces parezca que son intrascendentes o poco gravosos, de alguna manera afectan el presupuesto personal o familiar y esto sin mencionar otros inconvenientes, dificultades o problemas que acarrea tal incumplimiento.	intrascendentes	-7.004124667446609
es_379	spanish	Por ejemplo, generalmente la hipoteca es uno de los mejores tipos de endeudamiento, porque la mayoría de las viviendas aumenta de valor con el paso del tiempo.	aumenta	-4.588562179233644
es_380	spanish	Los tipos de seguros disponibles se expanden y se ha llegado al grado en que el sector financiero está muy directamente relacionado con el tema.	disponibles	-4.631862643867326
es_381	spanish	Pero uno no puede dejar que el derrotismo lo detenga e impida que haga un presupuesto.	impida	-5.679479140246564
es_382	spanish	En espacios monopólicos, el comprador no tiene la posibilidad de seleccionar, en uno u otro oferente, lo que le parezca más conveniente, como sí lo hace en mercados competitivos.	comprador	-5.224273632185072
es_383	spanish	El seguro de responsabilidad civil, también denominado de cobertura completa, te protege ante las reclamaciones de terceros por lesiones y daños a la propiedad.	lesiones	-4.8222810795018365
es_384	spanish	El lucro, en cambio, aunque es un sinónimo de utilidad, ganancias o beneficio, es la expresión peyorativa de la utilidad.	sinónimo	-5.333115267428771
es_385	spanish	Estos trabajadores debían entregar a la empresa una boleta por los honorarios, donde se señalaba claramente el monto del total, el descuento del 10 % y la suma por recibir, además de los datos del trabajador y del destinatario.	boleta	-5.718699745113204
es_386	spanish	Tal vez se cuestione por qué tiene que someterse a esta disciplina e inconveniencia de presupuestar su propia vida.	someterse	-5.071412213847865
es_387	spanish	Las transacciones en cajeros deben ser personalizadas, no preste su tarjeta y no de la clave a ningún amigo o conocido para que realice las transacciones por usted.	preste	-5.668725770151366
es_388	spanish	Tiene que educarse activamente en estas materias (rendimientos, balances y contabilidad, negocios, mercados, negociación, contratos) y desarrollar aptitudes comerciales.	negociación	-4.99502386798441
es_389	spanish	Tal vez una familia numerosa ocupaba una pocilga o una pequeña parte de un inquilinato, compuesta de dos o tres cuartos.	numerosa	-5.800004684790685
es_390	spanish	La tarea fundamental de la empresa es la de organizar y poner en acción los factores productivos que son los recursos naturales (materias primas), el trabajo y el capital, para transformarlos en bienes y servicios.	organizar	-4.644289185106722
es_391	spanish	El problema es que esas penalizaciones tienen a la larga una repercusión negativa en la historia de crédito, la cual es muy importante en todas las finanzas y desde luego, en las finanzas personales y familiares.	negativa	-4.617783102495167
es_392	spanish	El desempleo involuntario es un fenómeno muy común y que se ha acentuado calamitosamente en los últimos tiempos, en los países y en las economías modernas.	calamitosamente	-8.234573588824883
es_393	spanish	De cierto modo, lo global se contrapone a lo tribal, entendiendo esto último como la conveniencia de la defensa de las culturas locales, en su mayoría de orígenes ancestrales.	orígenes	-5.059351788481831
es_394	spanish	A continuación, te presentamos un panorama general de los tipos de inversiones habituales.	presentamos	-4.996527485696088
es_395	spanish	Los accionistas comunes están sujetos a que la compañía decida no distribuir los dividendos y que los montos distribuidos fluctúen considerablemente de un periodo a otro.	distribuidos	-5.562475730889166
es_396	spanish	Al igual que en el resto de las disciplinas, en la Economía se distinguen tres tipos fundamentales de leyes: Leyes causales: las determinan las relaciones en las que, a continuación de un hecho, acción o acto determinado, sobreviene constantemente otro hecho determinado, en un lapso determinado.	lapso	-5.462251882101963
es_397	spanish	Esta circunstancia o familiaridad hace que el concepto sea comprendido fácilmente, aunque quizás no el uso o manejo adecuado, ya que para este se requieren otras habilidades y valores más que el solo conocimiento.	fácilmente	-4.349042755636791
es_398	spanish	Evalúa dar al menos algunos de los siguientes pasos: Antes de omitir un pago, llama a tus acreedores para analizar las opciones.	analizar	-4.3215549050769235
es_399	spanish	La austeridad significa realizar el gasto necesario y está asociado al ahorro, que tiene una connotación completamente diferente al de avaricia que se refiere a un afán desordenado de poseer riquezas o dinero para atesorarlo, que puede inducir a actuar con envidia y actos negativos.	riquezas	-5.028017544725854
es_400	spanish	Acorde a los datos presentados se puede observar que a pesar de observarse un crecimiento del 0.7% en el total de activos circulantes; esta cuenta está utilizando un menor porcentaje de los recursos totales invertidos entre el 2016 y el 2017.	totales	-5.323415980084906
es_401	spanish	Si te denegaron un crédito, tienes derecho a obtener un informe crediticio gratis.	crediticio	-6.058482329769202
es_402	spanish	Si la agencia determina que la información que contiene el informe es inexacta, el acreedor debe notificar a las otras agencias de informes crediticios sobre la existencia del error para que ellos también puedan corregir la información.	agencia	-4.643286323766384
es_403	spanish	Anteriormente, mencionamos las formas de averiguar a dónde va a parar tu dinero y cómo detener las fugas de dinero.	parar	-4.355018987885909
es_404	spanish	Todos los habitantes de la sociedad toman decisiones económicas, para mejorar sus remuneraciones, su consumo y, consecuentemente, elevar su bienestar.	toman	-4.659732393761499
es_405	spanish	Dependiendo de las circunstancias y particularidades de cada proyecto, es posible que tenga que evaluarse la rentabilidad ante movimientos de tres o más variables.	Dependiendo	-4.2437908970217455
es_406	spanish	El Banco Mundial, al definir la pobreza, establece un tope de ingreso de un dólar al día por persona.	pobreza	-4.7077176016990085
es_407	spanish	Para poder cumplir con los nuevos pedidos, la empresa necesita construir nuevos hornos, comprar más materiales y contratar más personas para su manejo y el de las nuevas máquinas que también se tuvo que adquirir.	hornos	-5.527003412726947
es_408	spanish	La mejor forma de evitar el pago de tasas de interés altas y penalidades, es llevando la cuenta de los gastos realizados con su tarjeta de crédito.	llevando	-4.397806541430678
es_409	spanish	Una incapacidad, y máxime si se trata de una incapacidad total es supremamente complicada para cualquier persona, y algunos dicen que lo es más que la misma muerte prematura, porque además de la pérdida de la fuente generadora de ingresos hay que sumar por lo general los gastos médicos.	máxime	-6.353759996544092
es_410	spanish	Para ello disponen de sistemas de información que les proporcionan datos financieros y no financieros periódicamente.	disponen	-5.456422338441239
es_411	spanish	La lista de cuentas aludida es invaluable para la familia si usted llega a estar incapacitado o muere repentinamente.	invaluable	-5.989060921010734
es_412	spanish	Cada año, en los meses de marzo y abril, el Servicio de Impuestos Internos propone declaraciones digitales a los contribuyentes (declaraciones de renta precalculadas por la institución), particularmente para personas naturales y pequeñas empresas.	contribuyentes	-5.72537106649378
es_413	spanish	Diez años si la prescripción se interrumpe mediante reconocimiento escrito de la obligación tributaria por parte del contribuyente.	contribuyente	-5.869085603933984
es_414	spanish	Hoy en día han surgido los diferentes medios de pago (antes mencionados) que eliminan el riesgo de robo y se pueden recuperar en caso de extravío, son fáciles de manejar y permiten el control de ingresos y gastos.	robo	-4.889984846246169
es_415	spanish	Por consiguiente, primero compran las cosas que necesitan, después las que más desean y prescinden de lo demás.	desean	-4.834726876111961
es_416	spanish	Por ejemplo, en la tabla anterior se muestra una reducción de los Otros Ingresos, sin embargo no se puede identificar cuál es la razón para dicha reducción.	reducción	-4.758176762099553
es_417	spanish	Con frecuencia, estas compañías cobran honorarios costosos por cosas que podrías hacer tú mismo.	cobran	-5.042284976256763
es_418	spanish	También, en los países existen otras instituciones depositarias de ahorros como las cajas de ahorro, asociaciones de ahorro y préstamo, por ejemplo que, por lo general, otorgan préstamos hipotecarios para vivienda, préstamos al consumidor o para fines específicos.	específicos	-4.8452302775728056
es_419	spanish	El documento antes citado, la define también como: el rompimiento del equilibrio psicofisiológico que experimenta el ser humano, provocado por la falta o exceso de algo.	psicofisiológico	-8.234573588824883
es_420	spanish	La función de concentración de recursos, tiene que ver con la racionalidad de las personas que invierten al decidir cómo y dónde destinar sus recursos financieros, teniendo en cuenta la evaluación que realicen de la relación riesgo	destinar	-5.604145713799859
es_421	spanish	Después surgió la moneda y posteriormente surgió el papel-moneda, que por mucho tiempo fueron los principales medios para los intercambios comerciales.	posteriormente	-4.40947217722688
es_422	spanish	A éstos se les coloca una fecha posterior al momento en que se elabora el cheque, como manera de recordarle al que lo recibe que la cuenta no tendrá los fondos suficientes si no hasta el día que se indica en el cheque y que sólo entonces podrá hacerlo efectivo.	recordarle	-4.096492042329137
es_423	spanish	Colisión: Choque de dos cuerpos. Oposición y pugna de ideas, principios o intereses. Parte del ingreso que no se destina al ahorro, sino que es aplicado a la adquisición de alimentos, educación, ocio, entre otros.	aplicado	-4.992032160526499
es_424	spanish	La corrupción, en tanto, es lo opuesto a la honradez y se la asocia con el vicio, el soborno, la perversión y otros calificativos vinculados a lo inmoral y a la falta de ética personal y empresarial en el actuar.	vinculados	-5.326088569946234
es_425	spanish	No obstante, sería imprudente ejecutar un proyecto únicamente con el resultado de un análisis de rentabilidad; puesto que, para realizar el flujo de caja proyectado se realizaron varios supuestos que no necesariamente tienen que cumplirse.	imprudente	-5.937908398563352
es_426	spanish	La quiebra del capítulo 13 permanece en tus antecedentes crediticios por al menos siete años.	quiebra	-5.3624173160765904
es_427	spanish	Esta modalidad de cheques posfechados no es avalada por la legislación de algunos países que considera que el cheque se convierte en un instrumento de crédito.	convierte	-4.388112763695551
es_428	spanish	Para realizar el presupuesto, digamos finalmente, que los autores que se han dedicado a este asunto y al de las finanzas personales y familiares, han propuesto diferentes modelos, alguno o algunos de los cuales presentaremos en el capítulo antes aludido.	finanzas	-4.825316936785974
es_429	spanish	De todas maneras, señala el Diccionario aludido,	señala	-4.934848434849246
es_430	spanish	El proceso está orientado para que se eduque de un modo gradual y constante en las habilidades y conocimientos requeridos para los negocios, finanzas e inversiones.	habilidades	-4.3319724581583525
es_431	spanish	Existen ocho áreas fundamentales que debes tener en cuenta cuando planeas mantenerte tú mismo cuando te jubiles:	planeas	-6.110721947857797
es_432	spanish	El caso más frecuente es el de la ansiedad, zozobra y desesperación por mantener y obtener cada vez ingresos más altos, lo cual creo se comprende como una resultante impuesta por la sociedad de consumo que nos rige.	impuesta	-5.767705968470774
es_433	spanish	Un problema de solvencia implica que la compañía no está generando rentabilidad para los accionistas y si este problema persiste, no tendría sentido seguir operando.	generando	-4.460494788072364
es_434	spanish	El crédito personal es, igualmente, una facilidad crediticia en la cual la garantía del mismo es la promesa de pago incondicional de un deudor que goza de muy buena reputación y solvencia económica, moral y crediticia (Garantía fiduciaria).	fiduciaria	-6.49421089933064
es_435	spanish	Si detecta algún dispositivo inusual o anormal en el equipo, añadidos, reparaciones mal hechas, no realice transacciones y notifique a la entidad financiera a la mayor brevedad posible.	realice	-5.177287944406669
es_436	spanish	El ingreso de una persona, de una familia o de una empresa, e incluso del Estado, es la cantidad de dinero que ésta recibe por realizar una actividad determinada remunerable (negocio, trabajo, venta de productos, etc.	recibe	-4.408369165325631
es_437	spanish	En esta lista se deben incluir la casa, los alquileres, los servicios, alimentación, vestuario y otros gastos obvios.	vestuario	-5.214626907146041
es_438	spanish	Se otorga sobre vehículos del año, 0 kilómetros, nuevos, de agencias reconocidas.	otorga	-5.151070968994616
es_439	spanish	Posiblemente sea mejor cambiar el auto por otro más barato o usar un medio de transporte alternativo, en vez de dejar que el acreedor recupere el auto, lo que dañaría tus antecedentes crediticios.	cambiar	-3.6721498608180645
es_440	spanish	Los pagos electrónicos son aquellas transacciones en que se utilizan canales electrónicos para realizar pagos monetarios sin el empleo de efectivo como medio de pago.	canales	-4.434888497915783
es_441	spanish	Los intereses corresponden a pagos que se realizan por la utilización de dinero por un cierto plazo.	pagos	-4.773225155176901
es_442	spanish	Los principales delitos de este tipo son el tráfico de influencias, el fraude, el lavado de dinero, el cohecho, la quiebra fraudulenta y la estafa.	influencias	-5.243347513132388
es_443	spanish	Éste, está probado, no se tiene con el simple ahorro, o al menos con éste aquél es lento y no con la celeridad que quizás se desea, al fin y al cabo la vida es bastante corta y llena de permanentes riesgos y contingencias que es necesario enfrentar permanentemente.	aquél	-5.664030648942986
es_444	spanish	No va a saber exactamente lo que cuesta cada uno de sus gastos mensuales (por ejemplo, los servicios), pero debe ser un estimativo bastante realista.	mensuales	-5.102313899293839
es_445	spanish	Este impuesto siempre está incorporado en el precio de las boletas de compras y ventas.	compras	-4.498495951820938
es_446	spanish	Control centralizado de cuentas: verificar el detalle de todas las cuentas (tanto corrientes como de ahorro) en una sola pantalla.	corrientes	-4.9140119086296465
es_447	spanish	Un ejemplo sería ahorrar al menos $5 000 cada año para invertir para la jubilación.	invertir	-4.426092532258933
es_448	spanish	Los bancos usan varios métodos para calcular los intereses y le toca a usted aprender cómo su banco computa estos cargos:	cargos	-4.9409900753287666
es_449	spanish	Por ejemplo, cuando se invierte en una casa y se habita disfrutando de esta y además se puede obtener rentabilidad financiera en caso de venta o arriendo.	invierte	-5.242904581444935
es_450	spanish	Las cifras también muestran un incremento en la capitalización de la compañía a través del aumento de acciones, superávit de capital y utilidades retenidas.	muestran	-4.643954640618306
es_451	spanish	Por cada $100 de ingresos, la empresa gana $3.80 de utilidad neta.	gana	-4.311122319185232
es_452	spanish	La jerarquía de necesidades de Maslow (pirámide de Maslow) consta de 5 niveles: Los cuatro primeros niveles pueden ser agrupados como necesidades del déficit (Deficit needs); el nivel superior se le denomina como una necesidad del ser (being needs).	agrupados	-5.955819987872054
es_453	spanish	Sobre el particular, dicen que las personas dentro de una multitud son arrastradas a hacer cosas que solas no lo harían y, citan lo siguiente:	arrastradas	-6.4863855618186825
es_454	spanish	El crédito de los ciudadanos en las cosas más nimias no debe ser esclavizado y dependiente de una multitud de oficiales subalternos de las rentas.	dependiente	-5.293559345119314
es_455	spanish	Los que ahorran piden que se les pague un precio por postergar su consumo, y los que demandan el dinero ahorrado (piden un crédito) para hacer una inversión están dispuestos a pagar un precio por ese dinero con tal de no perder la oportunidad de invertir y sacar un mayor resultado.	demandan	-5.838374241729147
es_456	spanish	La última columna indica la diferencia favorable entre los flujos de ingresos por exportaciones menos los flujos de egresos por el pago de importaciones.	flujos	-5.30260747409671
es_457	spanish	Pero si eso ocurre habitualmente, tienes un flujo de fondos negativo y tu presupuesto está desequilibrado.	habitualmente	-4.9013278898629205
es_458	spanish	En virtud de estas y otras reflexiones fue que se diseñó este capítulo en el marco del Libro Maestro de la cual forma parte sustantiva.	diseñó	-5.509479067743414
es_459	spanish	Afiliación: Están relacionadas con el desarrollo afectivo del individuo, son las necesidades de asociación, participación y aceptación en el grupo de trabajo, entre estas se encuentran: la amistad, el afecto y el amor.	relacionadas	-4.845407504460351
es_460	spanish	Antivirus es un programa informático específicamente diseñado para detectar y eliminar virus; el uso correcto permite el bloqueo infranqueable de los virus y demás códigos maliciosos.	bloqueo	-4.878547731631761
es_461	spanish	En esta coyuntura surge el dinero que es casi un concepto abstracto, por lo simbólico, de allí la dificultad para algunos de definirlo y más para comprenderlo.	definirlo	-4.5107076243813795
es_462	spanish	Estas alternativas permiten rendimientos más reducidos, mientras los de plazo definido consideran pago de intereses.	consideran	-4.824133802614536
es_463	spanish	Los segundos enfatizan en la dependencia y pérdida de identidad cultural que traen las nuevas prácticas y costumbre foráneas.	dependencia	-4.997532797445692
es_464	spanish	Para la operación óptima de dicha infraestructura ha sido necesaria la inversión de cifras millonarias de dinero para la compra, actualización y mantenimiento de equipo, redes de comunicación y software, con el fin de mantener los servicios operando las 24 horas de todos los días del año.	millonarias	-5.209267723560113
es_465	spanish	Es cierto que mis padres no tenían los medios financieros para que fuera a la universidad cuando terminé la secundaria, pero fue mi miedo lo que me impidió hacerlo.	impidió	-5.5775177359677794
es_466	spanish	Con frecuencia en el país la gente se queja del alto costo de vida, especialmente en los últimos tiempos, y esto porque los productos de uso inmediato, así como muchos de los servicios esenciales, aumentan su valor constantemente.	aumentan	-5.17312110973769
es_467	spanish	Esto es, la entrega del cheque no libera jurídicamente al deudor ni, consecuentemente extingue su débito.	jurídicamente	-6.03867393641565
es_468	spanish	Si alguno de los rubros mencionados en estas tablas no involucra efectivo, entonces no debe considerarse para la elaboración del estado financiero.	tablas	-4.805144324443096
es_469	spanish	El precio de los bienes o servicios es determinado por el comprador ya que, al ser único, posee el poder de mercado y los numerosos oferentes deben adaptarse a sus exigencias.	adaptarse	-4.554691646712021
es_470	spanish	Si existe igualdad fiscal todos los ciudadanos tendrán constante necesidad de reunirse y de obrar en asuntos que a todos interesa y eso basta para conservar un nexo entre ellos.	igualdad	-4.647761319381508
es_471	spanish	Es cierto que algunas cuentas 401(k) te permiten pedir dinero prestado, pero hacerlo enlentece el ritmo de crecimiento de la cuenta.	ritmo	-4.3780863759562525
es_472	spanish	En la actualidad, los impuestos que recauda el fisco permiten financiar gasto e inversiones y actividades de bien general en beneficio de los habitantes del territorio.	gasto	-4.651034769570531
es_473	spanish	Son diferentes las teorías psicológicas y psicosociales que sugieren la manera de llegar al cambio de las actitudes, las cuales afortunadamente no discrepan de manera preocupante.	psicológicas	-5.658232238619091
es_474	spanish	¡Cuánto más sencillo sería aceptar dinero de quien tuviere un aparato de televisión que necesitara reparación, y luego comprar sus comestibles y otros artículos con ese dinero!	tuviere	-6.456422338441239
es_475	spanish	Su audiencia hasta este punto había sido muy cortés y receptiva, y había estado muy contenta con el material que ella había mostrado.	cortés	-5.271730907623641
es_476	spanish	Su valor indica que por cada dólar invertido en el negocio, la compañía genera $2.05 en ventas.	ventas	-4.421126044560062
es_477	spanish	La entidad bancaria o institución emisora de la tarjeta proporcionará un estado de cuenta de las transacciones efectuadas por un período de tiempo determinado.	transacciones	-4.983178738784779
es_478	spanish	En sus comienzos cada moneda valía alrededor de $300, a fines de 2019 llega a $15.000 y continúa con alzas y bajas.	bajas	-4.604450945965572
es_479	spanish	Como, en general, las personas no han recibido educación financiera, en el manejo que hacen de sus ingresos no prevén recursos que les permita tener alguna reserva económica para enfrentar alguna de las múltiples contingencias o imprevistos de que antes se ha hablado aquí.	reserva	-4.607105316365174
es_480	spanish	Cuando empecé a estudiar las leyes fiscales (dice Mollien en sus Memorias) me horroricé de lo que veía: multas, prisiones, castigos corporales al arbitrio de tribunales especiales; los delegados tenían en sus manos a personas y bienes.	tribunales	-5.230252215042241
es_481	spanish	Los primeros sostienen que la integración e interacción de las naciones favorece a todos los pueblos, sin importar su origen o latitud.	latitud	-5.766226258412726
es_482	spanish	Para lograr una buena administración de los recursos financieros, si aún no se ha hecho, es imprescindible iniciar un programa regular de planificación financiera.	financiera	-4.647199416751818
es_483	spanish	Estado de flujo de efectivo igual que el estado de resultados, este informe es complementario al balance.	flujo	-4.543580556725014
es_484	spanish	Éstos incluyen: sueldos, arriendos, seguros, mantenimientos, suministros, combustible, depreciaciones, entre otros.	mantenimientos	-6.00668688421121
es_485	spanish	Incluso, un mismo producto podría tener precio distinto para la misma persona, si ésta lo adquiere en sucursales que pertenezcan a diferentes estratos sociales.	pertenezcan	-6.209267723560113
es_486	spanish	En el largo plazo, las acciones, en promedio, superan de forma sistemática y sustancial al efectivo y a la inflación.	superan	-5.376036391255244
es_487	spanish	En general, se dice que la rentabilidad normal de una inversión en países desarrollados fluctúa, en promedio, entre el 6 % y el 8 % anual.	promedio	-4.501777890535554
es_488	spanish	En ciertos casos hay aranceles de referencia, como los que operan en el sector de la salud para determinadas prestaciones médicas.	determinadas	-4.944093775494211
es_489	spanish	Es uno de los puestos claves de la organización, y en muchas ocasiones se lo reconoce como el segundo al mando luego del gerente general; quien lo supervisa, acorde a la estructura jerárquica.	supervisa	-6.290090916674715
es_490	spanish	Casi todos los estados exigen a los automovilistas el seguro de responsabilidad para automóviles que cubre costos médicos y reparaciones del vehículo entre otros costos.	reparaciones	-5.413715599385183
es_491	spanish	Si este indicador baja de 1, implicaría que la empresa no está en capacidad de cubrir sus obligaciones de corto plazo con los activos líquidos que posee.	indicador	-4.866845042737907
es_492	spanish	Cuando este último caso sucede, el proyecto o la inversión no es económicamente rentable y no debe ejecutarse.	económicamente	-5.002085722471897
es_493	spanish	Entonces, esta persona se dirige a un banco con la factura y realiza una operación conocida como factoring.	realiza	-4.5556911741541475
es_494	spanish	El administrador de escenarios es una herramienta en Excel que permite alterar múltiples variables con el objetivo de observar el efecto en otras variables de resultados.	variables	-4.702966956892161
es_495	spanish	Para el conjunto de la economía, porque contribuyen de forma decisiva a la asignación eficiente de los recursos.	decisiva	-5.726717717129053
es_496	spanish	Las deudas, la elaboración del presupuesto familiar, las cuentas por pagar, etc. pueden ser objeto de dolorosos conflictos familiares y, por esta razón, muchas parejas optan por no hablar de dinero para evitar disputas y con lo cual no se hacen ningún favor.	elaboración	-5.0118571176773
es_497	spanish	Elusión tributaria: Es una figura consistente en no pagar determinados impuestos que se han establecido, amparándose en subterfugios o resquicios legales, no previstos por el legislador en el momento de redactar la ley.	determinados	-4.937469938675627
es_498	spanish	El impuesto a los réditos es también un buen instrumento para conocer el monto de las rentas y de la riqueza nacional.	monto	-4.877592187831752
es_499	spanish	Los hombres se dedicaban preferentemente a la caza y confeccionaban los utensilios de piedra.	caza	-4.909879674963109
es_500	spanish	En este sentido, el análisis vertical permite responder la interrogante anterior, señalando el uso que se dio a los ingresos de la compañía en el período de análisis.	responder	-4.321926482606566
es_501	spanish	Así se podrán reparar más rápido los carros, y se podrá recibir mayor número de los que actualmente se pueden atender.	rápido	-3.7657243032837706
es_502	spanish	Luego, haga un cuadro donde pueda colocar cuánto debe reunir semanal o mensualmente para lograr cada una de sus metas, dependiendo del plazo que éstas tengan.	metas	-4.590430538314965
es_503	spanish	Estas tarjetas acarrean pocos riesgos y te ayudan a crear buenos antecedentes crediticios al mostrar tu capacidad para usar una tarjeta con responsabilidad.	mostrar	-3.8037087455434246
es_504	spanish	Los acreedores confían en la información crediticia para ver cómo has gestionado tus préstamos en el pasado y determinar qué posibilidades tienes de pagar un nuevo préstamo.	confían	-5.512762973612337
es_505	spanish	Cheque de caja: se solicita al banco, y este procede a retirar el monto solicitado de la cuenta corriente o de inversión del solicitante o se deposita en la cuenta que el banco destine.	destine	-6.611324298426983
es_506	spanish	Las fuerzas de crecimiento dan lugar a un movimiento hacia arriba en la jerarquía, mientras que las fuerzas regresivas empujan las necesidades prepotentes hacia abajo en la misma.	empujan	-5.890181315139773
es_507	spanish	Prepararse para el futuro es también prepararse para la jubilación y para los posibles gastos médicos todo lo cual requiere planeación, ahorro y un número limitado de deudas.	limitado	-4.900522148477991
es_508	spanish	El mercado es el lugar donde se transan las mercancías y los servicios; es la expresión que define el lugar físico o figurado donde se encuentran vendedores y compradores.	define	-4.800803754900017
es_509	spanish	En cambio, aunque desaparecieran todos los privilegios y quedara únicamente el privilegio fiscal, bastaría esta desigualdad para mantener separadas las clases, ya que nunca podrían reunirse para discutir y decidir los asuntos que más les interesan y los que con mayor frecuencia se suscitan.	decidir	-4.542079181321799
es_510	spanish	Finalmente, se incluye el valor positivo por la adquisición del préstamo y los valores negativos por la amortización de la deuda que se obtiene de la tabla 21.	préstamo	-5.006429981227142
es_511	spanish	Además de los anteriores, en la economía global hay indicadores financieros que entregan información sobre el pulso bursátil, el número y los montos de las transacciones de acciones de sociedades, bonos u otros instrumentos financieros y de inversión.	bonos	-4.896715159783789
es_512	spanish	Con lo anterior, surge otro paso en la planeación y lo que sigue lo explican muy bien los varias veces mencionados Alonso, Brailovsky y Ortiz y a lo cual queremos ceñirnos adaptándolo y trascribiéndolo aquí en toda su dimensión, dada su relevancia.	dimensión	-4.6281922237142785
es_513	spanish	En la quiebra prevista en el capítulo 7, tus activos se venden y el dinero se divide entre tus acreedores.	activos	-4.494053002771219
es_514	spanish	«El sistema de administración financiera del Estado comprende el conjunto de procesos administrativos que permiten la obtención de recursos y su aplicación a la concreción de los logros de los objetivos del Estado [	administrativos	-5.4703974564345526
es_515	spanish	Crea una lista de gastos previsibles y piensa cómo crees que gastas tu dinero en un mes normal.	Crea	-4.356109243483415
es_516	spanish	Por no dejar pasar la oportunidad, usted puede ir a un vendedor de automóviles, escoger uno y pagarlo a plazos.	pagarlo	-3.9560714943310002
es_517	spanish	Autorrealización: Son las más elevadas, se hallan en la cima de la jerarquía, a través de su satisfacción personal, encuentran un sentido a la vida mediante el desarrollo de su potencial en una actividad.	elevadas	-5.429752910103721
es_518	spanish	El segundo principio establece que no basta con incrementar las entradas de efectivo, sino que éstas deben acelerarse.	entradas	-4.683489723639103
es_519	spanish	Realizan una adecuación de las necesidades entre prestamistas y prestatarios en cuanto a cantidades y plazos.	prestamistas	-6.359512325433183
es_520	spanish	No obstante, dado que existe esa disminución, la tarea siguiente sería buscar qué pudo haber ocasionado esa variación.	variación	-5.062847135171652
es_521	spanish	Como resultado, una emergencia costosa, como la súbita pérdida de empleo o la acumulación de demasiadas cuentas médicas, podrían enviar a cualquier persona que no esté financieramente preparada a vivir endeudada durante años y, en algunos casos, a la bancarrota.	endeudada	-6.601105133245297
es_522	spanish	Los problemas de la economía urbana son en gran parte de naturaleza social, y las muchas propuestas para mejorar el bienestar social y económico de los grupos minoritarios indican una recia voluntad para cooperar en la solución de estos problemas.	bienestar	-4.49937404040257
es_523	spanish	El seguimiento o monitoreo y evaluación, que es la tercera etapa, permitirá ir visualizando la puesta en marcha y el cumplimiento del plan de acción, para contribuir al logro de sus objetivos y metas, así como plantear recomendaciones para evitar desviaciones; es decir, una forma de evaluación concurrente.	puesta	-4.592802118170924
es_524	spanish	Los bienes y servicios utilizados por las personas o la sociedad para satisfacer sus necesidades se denominan satisfactores o productos, o simplemente bienes.	utilizados	-5.007973683617526
es_525	spanish	Si se visita una fábrica de refrigeradoras y de estufas se encontrará que allí, según su tamaño, trabajan muchos obreros, quienes procesan las láminas de acero y construyen, con otras actividades los muebles metálicos.	muebles	-4.869647555034907
es_526	spanish	Pero a muchas personas no les gusta ceñirse a él porque sencillamente no les gusta y porque los presupuestos contienen once de los obstáculos que impiden que estos se hagan.	gusta	-3.349851840348899
es_527	spanish	El asegurado es quien se espera que tome la decisión sobre la cuantía del seguro, calculado sobre sus ingresos, para posibilitar la cuota que debe atender y también proyectando cual sería el valor o costo ajustado de los gastos familiares, tomando en cuenta también el tamaño y características de la familia.	atender	-4.650242364457353
es_528	spanish	Una de las mejores formas de gestionar el riesgo es distribuir tus inversiones y ahorros a través de diversos canales.	inversiones	-4.657886783623888
es_529	spanish	Al momento de la entrega de estos cheques, el banco pide que el solicitante los firme, y solo podrá cobrarlos esta persona al firmar nuevamente los cheques en la parte de abajo, así la entidad que los recibe podrá cotejar que las firmas sean idénticas.	entidad	-4.665785376509536
es_530	spanish	El punto de equilibrio, dependiendo del giro del negocio, puede expresarse en cantidades o en términos monetarios.	cantidades	-4.58924958726259
es_531	spanish	Como se indicó al inicio del capítulo, para la construcción del EFE se emplean dos métodos: directo e indirecto.	directo	-4.012716153405747
es_532	spanish	Otras disposiciones, como el artículo 19 de la Ley de Bancos, establecen que estas entidades deben conservar los libros y documentación por diez años, salvo que la Superintendencia de Bancos e Instituciones Financieras autorice su destrucción con anterioridad.	anterioridad	-5.52615268869017
es_533	spanish	Es posible evitar el crecimiento de una deuda utilizando su tarjeta de crédito solamente cuando pueda cancelar la totalidad de su saldo todos los meses.	saldo	-5.183035198309556
es_534	spanish	Al igual que se mencionó en la sección de la tabla de datos, el administrador de escenarios requiere que toda la información del flujo de caja se encuentre correctamente formulada antes de su ejecución.	encuentre	-4.831624759480478
es_535	spanish	Estimado Cliente. Queremos informarle que personas inescrupulosas están solicitando información a nuestros clientes en nombre de nuestra Institución, por consiguiente, para verificar si su cuenta fue afectada ingrese en los siguientes campos su número de Tarjeta y contraseña...	ingrese	-5.604145713799859
es_536	spanish	Por ejemplo: Tengo que mantenerme al día con las tendencias, o me sentiré avergonzado.	avergonzado	-5.6770663869192255
es_537	spanish	Sin duda, estaremos de acuerdo en que el metal en un automóvil de último modelo es más útil que un montón de mineral de hierro o unos pocos lingotes de acero.	metal	-4.4730968092801815
es_538	spanish	Eficiencia: Ausencia de despilfarro o utilización de los recursos económicos, que reporta el máximo nivel de satisfacción posible, con los factores y la tecnología dados.	reporta	-5.713435505120847
es_539	spanish	En el origen, los impuestos eran aplicados a las personas, por los soberanos y el clero, para financiar los asuntos de las castas gobernantes y ceremonias religiosas respectivamente.	castas	-6.017089644610977
es_540	spanish	También, deben considerarse, los aspectos relativos a la conceptualización e ideas generales sobre la historia de la tributación, su importancia, propósitos, características y equidad o justicia de un buen impuesto; la educabilidad y la dimensión moral de los impuestos y, los impuestos y las finanzas personales.	personales	-4.562198610078804
es_541	spanish	En resumen, acorde a las tablas presentadas, se han incrementado los ingresos, las utilidades, la capitalización y el efectivo.	presentadas	-5.649112859316383
es_542	spanish	En el primero, el bien o servicio se consume directamente y no es utilizado para generar otros productos.	utilizado	-4.420792510650801
es_543	spanish	Se han logrado tremendos incrementos en la producción total como resultado del desarrollo de la energía eléctrica y hoy también la marina y la eólica que se están tratando de aprovechar para usos industriales y otros.	marina	-4.734337113999245
es_544	spanish	Cobros derivados del reembolso de anticipos y préstamos a terceros (distintos de las operaciones de este tipo hechas por entidades financieras).	hechas	-4.770382218183884
es_545	spanish	La inversión requerida es de $15,000 que incluyen: $5,000 en maquinarias y equipos, $2,000 en mobiliario; el saldo corresponde al capital de trabajo.	mobiliario	-5.557879979200017
es_546	spanish	Los ingresos activos están constituidos por el salario o sueldo que se percibe, cuando se tiene un empleo, honorarios que se cobran como contraprestación de servicios, comisiones y otros pagos de la misma naturaleza.	honorarios	-5.798410941784128
es_547	spanish	La Economía como una disciplina científica que es y que tiene, por consiguiente, su propia estructura de conocimientos tiene asimismo una serie de principios y leyes como los siguientes: Los individuos se enfrentan a disyuntivas o alternativas.	científica	-4.746728468713448
es_548	spanish	La diferencia estriba en que mientras las necesidades de déficit pueden ser satisfechas, las necesidades del ser son una fuerza impelente continua.	continua	-4.707201505997271
es_549	spanish	Con intereses, ese monto de ahorros mensuales les permitiría ahorrar el pago inicial y comprar su vivienda en 24 meses.	vivienda	-4.537518696552309
es_550	spanish	tuve una experiencia espeluznante en relación con los gastos que uno debe hacer por alguna enfermedad.	tuve	-4.111702665960448
es_551	spanish	De partida, el tema concierne a todos los individuos y durante toda la vida, pues las finanzas explican la procedencia y uso de los ingresos y recursos que se disponen para satisfacer las necesidades particulares de todas y todos.	satisfacer	-5.055309124485858
es_552	spanish	La riqueza con cara humana es lo que percibe y estudia el humanismo, y bajo esta óptica, es que debe inclinarse la educación financiera que deben tener todas las personas que se propongan como meta construir un futuro personal, familiar y social, tranquilo y sostenible.	estudia	-5.00234006771015
es_553	spanish	Me merezco despilfarrar un poco de vez en cuando y será como una recompensa por mi esfuerzo.	merezco	-4.949466559258071
es_554	spanish	Aplicarla no es fácil, porque usted tiene que demorar la gratificación de hoy para arreglar el desastre que hizo ayer.	ayer	-4.01222134957708
es_555	spanish	La importancia y trascendencia de las funciones económicas del cheque, derivan de su consideración de medio o instrumento de pago.	derivan	-5.695497490032107
es_556	spanish	Si solicitas una tarjeta de crédito, úsala para comprar cosas que puedes pagar y paga lo que debes a la brevedad.	paga	-4.584363234164524
es_557	spanish	precisa de un préstamo hipotecario con el que afrontar el pago de la vivienda.	precisa	-5.015775590713146
es_558	spanish	Pues, el uso de mi chequera testimoniará que soy una persona cumplida y que soy ordenada en la administración de mis cuentas.	ordenada	-5.3066901784941765
es_559	spanish	Estos delitos son difíciles de probar y los ejecutores reciben bajas penas a pesar de que afectan pasivamente a gran cantidad de personas.	pasivamente	-6.348082863652402
es_560	spanish	Por ejemplo, considere una panadería que reemplace sus cajeros por ánforas; el pan se coloca en las perchas y se invita a los clientes a tomar el que quieran y comerlo.	quieran	-4.286209532836514
es_561	spanish	En la década de los sesenta del siglo XX, el filósofo y comunicador canadiense Marshall McLuhan anticipó nuestras vidas en comunidad universal gracias a los progresos tecnológicos en comunicaciones e interconexiones humanas a escala global y acuñó la expresión «aldea global» para describir la tierra que habitamos.	progresos	-5.817933081486602
es_562	spanish	Sin embargo, la producción total y el nivel de vida están afectados por la composición y estructura de edades de la población, su educación y el tamaño de la fuerza obrera y productiva, la destreza y movilidad de los trabajadores y la laboriosidad y actitud psicológica de las personas.	movilidad	-4.779728728816373
es_563	spanish	Para vivir en ese clima de fe y optimismo, indispensable a la felicidad, hemos de hacer la guerra a dos enemigos: el escepticismo y los estados o fenómenos psicológicos enemigos del optimismo.	optimismo	-5.268431856085851
es_564	spanish	Está indexada con el IPC, de ahí que su fluctuación siga las variaciones del costo de la vida mensual, similar a la UF (unidad de fomento).	variaciones	-5.172367780005171
es_565	spanish	El análisis de la teoría señalada es importante en las finanzas porque implica que un administrador no debe limitarse a establecer un precio acorde al costo de producción que mantiene.	limitarse	-5.077419148918602
es_566	spanish	Al mismo tiempo, como economía abierta al mundo, es un importador de bienes durables de uso doméstico e industrial, como automóviles, artículos electrónicos, vestuario y alimentos de consumo masivo.	masivo	-5.2200530500669595
es_567	spanish	Reducir los plazos y los costes de intermediación al facilitar la búsqueda de contrapartida para cada operación y agilizar los procedimientos de liquidación.	agilizar	-5.736263035035283
es_568	spanish	La producción, digamos sencillamente que es, entre las diferentes acepciones del concepto y según el enfoque económico, crear cosas o servicios con valor económico.	enfoque	-4.512433463367468
es_569	spanish	Los índices y razones presentan ratios de las cuentas de balance y estado de resultados con el objetivo de correlacionar información que no puede observarse a través del análisis vertical o el análisis horizontal.	horizontal	-4.772625093621121
es_570	spanish	Por ejemplo, si se incrementan los documentos por pagar, significa que la empresa se ha endeudado, por tanto, recibió efectivo.	recibió	-4.54155052090119
es_571	spanish	Cómo y cuándo usar los fondos del plan jubilatorio, saber cuáles son las distribuciones mínimas exigidas y abrir cuentas de ahorros jubilatorios, por tu cuenta o a través de tu empleador.	mínimas	-5.498974689126704
es_572	spanish	La clave para lograr sus objetivos financieros, personales y familiares, es planificarlos apropiadamente y darles mucho seguimiento a través de este presupuesto.	clave	-4.083173090789265
es_573	spanish	El Banco Mundial, en el libro pobreza	pobreza	-4.7077176016990085
es_574	spanish	La reducción de estas dos últimas puede colaborar al mencionado incremento del efectivo, ya sea por procesos de cobranzas o incrementos en ventas.	mencionado	-4.647311739132349
es_575	spanish	Algunos de ustedes tienen grandes deudas, han cavado un gran hoyo y se demoraron bastante tiempo en caer en esa hondonada, por lo tanto van a requerir de tiempo para salir de ella.	hoyo	-5.286160623046283
es_576	spanish	Es importante pensar que cuando se exceden los tiempos para el pago de ellos se sufren unos recargos que, aunque a veces parezca que son intrascendentes o poco gravosos, de alguna manera afectan el presupuesto personal o familiar y esto sin mencionar otros inconvenientes, dificultades o problemas que acarrea tal incumplimiento.	incumplimiento	-5.624979179599664
es_577	spanish	Por ejemplo, generalmente la hipoteca es uno de los mejores tipos de endeudamiento, porque la mayoría de las viviendas aumenta de valor con el paso del tiempo.	viviendas	-4.884131732289823
es_578	spanish	Los tipos de seguros disponibles se expanden y se ha llegado al grado en que el sector financiero está muy directamente relacionado con el tema.	financiero	-4.758757175793566
es_579	spanish	Pero uno no puede dejar que el derrotismo lo detenga e impida que haga un presupuesto.	detenga	-5.565256708258771
es_580	spanish	En espacios monopólicos, el comprador no tiene la posibilidad de seleccionar, en uno u otro oferente, lo que le parezca más conveniente, como sí lo hace en mercados competitivos.	monopólicos	-7.389475548810626
es_581	spanish	El seguro de responsabilidad civil, también denominado de cobertura completa, te protege ante las reclamaciones de terceros por lesiones y daños a la propiedad.	cobertura	-4.7916237192470215
es_582	spanish	El lucro, en cambio, aunque es un sinónimo de utilidad, ganancias o beneficio, es la expresión peyorativa de la utilidad.	lucro	-5.446405217683716
es_583	spanish	Estos trabajadores debían entregar a la empresa una boleta por los honorarios, donde se señalaba claramente el monto del total, el descuento del 10 % y la suma por recibir, además de los datos del trabajador y del destinatario.	entregar	-4.529051975402216
es_584	spanish	Tal vez se cuestione por qué tiene que someterse a esta disciplina e inconveniencia de presupuestar su propia vida.	inconveniencia	-6.87284575280729
es_585	spanish	Las transacciones en cajeros deben ser personalizadas, no preste su tarjeta y no de la clave a ningún amigo o conocido para que realice las transacciones por usted.	tarjeta	-4.26763442580377
es_586	spanish	Tiene que educarse activamente en estas materias (rendimientos, balances y contabilidad, negocios, mercados, negociación, contratos) y desarrollar aptitudes comerciales.	educarse	-5.043122574359988
es_587	spanish	Tal vez una familia numerosa ocupaba una pocilga o una pequeña parte de un inquilinato, compuesta de dos o tres cuartos.	compuesta	-5.095324371253277
es_588	spanish	La tarea fundamental de la empresa es la de organizar y poner en acción los factores productivos que son los recursos naturales (materias primas), el trabajo y el capital, para transformarlos en bienes y servicios.	transformarlos	-4.576944157435931
es_589	spanish	El problema es que esas penalizaciones tienen a la larga una repercusión negativa en la historia de crédito, la cual es muy importante en todas las finanzas y desde luego, en las finanzas personales y familiares.	repercusión	-5.353759996544092
es_590	spanish	El desempleo involuntario es un fenómeno muy común y que se ha acentuado calamitosamente en los últimos tiempos, en los países y en las economías modernas.	involuntario	-5.991535540138589
es_591	spanish	De cierto modo, lo global se contrapone a lo tribal, entendiendo esto último como la conveniencia de la defensa de las culturas locales, en su mayoría de orígenes ancestrales.	ancestrales	-5.491848457520185
es_592	spanish	A continuación, te presentamos un panorama general de los tipos de inversiones habituales.	panorama	-4.9140119086296465
es_593	spanish	Los accionistas comunes están sujetos a que la compañía decida no distribuir los dividendos y que los montos distribuidos fluctúen considerablemente de un periodo a otro.	sujetos	-5.00463590291695
es_594	spanish	Al igual que en el resto de las disciplinas, en la Economía se distinguen tres tipos fundamentales de leyes: Leyes causales: las determinan las relaciones en las que, a continuación de un hecho, acción o acto determinado, sobreviene constantemente otro hecho determinado, en un lapso determinado.	distinguen	-5.758902400500454
es_595	spanish	Esta circunstancia o familiaridad hace que el concepto sea comprendido fácilmente, aunque quizás no el uso o manejo adecuado, ya que para este se requieren otras habilidades y valores más que el solo conocimiento.	comprendido	-5.346394094906558
es_596	spanish	Evalúa dar al menos algunos de los siguientes pasos: Antes de omitir un pago, llama a tus acreedores para analizar las opciones.	opciones	-4.058742984662634
es_597	spanish	La austeridad significa realizar el gasto necesario y está asociado al ahorro, que tiene una connotación completamente diferente al de avaricia que se refiere a un afán desordenado de poseer riquezas o dinero para atesorarlo, que puede inducir a actuar con envidia y actos negativos.	asociado	-4.922607928456517
es_598	spanish	Si te denegaron un crédito, tienes derecho a obtener un informe crediticio gratis.	tienes	-3.2449146837863627
es_599	spanish	Si la agencia determina que la información que contiene el informe es inexacta, el acreedor debe notificar a las otras agencias de informes crediticios sobre la existencia del error para que ellos también puedan corregir la información.	corregir	-4.715402125003225
es_600	spanish	Anteriormente, mencionamos las formas de averiguar a dónde va a parar tu dinero y cómo detener las fugas de dinero.	fugas	-5.640181038449457
es_601	spanish	Por otra parte, el tercer principio se orienta a los egresos y señala:	orienta	-5.841876635565217
es_602	spanish	Todos los habitantes de la sociedad toman decisiones económicas, para mejorar sus remuneraciones, su consumo y, consecuentemente, elevar su bienestar.	elevar	-4.884131732289823
es_603	spanish	Dependiendo de las circunstancias y particularidades de cada proyecto, es posible que tenga que evaluarse la rentabilidad ante movimientos de tres o más variables.	evaluarse	-4.7397235671447895
es_604	spanish	El Banco Mundial, al definir la pobreza, establece un tope de ingreso de un dólar al día por persona.	dólar	-4.518069425051666
es_605	spanish	Para poder cumplir con los nuevos pedidos, la empresa necesita construir nuevos hornos, comprar más materiales y contratar más personas para su manejo y el de las nuevas máquinas que también se tuvo que adquirir.	contratar	-4.875687384419014
es_606	spanish	La mejor forma de evitar el pago de tasas de interés altas y penalidades, es llevando la cuenta de los gastos realizados con su tarjeta de crédito.	tasas	-4.930083061051396
es_607	spanish	Cada vez que ellos se metían en una situación que no les gustaba, las primeras palabras que balbuceaban era	metían	-5.793664506759666
es_608	spanish	Una incapacidad, y máxime si se trata de una incapacidad total es supremamente complicada para cualquier persona, y algunos dicen que lo es más que la misma muerte prematura, porque además de la pérdida de la fuente generadora de ingresos hay que sumar por lo general los gastos médicos.	médicos	-4.510461634863671
es_609	spanish	Para ello disponen de sistemas de información que les proporcionan datos financieros y no financieros periódicamente.	periódicamente	-5.579435154013502
es_610	spanish	La lista de cuentas aludida es invaluable para la familia si usted llega a estar incapacitado o muere repentinamente.	incapacitado	-6.456422338441239
es_611	spanish	Cada año, en los meses de marzo y abril, el Servicio de Impuestos Internos propone declaraciones digitales a los contribuyentes (declaraciones de renta precalculadas por la institución), particularmente para personas naturales y pequeñas empresas.	propone	-4.851476658875789
es_612	spanish	Diez años si la prescripción se interrumpe mediante reconocimiento escrito de la obligación tributaria por parte del contribuyente.	interrumpe	-5.605163989722165
es_613	spanish	Hoy en día han surgido los diferentes medios de pago (antes mencionados) que eliminan el riesgo de robo y se pueden recuperar en caso de extravío, son fáciles de manejar y permiten el control de ingresos y gastos.	permiten	-4.487861566308223
es_614	spanish	Por consiguiente, primero compran las cosas que necesitan, después las que más desean y prescinden de lo demás.	compran	-5.028287544412451
es_615	spanish	Por ejemplo, en la tabla anterior se muestra una reducción de los Otros Ingresos, sin embargo no se puede identificar cuál es la razón para dicha reducción.	identificar	-4.3780863759562525
es_616	spanish	Con frecuencia, estas compañías cobran honorarios costosos por cosas que podrías hacer tú mismo.	compañías	-4.716059648946996
es_617	spanish	También, en los países existen otras instituciones depositarias de ahorros como las cajas de ahorro, asociaciones de ahorro y préstamo, por ejemplo que, por lo general, otorgan préstamos hipotecarios para vivienda, préstamos al consumidor o para fines específicos.	cajas	-4.6926201143666475
es_618	spanish	El documento antes citado, la define también como: el rompimiento del equilibrio psicofisiológico que experimenta el ser humano, provocado por la falta o exceso de algo.	experimenta	-5.357778612624183
es_619	spanish	La función de concentración de recursos, tiene que ver con la racionalidad de las personas que invierten al decidir cómo y dónde destinar sus recursos financieros, teniendo en cuenta la evaluación que realicen de la relación riesgo	concentración	-4.6204148793157085
es_620	spanish	Después surgió la moneda y posteriormente surgió el papel-moneda, que por mucho tiempo fueron los principales medios para los intercambios comerciales.	intercambios	-5.454977097567059
es_621	spanish	A éstos se les coloca una fecha posterior al momento en que se elabora el cheque, como manera de recordarle al que lo recibe que la cuenta no tendrá los fondos suficientes si no hasta el día que se indica en el cheque y que sólo entonces podrá hacerlo efectivo.	suficientes	-4.834208315474944
es_622	spanish	Colisión: Choque de dos cuerpos. Oposición y pugna de ideas, principios o intereses. Parte del ingreso que no se destina al ahorro, sino que es aplicado a la adquisición de alimentos, educación, ocio, entre otros.	ahorro	-4.8438150600861665
es_623	spanish	La corrupción, en tanto, es lo opuesto a la honradez y se la asocia con el vicio, el soborno, la perversión y otros calificativos vinculados a lo inmoral y a la falta de ética personal y empresarial en el actuar.	soborno	-5.85982524281478
