en_31	english	After Ron nearly dies drinking poisoned mead that was apparently intended for Professor Dumbledore, Hermione becomes so distraught that they end their feud for good.	distraught	-2.6952151096552845
en_32	english	After Ron nearly dies drinking poisoned mead that was apparently intended for Professor Dumbledore, Hermione becomes so distraught that they end their feud for good.	drinking	-1.8077445882817644
en_33	english	After the war, Hitler remained in the army and after receiving intelligence and oratory training, became an intelligence official tasked with infiltrating political parties and reporting to his superiors on their activities.	oratory	-3.3036152790142657
en_34	english	After the war, Hitler remained in the army and after receiving intelligence and oratory training, became an intelligence official tasked with infiltrating political parties and reporting to his superiors on their activities.	reporting	-0.9740977592993251
en_35	english	After the war, Hitler remained in the army and after receiving intelligence and oratory training, became an intelligence official tasked with infiltrating political parties and reporting to his superiors on their activities.	infiltrating	-2.3074642951851825
en_36	english	All other things being equal, nucleophiles are generally compared to each other in terms of relative reactivity.	relative	-1.428383737446731
en_37	english	All other things being equal, nucleophiles are generally compared to each other in terms of relative reactivity.	nucleophiles	-3.630974213400596
en_38	english	All other things being equal, nucleophiles are generally compared to each other in terms of relative reactivity.	compared	-0.933581386926581
en_39	english	Also, the frictional coefficient varies greatly depending on what two substances are in contact, and the temperature and smoothness of the two substances.	frictional	-3.2787916952892338
en_40	english	Also, the frictional coefficient varies greatly depending on what two substances are in contact, and the temperature and smoothness of the two substances.	smoothness	-2.801670440569571
en_41	english	Also, the frictional coefficient varies greatly depending on what two substances are in contact, and the temperature and smoothness of the two substances.	varies	-1.3854615455864463
en_42	english	Although it requires discipline, it is extremely important to systematically work backwards in time through the record trail, exhausting all record sources for each person, before working on their parents and grandparents.	backwards	-1.5871209296947144
en_43	english	Although it requires discipline, it is extremely important to systematically work backwards in time through the record trail, exhausting all record sources for each person, before working on their parents and grandparents.	exhausting	-2.2330342047285585
en_44	english	Although it requires discipline, it is extremely important to systematically work backwards in time through the record trail, exhausting all record sources for each person, before working on their parents and grandparents.	systematically	-2.27161311066211
en_45	english	Although some frames are provided with three holes for the location pins, some brakes only work on one particular position, so take note during any disassembly as to which holes were used.	holes	-1.1405767422453648
en_46	english	Although some frames are provided with three holes for the location pins, some brakes only work on one particular position, so take note during any disassembly as to which holes were used.	frames	-1.1944140427788557
en_47	english	Although some frames are provided with three holes for the location pins, some brakes only work on one particular position, so take note during any disassembly as to which holes were used.	brakes	-1.8501170696410276
en_48	english	Although the Jews were the favored targets and are the victims we most hear about when talking about the Holocaust, they were not the only victims.	favored	-1.4059881877238243
en_49	english	Although the Jews were the favored targets and are the victims we most hear about when talking about the Holocaust, they were not the only victims.	hear	-0.5601285715172345
en_50	english	Although the Jews were the favored targets and are the victims we most hear about when talking about the Holocaust, they were not the only victims.	talking	-0.42901410045602867
en_51	english	Among these technologies was nuclear fission, the splitting of a highly electronegative atom into smaller ones, which gives off ten times as much power.	electronegative	-3.556340595103692
en_52	english	Among these technologies was nuclear fission, the splitting of a highly electronegative atom into smaller ones, which gives off ten times as much power.	technologies	-0.9715928954150709
en_53	english	Among these technologies was nuclear fission, the splitting of a highly electronegative atom into smaller ones, which gives off ten times as much power.	nuclear	-1.8290562410592037
en_54	english	An ingenious alphabet allowed the Maya to record information on their monuments and temples, giving anthropologists an excellent way to learn about Maya life and culture.	anthropologists	-2.5774156211873365
en_55	english	An ingenious alphabet allowed the Maya to record information on their monuments and temples, giving anthropologists an excellent way to learn about Maya life and culture.	excellent	-1.1869294174825198
en_56	english	An ingenious alphabet allowed the Maya to record information on their monuments and temples, giving anthropologists an excellent way to learn about Maya life and culture.	ingenious	-2.587120929694714
en_57	english	Another separate book covers Cascading Style Sheets (CSS) which handle overall look and styling, but the present book addresses CSS briefly.	overall	-1.035340229644635
en_58	english	Another separate book covers Cascading Style Sheets (CSS) which handle overall look and styling, but the present book addresses CSS briefly.	addresses	-0.9866587407250501
en_59	english	Another separate book covers Cascading Style Sheets (CSS) which handle overall look and styling, but the present book addresses CSS briefly.	handle	-1.022047230896413
en_60	english	As Governor, he followed such a strict policy of appointing only fellow Republicans to office that he became the father of the spoils system in America.	father	-1.0773945709687822
en_61	english	As Governor, he followed such a strict policy of appointing only fellow Republicans to office that he became the father of the spoils system in America.	appointing	-1.810608528357354
en_62	english	As Governor, he followed such a strict policy of appointing only fellow Republicans to office that he became the father of the spoils system in America.	spoils	-1.9374671047660796
en_63	english	As adjectives, their endings will vary according to the nouns they modify.	according	-1.0362364643090354
en_64	english	As adjectives, their endings will vary according to the nouns they modify.	vary	-1.3854615455864463
en_65	english	As adjectives, their endings will vary according to the nouns they modify.	nouns	-2.3741963532999733
en_66	english	As the single parabolic reflector achieves a greater focusing accuracy than any larger bank of mirrors can achieve, the focus is used to achieve a higher temperature which in turn allows a very efficient conversion of heat into mechanical power to drive a electrical generator.	parabolic	-3.094731506562277
en_67	english	As the single parabolic reflector achieves a greater focusing accuracy than any larger bank of mirrors can achieve, the focus is used to achieve a higher temperature which in turn allows a very efficient conversion of heat into mechanical power to drive a electrical generator.	accuracy	-1.757363016404129
en_68	english	As the single parabolic reflector achieves a greater focusing accuracy than any larger bank of mirrors can achieve, the focus is used to achieve a higher temperature which in turn allows a very efficient conversion of heat into mechanical power to drive a electrical generator.	focusing	-0.7055009676885875
en_69	english	As well as being queen of the United Kingdom of Great Britain and Ireland, she was also the first monarch to use the title Empress of India.	queen	-1.482718701056001
en_70	english	As well as being queen of the United Kingdom of Great Britain and Ireland, she was also the first monarch to use the title Empress of India.	monarch	-2.3272383243606902
en_71	english	As well as being queen of the United Kingdom of Great Britain and Ireland, she was also the first monarch to use the title Empress of India.	title	-1.0839691245209373
en_72	english	At the end of the sequence a scraper removes any toner left on the drum and the whole process is repeated with a new image.	repeated	-1.1505181086680656
en_73	english	At the end of the sequence a scraper removes any toner left on the drum and the whole process is repeated with a new image.	drum	-1.7258532274683176
en_74	english	At the end of the sequence a scraper removes any toner left on the drum and the whole process is repeated with a new image.	toner	-2.9320042090645773
en_75	english	Attachment to the fibre is attributed, at least partly, to salt formation between anionic groups in the dyes and cationic groups in the fibre.	fibre	-2.7487343653817726
en_76	english	Attachment to the fibre is attributed, at least partly, to salt formation between anionic groups in the dyes and cationic groups in the fibre.	anionic	-3.989996156042264
en_77	english	Attachment to the fibre is attributed, at least partly, to salt formation between anionic groups in the dyes and cationic groups in the fibre.	cationic	-3.8808516866171963
en_78	english	Because of the fact that his mating apparatus is barbed, much like the stinger of a worker, it will be ripped from his body after mating, and he will fall towards the earth with the only possible outcome of death.	mating	-2.549536887048747
en_79	english	Because of the fact that his mating apparatus is barbed, much like the stinger of a worker, it will be ripped from his body after mating, and he will fall towards the earth with the only possible outcome of death.	ripped	-1.526743247469795
en_80	english	Because of the fact that his mating apparatus is barbed, much like the stinger of a worker, it will be ripped from his body after mating, and he will fall towards the earth with the only possible outcome of death.	stinger	-2.926609177177871
en_81	english	Besides the new vocabulary you should also have a look at how the verbs are conjugated depending on the subject of the sentence.	conjugated	-2.8955749434379023
en_82	english	Besides the new vocabulary you should also have a look at how the verbs are conjugated depending on the subject of the sentence.	verbs	-2.166708279366521
en_83	english	Besides the new vocabulary you should also have a look at how the verbs are conjugated depending on the subject of the sentence.	vocabulary	-2.0181903566808606
en_84	english	Both make heavy use of mathematical functions to describe and predict physical phenomena that are subject to continuous change, and this requires the use of calculus.	heavy	-1.0467843839494708
en_85	english	Both make heavy use of mathematical functions to describe and predict physical phenomena that are subject to continuous change, and this requires the use of calculus.	describe	-1.0098628728566208
en_86	english	Both make heavy use of mathematical functions to describe and predict physical phenomena that are subject to continuous change, and this requires the use of calculus.	predict	-1.4920796989057532
en_87	english	British trade officials took it as a first priority to populate the recently secured areas of Canada and Florida (referring to the Treaty of Paris), where colonists could reasonably be expected to trade with the mother country.	secured	-1.2601374202920141
en_88	english	British trade officials took it as a first priority to populate the recently secured areas of Canada and Florida (referring to the Treaty of Paris), where colonists could reasonably be expected to trade with the mother country.	colonists	-2.7632121887503955
en_89	english	British trade officials took it as a first priority to populate the recently secured areas of Canada and Florida (referring to the Treaty of Paris), where colonists could reasonably be expected to trade with the mother country.	populate	-1.9102982002586089
en_90	english	Buddhism and Jainism share many  common themes and practices, including an emphasis on nonviolence and a belief that one achieves liberation through the renunciation of worldly ties which bind individuals to illusion through the process of karma, the accumulation of good and bad merit.	liberation	-2.1751779959866706
en_91	english	Buddhism and Jainism share many  common themes and practices, including an emphasis on nonviolence and a belief that one achieves liberation through the renunciation of worldly ties which bind individuals to illusion through the process of karma, the accumulation of good and bad merit.	emphasis	-1.7155084210947371
en_92	english	Buddhism and Jainism share many  common themes and practices, including an emphasis on nonviolence and a belief that one achieves liberation through the renunciation of worldly ties which bind individuals to illusion through the process of karma, the accumulation of good and bad merit.	accumulation	-2.277586994150863
en_93	english	By the 1960s more mail was being franked by postage meter than with traditional adhesive stamps.	adhesive	-2.3205464433962346
en_94	english	By the 1960s more mail was being franked by postage meter than with traditional adhesive stamps.	franked	-1.7665373009841578
en_95	english	By the 1960s more mail was being franked by postage meter than with traditional adhesive stamps.	meter	-1.3970267456030272
en_96	english	Calculating such capacitances and either exploiting them or taking necessary measures to counteract it is a big deal in engineering electric circuits.	counteract	-2.492671515234315
en_97	english	Calculating such capacitances and either exploiting them or taking necessary measures to counteract it is a big deal in engineering electric circuits.	electric	-1.483684444131082
en_98	english	Calculating such capacitances and either exploiting them or taking necessary measures to counteract it is a big deal in engineering electric circuits.	capacitances	-3.3579729413368584
en_99	english	Chapter Two investigates this connection a little more fully by discussing the mental gymnastics of problem solving.	discussing	-0.9869666854886461
en_100	english	Chapter Two investigates this connection a little more fully by discussing the mental gymnastics of problem solving.	gymnastics	-2.589581528242371
en_101	english	Chapter Two investigates this connection a little more fully by discussing the mental gymnastics of problem solving.	fully	-1.0139738722796972
en_102	english	Cheered on by southern supporters (many of whom sent Brooks new canes, to show approval of his actions), came back after a resounding reelection.	resounding	-2.741672510894286
en_103	english	Cheered on by southern supporters (many of whom sent Brooks new canes, to show approval of his actions), came back after a resounding reelection.	whom	-1.4090711803666447
en_104	english	Cheered on by southern supporters (many of whom sent Brooks new canes, to show approval of his actions), came back after a resounding reelection.	supporters	-1.7448361431252046
en_105	english	Click the attached MAC or WIN button to download the zipped font file.	font	-1.9717713359360651
en_106	english	Click the attached MAC or WIN button to download the zipped font file.	download	-1.2812111694126465
en_107	english	Click the attached MAC or WIN button to download the zipped font file.	zipped	-2.8906115239063523
en_108	english	Configuration can also be assigned on the purely empirical basis of the optical activity.	empirical	-2.3941851139913033
en_109	english	Configuration can also be assigned on the purely empirical basis of the optical activity.	assigned	-1.467738275030502
en_110	english	Configuration can also be assigned on the purely empirical basis of the optical activity.	purely	-1.7882090052188109
en_111	english	Currently, one seat equals roughly 600,000 constituents.	equals	-1.1947121513469525
en_112	english	Currently, one seat equals roughly 600,000 constituents.	constituents	-2.2576023962192955
en_113	english	Currently, one seat equals roughly 600,000 constituents.	roughly	-1.4728002580922899
en_114	english	Decorative typefaces are better suited for display type (greater than 14 points), while simpler type is better used for text (less than 14 points).	suited	-1.3072066301038163
en_115	english	Decorative typefaces are better suited for display type (greater than 14 points), while simpler type is better used for text (less than 14 points).	typefaces	-3.2330342047285585
en_116	english	Decorative typefaces are better suited for display type (greater than 14 points), while simpler type is better used for text (less than 14 points).	simpler	-0.7448714243699458
en_117	english	Despite this, we can see that there is still some interaction between Dumbledore and McGonagall, with McGonagall being a moderating influence on all parties, while exhibiting staunch loyalty to Dumbledore.	staunch	-2.8713063687109655
en_118	english	Despite this, we can see that there is still some interaction between Dumbledore and McGonagall, with McGonagall being a moderating influence on all parties, while exhibiting staunch loyalty to Dumbledore.	loyalty	-1.993109391466407
en_119	english	Despite this, we can see that there is still some interaction between Dumbledore and McGonagall, with McGonagall being a moderating influence on all parties, while exhibiting staunch loyalty to Dumbledore.	moderating	-4.056942945672877
en_120	english	Dramas, comedy and all other forms of entertainment were produced, as well as broadcasts of news and music.	comedy	-1.8573705907676732
en_121	english	Dramas, comedy and all other forms of entertainment were produced, as well as broadcasts of news and music.	broadcasts	-1.7676513532801403
en_122	english	Dramas, comedy and all other forms of entertainment were produced, as well as broadcasts of news and music.	entertainment	-1.5551992160448829
en_123	english	Drill them out using a very slow drill speed, or use a screw extractor tool for stuck screws.	extractor	-2.900595744812953
en_124	english	Drill them out using a very slow drill speed, or use a screw extractor tool for stuck screws.	drill	-1.5731180046587083
en_125	english	Drill them out using a very slow drill speed, or use a screw extractor tool for stuck screws.	stuck	-1.386387876151441
en_126	english	Each side had induced their new partners to join by offering territorial concessions.	offering	-1.7409726002159596
en_127	english	Each side had induced their new partners to join by offering territorial concessions.	join	-0.7569274878883672
en_128	english	Each side had induced their new partners to join by offering territorial concessions.	partners	-1.0504055965550996
en_129	english	Each year the membership count for this club increases and the need for small group leaders, also known as Core Facilitators, in dorms increases as well.	dorms	-2.277586994150863
en_130	english	Each year the membership count for this club increases and the need for small group leaders, also known as Core Facilitators, in dorms increases as well.	membership	-1.7843278848234787
en_131	english	Each year the membership count for this club increases and the need for small group leaders, also known as Core Facilitators, in dorms increases as well.	count	-1.056581184317596
en_132	english	Electronically controlled motorized zoom lenses are placed on both camera and projector, and synchronized with one another so that both lenses zoom together and at the same focal length at all times.	zoom	-1.33871814204412
en_133	english	Electronically controlled motorized zoom lenses are placed on both camera and projector, and synchronized with one another so that both lenses zoom together and at the same focal length at all times.	motorized	-2.7487343653817726
en_134	english	Electronically controlled motorized zoom lenses are placed on both camera and projector, and synchronized with one another so that both lenses zoom together and at the same focal length at all times.	focal	-2.166708279366521
en_135	english	Environmental conditions such as current or temperature gradients cause the bubble to pinch off, creating two bubbles containing similar concentrations of materials.	gradients	-2.21914414440012
en_136	english	Environmental conditions such as current or temperature gradients cause the bubble to pinch off, creating two bubbles containing similar concentrations of materials.	bubble	-1.5388679087953603
en_137	english	Environmental conditions such as current or temperature gradients cause the bubble to pinch off, creating two bubbles containing similar concentrations of materials.	pinch	-1.880369405077458
en_138	english	Ever the patriot, Laurens continued to serve his nation as one of the three representatives selected to negotiate terms at the Paris Peace Conference in 1782.	selected	-1.032867958365451
en_139	english	Ever the patriot, Laurens continued to serve his nation as one of the three representatives selected to negotiate terms at the Paris Peace Conference in 1782.	continued	-0.6569233106077188
en_140	english	Ever the patriot, Laurens continued to serve his nation as one of the three representatives selected to negotiate terms at the Paris Peace Conference in 1782.	negotiate	-1.7774280921466918
en_141	english	Everything that you study is geared to prepare you for organic syntheses and other chemical transformations performed in the lab.	transformations	-1.6274598286675594
en_142	english	Everything that you study is geared to prepare you for organic syntheses and other chemical transformations performed in the lab.	performed	-1.0705444769920538
en_143	english	Everything that you study is geared to prepare you for organic syntheses and other chemical transformations performed in the lab.	prepare	-0.901303311913101
en_144	english	Exercises and review sections are ideally contribute a designed repetition pattern.	contribute	-1.2323832510989636
en_145	english	Exercises and review sections are ideally contribute a designed repetition pattern.	ideally	-1.7501606211198049
en_146	english	Exercises and review sections are ideally contribute a designed repetition pattern.	repetition	-2.105119910356965
en_147	english	Hard lines are often made to be pressurised with nitrogen or desiccated air, which provide an excellent dielectric even at the high temperatures generated by thousands of watts of RF energy, especially during intense summer heat and sunshine.	desiccated	-3.4037304318975337
en_148	english	Hard lines are often made to be pressurised with nitrogen or desiccated air, which provide an excellent dielectric even at the high temperatures generated by thousands of watts of RF energy, especially during intense summer heat and sunshine.	watts	-2.1629963381208035
en_149	english	Hard lines are often made to be pressurised with nitrogen or desiccated air, which provide an excellent dielectric even at the high temperatures generated by thousands of watts of RF energy, especially during intense summer heat and sunshine.	intense	-1.4229697898832037
en_150	english	He believes they are expressing the same concerns that he feels, but only in a different way, and that he is morally required to tolerate them because they are weaker than he is.	tolerate	-1.9670378342334793
en_151	english	He believes they are expressing the same concerns that he feels, but only in a different way, and that he is morally required to tolerate them because they are weaker than he is.	morally	-2.353651567554216
en_152	english	He believes they are expressing the same concerns that he feels, but only in a different way, and that he is morally required to tolerate them because they are weaker than he is.	believes	-0.6409685342963114
en_153	english	He had an exemplary record of service and received the prestigious Iron Cross, both First and Second Class, and also achieved the undistinguished rank of Corporal.	rank	-1.4050191405045818
en_154	english	He had an exemplary record of service and received the prestigious Iron Cross, both First and Second Class, and also achieved the undistinguished rank of Corporal.	undistinguished	-4.2330342047285585
en_155	english	He had an exemplary record of service and received the prestigious Iron Cross, both First and Second Class, and also achieved the undistinguished rank of Corporal.	prestigious	-2.124976830944705
en_156	english	He was also responsible for drug smuggling and murder, and bribed both police and important politicians.	bribed	-2.3817758560094835
en_157	english	He was also responsible for drug smuggling and murder, and bribed both police and important politicians.	drug	-1.3804017468170442
en_158	english	He was also responsible for drug smuggling and murder, and bribed both police and important politicians.	police	-1.331031313377829
en_159	english	Heavy spidering can lead to your spider, or your IP, being barred with prejudice from access to the site.	barred	-1.0643894278407418
en_160	english	Heavy spidering can lead to your spider, or your IP, being barred with prejudice from access to the site.	spidering	-4.2330342047285585
en_161	english	Heavy spidering can lead to your spider, or your IP, being barred with prejudice from access to the site.	prejudice	-2.1867341850755895
en_162	english	However if the program is some type of editor running on a desktop, you may want to give the operator the option of saving their tediously entered information instead of just exiting the program.	exiting	-1.5000376766174295
en_163	english	However if the program is some type of editor running on a desktop, you may want to give the operator the option of saving their tediously entered information instead of just exiting the program.	saving	-0.7768200493705697
en_164	english	However if the program is some type of editor running on a desktop, you may want to give the operator the option of saving their tediously entered information instead of just exiting the program.	tediously	-3.9320042090645773
en_165	english	However in one area it possesses a highly sensitive power, namely the right to withdraw or block Supply, i.e.	highly	-1.0717410873083055
en_166	english	However in one area it possesses a highly sensitive power, namely the right to withdraw or block Supply, i.e.	namely	-1.9826142024196647
en_167	english	However in one area it possesses a highly sensitive power, namely the right to withdraw or block Supply, i.e.	possesses	-1.718154549505765
en_168	english	However, despite these mostly unavoidable limitations, several SUVs and larger trucks have been successfully converted to electric power by hobbyists.	despite	-1.1891809210226767
en_169	english	However, despite these mostly unavoidable limitations, several SUVs and larger trucks have been successfully converted to electric power by hobbyists.	successfully	-1.4561514974430836
en_170	english	However, despite these mostly unavoidable limitations, several SUVs and larger trucks have been successfully converted to electric power by hobbyists.	unavoidable	-2.6364371091020984
en_171	english	However, heavy, persistent rainfall and rainstorms may cause flooding and waterlogged conditions in the soils, as well as serious rainsplash erosion.	persistent	-2.0025852833502844
en_172	english	However, heavy, persistent rainfall and rainstorms may cause flooding and waterlogged conditions in the soils, as well as serious rainsplash erosion.	rainsplash	-4.835094196056521
en_173	english	However, heavy, persistent rainfall and rainstorms may cause flooding and waterlogged conditions in the soils, as well as serious rainsplash erosion.	rainstorms	-2.8222569713513486
en_174	english	However, in general, it is necessary to apply those laws to an infinitesimal control volume, then use the resulting differential equations.	differential	-2.203650427043349
en_175	english	However, in general, it is necessary to apply those laws to an infinitesimal control volume, then use the resulting differential equations.	resulting	-0.7496965740395516
en_176	english	However, in general, it is necessary to apply those laws to an infinitesimal control volume, then use the resulting differential equations.	infinitesimal	-3.4371541873844835
en_177	english	However, it hardly needs saying that this artifice would have limited value if we knew the myth to be a lie.	myth	-1.7847144397950632
en_178	english	However, it hardly needs saying that this artifice would have limited value if we knew the myth to be a lie.	artifice	-3.2910261517062454
en_179	english	However, it hardly needs saying that this artifice would have limited value if we knew the myth to be a lie.	hardly	-1.6515396624376593
en_180	english	However, it should be clear that different wavelengths will undergo constructive interference for different angles of incidence of the incoming light.	constructive	-2.1986062997031555
en_181	english	However, it should be clear that different wavelengths will undergo constructive interference for different angles of incidence of the incoming light.	undergo	-1.8346601185772022
en_182	english	However, it should be clear that different wavelengths will undergo constructive interference for different angles of incidence of the incoming light.	angles	-1.2984095234355908
en_183	english	However, the attenuation can only go as far as the synaptic and cortical plasticity of the brain, because the seriousness of ADHD mostly depends on neurobiological aspects.	mostly	-1.0758041630322168
en_184	english	However, the attenuation can only go as far as the synaptic and cortical plasticity of the brain, because the seriousness of ADHD mostly depends on neurobiological aspects.	depends	-0.8525968268588086
en_185	english	However, the attenuation can only go as far as the synaptic and cortical plasticity of the brain, because the seriousness of ADHD mostly depends on neurobiological aspects.	synaptic	-3.1275240199585848
en_186	english	Hydrogen peroxide will spontaneously degrade into water and molecular oxygen, however, the presence of a catalyst speeds up this reaction to the point that it has been used a fuel source for torpedoes and even spacecraft.	speeds	-1.022448179823402
en_187	english	Hydrogen peroxide will spontaneously degrade into water and molecular oxygen, however, the presence of a catalyst speeds up this reaction to the point that it has been used a fuel source for torpedoes and even spacecraft.	spontaneously	-2.514947909945467
en_188	english	Hydrogen peroxide will spontaneously degrade into water and molecular oxygen, however, the presence of a catalyst speeds up this reaction to the point that it has been used a fuel source for torpedoes and even spacecraft.	peroxide	-2.905675270342228
en_189	english	I genuinely value the collaborative spirit of this platform and am committed to being more vigilant about copyright issues in the future.	committed	-1.215270695599243
en_190	english	I genuinely value the collaborative spirit of this platform and am committed to being more vigilant about copyright issues in the future.	collaborative	-1.8222569713513488
en_191	english	I genuinely value the collaborative spirit of this platform and am committed to being more vigilant about copyright issues in the future.	platform	-1.1113923020652532
en_192	english	I understand your concerns about copyright issues and the need to maintain the integrity of the content on the platform.	concerns	-1.1134484297667746
en_193	english	I understand your concerns about copyright issues and the need to maintain the integrity of the content on the platform.	maintain	-1.087604703797848
en_194	english	I understand your concerns about copyright issues and the need to maintain the integrity of the content on the platform.	copyright	-2.0420025958799406
en_195	english	If not, gently massage the cramped muscle you may also try applying ice.	cramped	-2.584674193747627
en_196	english	If not, gently massage the cramped muscle you may also try applying ice.	massage	-1.969990221415393
en_197	english	If not, gently massage the cramped muscle you may also try applying ice.	applying	-0.8612738717038373
en_198	english	If possible locate a beekeeper in your area that may be willing to guide you along or even mentor you during your newfound interests.	mentor	-1.6015904357153865
en_199	english	If possible locate a beekeeper in your area that may be willing to guide you along or even mentor you during your newfound interests.	newfound	-2.4714822161643766
en_200	english	If possible locate a beekeeper in your area that may be willing to guide you along or even mentor you during your newfound interests.	willing	-1.1721475817238962
en_201	english	In attempts to improve accuracy the Army employed a large group of mathematicians to continuously calculate differential equations required for solving ballistic firing tables.	mathematicians	-2.4134902691866897
en_202	english	In attempts to improve accuracy the Army employed a large group of mathematicians to continuously calculate differential equations required for solving ballistic firing tables.	calculate	-1.4883501414516722
en_203	english	In attempts to improve accuracy the Army employed a large group of mathematicians to continuously calculate differential equations required for solving ballistic firing tables.	continuously	-1.7392277425779783
en_204	english	In many annual species, only the seed exists during unfavorable dry or cold conditions.	exists	-0.9091120957294178
en_205	english	In many annual species, only the seed exists during unfavorable dry or cold conditions.	unfavorable	-2.8528229630169526
en_206	english	In many annual species, only the seed exists during unfavorable dry or cold conditions.	annual	-1.4671794572627683
en_207	english	In northern Europe (north Germany, Netherlands, and France), the middle class tended to be Protestant, which corresponded with their work ethic and philosophy.	northern	-1.5071225724335104
en_208	english	In northern Europe (north Germany, Netherlands, and France), the middle class tended to be Protestant, which corresponded with their work ethic and philosophy.	corresponded	-1.9542806037757297
en_209	english	In northern Europe (north Germany, Netherlands, and France), the middle class tended to be Protestant, which corresponded with their work ethic and philosophy.	tended	-1.06247914620735
en_210	english	In order to obtain this field, the room has to be sufficiently reverberant and the frequencies have to be high enough to avoid the effects of predominating modes.	sufficiently	-2.2341213003697726
en_211	english	In order to obtain this field, the room has to be sufficiently reverberant and the frequencies have to be high enough to avoid the effects of predominating modes.	frequencies	-1.6425267427199752
en_212	english	In order to obtain this field, the room has to be sufficiently reverberant and the frequencies have to be high enough to avoid the effects of predominating modes.	predominating	-4.357972941336858
en_213	english	In organic chemistry, carbon is very frequently used, so chemists know that there is a carbon atom at the endpoints of every line that is not specifically labeled.	frequently	-1.4487736221624747
en_214	english	In organic chemistry, carbon is very frequently used, so chemists know that there is a carbon atom at the endpoints of every line that is not specifically labeled.	specifically	-1.0262083286967087
en_215	english	In organic chemistry, carbon is very frequently used, so chemists know that there is a carbon atom at the endpoints of every line that is not specifically labeled.	chemists	-2.458517239000009
en_216	english	In the context of programming languages, with a declarative you give facts and rules to the computer which can then be queried to give data back.	declarative	-3.2118449056586207
en_217	english	In the context of programming languages, with a declarative you give facts and rules to the computer which can then be queried to give data back.	programming	-1.6205152424860219
en_218	english	In the context of programming languages, with a declarative you give facts and rules to the computer which can then be queried to give data back.	queried	-1.9918614179585115
en_219	english	In the example above, the conserved quantity would be socks, the system would be the dryer, and the system is closed as long as nobody puts socks into or takes socks out of the dryer.	socks	-1.8708345658596721
en_220	english	In the example above, the conserved quantity would be socks, the system would be the dryer, and the system is closed as long as nobody puts socks into or takes socks out of the dryer.	puts	-0.3903313772538473
en_221	english	In the example above, the conserved quantity would be socks, the system would be the dryer, and the system is closed as long as nobody puts socks into or takes socks out of the dryer.	nobody	-1.0591198649271518
en_222	english	In the final step, one of the hydrogens of the bonded water molecule is attacked by another water molecule, leaving an alcohol.	attacked	-1.071965819257384
en_223	english	In the final step, one of the hydrogens of the bonded water molecule is attacked by another water molecule, leaving an alcohol.	molecule	-1.9623553685838522
en_224	english	In the final step, one of the hydrogens of the bonded water molecule is attacked by another water molecule, leaving an alcohol.	bonded	-1.441694500763419
en_225	english	In these cases, the role of the implementing agent is to provide seed inputs, including, but not limited, to capital that will get the project started and enable it to continue under its own impetus after the implementer departs.	implementer	-3.1629963381208035
en_226	english	In these cases, the role of the implementing agent is to provide seed inputs, including, but not limited, to capital that will get the project started and enable it to continue under its own impetus after the implementer departs.	implementing	-1.2887983609350786
en_227	english	In these cases, the role of the implementing agent is to provide seed inputs, including, but not limited, to capital that will get the project started and enable it to continue under its own impetus after the implementer departs.	enable	-1.225499786831301
en_228	english	In this system, compounds are named by analogy to glyceraldehyde, which generally produces unambiguous designations, but is easiest to see in the small biomolecules similar to glyceraldehyde.	biomolecules	-3.7559129500088964
en_229	english	In this system, compounds are named by analogy to glyceraldehyde, which generally produces unambiguous designations, but is easiest to see in the small biomolecules similar to glyceraldehyde.	easiest	-0.545371497842723
en_230	english	In this system, compounds are named by analogy to glyceraldehyde, which generally produces unambiguous designations, but is easiest to see in the small biomolecules similar to glyceraldehyde.	analogy	-1.8842427371679744
en_231	english	Initial data from the analysis of the cardiovascular disease drug simvastatin were presented at the conference.	presented	-0.8316767508543272
en_232	english	Initial data from the analysis of the cardiovascular disease drug simvastatin were presented at the conference.	cardiovascular	-2.3023398170640235
en_233	english	Initial data from the analysis of the cardiovascular disease drug simvastatin were presented at the conference.	simvastatin	-4.357972941336858
en_234	english	Instead it moves on immediately to the stop bits, and is an admission that parity checking at this level is really useless.	moves	-0.483491123637392
en_235	english	Instead it moves on immediately to the stop bits, and is an admission that parity checking at this level is really useless.	immediately	-1.025130674342507
en_236	english	Instead it moves on immediately to the stop bits, and is an admission that parity checking at this level is really useless.	admission	-1.9170638592716407
en_237	english	Instead of relying on them to have the right shell, you can simply specify which shell they should use.	relying	-1.2911502535736146
en_238	english	Instead of relying on them to have the right shell, you can simply specify which shell they should use.	shell	-1.5584026672114812
en_239	english	Instead of relying on them to have the right shell, you can simply specify which shell they should use.	specify	-1.6971074633329892
en_240	english	Intercellular connections allow heterocytes to transport fixed nitrogen to neighboring cells and to receive carbohydrates.	heterocytes	-4.835094196056521
en_241	english	Intercellular connections allow heterocytes to transport fixed nitrogen to neighboring cells and to receive carbohydrates.	fixed	-0.9821265050277025
en_242	english	Intercellular connections allow heterocytes to transport fixed nitrogen to neighboring cells and to receive carbohydrates.	connections	-1.0127953247941546
en_243	english	Irregular Bones have  peculiar forms, cannot be grouped under the preceding heads, and are used for muscle attachment and articulation.	preceding	-2.101094909518134
en_244	english	Irregular Bones have  peculiar forms, cannot be grouped under the preceding heads, and are used for muscle attachment and articulation.	attachment	-1.854636303780421
en_245	english	Irregular Bones have  peculiar forms, cannot be grouped under the preceding heads, and are used for muscle attachment and articulation.	grouped	-0.7205832912076465
en_246	english	It adds a button to the editing toolbar in the source editor, so it is most convenient for redlinked user talk pages, but it can save a click or two otherwise as well, even though it may not be as quick as Twinkle.	button	-0.8816244528031196
en_247	english	It adds a button to the editing toolbar in the source editor, so it is most convenient for redlinked user talk pages, but it can save a click or two otherwise as well, even though it may not be as quick as Twinkle.	redlinked	-4.835094196056521
en_248	english	It adds a button to the editing toolbar in the source editor, so it is most convenient for redlinked user talk pages, but it can save a click or two otherwise as well, even though it may not be as quick as Twinkle.	click	-0.8455553927360185
en_249	english	It has been said that he had to cut his way through the trackless forest, which doubtless was the case in this town at least.	trackless	-3.688966160378283
en_250	english	It has been said that he had to cut his way through the trackless forest, which doubtless was the case in this town at least.	town	-1.0474212313690279
en_251	english	It has been said that he had to cut his way through the trackless forest, which doubtless was the case in this town at least.	doubtless	-3.0090193933556946
en_252	english	It is generally believed that the pilus is assembled from its base, as a pool of pilin is found in the cell membrane.	pilus	-4.357972941336858
en_253	english	It is generally believed that the pilus is assembled from its base, as a pool of pilin is found in the cell membrane.	assembled	-1.7018747393240266
en_254	english	It is generally believed that the pilus is assembled from its base, as a pool of pilin is found in the cell membrane.	pilin	-4.835094196056521
en_255	english	It is important when planning a blended learning lesson within the primary grades to focus on a unit of study, then intertwine it with technology.	grades	-1.2925177197959914
en_256	english	It is important when planning a blended learning lesson within the primary grades to focus on a unit of study, then intertwine it with technology.	intertwine	-2.338164547983306
en_257	english	It is important when planning a blended learning lesson within the primary grades to focus on a unit of study, then intertwine it with technology.	blended	-1.4539791153466703
en_258	english	It is used by the immune system, for DNA synthesis, for healing wounds, and for normal growth and development during hormonally active periods.	hormonally	-3.793701510898296
en_259	english	It is used by the immune system, for DNA synthesis, for healing wounds, and for normal growth and development during hormonally active periods.	immune	-1.8231010813972641
en_260	english	It is used by the immune system, for DNA synthesis, for healing wounds, and for normal growth and development during hormonally active periods.	healing	-1.5940460453848766
en_261	english	It repeatedly shows illustrations of Scouts in sunny mountain scenes with no hats whatsoever.	illustrations	-1.8823017530124289
en_262	english	It repeatedly shows illustrations of Scouts in sunny mountain scenes with no hats whatsoever.	whatsoever	-1.6883461824258812
en_263	english	It repeatedly shows illustrations of Scouts in sunny mountain scenes with no hats whatsoever.	repeatedly	-1.8694222248364143
en_264	english	It was discovered by goons and other English speakers, and for a while, posting between the two languages flourished.	goons	-2.965862476325545
en_265	english	It was discovered by goons and other English speakers, and for a while, posting between the two languages flourished.	posting	-2.244029589030022
en_266	english	It was discovered by goons and other English speakers, and for a while, posting between the two languages flourished.	discovered	-1.0640214128353263
en_267	english	It will take you to the page which matches your query, otherwise it displays the search results.	displays	-1.1830413478084159
en_268	english	It will take you to the page which matches your query, otherwise it displays the search results.	matches	-1.0374804659034451
en_269	english	It will take you to the page which matches your query, otherwise it displays the search results.	otherwise	-1.0539134751192594
en_270	english	Its hydrogen is easy to remove, so serine and threonine often act as hydrogen donors in enzymes.	hydrogen	-2.0986976937798785
en_271	english	Its hydrogen is easy to remove, so serine and threonine often act as hydrogen donors in enzymes.	donors	-2.0455134838920954
en_272	english	Its hydrogen is easy to remove, so serine and threonine often act as hydrogen donors in enzymes.	serine	-3.793701510898296
en_273	english	James was overthrown (he was technically held abdicated by Parliament) in the bloodless Glorious Revolution of 1688.	overthrown	-2.3367836422669206
en_274	english	James was overthrown (he was technically held abdicated by Parliament) in the bloodless Glorious Revolution of 1688.	technically	-1.454159732725819
en_275	english	James was overthrown (he was technically held abdicated by Parliament) in the bloodless Glorious Revolution of 1688.	abdicated	-2.996245105319266
en_276	english	Lastly, the study looked at the conversation of polyunsaturated rich phospholipids to triacylglyerides via a phospholipase C pathway.	looked	-0.25756792977096965
en_277	english	Lastly, the study looked at the conversation of polyunsaturated rich phospholipids to triacylglyerides via a phospholipase C pathway.	rich	-1.1510571585700011
en_278	english	Lastly, the study looked at the conversation of polyunsaturated rich phospholipids to triacylglyerides via a phospholipase C pathway.	phospholipase	-4.2330342047285585
en_279	english	Lewis dot structures are useful for introducing the idea of covalence and bonding in small molecules, but other model types have much more capability to communicate chemistry concepts.	communicate	-1.213502520197303
en_280	english	Lewis dot structures are useful for introducing the idea of covalence and bonding in small molecules, but other model types have much more capability to communicate chemistry concepts.	bonding	-2.324549185849909
en_281	english	Lewis dot structures are useful for introducing the idea of covalence and bonding in small molecules, but other model types have much more capability to communicate chemistry concepts.	covalence	-4.53406420039254
en_282	english	Like creating arrays without dynamic allocation, the programmer must initialize the array with sensible values before using it.	array	-1.7241679537901007
en_283	english	Like creating arrays without dynamic allocation, the programmer must initialize the array with sensible values before using it.	dynamic	-1.3426131859276442
en_284	english	Like creating arrays without dynamic allocation, the programmer must initialize the array with sensible values before using it.	arrays	-1.7241679537901007
en_285	english	Mail is generated internally by the Postfix system itself, in order to notify the postmaster of a problem (this path is also indicated with the unlabeled arrow).	generated	-1.2177792627582271
en_286	english	Mail is generated internally by the Postfix system itself, in order to notify the postmaster of a problem (this path is also indicated with the unlabeled arrow).	postmaster	-3.3579729413368584
en_287	english	Mail is generated internally by the Postfix system itself, in order to notify the postmaster of a problem (this path is also indicated with the unlabeled arrow).	notify	-1.5932987647613222
en_288	english	Many federations use these grants to correct imbalances between taxing and spending across different levels of government.	spending	-1.891105320982749
en_289	english	Many federations use these grants to correct imbalances between taxing and spending across different levels of government.	federations	-2.261062928328802
en_290	english	Many federations use these grants to correct imbalances between taxing and spending across different levels of government.	grants	-1.2390471885110819
en_291	english	Many freshwater protists have contractile vacuoles that pump excess water out of the cell, thereby maintaining a suitable concentration of ions and molecules inside the cell.	vacuoles	-3.688966160378283
en_292	english	Many freshwater protists have contractile vacuoles that pump excess water out of the cell, thereby maintaining a suitable concentration of ions and molecules inside the cell.	protists	-3.7559129500088964
en_293	english	Many freshwater protists have contractile vacuoles that pump excess water out of the cell, thereby maintaining a suitable concentration of ions and molecules inside the cell.	thereby	-2.1378648532968034
en_294	english	Milk is a valuable nutritious food, providing vitamins and essential fats to those who can properly digest it.	fats	-1.458517239000009
en_295	english	Milk is a valuable nutritious food, providing vitamins and essential fats to those who can properly digest it.	nutritious	-2.3608779319802657
en_296	english	Milk is a valuable nutritious food, providing vitamins and essential fats to those who can properly digest it.	properly	-1.2233708880491792
en_297	english	Modern use of emoticons in electronic discussion is generally traced to a proposal in 1982.	electronic	-1.6189282937705278
en_298	english	Modern use of emoticons in electronic discussion is generally traced to a proposal in 1982.	emoticons	-3.473366360038928
en_299	english	Modern use of emoticons in electronic discussion is generally traced to a proposal in 1982.	traced	-1.5639498781074426
en_300	english	Most DNS queries (such as name resolution requests) use UDP connections as the amount of data transferred is small and the session establishment overhead would introduce unnecessary traffic and load on nameservers.	introduce	-0.9525696581016405
en_301	english	Most DNS queries (such as name resolution requests) use UDP connections as the amount of data transferred is small and the session establishment overhead would introduce unnecessary traffic and load on nameservers.	unnecessary	-1.8398979044593415
en_302	english	Most DNS queries (such as name resolution requests) use UDP connections as the amount of data transferred is small and the session establishment overhead would introduce unnecessary traffic and load on nameservers.	traffic	-1.4231379581261194
en_303	english	Multiple consecutive conflicts are noticed, and will generate a slightly different message.	consecutive	-2.2308681429720507
en_304	english	Multiple consecutive conflicts are noticed, and will generate a slightly different message.	conflicts	-1.426176175209741
en_305	english	Multiple consecutive conflicts are noticed, and will generate a slightly different message.	slightly	-1.1062536277165496
en_306	english	Near the end of the War, Germany tries to fight for a last stand with the Allies.	tries	-0.37875853423291383
en_307	english	Near the end of the War, Germany tries to fight for a last stand with the Allies.	fight	-0.9127320992717309
en_308	english	Near the end of the War, Germany tries to fight for a last stand with the Allies.	stand	-0.7119942408009466
en_309	english	No two or more States shall enter into any treaty, confederation or alliance whatever between them, without the consent of the United States in Congress assembled, specifying accurately the purposes for which the same is to be entered into, and how long it shall continue.	purposes	-0.950752048409462
en_310	english	No two or more States shall enter into any treaty, confederation or alliance whatever between them, without the consent of the United States in Congress assembled, specifying accurately the purposes for which the same is to be entered into, and how long it shall continue.	alliance	-1.8209938745369003
en_311	english	No two or more States shall enter into any treaty, confederation or alliance whatever between them, without the consent of the United States in Congress assembled, specifying accurately the purposes for which the same is to be entered into, and how long it shall continue.	accurately	-1.8560012954181946
en_312	english	Often the talk pages of controversial topics can be very heavily used.	talk	-0.42901410045602867
en_313	english	Often the talk pages of controversial topics can be very heavily used.	topics	-1.0024575684598176
en_314	english	Often the talk pages of controversial topics can be very heavily used.	heavily	-1.4525368741477351
en_315	english	On the German side, however, a gap developed between the westernmost army corps, and the rapid advance was exhausting the troops.	advance	-1.244698248872508
en_316	english	On the German side, however, a gap developed between the westernmost army corps, and the rapid advance was exhausting the troops.	westernmost	-3.5340642003925398
en_317	english	On the German side, however, a gap developed between the westernmost army corps, and the rapid advance was exhausting the troops.	rapid	-1.6082366257677974
en_318	english	One important thing to mention is that characters for numerals are represented differently from their corresponding number, i.e.	mention	-0.7748875749891708
en_319	english	One important thing to mention is that characters for numerals are represented differently from their corresponding number, i.e.	corresponding	-1.914970869765797
en_320	english	One important thing to mention is that characters for numerals are represented differently from their corresponding number, i.e.	numerals	-2.9374671047660796
en_321	english	One week after the last comment if participants have mostly reached consensus about what to do, action will be taken by an administrator.	reached	-0.7431108638192092
en_322	english	One week after the last comment if participants have mostly reached consensus about what to do, action will be taken by an administrator.	participants	-1.581029743142183
en_323	english	One week after the last comment if participants have mostly reached consensus about what to do, action will be taken by an administrator.	consensus	-2.0221808394136653
en_324	english	Only the Resurrection Stone seems dubious to Hermione, though Harry hopes it could resurrect his dead parents.	hopes	-0.518201692295226
en_325	english	Only the Resurrection Stone seems dubious to Hermione, though Harry hopes it could resurrect his dead parents.	resurrect	-2.3285891636516487
en_326	english	Only the Resurrection Stone seems dubious to Hermione, though Harry hopes it could resurrect his dead parents.	dubious	-2.622906591652563
en_327	english	Organic chemistry focuses on carbon and following movement of the electrons in carbon chains and rings, and also how electrons are shared with other carbon atoms and heteroatoms.	focuses	-0.7055009676885875
en_328	english	Organic chemistry focuses on carbon and following movement of the electrons in carbon chains and rings, and also how electrons are shared with other carbon atoms and heteroatoms.	shared	-0.5952443753663295
en_329	english	Organic chemistry focuses on carbon and following movement of the electrons in carbon chains and rings, and also how electrons are shared with other carbon atoms and heteroatoms.	atoms	-2.0792193403840296
en_330	english	Over time, the meat softens and develops more in flavor, and for certain meats this process can be carefully extended in a process called aging.	softens	-2.0598479363162845
en_331	english	Over time, the meat softens and develops more in flavor, and for certain meats this process can be carefully extended in a process called aging.	extended	-1.2099876206530533
en_332	english	Over time, the meat softens and develops more in flavor, and for certain meats this process can be carefully extended in a process called aging.	carefully	-1.3822348602606687
en_333	english	Picture opening the hood of a car and finding a washing machine where the engine should be.	washing	-1.9844479608734544
en_334	english	Picture opening the hood of a car and finding a washing machine where the engine should be.	engine	-1.3240133505174025
en_335	english	Picture opening the hood of a car and finding a washing machine where the engine should be.	hood	-1.7698880680022089
en_336	english	Private bills affect a specific named company, person or other entity (for instance, authorising major constructions on specific named public lands).	entity	-1.610043499918472
en_337	english	Private bills affect a specific named company, person or other entity (for instance, authorising major constructions on specific named public lands).	named	-0.4674401494091136
en_338	english	Private bills affect a specific named company, person or other entity (for instance, authorising major constructions on specific named public lands).	constructions	-1.3636557886672218
en_339	english	Ranging in size from oversized lakes and enclosed valleys to miniature ponds, these depressions were left by buried ice that eventually melted.	eventually	-1.0161428844163483
en_340	english	Ranging in size from oversized lakes and enclosed valleys to miniature ponds, these depressions were left by buried ice that eventually melted.	depressions	-1.6066938373535162
en_341	english	Ranging in size from oversized lakes and enclosed valleys to miniature ponds, these depressions were left by buried ice that eventually melted.	lakes	-1.4092340509786805
en_342	english	Remember that text will flow and wrap differently for other users, based on their chosen browser, screen resolution, default font size, accessibility options, number of toolbars and sidebars (such as instant messaging panes) and more.	chosen	-0.6989446099679901
en_343	english	Remember that text will flow and wrap differently for other users, based on their chosen browser, screen resolution, default font size, accessibility options, number of toolbars and sidebars (such as instant messaging panes) and more.	wrap	-1.0952845970351621
en_344	english	Remember that text will flow and wrap differently for other users, based on their chosen browser, screen resolution, default font size, accessibility options, number of toolbars and sidebars (such as instant messaging panes) and more.	default	-1.4798342905291426
en_345	english	Rescue breathing is used if the victim does not begin breathing when the airway is opened.	breathing	-1.7643177332130862
en_346	english	Rescue breathing is used if the victim does not begin breathing when the airway is opened.	victim	-1.5412898361371843
en_347	english	Rescue breathing is used if the victim does not begin breathing when the airway is opened.	begin	-0.7298565953104983
en_348	english	Sensitive pads of our fingertips used as tactile antennae gauge the slightest startle, tenseness, or hesitation of response.	hesitation	-2.2645512561746233
en_349	english	Sensitive pads of our fingertips used as tactile antennae gauge the slightest startle, tenseness, or hesitation of response.	fingertips	-2.124976830944705
en_350	english	Sensitive pads of our fingertips used as tactile antennae gauge the slightest startle, tenseness, or hesitation of response.	slightest	-1.5244008837131604
en_351	english	She arranges the loan of a repair person from her competitor, but in the meantime organizes a large number of men with lanterns into a manual signaling system.	manual	-1.5386484018501247
en_352	english	She arranges the loan of a repair person from her competitor, but in the meantime organizes a large number of men with lanterns into a manual signaling system.	arranges	-1.6087521088928902
en_353	english	She arranges the loan of a repair person from her competitor, but in the meantime organizes a large number of men with lanterns into a manual signaling system.	organizes	-1.2724445238446043
en_354	english	She had been surprised that Taggart had dropped by her slum room one day, out of the blue.	slum	-2.6419695977020594
en_355	english	She had been surprised that Taggart had dropped by her slum room one day, out of the blue.	surprised	-1.0522633908539292
en_356	english	She had been surprised that Taggart had dropped by her slum room one day, out of the blue.	dropped	-0.8144015173744931
en_357	english	Since most textbooks are developed by, or based on the contributions of subject matter experts, this requirement is usually well attended to.	attended	-1.246598395049311
en_358	english	Since most textbooks are developed by, or based on the contributions of subject matter experts, this requirement is usually well attended to.	textbooks	-1.9056752703422282
en_359	english	Since most textbooks are developed by, or based on the contributions of subject matter experts, this requirement is usually well attended to.	contributions	-1.5153637017262964
en_360	english	Since the elementary idea of functions is better understood from the classical viewpoint, we shall use it hereafter.	classical	-1.891105320982749
en_361	english	Since the elementary idea of functions is better understood from the classical viewpoint, we shall use it hereafter.	elementary	-1.7793337313687863
en_362	english	Since the elementary idea of functions is better understood from the classical viewpoint, we shall use it hereafter.	understood	-0.610923844367339
en_363	english	Some of the variations are fees, overdraft protection, minimum balances, allowable account linkages (e.g., checking and savings), and rules on opening the account.	overdraft	-3.4371541873844835
en_364	english	Some of the variations are fees, overdraft protection, minimum balances, allowable account linkages (e.g., checking and savings), and rules on opening the account.	minimum	-1.421962145621649
en_365	english	Some of the variations are fees, overdraft protection, minimum balances, allowable account linkages (e.g., checking and savings), and rules on opening the account.	checking	-0.5709377593106351
en_366	english	Some parts may never be eaten and some are not normally processed as kosher meat in the United States, due to the additional labor involved.	meat	-1.4307737288347901
en_367	english	Some parts may never be eaten and some are not normally processed as kosher meat in the United States, due to the additional labor involved.	kosher	-2.7523088257400707
en_368	english	Some parts may never be eaten and some are not normally processed as kosher meat in the United States, due to the additional labor involved.	normally	-1.1131187944705674
en_369	english	Some students find the ablative difficult since it sometimes looks like the nominative singular, dative plural or neither.	nominative	-3.721150843749684
en_370	english	Some students find the ablative difficult since it sometimes looks like the nominative singular, dative plural or neither.	dative	-3.8808516866171963
en_371	english	Some students find the ablative difficult since it sometimes looks like the nominative singular, dative plural or neither.	ablative	-3.9320042090645773
en_372	english	Sometimes you will need to manipulate expressions into a usable form before it is possible to perform operations in calculus.	perform	-1.0705444769920538
en_373	english	Sometimes you will need to manipulate expressions into a usable form before it is possible to perform operations in calculus.	expressions	-1.4366333464482977
en_374	english	Sometimes you will need to manipulate expressions into a usable form before it is possible to perform operations in calculus.	manipulate	-1.702194426112038
en_375	english	Steels are often subjected to a variety of thermal treatments designed to produce various combinations of stable and metastable iron phases.	stable	-1.459247759747365
en_376	english	Steels are often subjected to a variety of thermal treatments designed to produce various combinations of stable and metastable iron phases.	thermal	-2.0469258249153532
en_377	english	Steels are often subjected to a variety of thermal treatments designed to produce various combinations of stable and metastable iron phases.	metastable	-4.136124191720502
en_378	english	Such a cavity can provide numerous functional advantages.	cavity	-2.273992812407465
en_379	english	Such a cavity can provide numerous functional advantages.	functional	-1.6840309427027707
en_380	english	Such a cavity can provide numerous functional advantages.	numerous	-1.5099892130851134
en_381	english	Such access might be used for login authentication, creating a new user account, or saving textual information for future retrieval and study.	textual	-2.8264940242946035
en_382	english	Such access might be used for login authentication, creating a new user account, or saving textual information for future retrieval and study.	login	-1.9832245953267547
en_383	english	Such access might be used for login authentication, creating a new user account, or saving textual information for future retrieval and study.	retrieval	-2.7706362068296024
en_384	english	Suzuki Pureharp is one of the tiny production models that use wood as a cover, which produces a pleasantly soft sound.	soft	-1.2294659740489022
en_385	english	Suzuki Pureharp is one of the tiny production models that use wood as a cover, which produces a pleasantly soft sound.	tiny	-1.1871247376935492
en_386	english	Suzuki Pureharp is one of the tiny production models that use wood as a cover, which produces a pleasantly soft sound.	pleasantly	-2.449487922458209
en_387	english	The Romans, who used the style initially, found it unwieldy and hard to manage in the mountainous and broken terrain of Italy.	style	-0.9983271486623156
en_388	english	The Romans, who used the style initially, found it unwieldy and hard to manage in the mountainous and broken terrain of Italy.	mountainous	-2.594544947773921
en_389	english	The Romans, who used the style initially, found it unwieldy and hard to manage in the mountainous and broken terrain of Italy.	manage	-0.9031788789752748
en_390	english	The alcohol rinse does not remove the crystal violet which masks the added red safanin dye.	masks	-1.4224656755121456
en_391	english	The alcohol rinse does not remove the crystal violet which masks the added red safanin dye.	alcohol	-1.5849182479725958
en_392	english	The alcohol rinse does not remove the crystal violet which masks the added red safanin dye.	rinse	-2.0679383299743406
en_393	english	The big, curling line on the left is elaborately pointing at me (mi).	pointing	-0.4805823963122482
en_394	english	The big, curling line on the left is elaborately pointing at me (mi).	elaborately	-3.3165802561786335
en_395	english	The big, curling line on the left is elaborately pointing at me (mi).	curling	-2.9542806037757297
en_396	english	The carrier wave is filtered out and a loudspeaker plays based on the amplitude of the signal.	filtered	-1.4056649316747334
en_397	english	The carrier wave is filtered out and a loudspeaker plays based on the amplitude of the signal.	loudspeaker	-3.028914222072634
en_398	english	The carrier wave is filtered out and a loudspeaker plays based on the amplitude of the signal.	amplitude	-2.721150843749684
en_399	english	The centrepiece at the renovated Abbey was a shrine to Edward.	centrepiece	-3.7559129500088964
en_400	english	The centrepiece at the renovated Abbey was a shrine to Edward.	shrine	-2.3299442177366148
en_401	english	The centrepiece at the renovated Abbey was a shrine to Edward.	renovated	-2.149352457454257
en_402	english	The classic Playfair tableau consists of four alphabets, usually in a square arrangement,  two plaintext and two ciphertext.	arrangement	-1.7378368863631009
en_403	english	The classic Playfair tableau consists of four alphabets, usually in a square arrangement,  two plaintext and two ciphertext.	consists	-1.4686712388305483
en_404	english	The classic Playfair tableau consists of four alphabets, usually in a square arrangement,  two plaintext and two ciphertext.	tableau	-3.094731506562277
en_405	english	The combined work need only contain one copy of this License, and multiple identical Invariant Sections may be replaced with a single copy.	replaced	-1.130086236723185
en_406	english	The combined work need only contain one copy of this License, and multiple identical Invariant Sections may be replaced with a single copy.	combined	-1.1209321499576677
en_407	english	The combined work need only contain one copy of this License, and multiple identical Invariant Sections may be replaced with a single copy.	identical	-1.7676513532801403
en_408	english	The detriments outweigh the benefits and there are no current studies to show that vouchers are working.	vouchers	-2.609784914330658
en_409	english	The detriments outweigh the benefits and there are no current studies to show that vouchers are working.	outweigh	-2.38484508773716
en_410	english	The detriments outweigh the benefits and there are no current studies to show that vouchers are working.	detriments	-2.5340642003925398
en_411	english	The diagnosis of schizophrenia should not be made in the presence of extensive depressive or manic symptoms unless it is clear that schizophrenic symptoms antedate the affective disturbance.	diagnosis	-1.856913679119107
en_412	english	The diagnosis of schizophrenia should not be made in the presence of extensive depressive or manic symptoms unless it is clear that schizophrenic symptoms antedate the affective disturbance.	depressive	-2.8264940242946035
en_413	english	The diagnosis of schizophrenia should not be made in the presence of extensive depressive or manic symptoms unless it is clear that schizophrenic symptoms antedate the affective disturbance.	antedate	-4.835094196056521
en_414	english	The entire assembled application is their platform, and the desktops of the affected staff the target domain for their work.	affected	-0.9872131986111456
en_415	english	The entire assembled application is their platform, and the desktops of the affected staff the target domain for their work.	staff	-1.1117206290375365
en_416	english	The entire assembled application is their platform, and the desktops of the affected staff the target domain for their work.	domain	-1.6920793958024258
en_417	english	The food vacuole formed , and then fuses with a lysosome and digests the food.	formed	-0.7303340294179959
en_418	english	The food vacuole formed , and then fuses with a lysosome and digests the food.	fuses	-2.876052803735427
en_419	english	The food vacuole formed , and then fuses with a lysosome and digests the food.	digests	-1.9924849564459588
en_420	english	The formation of this intermediate and subsequent reaction generally has a much lower activation energy barrier than is required for the direct reaction of reactants to products.	subsequent	-1.8438681203640261
en_421	english	The formation of this intermediate and subsequent reaction generally has a much lower activation energy barrier than is required for the direct reaction of reactants to products.	barrier	-1.4450426995975336
en_422	english	The formation of this intermediate and subsequent reaction generally has a much lower activation energy barrier than is required for the direct reaction of reactants to products.	intermediate	-2.0155502605146522
en_423	english	The goals of this procedure will be to distribute accurate information with the correct approvals using sufficient technology and strategies.	approvals	-1.7089627887945364
en_424	english	The goals of this procedure will be to distribute accurate information with the correct approvals using sufficient technology and strategies.	sufficient	-1.674325634195393
en_425	english	The goals of this procedure will be to distribute accurate information with the correct approvals using sufficient technology and strategies.	distribute	-1.519963878872919
en_426	english	The guitar is a transposing instrument and is notated an octave higher than its actual pitch to avoid having to use the bass clef in standard notation.	transposing	-4.2330342047285585
en_427	english	The guitar is a transposing instrument and is notated an octave higher than its actual pitch to avoid having to use the bass clef in standard notation.	clef	-3.454882954344915
en_428	english	The guitar is a transposing instrument and is notated an octave higher than its actual pitch to avoid having to use the bass clef in standard notation.	notated	-3.266892471989526
en_429	english	The hall sensor and inductor use a property of  the magnetic field to sense the current through a nearby conductor.	sensor	-1.6923919503189053
en_430	english	The hall sensor and inductor use a property of  the magnetic field to sense the current through a nearby conductor.	magnetic	-1.9676267081974694
en_431	english	The hall sensor and inductor use a property of  the magnetic field to sense the current through a nearby conductor.	hall	-1.3747978692990457
en_432	english	The hero then was summoned to compete in the second rite, the rite of conquest, by defeating the mercenary General Claudius.	mercenary	-2.48098575690912
en_433	english	The hero then was summoned to compete in the second rite, the rite of conquest, by defeating the mercenary General Claudius.	rite	-2.50064044490559
en_434	english	The hero then was summoned to compete in the second rite, the rite of conquest, by defeating the mercenary General Claudius.	defeating	-1.5134957655911772
en_435	english	The lexical analyzer is the part of the compiler which removes whitespace and other non compilable characters from the source code.	compilable	-4.835094196056521
en_436	english	The lexical analyzer is the part of the compiler which removes whitespace and other non compilable characters from the source code.	characters	-1.0378266552258044
en_437	english	The lexical analyzer is the part of the compiler which removes whitespace and other non compilable characters from the source code.	lexical	-3.3579729413368584
en_438	english	The main reason for not allowing multiple outputs with the same input is that it lets us apply the same function to different forms of the same thing without changing their equivalence.	outputs	-1.5141175187136975
en_439	english	The main reason for not allowing multiple outputs with the same input is that it lets us apply the same function to different forms of the same thing without changing their equivalence.	changing	-0.45988797495719064
en_440	english	The main reason for not allowing multiple outputs with the same input is that it lets us apply the same function to different forms of the same thing without changing their equivalence.	equivalence	-2.926609177177871
en_441	english	The majority of seaweeds, like the kelps (very large brown algae from the Order Laminariales), despite a superficial appearance of such, lack true stems, leaves, roots, and any kind of vascular systems as found in higher plants.	brown	-1.282912857217185
en_442	english	The majority of seaweeds, like the kelps (very large brown algae from the Order Laminariales), despite a superficial appearance of such, lack true stems, leaves, roots, and any kind of vascular systems as found in higher plants.	vascular	-2.5655812518386045
en_443	english	The majority of seaweeds, like the kelps (very large brown algae from the Order Laminariales), despite a superficial appearance of such, lack true stems, leaves, roots, and any kind of vascular systems as found in higher plants.	superficial	-2.3299442177366148
en_444	english	The next day, during the Fajr Salaah, he stabbed Sayyiduna Umar (radi Allahu anhu) 6 times in the back, severely wounding the Caliph.	wounding	-1.6518243523737164
en_445	english	The next day, during the Fajr Salaah, he stabbed Sayyiduna Umar (radi Allahu anhu) 6 times in the back, severely wounding the Caliph.	severely	-2.022849499256152
en_446	english	The next day, during the Fajr Salaah, he stabbed Sayyiduna Umar (radi Allahu anhu) 6 times in the back, severely wounding the Caliph.	stabbed	-1.9491678562550898
en_447	english	The northern part of the continent, covering much of Siberia was also inaccessible to the steppe nomads due to the dense forests and the tundra.	nomads	-2.5517929673529713
en_448	english	The northern part of the continent, covering much of Siberia was also inaccessible to the steppe nomads due to the dense forests and the tundra.	steppe	-3.094731506562277
en_449	english	The northern part of the continent, covering much of Siberia was also inaccessible to the steppe nomads due to the dense forests and the tundra.	covering	-0.7253469583432923
en_450	english	The others died at sea or in prison while awaiting trial.	died	-0.8799839650859691
en_451	english	The others died at sea or in prison while awaiting trial.	awaiting	-1.824794239416709
en_452	english	The others died at sea or in prison while awaiting trial.	prison	-1.5655812518386045
en_453	english	The reason why hypothalamic lesions affect body fat and feeding behavior has in fact much to do with leptin signaling.	affect	-0.9872131986111456
en_454	english	The reason why hypothalamic lesions affect body fat and feeding behavior has in fact much to do with leptin signaling.	leptin	-3.492671515234315
en_455	english	The reason why hypothalamic lesions affect body fat and feeding behavior has in fact much to do with leptin signaling.	hypothalamic	-3.721150843749684
en_456	english	The relative configuration description is still used mainly in glycochemistry.	description	-0.9514327609029033
en_457	english	The relative configuration description is still used mainly in glycochemistry.	configuration	-1.757363016404129
en_458	english	The relative configuration description is still used mainly in glycochemistry.	mainly	-1.323879494920133
en_459	english	The same principle of course applied to the single lens reflex, but early SLRs caused delays and inconvenience through the need to move the mirror out of the focal plane to allow light to the plate behind it.	plane	-1.3713504748094618
en_460	english	The same principle of course applied to the single lens reflex, but early SLRs caused delays and inconvenience through the need to move the mirror out of the focal plane to allow light to the plate behind it.	plate	-1.338164547983306
en_461	english	The same principle of course applied to the single lens reflex, but early SLRs caused delays and inconvenience through the need to move the mirror out of the focal plane to allow light to the plate behind it.	inconvenience	-2.465878338646378
en_462	english	The size of an aggro radius sometimes varies with faction and con, and may be spherical in certain environments.	aggro	-3.0869061690503203
en_463	english	The size of an aggro radius sometimes varies with faction and con, and may be spherical in certain environments.	spherical	-2.622906591652563
en_464	english	The size of an aggro radius sometimes varies with faction and con, and may be spherical in certain environments.	faction	-2.236303689293406
en_465	english	The theater contributed dramatic outcries, including those of Mary Otis Warren.	theater	-1.5975504579136464
en_466	english	The theater contributed dramatic outcries, including those of Mary Otis Warren.	dramatic	-1.5475163869778155
en_467	english	The theater contributed dramatic outcries, including those of Mary Otis Warren.	contributed	-1.2323832510989636
en_468	english	There are also different editing styles in the sense of how bold people are willing to be.	styles	-0.9983271486623156
en_469	english	There are also different editing styles in the sense of how bold people are willing to be.	bold	-1.627998655637303
en_470	english	There are also different editing styles in the sense of how bold people are willing to be.	editing	-1.7385317576823853
en_471	english	There is a clear need for a different structure to the books as they are meant to be (at least eventually) printed and should therefore have a linear style.	linear	-1.8329281343000132
en_472	english	There is a clear need for a different structure to the books as they are meant to be (at least eventually) printed and should therefore have a linear style.	printed	-1.2838882523086146
en_473	english	There is a clear need for a different structure to the books as they are meant to be (at least eventually) printed and should therefore have a linear style.	meant	-0.3862642511913397
en_474	english	There is a slight tendency towards attack from the opposite side of the halide.	slight	-1.5244008837131604
en_475	english	There is a slight tendency towards attack from the opposite side of the halide.	tendency	-1.7462496333295165
en_476	english	There is a slight tendency towards attack from the opposite side of the halide.	opposite	-1.2079332436817452
en_477	english	There may also be separate licensing fees for distribution of patented multimedia data formats like GIF images, which if not in fact at least in philosophy violate the principles of the GFDL, preventing you from freely using the image or picture.	fees	-1.4873739790224827
en_478	english	There may also be separate licensing fees for distribution of patented multimedia data formats like GIF images, which if not in fact at least in philosophy violate the principles of the GFDL, preventing you from freely using the image or picture.	patented	-1.9987700803497692
en_479	english	There may also be separate licensing fees for distribution of patented multimedia data formats like GIF images, which if not in fact at least in philosophy violate the principles of the GFDL, preventing you from freely using the image or picture.	philosophy	-1.6066938373535162
en_480	english	Therefore, no matter how much slang you use in your native language, limiting your use of slang in French (proportionally to your level of fluency) will also limit how much you are patronised and giggled at by native listeners.	giggled	-2.151147065305009
en_481	english	Therefore, no matter how much slang you use in your native language, limiting your use of slang in French (proportionally to your level of fluency) will also limit how much you are patronised and giggled at by native listeners.	patronised	-4.056942945672877
en_482	english	Therefore, no matter how much slang you use in your native language, limiting your use of slang in French (proportionally to your level of fluency) will also limit how much you are patronised and giggled at by native listeners.	limiting	-1.0179256236754652
en_483	english	These are mainly guidelines to administrator behavior, but can be useful to point at when having a serious dispute with administrators or going before stewards and an arbitration board.	stewards	-2.2407016456810944
en_484	english	These are mainly guidelines to administrator behavior, but can be useful to point at when having a serious dispute with administrators or going before stewards and an arbitration board.	dispute	-1.9292983156886525
en_485	english	These are mainly guidelines to administrator behavior, but can be useful to point at when having a serious dispute with administrators or going before stewards and an arbitration board.	administrators	-1.8333604832475205
en_486	english	These deck styles do not do well against decks with any type of disruption or control so they are currently not seeing much play.	deck	-1.5832127415039934
en_487	english	These deck styles do not do well against decks with any type of disruption or control so they are currently not seeing much play.	seeing	-0.1978046483783465
en_488	english	These deck styles do not do well against decks with any type of disruption or control so they are currently not seeing much play.	decks	-1.5832127415039934
en_489	english	These plots are to be interpreted like topographic maps, where the lines represent contours of constant elevation.	topographic	-3.110818326455732
en_490	english	These plots are to be interpreted like topographic maps, where the lines represent contours of constant elevation.	constant	-1.3655667168695071
en_491	english	These plots are to be interpreted like topographic maps, where the lines represent contours of constant elevation.	interpreted	-1.6113387423992798
en_492	english	These required money, and a new criminal underworld rose to fund them and profit from them.	underworld	-2.5087583351277694
en_493	english	These required money, and a new criminal underworld rose to fund them and profit from them.	fund	-1.2440295890300217
en_494	english	These required money, and a new criminal underworld rose to fund them and profit from them.	profit	-1.4493092372131853
en_495	english	They are generally better off using their Ne, as well as the reasoning capacities of their Ti, to hash out truth, rather than deferring to Si traditions.	hash	-2.2972751009832466
en_496	english	They are generally better off using their Ne, as well as the reasoning capacities of their Ti, to hash out truth, rather than deferring to Si traditions.	deferring	-2.2496334665480204
en_497	english	They are generally better off using their Ne, as well as the reasoning capacities of their Ti, to hash out truth, rather than deferring to Si traditions.	capacities	-1.2941393871303883
en_498	english	They convert solar energy to chemical energy by absorbing sunlight and using it to drive the synthesis of organic compounds such as sugar from carbon dioxide and water.	sunlight	-1.8537286869779765
en_499	english	They convert solar energy to chemical energy by absorbing sunlight and using it to drive the synthesis of organic compounds such as sugar from carbon dioxide and water.	absorbing	-1.5832127415039934
en_500	english	They convert solar energy to chemical energy by absorbing sunlight and using it to drive the synthesis of organic compounds such as sugar from carbon dioxide and water.	organic	-1.6298898321083763
en_501	english	They do not interfere with the gestures mages need to cast spells.	gestures	-1.8945777111239537
en_502	english	They do not interfere with the gestures mages need to cast spells.	interfere	-1.8789257655811575
en_503	english	They do not interfere with the gestures mages need to cast spells.	mages	-2.50468042270733
en_504	english	They left behind a prophesy that the world would end on December 21, 2012 and bring about the fifth cycle of the world.	bring	-0.5025143609508224
en_505	english	They left behind a prophesy that the world would end on December 21, 2012 and bring about the fifth cycle of the world.	fifth	-1.3888677942783578
en_506	english	They left behind a prophesy that the world would end on December 21, 2012 and bring about the fifth cycle of the world.	prophesy	-2.50468042270733
en_507	english	They produced more than 90 percent of the fiction films in America and distributed their films both nationally and internationally.	distributed	-1.519963878872919
en_508	english	They produced more than 90 percent of the fiction films in America and distributed their films both nationally and internationally.	nationally	-2.052621571890235
en_509	english	They produced more than 90 percent of the fiction films in America and distributed their films both nationally and internationally.	films	-1.1018166621239391
en_510	english	This happens all the time in my dreams, but apparently I believe that I can really do this, and the dream continues nonlucidly.	apparently	-1.271850494916123
en_511	english	This happens all the time in my dreams, but apparently I believe that I can really do this, and the dream continues nonlucidly.	happens	-0.47297001120891674
en_512	english	This happens all the time in my dreams, but apparently I believe that I can really do this, and the dream continues nonlucidly.	continues	-0.6569233106077188
en_513	english	This includes teaching, general practice of medicine, medical research, religious fields, entrepreneurship, missionary work, social work, community development, creative arts, acting, broadcasting, consulting, coaching, corporate training, public relations, counseling, advertising, and marketing.	creative	-1.2147498963020278
en_514	english	This includes teaching, general practice of medicine, medical research, religious fields, entrepreneurship, missionary work, social work, community development, creative arts, acting, broadcasting, consulting, coaching, corporate training, public relations, counseling, advertising, and marketing.	religious	-1.539747047722903
en_515	english	This includes teaching, general practice of medicine, medical research, religious fields, entrepreneurship, missionary work, social work, community development, creative arts, acting, broadcasting, consulting, coaching, corporate training, public relations, counseling, advertising, and marketing.	corporate	-1.591808049973075
en_516	english	This is VERY VERY different than passive patterns of reading the text in a high speed linear fashion, which is akin to trying to force the brain to make sense out of a thousand speeding bullets whizzing by.	akin	-2.3741963532999733
en_517	english	This is VERY VERY different than passive patterns of reading the text in a high speed linear fashion, which is akin to trying to force the brain to make sense out of a thousand speeding bullets whizzing by.	bullets	-1.6000710365612973
en_518	english	This is VERY VERY different than passive patterns of reading the text in a high speed linear fashion, which is akin to trying to force the brain to make sense out of a thousand speeding bullets whizzing by.	whizzing	-3.153852958680934
en_519	english	This is just one of the many feats of engineering which have made it possible for us to quantify and understand the human gene and how it relates to Nutrition.	engineering	-1.443101123796808
en_520	english	This is just one of the many feats of engineering which have made it possible for us to quantify and understand the human gene and how it relates to Nutrition.	quantify	-2.2276391728418523
en_521	english	This is just one of the many feats of engineering which have made it possible for us to quantify and understand the human gene and how it relates to Nutrition.	feats	-2.095521851606429
en_522	english	This is particularly useful in cases such as when one attempts to surface modify nanomaterials to increase affinity, reactivity or compatibility.	modify	-1.5216488256301068
en_523	english	This is particularly useful in cases such as when one attempts to surface modify nanomaterials to increase affinity, reactivity or compatibility.	particularly	-1.0501204861021203
en_524	english	This is particularly useful in cases such as when one attempts to surface modify nanomaterials to increase affinity, reactivity or compatibility.	nanomaterials	-3.5128749013226015
en_525	english	This problem has agitated theologians and philosophers for centuries, and has never been satisfactorily resolved.	theologians	-2.5822411650766277
en_526	english	This problem has agitated theologians and philosophers for centuries, and has never been satisfactorily resolved.	philosophers	-2.0724156323290845
en_527	english	This problem has agitated theologians and philosophers for centuries, and has never been satisfactorily resolved.	satisfactorily	-3.266892471989526
en_528	english	This revolution was fueled by the use of new farming technology such as the seed drill and improved fertilizers.	revolution	-1.6980567412670082
en_529	english	This revolution was fueled by the use of new farming technology such as the seed drill and improved fertilizers.	farming	-1.8698924950306088
en_530	english	This revolution was fueled by the use of new farming technology such as the seed drill and improved fertilizers.	improved	-0.9363690144670275
en_531	english	This transformation occurs when a live nonpathogenic cell takes up a piece of DNA carry the allele for pathogenicity.	transformation	-1.6274598286675594
en_532	english	This transformation occurs when a live nonpathogenic cell takes up a piece of DNA carry the allele for pathogenicity.	nonpathogenic	-4.835094196056521
en_533	english	This transformation occurs when a live nonpathogenic cell takes up a piece of DNA carry the allele for pathogenicity.	occurs	-1.1407522856923398
en_534	english	This was a devastating blow to the Japanese and is considered the turning point of the Pacific War.	turning	-2.022849499256152
en_535	english	This was a devastating blow to the Japanese and is considered the turning point of the Pacific War.	devastating	-1.861504572629264
en_536	english	This was a devastating blow to the Japanese and is considered the turning point of the Pacific War.	blow	-1.0786863235075628
en_537	english	Though Harry will become an exception, there is another student, also an orphan and a talented wizard, that Dumbledore also paid closer attention to, though not in the same way as with Harry.	paid	-0.7170279743425109
en_538	english	Though Harry will become an exception, there is another student, also an orphan and a talented wizard, that Dumbledore also paid closer attention to, though not in the same way as with Harry.	talented	-1.6892764815646932
en_539	english	Though Harry will become an exception, there is another student, also an orphan and a talented wizard, that Dumbledore also paid closer attention to, though not in the same way as with Harry.	orphan	-2.321876595988582
en_540	english	To alleviate indexing problems, the sizeof() expression is commonly used when coding loops that process arrays.	alleviate	-2.1318028179378596
en_541	english	To alleviate indexing problems, the sizeof() expression is commonly used when coding loops that process arrays.	coding	-2.01161996688622
en_542	english	To alleviate indexing problems, the sizeof() expression is commonly used when coding loops that process arrays.	commonly	-1.5623246095047614
en_543	english	To completely live this way in an industrial urbanized society is to withdraw to the periphery.	periphery	-2.620250348008823
en_544	english	To completely live this way in an industrial urbanized society is to withdraw to the periphery.	urbanized	-3.2910261517062454
en_545	english	To completely live this way in an industrial urbanized society is to withdraw to the periphery.	withdraw	-1.8578279836292282
en_546	english	To gain familiarity with mathematical proof and also some basic mathematical concepts, readers may read the wikibook Mathematical Proof.	wikibook	-4.835094196056521
en_547	english	To gain familiarity with mathematical proof and also some basic mathematical concepts, readers may read the wikibook Mathematical Proof.	readers	-1.590817075254678
en_548	english	To gain familiarity with mathematical proof and also some basic mathematical concepts, readers may read the wikibook Mathematical Proof.	mathematical	-2.083815092073179
en_549	english	Unless there are obvious problems that are unlikely to be rectified, your time would be better spent mentoring new contributors and trying to help clean up new works, even if the work is currently a blatant violation of current procedures.	contributors	-2.12582423508069
en_550	english	Unless there are obvious problems that are unlikely to be rectified, your time would be better spent mentoring new contributors and trying to help clean up new works, even if the work is currently a blatant violation of current procedures.	blatant	-2.560936346792841
en_551	english	Unless there are obvious problems that are unlikely to be rectified, your time would be better spent mentoring new contributors and trying to help clean up new works, even if the work is currently a blatant violation of current procedures.	rectified	-2.475258713716633
en_552	english	Up through the early 19th century, naturalists and scientists observed critical differences between compounds that were derived from living things and those that were not.	critical	-1.1737548560504811
en_553	english	Up through the early 19th century, naturalists and scientists observed critical differences between compounds that were derived from living things and those that were not.	scientists	-1.3790319716015695
en_554	english	Up through the early 19th century, naturalists and scientists observed critical differences between compounds that were derived from living things and those that were not.	observed	-1.367338144812488
en_555	english	Uses the same chord shapes as Open E but is easier on a guitar neck as the strings are detuned lessening the tension.	guitar	-1.7519500529134686
en_556	english	Uses the same chord shapes as Open E but is easier on a guitar neck as the strings are detuned lessening the tension.	chord	-2.0923690647518227
en_557	english	Uses the same chord shapes as Open E but is easier on a guitar neck as the strings are detuned lessening the tension.	lessening	-2.667776861308345
en_558	english	Warlords of the many provinces of China constantly feuded, and the central government was weak and decentralized, unable to do anything to stop conflict.	unable	-1.5323304875835393
en_559	english	Warlords of the many provinces of China constantly feuded, and the central government was weak and decentralized, unable to do anything to stop conflict.	central	-1.1905571382781137
en_560	english	Warlords of the many provinces of China constantly feuded, and the central government was weak and decentralized, unable to do anything to stop conflict.	constantly	-1.197904773907759
en_561	english	Washington became quite concerned, however, that local Communist parties might gain power in France, Italy and Greece in the late 1940s, given the battered state of the postwar European economy and the proximity of the Soviet Union.	postwar	-3.3299442177366148
en_562	english	Washington became quite concerned, however, that local Communist parties might gain power in France, Italy and Greece in the late 1940s, given the battered state of the postwar European economy and the proximity of the Soviet Union.	proximity	-2.0155502605146522
en_563	english	Washington became quite concerned, however, that local Communist parties might gain power in France, Italy and Greece in the late 1940s, given the battered state of the postwar European economy and the proximity of the Soviet Union.	gain	-1.044246292091089
en_564	english	Watch the dog to make sure he does not spit the pill out after eating the treat (if this happens, you will need to force the pill, as described below).	pill	-1.8438681203640261
en_565	english	Watch the dog to make sure he does not spit the pill out after eating the treat (if this happens, you will need to force the pill, as described below).	described	-1.0098628728566208
en_566	english	Watch the dog to make sure he does not spit the pill out after eating the treat (if this happens, you will need to force the pill, as described below).	spit	-1.9571472444273328
en_567	english	We already discussed some of these, yet knowing about sets adds a new definition for each of the following ideas.	adds	-0.5940709768973782
en_568	english	We already discussed some of these, yet knowing about sets adds a new definition for each of the following ideas.	knowing	-0.21048212054354487
en_569	english	We already discussed some of these, yet knowing about sets adds a new definition for each of the following ideas.	definition	-1.352363495976578
en_570	english	We recommend this License principally for works whose purpose is instruction or reference.	whose	-1.2236895583449274
en_571	english	We recommend this License principally for works whose purpose is instruction or reference.	principally	-2.7278842264086527
en_572	english	We recommend this License principally for works whose purpose is instruction or reference.	instruction	-1.3416361450613326
en_573	english	We will start by explaining how lucid dreaming works biologically.	explaining	-0.8429384850139041
en_574	english	We will start by explaining how lucid dreaming works biologically.	dreaming	-1.0217133893226653
en_575	english	We will start by explaining how lucid dreaming works biologically.	lucid	-2.8808516866171963
en_576	english	Weight loss requires your calorie intake to be lower than your calorie output, though neither should be done in the extreme.	extreme	-1.3802493360480108
en_577	english	Weight loss requires your calorie intake to be lower than your calorie output, though neither should be done in the extreme.	intake	-1.9807881542554404
en_578	english	Weight loss requires your calorie intake to be lower than your calorie output, though neither should be done in the extreme.	neither	-1.410212559425454
en_579	english	When I arrive to my destination, with the shaded patio still in view, I unfold the towels and lay comfortably on the reclining chair.	patio	-2.325891673725418
en_580	english	When I arrive to my destination, with the shaded patio still in view, I unfold the towels and lay comfortably on the reclining chair.	shaded	-1.5570268651678583
en_581	english	When I arrive to my destination, with the shaded patio still in view, I unfold the towels and lay comfortably on the reclining chair.	unfold	-1.7650563294487658
en_582	english	When a text fails to support this rule, it requires even a diligent student to needlessly repeat material.	fails	-1.0831226213201937
en_583	english	When a text fails to support this rule, it requires even a diligent student to needlessly repeat material.	diligent	-2.4268542307446714
en_584	english	When a text fails to support this rule, it requires even a diligent student to needlessly repeat material.	needlessly	-2.965862476325545
en_585	english	Yet the fact that scurvy is caused by lack of vitamin c was only discovered in 1932.	caused	-0.7210172352324318
en_586	english	Yet the fact that scurvy is caused by lack of vitamin c was only discovered in 1932.	vitamin	-1.9016069082078155
en_587	english	Yet the fact that scurvy is caused by lack of vitamin c was only discovered in 1932.	scurvy	-3.244029589030022
en_588	english	You devise more experiments to test your hypotheses, utilizing a flashlight to prove that you are indeed not blind.	utilizing	-1.4177886128119954
en_589	english	You devise more experiments to test your hypotheses, utilizing a flashlight to prove that you are indeed not blind.	devise	-2.228712830945916
en_590	english	You devise more experiments to test your hypotheses, utilizing a flashlight to prove that you are indeed not blind.	flashlight	-2.287319490668698
en_591	english	You may extract a single document from such a collection, and distribute it individually under this License, provided you insert a copy of this License into the extracted document, and follow this License in all other respects regarding verbatim copying of that document.	extracted	-1.6239736547984716
en_592	english	You may extract a single document from such a collection, and distribute it individually under this License, provided you insert a copy of this License into the extracted document, and follow this License in all other respects regarding verbatim copying of that document.	copy	-1.124553748123224
en_593	english	You may extract a single document from such a collection, and distribute it individually under this License, provided you insert a copy of this License into the extracted document, and follow this License in all other respects regarding verbatim copying of that document.	insert	-1.4984343726021008
en_594	english	Your legal agreements should go through many iterations in the drafting process, with each iteration simplifying the terms, and improving its readability and usability.	improving	-0.9363690144670275
en_595	english	Your legal agreements should go through many iterations in the drafting process, with each iteration simplifying the terms, and improving its readability and usability.	legal	-1.3448547108102336
en_596	english	Your legal agreements should go through many iterations in the drafting process, with each iteration simplifying the terms, and improving its readability and usability.	drafting	-1.6458847064742148
en_597	english	because the specific conjugation of a verb usually indicates which person is the subject.	verb	-2.166708279366521
en_598	english	because the specific conjugation of a verb usually indicates which person is the subject.	conjugation	-3.2330342047285585
en_599	english	because the specific conjugation of a verb usually indicates which person is the subject.	indicates	-1.2972751009832468
en_600	english	After Ron nearly dies drinking poisoned mead that was apparently intended for Professor Dumbledore, Hermione becomes so distraught that they end their feud for good.	feud	-2.5586323918832767
