	Chinese	English	Indonesian	Japanese	Spanish
Subtitles match speech in the target language	0.65	0.9066666666666666	0.8366666666666667	0.84	0.8933333333333333
Subtitles match song in the target language		0.02	0.01	0.006666666666666667	0.02
Audio description		0.013333333333333334	0.006666666666666667	0.0033333333333333335	0.0033333333333333335
No speech or song		0.016666666666666666	0.0033333333333333335	0.0033333333333333335	0.016666666666666666
Synthesized speech	0.34	0.03333333333333333	0.13333333333333333	0.14	0.05
Audio language differs	0.01	0.01	0.01	0.006666666666666667	0.016666666666666666
Subtitle language differs					
