file	language	correlation	corr_tubelex	n	n_missing	corr_without_missing
es	Spanish	0.5345041292546738	0.8377315050210871	1400	60	0.49723869338564736
