file	language	correlation	corr_tubelex	n	n_missing	corr_without_missing
ja	Japanese	0.5253790051515556	0.9287290970654077	81271	16552	0.3862404073188447
