file	language	correlation	corr_tubelex	n	n_missing	corr_without_missing
ja	Japanese	0.5358231566877766	0.6801033820136579	76883	19745	0.36926387192454996
