file	language	correlation	corr_tubelex	n	n_missing	corr_without_missing
en	English	0.6581743947629094	0.8518698849947663	4682	141	0.6420030780867104
