file	language	correlation	corr_tubelex	n	n_missing	corr_without_missing
ja	Japanese	0.36992999891198886	0.7374751047390432	76883	51400	0.1583920825415769
