file	language	correlation	corr_tubelex	n	n_missing	corr_without_missing
id	Indonesian	0.5918	0.8585	1490	100	0.5801858554820709
ja	Japanese	0.2349	0.7446	27935	489	0.22915373274970935
zh	Chinese	0.2420	0.4664	24325	3	0.24155641659767427
en	English	0.7727	0.9736	4923	21	0.7627724060951707
es	Spanish	0.4951	0.9357	1400	0	0.4951463839076788
