file	language	correlation	corr_tubelex	n	n_missing	corr_without_missing
en	English	0.6377001794680309	0.9623455123722039	4682	1	0.638343091827731
es	Spanish	0.5566232693166395	0.9432613249685572	820	24	0.5101408126052058
ja	Japanese	0.5095814459407056	0.6914428914013784	76883	14010	0.3823825681664686
