file	language	correlation	corr_tubelex	n	n_missing	corr_without_missing
zh	Chinese	0.4137003295223647	0.644796197116276	24325	13028	0.3258397213279941
