file	language	correlation	corr_tubelex	n	n_missing	corr_without_missing
id	Indonesian	0.3884	0.6074	1490	963	0.2344949530547874
en	English	0.6915	0.8996	4923	929	0.6523707621476479
es	Spanish	0.5397	0.8248	1400	249	0.483573481135639
