file	language	correlation	corr_tubelex	n	n_missing	corr_without_missing
ja	Japanese	0.5641049010946039	0.9770601530273246	76883	8613	0.5044890047500591
