file	language	correlation	corr_tubelex	n	n_missing	corr_without_missing
en	English	0.7405504329342344	0.9055814626024344	4923	405	0.7077767485287195
