file	language	correlation	corr_tubelex	n	n_missing	corr_without_missing
id	Indonesian	0.3964	0.6278	1490	951	0.265605207312829
ja	Japanese	0.2508	0.8120	27935	11983	0.17470937521114452
zh	Chinese	0.1371	0.3969	24325	23111	-0.02352861250178651
en	English	0.6911	0.8996	4923	935	0.6524302301790009
es	Spanish	0.5405	0.8252	1400	248	0.48530751650790593
