file	language	correlation	corr_tubelex	n	n_missing	corr_without_missing
es	Spanish	0.5264220764035391	0.7770297815154915	1400	71	0.49684647443977686
