file	language	correlation	corr_tubelex	n	n_missing	corr_without_missing
en	English	0.6462294451241986	0.9999999999999999	4682	3	0.6466850406112821
es	Spanish	0.609692198205032	1.0	820	17	0.5856191972037784
