file	language	correlation	corr_tubelex	n	n_missing	corr_without_missing
en	English	0.7405504329342337	0.9055814626024349	4923	405	0.7077767485287192
