file	language	correlation	corr_tubelex	n	n_missing	corr_without_missing
ja	Japanese	0.3379181183066727	0.7582325519551082	81271	49876	0.06506367037408735
