file	language	correlation	corr_tubelex	n	n_missing	corr_without_missing
en	English	0.6658154879702185	0.8699495151401042	4682	544	0.6238159928134835
es	Spanish	0.4998689221298295	0.7876212437005885	820	317	0.3766350998682814
