file	language	correlation	corr_tubelex	n	n_missing	corr_without_missing
ja	Japanese	0.5764311102086807	0.9769050114611451	81271	6744	0.514308873775206
