file	language	correlation	corr_tubelex	n	n_missing	corr_without_missing
es	Spanish	0.4282489627815909	0.6659189703303842	1400	34	0.551469579585314
