file	language	correlation	corr_tubelex	n	n_missing	corr_without_missing
en	English	0.63928625866041	0.9646832488381214	4682	2	0.6408767756099236
es	Spanish	0.6089495944416192	0.9818961285710551	820	16	0.5875996204375157
ja	Japanese	0.5376286023354645	0.8610311484691976	76883	6647	0.4799926165516239
