file	language	correlation	corr_tubelex	n	n_missing	corr_without_missing
en	English	0.6750877138670616	0.8414781347097127	4682	2	0.6747450420709586
