file	language	correlation	corr_tubelex	n	n_missing	corr_without_missing
id	Indonesian	0.6204330254446867	0.9551827833539552	1490	47	0.5835691206887191
ja	Japanese	0.5137695358660598	0.9540452779940021	81271	17640	0.37524255369356935
zh	Chinese	0.44369980982900215	0.8665767723357294	24325	2866	0.3831654010173723
en	English	0.7650912735387412	0.9712195535899338	4923	143	0.7367055703848657
es	Spanish	0.5449270573031284	0.9708306232886572	1400	8	0.5301112171986279
