file	language	correlation	corr_tubelex	n	n_missing	corr_without_missing
id	Indonesian	0.388431056947087	0.607396020856538	1490	963	0.2344949530547874
en	English	0.6915225097558305	0.8995758235090828	4923	929	0.6523707621476479
es	Spanish	0.539692118110112	0.8248264288410144	1400	249	0.483573481135639
