file	language	correlation	corr_tubelex	n	n_missing	corr_without_missing
es	Spanish	0.5097528357460236	0.8040417013301105	820	183	0.3933309017364404
