file	language	correlation	corr_tubelex	n	n_missing	corr_without_missing
en	English	0.7789709520364073	0.9279217094819872	4923	69	0.7572210691769395
