file	language	correlation	corr_tubelex	n	n_missing	corr_without_missing
ja	Japanese	0.4229774192798739	0.7758675376782058	81271	31579	0.1716115241779866
