file	language	correlation	corr_tubelex	n	n_missing	corr_without_missing
en	English	0.7809008522750931	0.9113461424580419	4923	36	0.7682574732062584
