file	language	correlation	corr_tubelex	n	n_missing	corr_without_missing
id	Indonesian	0.6319075635617505	0.921488247875466	1490	100	0.5801858554820712
ja	Japanese	0.48274942888306527	0.6692681483857562	81271	9576	0.3702824006052289
zh	Chinese	0.24199936672223685	0.46666409972175443	24325	3	0.24155641659767396
en	English	0.7707333756257285	0.9762683900739273	4923	21	0.7627724060951704
es	Spanish	0.49514638390767934	0.9356829283223467	1400	0	0.49514638390767934
