file	language	correlation	corr_tubelex	n	n_missing	corr_without_missing
en	English	0.6669323905649411	0.8720674243779086	4682	547	0.6256482635258074
es	Spanish	0.5011372263331163	0.7952721417686122	820	319	0.37678849194099545
