file	language	correlation	corr_tubelex	n	n_missing	corr_without_missing
en	English	0.6575465233401184	0.9281252374173211	4682	16	0.6543800394598699
es	Spanish	0.5973220304651856	0.9537773776327491	820	39	0.5367255758458686
ja	Japanese	0.4965012854480337	0.8174255623725986	76883	15599	0.3599698906980251
