file	language	correlation	corr_tubelex	n	n_missing	corr_without_missing
ja	Japanese	0.5244670671670953	0.9265582966840133	76883	19124	0.39938033916927046
