file	language	correlation	corr_tubelex	n	n_missing	corr_without_missing
zh	Chinese	0.413700329522365	0.6447961971162763	24325	13028	0.325839721327994
