file	language	correlation	corr_tubelex	n	n_missing	corr_without_missing
id	Indonesian	0.6102	0.8259	1490	34	0.5805687035612981
ja	Japanese	0.2708	0.7933	27935	753	0.2545347312482965
en	English	0.7630	0.9507	4923	122	0.7361856966544185
es	Spanish	0.5478	0.9373	1400	3	0.5387590168230441
