file	language	correlation	corr_tubelex	n	n_missing	corr_without_missing
id	Indonesian	0.45547341188820784	0.8183343544699566	1490	12	0.46573166550513073
ja	Japanese	0.4344596199777628	0.8640533436495611	81271	5860	0.3936385245197511
zh	Chinese	0.3344860291903343	0.702016311407229	24325	347	0.31918681984815417
en	English	0.6610889840148028	0.8956897505042444	4923	4	0.661240249692624
es	Spanish	0.3294433124925001	0.8309015932205427	1400	0	0.3294433124925001
