file	language	correlation	corr_tubelex	n	n_missing	corr_without_missing
id	Indonesian	0.6245905598008291	0.9999999999999999	1490	10	0.6221317345584982
ja	Japanese	0.5624902010851339	1.0	81271	7521	0.501395548229398
zh	Chinese	0.5062999028179022	0.9999999999999999	24325	635	0.4828164473109028
en	English	0.7767406648667257	1.0	4923	37	0.7635474430934182
es	Spanish	0.5466553285034869	1.0	1400	0	0.5466553285034869
