file	language	correlation	corr_tubelex	n	n_missing	corr_without_missing
id	Indonesian	0.4447742478748582	0.5796917498284134	1490	803	0.2929577235027285
ja	Japanese	0.3281337968201747	0.7113191475426683	81271	47279	0.04987939602097638
en	English	0.6937547552066512	0.8844691350746098	4923	817	0.6481762313371475
es	Spanish	0.5546128461320236	0.808139938238272	1400	200	0.5019632783916886
