file	language	correlation	corr_tubelex	n	n_missing	corr_without_missing
en	English	0.6636171626765653	0.8011530791358437	4923	298	0.6583175770209299
ja	Japanese	0.5929165178396719	0.7927447961136134	81271	23610	0.4373105193887862
