file	language	correlation	corr_tubelex	n	n_missing	corr_without_missing
es	Spanish	0.5264220764035391	0.7765019090114568	1400	71	0.49684647443977686
