file	language	correlation	corr_tubelex	n	n_missing	corr_without_missing
en	English	0.6619068425770727	0.848045142332536	4682	419	0.6266025084587403
es	Spanish	0.5090610580195347	0.7956574277820195	820	289	0.3721038192164033
ja	Japanese	0.33602920989607793	0.662897161851442	76883	46793	0.10718063426154631
