file	language	correlation	corr_tubelex	n	n_missing	corr_without_missing
es	Spanish	0.4282489627815909	0.665858434018035	1400	34	0.551469579585314
