file	language	correlation	corr_tubelex	n	n_missing	corr_without_missing
zh	Chinese	0.5048874751579793	0.7594877276314024	24325	2024	0.48444820088917073
en	English	0.7730302670481576	0.914017365285818	4923	89	0.7511737825979705
es	Spanish	0.5379446337647159	0.7995184526604076	1400	20	0.5449527898396657
