file	language	correlation	corr_tubelex	n	n_missing	corr_without_missing
id	Indonesian	0.6166121860936973	0.9886871060564085	1490	10	0.6137575570430913
en	English	0.7767962222304958	0.9995864625606558	4923	35	0.7639530304052744
es	Spanish	0.545221802735403	0.9973153345324467	1400	0	0.545221802735403
