file	language	correlation	corr_tubelex	n	n_missing	corr_without_missing
ja	Japanese	0.4413931174487313	0.7216841969483828	76883	33645	0.20350627741587007
