file	language	correlation	corr_tubelex	n	n_missing	corr_without_missing
es	Spanish	0.5567990045298501	0.7884555258948679	820	65	0.5695148570381844
