file	language	correlation	corr_tubelex	n	n_missing	corr_without_missing
ja	Japanese	0.5107119933373123	0.6774497935958174	81271	12927	0.32970717649947695
