file	language	correlation	corr_tubelex	n	n_missing	corr_without_missing
id	Indonesian	0.5918307267266196	0.8584903411291201	1490	100	0.5801858554820709
ja	Japanese	0.500655847257852	0.6548590982620867	81271	9576	0.3702824006052289
zh	Chinese	0.2420259619198066	0.4664419515030145	24325	3	0.24155641659767427
en	English	0.7726987485069338	0.9735980520002337	4923	21	0.7627724060951707
es	Spanish	0.4951463839076788	0.9356829283223467	1400	0	0.4951463839076788
