file	language	correlation	corr_tubelex	n	n_missing	corr_without_missing
id	Indonesian	0.6204	0.9552	1490	47	0.5835691206887191
ja	Japanese	0.2702	0.9598	27935	1252	0.255238843044311
zh	Chinese	0.4437	0.8666	24325	2866	0.3831654010173723
en	English	0.7651	0.9712	4923	143	0.7367055703848657
es	Spanish	0.5449	0.9708	1400	8	0.5301112171986279
