file	language	correlation	corr_tubelex	n	n_missing	corr_without_missing
en	English	0.6636	0.8012	4923	298	0.6583175770209299
ja	Japanese	0.2862	0.6904	27935	1739	0.3560414489221236
