file	language	correlation	corr_tubelex	n	n_missing	corr_without_missing
ja	Japanese	0.4040480655658828	0.7343635828073684	81271	33867	0.1696407489310992
