file	language	correlation	corr_tubelex	n	n_missing	corr_without_missing
ja	Japanese	0.43085450934249175	0.6935419779806201	76883	35244	0.20623966988808332
