file	language	correlation	corr_tubelex	n	n_missing	corr_without_missing
id	Indonesian	0.5818	0.8493	1490	7	0.5753720361607817
ja	Japanese	0.1284	0.4534	27935	12809	0.19796413228160067
zh	Chinese	0.4442	0.6949	24325	196	0.4336999224186061
en	English	0.7764	0.9258	4923	14	0.7699023796933199
es	Spanish	0.5529	0.8264	1400	0	0.5528749540746718
