file	language	correlation	corr_tubelex	n	n_missing	corr_without_missing
id	Indonesian	0.4555	0.8183	1490	12	0.46573166550513073
ja	Japanese	0.0953	0.8503	27935	441	0.0850212096535513
zh	Chinese	0.3345	0.7020	24325	347	0.31918681984815417
en	English	0.6611	0.8957	4923	4	0.661240249692624
es	Spanish	0.3294	0.8320	1400	0	0.3294433124925001
