file	language	correlation	corr_tubelex	n	n_missing	corr_without_missing
zh	Chinese	-0.4648409212865051	0.6812136579663528	12576	6113	-0.3826551114088376
