file	language	correlation	corr_tubelex	n	n_missing	corr_without_missing
es	Spanish	-0.5996990072140441	0.7158954316777509	45190	28496	-0.5652649354473974
