file	language	correlation	corr_tubelex	n	n_missing	corr_without_missing
en	English	-0.6317772039735375	0.9301566424406296	38130	941	-0.6171180154380234
es	Spanish	-0.8006996049931988	0.9513819239837356	45190	10169	-0.7603768763710729
zh	Chinese	-0.422736263999292	0.6094252646719288	12576	27	-0.4128746164933912
