file	language	correlation	corr_tubelex	n	n_missing	corr_without_missing
en	English	-0.5223324334029684	0.8046707318165613	38130	18300	-0.4629367126891939
es	Spanish	-0.5663183653814727	0.7079921551517478	45190	34123	-0.49077822250417796
