file	language	correlation	corr_tubelex	n	n_missing	corr_without_missing
en	English	-0.6268124301913105	0.917942747941272	38130	941	-0.6171180154380237
es	Spanish	-0.7878709475030315	0.9294738962924115	45190	10169	-0.760376876371073
zh	Chinese	-0.42381718192763307	0.6028570127497537	12576	27	-0.412874616493391
