file	language	correlation	corr_tubelex	n	n_missing	corr_without_missing
en	English	-0.5484145126670397	0.8377450634711803	38130	10713	-0.4967907850699311
