file	language	correlation	corr_tubelex	n	n_missing	corr_without_missing
en	English	-0.5484145126670402	0.8377450634711806	38130	10713	-0.49679078506993146
