file	language	correlation	corr_tubelex	n	n_missing	corr_without_missing
en	English	-0.521712555869411	0.8060616257401962	38130	18329	-0.4625686205657653
es	Spanish	-0.5665395633166346	0.7132329904210318	45190	33952	-0.48163959554377084
zh	Chinese	-0.1705527955806608	0.4197981626465486	12576	11750	-0.012530305413622541
