file	language	correlation	corr_tubelex	n	n_missing	corr_without_missing
es	Spanish	-0.6447544585972673	0.7844224279029803	45190	27326	-0.5486282786144819
