	Chinese	English
BNC-Spoken		-0.4967907850699314
HKUST/MTS	-0.3826551114088378	
