file	language	correlation	corr_tubelex	n	n_missing	corr_without_missing
zh	Chinese	-0.4648409212865052	0.6812136579663528	12576	6113	-0.38265511140883784
