file	language	correlation	corr_tubelex	n	n_missing	corr_without_missing
en	English	-0.6335405136795692	0.9463234273442931	38130	4756	-0.5957775716034478
es	Spanish	-0.791122485829406	0.9533876940049915	45190	15966	-0.7365834429533035
zh	Chinese	-0.49839268440241613	0.8737460311199959	12576	1533	-0.4387626934667755
