	Chinese	English
SUBTLEX	0.000667	0.000000
SubIMDB		0.000000
OpenSubtitles2018	0.452422	0.000000
TUBELEX		
