id	language	context	target	complexity	lang	train	context_tokenized	target_tokenized
en_1	english	(If your robot has an external ROM chip, then that is the one that is pulled and replaced.	external	0.05	en	True	(|if|your|robot|have|a|external|ROM|chip|,|then|that|be|the|one|that|be|pull|and|replace|.	external
en_2	english	(If your robot has an external ROM chip, then that is the one that is pulled and replaced.	pulled	0.075	en	True	(|if|your|robot|have|a|external|ROM|chip|,|then|that|be|the|one|that|be|pull|and|replace|.	pull
en_3	english	(If your robot has an external ROM chip, then that is the one that is pulled and replaced.	robot	0.1	en	True	(|if|your|robot|have|a|external|ROM|chip|,|then|that|be|the|one|that|be|pull|and|replace|.	robot
en_4	english	A bank holiday was declared in October, 1857 and Secretary of the Treasury Howell Cobb recommended the government selling revenue bonds and reducing the tariff (Tariff of 1857).	bank	0.05	en	True	a|bank|holiday|be|declare|in|October|,|1857|and|Secretary|of|the|Treasury|Howell|Cobb|recommend|the|government|sell|revenue|bond|and|reduce|the|tariff|(|tariff|of|1857|)|.	bank
en_5	english	A bank holiday was declared in October, 1857 and Secretary of the Treasury Howell Cobb recommended the government selling revenue bonds and reducing the tariff (Tariff of 1857).	recommended	0.1	en	True	a|bank|holiday|be|declare|in|October|,|1857|and|Secretary|of|the|Treasury|Howell|Cobb|recommend|the|government|sell|revenue|bond|and|reduce|the|tariff|(|tariff|of|1857|)|.	recommend
en_6	english	A bank holiday was declared in October, 1857 and Secretary of the Treasury Howell Cobb recommended the government selling revenue bonds and reducing the tariff (Tariff of 1857).	declared	0.05	en	True	a|bank|holiday|be|declare|in|October|,|1857|and|Secretary|of|the|Treasury|Howell|Cobb|recommend|the|government|sell|revenue|bond|and|reduce|the|tariff|(|tariff|of|1857|)|.	declare
en_7	english	A continue statement will skip the remainder of the block and start at the controlling conditional statement again.	remainder	0.1	en	True	a|continue|statement|will|skip|the|remainder|of|the|block|and|start|at|the|control|conditional|statement|again|.	remainder
en_8	english	A continue statement will skip the remainder of the block and start at the controlling conditional statement again.	controlling	0.175	en	True	a|continue|statement|will|skip|the|remainder|of|the|block|and|start|at|the|control|conditional|statement|again|.	control
en_9	english	A continue statement will skip the remainder of the block and start at the controlling conditional statement again.	conditional	0.175	en	True	a|continue|statement|will|skip|the|remainder|of|the|block|and|start|at|the|control|conditional|statement|again|.	conditional
en_10	english	A good introduction tells the student what will be covered, how it relates to what has gone before, and any specific prerequisite knowledge.	gone	0.075	en	True	a|good|introduction|tell|the|student|what|will|be|cover|,|how|it|relate|to|what|have|go|before|,|and|any|specific|prerequisite|knowledge|.	gone
en_11	english	A good introduction tells the student what will be covered, how it relates to what has gone before, and any specific prerequisite knowledge.	prerequisite	0.4	en	True	a|good|introduction|tell|the|student|what|will|be|cover|,|how|it|relate|to|what|have|go|before|,|and|any|specific|prerequisite|knowledge|.	prerequisite
en_12	english	A good introduction tells the student what will be covered, how it relates to what has gone before, and any specific prerequisite knowledge.	relates	0.075	en	True	a|good|introduction|tell|the|student|what|will|be|cover|,|how|it|relate|to|what|have|go|before|,|and|any|specific|prerequisite|knowledge|.	relate
en_13	english	A more modern hardware character generator can be build around one of these small micro controllers (e.g.	micro	0.2272727272727272	en	True	a|more|modern|hardware|character|generator|can|be|build|around|one|of|this|small|micro|controller|(|e.g|.	micro
en_14	english	A more modern hardware character generator can be build around one of these small micro controllers (e.g.	controllers	0.1818181818181818	en	True	a|more|modern|hardware|character|generator|can|be|build|around|one|of|this|small|micro|controller|(|e.g|.	controller
en_15	english	A more modern hardware character generator can be build around one of these small micro controllers (e.g.	hardware	0.1818181818181818	en	True	a|more|modern|hardware|character|generator|can|be|build|around|one|of|this|small|micro|controller|(|e.g|.	hardware
en_16	english	A pickup is a magnet wrapped in a coil of wire.	wrapped	0.025	en	True	a|pickup|be|a|magnet|wrap|in|a|coil|of|wire|.	wrap
en_17	english	A pickup is a magnet wrapped in a coil of wire.	coil	0.15	en	True	a|pickup|be|a|magnet|wrap|in|a|coil|of|wire|.	coil
en_18	english	A pickup is a magnet wrapped in a coil of wire.	pickup	0.475	en	True	a|pickup|be|a|magnet|wrap|in|a|coil|of|wire|.	pickup
en_19	english	A positively or neutrally charged reagent that forms bonds by accepting electrons from a nucleophile.	reagent	0.6818181818181818	en	True	a|positively|or|neutrally|charge|reagent|that|form|bond|by|accept|electron|from|a|nucleophile|.	reagent
en_20	english	A positively or neutrally charged reagent that forms bonds by accepting electrons from a nucleophile.	electrons	0.2727272727272727	en	True	a|positively|or|neutrally|charge|reagent|that|form|bond|by|accept|electron|from|a|nucleophile|.	electron
en_21	english	A positively or neutrally charged reagent that forms bonds by accepting electrons from a nucleophile.	neutrally	0.2272727272727272	en	True	a|positively|or|neutrally|charge|reagent|that|form|bond|by|accept|electron|from|a|nucleophile|.	neutrally
en_22	english	A smaller number of persons  undertake such a challenge and then discover that calculus is beautiful in and of itself.	beautiful	0.05	en	True	a|small|number|of|person|undertake|such|a|challenge|and|then|discover|that|calculus|be|beautiful|in|and|of|itself|.	beautiful
en_23	english	A smaller number of persons  undertake such a challenge and then discover that calculus is beautiful in and of itself.	undertake	0.225	en	True	a|small|number|of|person|undertake|such|a|challenge|and|then|discover|that|calculus|be|beautiful|in|and|of|itself|.	undertake
en_24	english	A smaller number of persons  undertake such a challenge and then discover that calculus is beautiful in and of itself.	discover	0.1	en	True	a|small|number|of|person|undertake|such|a|challenge|and|then|discover|that|calculus|be|beautiful|in|and|of|itself|.	discover
en_25	english	A third was apparently eliminated by an erstwhile Death Eater identified only as R.A.B., but this turns out in the seventh book to not have happened.	seventh	0.0227272727272727	en	True	a|third|be|apparently|eliminate|by|a|erstwhile|death|Eater|identify|only|as|R.A.B.|,|but|this|turn|out|in|the|seventh|book|to|not|have|happen|.	seventh
en_26	english	A third was apparently eliminated by an erstwhile Death Eater identified only as R.A.B., but this turns out in the seventh book to not have happened.	eliminated	0.3181818181818182	en	True	a|third|be|apparently|eliminate|by|a|erstwhile|death|Eater|identify|only|as|R.A.B.|,|but|this|turn|out|in|the|seventh|book|to|not|have|happen|.	eliminate
en_27	english	A third was apparently eliminated by an erstwhile Death Eater identified only as R.A.B., but this turns out in the seventh book to not have happened.	erstwhile	0.9318181818181818	en	True	a|third|be|apparently|eliminate|by|a|erstwhile|death|Eater|identify|only|as|R.A.B.|,|but|this|turn|out|in|the|seventh|book|to|not|have|happen|.	erstwhile
en_28	english	A vector is a quantity which expresses both magnitude and direction.	magnitude	0.175	en	True	a|vector|be|a|quantity|which|express|both|magnitude|and|direction|.	magnitude
en_29	english	A vector is a quantity which expresses both magnitude and direction.	quantity	0.075	en	True	a|vector|be|a|quantity|which|express|both|magnitude|and|direction|.	quantity
en_30	english	A vector is a quantity which expresses both magnitude and direction.	vector	0.25	en	True	a|vector|be|a|quantity|which|express|both|magnitude|and|direction|.	vector
en_31	english	After Ron nearly dies drinking poisoned mead that was apparently intended for Professor Dumbledore, Hermione becomes so distraught that they end their feud for good.	distraught	0.3863636363636363	en	False	after|Ron|nearly|die|drink|poison|mead|that|be|apparently|intend|for|Professor|Dumbledore|,|Hermione|become|so|distraught|that|they|end|their|feud|for|good|.	distraught
en_32	english	After Ron nearly dies drinking poisoned mead that was apparently intended for Professor Dumbledore, Hermione becomes so distraught that they end their feud for good.	drinking	0.0454545454545454	en	False	after|Ron|nearly|die|drink|poison|mead|that|be|apparently|intend|for|Professor|Dumbledore|,|Hermione|become|so|distraught|that|they|end|their|feud|for|good|.	drinking
en_33	english	After the war, Hitler remained in the army and after receiving intelligence and oratory training, became an intelligence official tasked with infiltrating political parties and reporting to his superiors on their activities.	oratory	0.7045454545454546	en	False	after|the|war|,|Hitler|remain|in|the|army|and|after|receive|intelligence|and|oratory|training|,|become|a|intelligence|official|task|with|infiltrate|political|party|and|report|to|his|superior|on|their|activity|.	oratory
en_34	english	After the war, Hitler remained in the army and after receiving intelligence and oratory training, became an intelligence official tasked with infiltrating political parties and reporting to his superiors on their activities.	reporting	0.1136363636363636	en	False	after|the|war|,|Hitler|remain|in|the|army|and|after|receive|intelligence|and|oratory|training|,|become|a|intelligence|official|task|with|infiltrate|political|party|and|report|to|his|superior|on|their|activity|.	report
en_35	english	After the war, Hitler remained in the army and after receiving intelligence and oratory training, became an intelligence official tasked with infiltrating political parties and reporting to his superiors on their activities.	infiltrating	0.4318181818181818	en	False	after|the|war|,|Hitler|remain|in|the|army|and|after|receive|intelligence|and|oratory|training|,|become|a|intelligence|official|task|with|infiltrate|political|party|and|report|to|his|superior|on|their|activity|.	infiltrate
en_36	english	All other things being equal, nucleophiles are generally compared to each other in terms of relative reactivity.	relative	0.1	en	False	all|other|thing|be|equal|,|nucleophile|be|generally|compare|to|each|other|in|term|of|relative|reactivity|.	relative
en_37	english	All other things being equal, nucleophiles are generally compared to each other in terms of relative reactivity.	nucleophiles	0.65	en	False	all|other|thing|be|equal|,|nucleophile|be|generally|compare|to|each|other|in|term|of|relative|reactivity|.	nucleophile
en_38	english	All other things being equal, nucleophiles are generally compared to each other in terms of relative reactivity.	compared	0.05	en	False	all|other|thing|be|equal|,|nucleophile|be|generally|compare|to|each|other|in|term|of|relative|reactivity|.	compare
en_39	english	Also, the frictional coefficient varies greatly depending on what two substances are in contact, and the temperature and smoothness of the two substances.	frictional	0.5	en	False	also|,|the|frictional|coefficient|vary|greatly|depend|on|what|two|substance|be|in|contact|,|and|the|temperature|and|smoothness|of|the|two|substance|.	frictional
en_40	english	Also, the frictional coefficient varies greatly depending on what two substances are in contact, and the temperature and smoothness of the two substances.	smoothness	0.3181818181818182	en	False	also|,|the|frictional|coefficient|vary|greatly|depend|on|what|two|substance|be|in|contact|,|and|the|temperature|and|smoothness|of|the|two|substance|.	smoothness
en_41	english	Also, the frictional coefficient varies greatly depending on what two substances are in contact, and the temperature and smoothness of the two substances.	varies	0.2045454545454545	en	False	also|,|the|frictional|coefficient|vary|greatly|depend|on|what|two|substance|be|in|contact|,|and|the|temperature|and|smoothness|of|the|two|substance|.	vary
en_42	english	Although it requires discipline, it is extremely important to systematically work backwards in time through the record trail, exhausting all record sources for each person, before working on their parents and grandparents.	backwards	0.2045454545454545	en	False	although|it|require|discipline|,|it|be|extremely|important|to|systematically|work|backwards|in|time|through|the|record|trail|,|exhausting|all|record|source|for|each|person|,|before|work|on|their|parent|and|grandparent|.	backwards
en_43	english	Although it requires discipline, it is extremely important to systematically work backwards in time through the record trail, exhausting all record sources for each person, before working on their parents and grandparents.	exhausting	0.2045454545454545	en	False	although|it|require|discipline|,|it|be|extremely|important|to|systematically|work|backwards|in|time|through|the|record|trail|,|exhausting|all|record|source|for|each|person|,|before|work|on|their|parent|and|grandparent|.	exhausting
en_44	english	Although it requires discipline, it is extremely important to systematically work backwards in time through the record trail, exhausting all record sources for each person, before working on their parents and grandparents.	systematically	0.2954545454545454	en	False	although|it|require|discipline|,|it|be|extremely|important|to|systematically|work|backwards|in|time|through|the|record|trail|,|exhausting|all|record|source|for|each|person|,|before|work|on|their|parent|and|grandparent|.	systematically
en_45	english	Although some frames are provided with three holes for the location pins, some brakes only work on one particular position, so take note during any disassembly as to which holes were used.	holes	0.05	en	False	although|some|frame|be|provide|with|three|hole|for|the|location|pin|,|some|brake|only|work|on|one|particular|position|,|so|take|note|during|any|disassembly|as|to|which|hole|be|use|.	hole
en_46	english	Although some frames are provided with three holes for the location pins, some brakes only work on one particular position, so take note during any disassembly as to which holes were used.	frames	0.15	en	False	although|some|frame|be|provide|with|three|hole|for|the|location|pin|,|some|brake|only|work|on|one|particular|position|,|so|take|note|during|any|disassembly|as|to|which|hole|be|use|.	frame
en_47	english	Although some frames are provided with three holes for the location pins, some brakes only work on one particular position, so take note during any disassembly as to which holes were used.	brakes	0.05	en	False	although|some|frame|be|provide|with|three|hole|for|the|location|pin|,|some|brake|only|work|on|one|particular|position|,|so|take|note|during|any|disassembly|as|to|which|hole|be|use|.	brake
en_48	english	Although the Jews were the favored targets and are the victims we most hear about when talking about the Holocaust, they were not the only victims.	favored	0.15	en	False	although|the|Jew|be|the|favor|target|and|be|the|victim|we|most|hear|about|when|talk|about|the|Holocaust|,|they|be|not|the|only|victim|.	favor
en_49	english	Although the Jews were the favored targets and are the victims we most hear about when talking about the Holocaust, they were not the only victims.	hear	0.075	en	False	although|the|Jew|be|the|favor|target|and|be|the|victim|we|most|hear|about|when|talk|about|the|Holocaust|,|they|be|not|the|only|victim|.	hear
en_50	english	Although the Jews were the favored targets and are the victims we most hear about when talking about the Holocaust, they were not the only victims.	talking	0.05	en	False	although|the|Jew|be|the|favor|target|and|be|the|victim|we|most|hear|about|when|talk|about|the|Holocaust|,|they|be|not|the|only|victim|.	talk
en_51	english	Among these technologies was nuclear fission, the splitting of a highly electronegative atom into smaller ones, which gives off ten times as much power.	electronegative	0.575	en	False	among|this|technology|be|nuclear|fission|,|the|split|of|a|highly|electronegative|atom|into|small|one|,|which|give|off|ten|time|as|much|power|.	electronegative
en_52	english	Among these technologies was nuclear fission, the splitting of a highly electronegative atom into smaller ones, which gives off ten times as much power.	technologies	0.125	en	False	among|this|technology|be|nuclear|fission|,|the|split|of|a|highly|electronegative|atom|into|small|one|,|which|give|off|ten|time|as|much|power|.	technology
en_53	english	Among these technologies was nuclear fission, the splitting of a highly electronegative atom into smaller ones, which gives off ten times as much power.	nuclear	0.15	en	False	among|this|technology|be|nuclear|fission|,|the|split|of|a|highly|electronegative|atom|into|small|one|,|which|give|off|ten|time|as|much|power|.	nuclear
en_54	english	An ingenious alphabet allowed the Maya to record information on their monuments and temples, giving anthropologists an excellent way to learn about Maya life and culture.	anthropologists	0.7045454545454546	en	False	a|ingenious|alphabet|allow|the|Maya|to|record|information|on|their|monument|and|temple|,|give|anthropologist|a|excellent|way|to|learn|about|Maya|life|and|culture|.	anthropologist
en_55	english	An ingenious alphabet allowed the Maya to record information on their monuments and temples, giving anthropologists an excellent way to learn about Maya life and culture.	excellent	0.1363636363636363	en	False	a|ingenious|alphabet|allow|the|Maya|to|record|information|on|their|monument|and|temple|,|give|anthropologist|a|excellent|way|to|learn|about|Maya|life|and|culture|.	excellent
en_56	english	An ingenious alphabet allowed the Maya to record information on their monuments and temples, giving anthropologists an excellent way to learn about Maya life and culture.	ingenious	0.5681818181818182	en	False	a|ingenious|alphabet|allow|the|Maya|to|record|information|on|their|monument|and|temple|,|give|anthropologist|a|excellent|way|to|learn|about|Maya|life|and|culture|.	ingenious
en_57	english	Another separate book covers Cascading Style Sheets (CSS) which handle overall look and styling, but the present book addresses CSS briefly.	overall	0.05	en	False	another|separate|book|cover|Cascading|Style|Sheets|(|CSS|)|which|handle|overall|look|and|styling|,|but|the|present|book|address|CSS|briefly|.	overall
en_58	english	Another separate book covers Cascading Style Sheets (CSS) which handle overall look and styling, but the present book addresses CSS briefly.	addresses	0.175	en	False	another|separate|book|cover|Cascading|Style|Sheets|(|CSS|)|which|handle|overall|look|and|styling|,|but|the|present|book|address|CSS|briefly|.	address
en_59	english	Another separate book covers Cascading Style Sheets (CSS) which handle overall look and styling, but the present book addresses CSS briefly.	handle	0.075	en	False	another|separate|book|cover|Cascading|Style|Sheets|(|CSS|)|which|handle|overall|look|and|styling|,|but|the|present|book|address|CSS|briefly|.	handle
en_60	english	As Governor, he followed such a strict policy of appointing only fellow Republicans to office that he became the father of the spoils system in America.	father	0.075	en	False	as|Governor|,|he|follow|such|a|strict|policy|of|appoint|only|fellow|Republican|to|office|that|he|become|the|father|of|the|spoil|system|in|America|.	father
en_61	english	As Governor, he followed such a strict policy of appointing only fellow Republicans to office that he became the father of the spoils system in America.	appointing	0.125	en	False	as|Governor|,|he|follow|such|a|strict|policy|of|appoint|only|fellow|Republican|to|office|that|he|become|the|father|of|the|spoil|system|in|America|.	appoint
en_62	english	As Governor, he followed such a strict policy of appointing only fellow Republicans to office that he became the father of the spoils system in America.	spoils	0.325	en	False	as|Governor|,|he|follow|such|a|strict|policy|of|appoint|only|fellow|Republican|to|office|that|he|become|the|father|of|the|spoil|system|in|America|.	spoil
en_63	english	As adjectives, their endings will vary according to the nouns they modify.	according	0.1	en	False	as|adjective|,|their|ending|will|vary|accord|to|the|noun|they|modify|.	accord
en_64	english	As adjectives, their endings will vary according to the nouns they modify.	vary	0.125	en	False	as|adjective|,|their|ending|will|vary|accord|to|the|noun|they|modify|.	vary
en_65	english	As adjectives, their endings will vary according to the nouns they modify.	nouns	0.125	en	False	as|adjective|,|their|ending|will|vary|accord|to|the|noun|they|modify|.	noun
en_66	english	As the single parabolic reflector achieves a greater focusing accuracy than any larger bank of mirrors can achieve, the focus is used to achieve a higher temperature which in turn allows a very efficient conversion of heat into mechanical power to drive a electrical generator.	parabolic	0.75	en	False	as|the|single|parabolic|reflector|achieve|a|great|focus|accuracy|than|any|large|bank|of|mirror|can|achieve|,|the|focus|be|use|to|achieve|a|high|temperature|which|in|turn|allow|a|very|efficient|conversion|of|heat|into|mechanical|power|to|drive|a|electrical|generator|.	parabolic
en_67	english	As the single parabolic reflector achieves a greater focusing accuracy than any larger bank of mirrors can achieve, the focus is used to achieve a higher temperature which in turn allows a very efficient conversion of heat into mechanical power to drive a electrical generator.	accuracy	0.2272727272727272	en	False	as|the|single|parabolic|reflector|achieve|a|great|focus|accuracy|than|any|large|bank|of|mirror|can|achieve|,|the|focus|be|use|to|achieve|a|high|temperature|which|in|turn|allow|a|very|efficient|conversion|of|heat|into|mechanical|power|to|drive|a|electrical|generator|.	accuracy
en_68	english	As the single parabolic reflector achieves a greater focusing accuracy than any larger bank of mirrors can achieve, the focus is used to achieve a higher temperature which in turn allows a very efficient conversion of heat into mechanical power to drive a electrical generator.	focusing	0.2272727272727272	en	False	as|the|single|parabolic|reflector|achieve|a|great|focus|accuracy|than|any|large|bank|of|mirror|can|achieve|,|the|focus|be|use|to|achieve|a|high|temperature|which|in|turn|allow|a|very|efficient|conversion|of|heat|into|mechanical|power|to|drive|a|electrical|generator|.	focus
en_69	english	As well as being queen of the United Kingdom of Great Britain and Ireland, she was also the first monarch to use the title Empress of India.	queen	0.025	en	False	as|well|as|be|queen|of|the|United|Kingdom|of|great|Britain|and|Ireland|,|she|be|also|the|first|monarch|to|use|the|title|Empress|of|India|.	queen
en_70	english	As well as being queen of the United Kingdom of Great Britain and Ireland, she was also the first monarch to use the title Empress of India.	monarch	0.125	en	False	as|well|as|be|queen|of|the|United|Kingdom|of|great|Britain|and|Ireland|,|she|be|also|the|first|monarch|to|use|the|title|Empress|of|India|.	monarch
en_71	english	As well as being queen of the United Kingdom of Great Britain and Ireland, she was also the first monarch to use the title Empress of India.	title	0.025	en	False	as|well|as|be|queen|of|the|United|Kingdom|of|great|Britain|and|Ireland|,|she|be|also|the|first|monarch|to|use|the|title|Empress|of|India|.	title
en_72	english	At the end of the sequence a scraper removes any toner left on the drum and the whole process is repeated with a new image.	repeated	0.05	en	False	at|the|end|of|the|sequence|a|scraper|remove|any|toner|leave|on|the|drum|and|the|whole|process|be|repeat|with|a|new|image|.	repeat
en_73	english	At the end of the sequence a scraper removes any toner left on the drum and the whole process is repeated with a new image.	drum	0.2	en	False	at|the|end|of|the|sequence|a|scraper|remove|any|toner|leave|on|the|drum|and|the|whole|process|be|repeat|with|a|new|image|.	drum
en_74	english	At the end of the sequence a scraper removes any toner left on the drum and the whole process is repeated with a new image.	toner	0.175	en	False	at|the|end|of|the|sequence|a|scraper|remove|any|toner|leave|on|the|drum|and|the|whole|process|be|repeat|with|a|new|image|.	toner
en_75	english	Attachment to the fibre is attributed, at least partly, to salt formation between anionic groups in the dyes and cationic groups in the fibre.	fibre	0.3409090909090909	en	False	attachment|to|the|fibre|be|attribute|,|at|least|partly|,|to|salt|formation|between|anionic|group|in|the|dye|and|cationic|group|in|the|fibre|.	fibre
en_76	english	Attachment to the fibre is attributed, at least partly, to salt formation between anionic groups in the dyes and cationic groups in the fibre.	anionic	0.7045454545454546	en	False	attachment|to|the|fibre|be|attribute|,|at|least|partly|,|to|salt|formation|between|anionic|group|in|the|dye|and|cationic|group|in|the|fibre|.	anionic
en_77	english	Attachment to the fibre is attributed, at least partly, to salt formation between anionic groups in the dyes and cationic groups in the fibre.	cationic	0.6818181818181818	en	False	attachment|to|the|fibre|be|attribute|,|at|least|partly|,|to|salt|formation|between|anionic|group|in|the|dye|and|cationic|group|in|the|fibre|.	cationic
en_78	english	Because of the fact that his mating apparatus is barbed, much like the stinger of a worker, it will be ripped from his body after mating, and he will fall towards the earth with the only possible outcome of death.	mating	0.2954545454545454	en	False	because|of|the|fact|that|his|mating|apparatus|be|barb|,|much|like|the|stinger|of|a|worker|,|it|will|be|rip|from|his|body|after|mating|,|and|he|will|fall|towards|the|earth|with|the|only|possible|outcome|of|death|.	mating
en_79	english	Because of the fact that his mating apparatus is barbed, much like the stinger of a worker, it will be ripped from his body after mating, and he will fall towards the earth with the only possible outcome of death.	ripped	0.2954545454545454	en	False	because|of|the|fact|that|his|mating|apparatus|be|barb|,|much|like|the|stinger|of|a|worker|,|it|will|be|rip|from|his|body|after|mating|,|and|he|will|fall|towards|the|earth|with|the|only|possible|outcome|of|death|.	rip
en_80	english	Because of the fact that his mating apparatus is barbed, much like the stinger of a worker, it will be ripped from his body after mating, and he will fall towards the earth with the only possible outcome of death.	stinger	0.5909090909090909	en	False	because|of|the|fact|that|his|mating|apparatus|be|barb|,|much|like|the|stinger|of|a|worker|,|it|will|be|rip|from|his|body|after|mating|,|and|he|will|fall|towards|the|earth|with|the|only|possible|outcome|of|death|.	stinger
en_81	english	Besides the new vocabulary you should also have a look at how the verbs are conjugated depending on the subject of the sentence.	conjugated	0.6590909090909091	en	False	besides|the|new|vocabulary|you|should|also|have|a|look|at|how|the|verb|be|conjugate|depend|on|the|subject|of|the|sentence|.	conjugate
en_82	english	Besides the new vocabulary you should also have a look at how the verbs are conjugated depending on the subject of the sentence.	verbs	0.1136363636363636	en	False	besides|the|new|vocabulary|you|should|also|have|a|look|at|how|the|verb|be|conjugate|depend|on|the|subject|of|the|sentence|.	verb
en_83	english	Besides the new vocabulary you should also have a look at how the verbs are conjugated depending on the subject of the sentence.	vocabulary	0.1590909090909091	en	False	besides|the|new|vocabulary|you|should|also|have|a|look|at|how|the|verb|be|conjugate|depend|on|the|subject|of|the|sentence|.	vocabulary
en_84	english	Both make heavy use of mathematical functions to describe and predict physical phenomena that are subject to continuous change, and this requires the use of calculus.	heavy	0.125	en	False	both|make|heavy|use|of|mathematical|function|to|describe|and|predict|physical|phenomenon|that|be|subject|to|continuous|change|,|and|this|require|the|use|of|calculus|.	heavy
en_85	english	Both make heavy use of mathematical functions to describe and predict physical phenomena that are subject to continuous change, and this requires the use of calculus.	describe	0.075	en	False	both|make|heavy|use|of|mathematical|function|to|describe|and|predict|physical|phenomenon|that|be|subject|to|continuous|change|,|and|this|require|the|use|of|calculus|.	describe
en_86	english	Both make heavy use of mathematical functions to describe and predict physical phenomena that are subject to continuous change, and this requires the use of calculus.	predict	0.05	en	False	both|make|heavy|use|of|mathematical|function|to|describe|and|predict|physical|phenomenon|that|be|subject|to|continuous|change|,|and|this|require|the|use|of|calculus|.	predict
en_87	english	British trade officials took it as a first priority to populate the recently secured areas of Canada and Florida (referring to the Treaty of Paris), where colonists could reasonably be expected to trade with the mother country.	secured	0.1818181818181818	en	False	British|trade|official|take|it|as|a|first|priority|to|populate|the|recently|secure|area|of|Canada|and|Florida|(|refer|to|the|Treaty|of|Paris|)|,|where|colonist|could|reasonably|be|expect|to|trade|with|the|mother|country|.	secure
en_88	english	British trade officials took it as a first priority to populate the recently secured areas of Canada and Florida (referring to the Treaty of Paris), where colonists could reasonably be expected to trade with the mother country.	colonists	0.4545454545454545	en	False	British|trade|official|take|it|as|a|first|priority|to|populate|the|recently|secure|area|of|Canada|and|Florida|(|refer|to|the|Treaty|of|Paris|)|,|where|colonist|could|reasonably|be|expect|to|trade|with|the|mother|country|.	colonist
en_89	english	British trade officials took it as a first priority to populate the recently secured areas of Canada and Florida (referring to the Treaty of Paris), where colonists could reasonably be expected to trade with the mother country.	populate	0.25	en	False	British|trade|official|take|it|as|a|first|priority|to|populate|the|recently|secure|area|of|Canada|and|Florida|(|refer|to|the|Treaty|of|Paris|)|,|where|colonist|could|reasonably|be|expect|to|trade|with|the|mother|country|.	populate
en_90	english	Buddhism and Jainism share many  common themes and practices, including an emphasis on nonviolence and a belief that one achieves liberation through the renunciation of worldly ties which bind individuals to illusion through the process of karma, the accumulation of good and bad merit.	liberation	0.3863636363636363	en	False	Buddhism|and|Jainism|share|many|common|theme|and|practice|,|include|a|emphasis|on|nonviolence|and|a|belief|that|one|achieve|liberation|through|the|renunciation|of|worldly|tie|which|bind|individual|to|illusion|through|the|process|of|karma|,|the|accumulation|of|good|and|bad|merit|.	liberation
en_91	english	Buddhism and Jainism share many  common themes and practices, including an emphasis on nonviolence and a belief that one achieves liberation through the renunciation of worldly ties which bind individuals to illusion through the process of karma, the accumulation of good and bad merit.	emphasis	0.2954545454545454	en	False	Buddhism|and|Jainism|share|many|common|theme|and|practice|,|include|a|emphasis|on|nonviolence|and|a|belief|that|one|achieve|liberation|through|the|renunciation|of|worldly|tie|which|bind|individual|to|illusion|through|the|process|of|karma|,|the|accumulation|of|good|and|bad|merit|.	emphasis
en_92	english	Buddhism and Jainism share many  common themes and practices, including an emphasis on nonviolence and a belief that one achieves liberation through the renunciation of worldly ties which bind individuals to illusion through the process of karma, the accumulation of good and bad merit.	accumulation	0.4318181818181818	en	False	Buddhism|and|Jainism|share|many|common|theme|and|practice|,|include|a|emphasis|on|nonviolence|and|a|belief|that|one|achieve|liberation|through|the|renunciation|of|worldly|tie|which|bind|individual|to|illusion|through|the|process|of|karma|,|the|accumulation|of|good|and|bad|merit|.	accumulation
en_93	english	By the 1960s more mail was being franked by postage meter than with traditional adhesive stamps.	adhesive	0.5	en	False	by|the|1960s|more|mail|be|be|frank|by|postage|meter|than|with|traditional|adhesive|stamp|.	adhesive
en_94	english	By the 1960s more mail was being franked by postage meter than with traditional adhesive stamps.	franked	0.6590909090909091	en	False	by|the|1960s|more|mail|be|be|frank|by|postage|meter|than|with|traditional|adhesive|stamp|.	frank
en_95	english	By the 1960s more mail was being franked by postage meter than with traditional adhesive stamps.	meter	0.1818181818181818	en	False	by|the|1960s|more|mail|be|be|frank|by|postage|meter|than|with|traditional|adhesive|stamp|.	meter
en_96	english	Calculating such capacitances and either exploiting them or taking necessary measures to counteract it is a big deal in engineering electric circuits.	counteract	0.5	en	False	calculate|such|capacitance|and|either|exploit|they|or|take|necessary|measure|to|counteract|it|be|a|big|deal|in|engineering|electric|circuit|.	counteract
en_97	english	Calculating such capacitances and either exploiting them or taking necessary measures to counteract it is a big deal in engineering electric circuits.	electric	0.1590909090909091	en	False	calculate|such|capacitance|and|either|exploit|they|or|take|necessary|measure|to|counteract|it|be|a|big|deal|in|engineering|electric|circuit|.	electric
en_98	english	Calculating such capacitances and either exploiting them or taking necessary measures to counteract it is a big deal in engineering electric circuits.	capacitances	0.7727272727272727	en	False	calculate|such|capacitance|and|either|exploit|they|or|take|necessary|measure|to|counteract|it|be|a|big|deal|in|engineering|electric|circuit|.	capacitance
en_99	english	Chapter Two investigates this connection a little more fully by discussing the mental gymnastics of problem solving.	discussing	0.1363636363636363	en	False	Chapter|two|investigate|this|connection|a|little|more|fully|by|discuss|the|mental|gymnastic|of|problem|solving|.	discuss
en_100	english	Chapter Two investigates this connection a little more fully by discussing the mental gymnastics of problem solving.	gymnastics	0.25	en	False	Chapter|two|investigate|this|connection|a|little|more|fully|by|discuss|the|mental|gymnastic|of|problem|solving|.	gymnastic
en_101	english	Chapter Two investigates this connection a little more fully by discussing the mental gymnastics of problem solving.	fully	0.068181818	en	False	Chapter|two|investigate|this|connection|a|little|more|fully|by|discuss|the|mental|gymnastic|of|problem|solving|.	fully
en_102	english	Cheered on by southern supporters (many of whom sent Brooks new canes, to show approval of his actions), came back after a resounding reelection.	resounding	0.325	en	False	cheer|on|by|southern|supporter|(|many|of|whom|send|Brooks|new|cane|,|to|show|approval|of|his|action|)|,|come|back|after|a|resounding|reelection|.	resounding
en_103	english	Cheered on by southern supporters (many of whom sent Brooks new canes, to show approval of his actions), came back after a resounding reelection.	whom	0.125	en	False	cheer|on|by|southern|supporter|(|many|of|whom|send|Brooks|new|cane|,|to|show|approval|of|his|action|)|,|come|back|after|a|resounding|reelection|.	whom
en_104	english	Cheered on by southern supporters (many of whom sent Brooks new canes, to show approval of his actions), came back after a resounding reelection.	supporters	0.15	en	False	cheer|on|by|southern|supporter|(|many|of|whom|send|Brooks|new|cane|,|to|show|approval|of|his|action|)|,|come|back|after|a|resounding|reelection|.	supporter
en_105	english	Click the attached MAC or WIN button to download the zipped font file.	font	0.1363636363636363	en	False	click|the|attach|mac|or|win|button|to|download|the|zipped|font|file|.	font
en_106	english	Click the attached MAC or WIN button to download the zipped font file.	download	0.0227272727272727	en	False	click|the|attach|mac|or|win|button|to|download|the|zipped|font|file|.	download
en_107	english	Click the attached MAC or WIN button to download the zipped font file.	zipped	0.1363636363636363	en	False	click|the|attach|mac|or|win|button|to|download|the|zipped|font|file|.	zipped
en_108	english	Configuration can also be assigned on the purely empirical basis of the optical activity.	empirical	0.525	en	False	configuration|can|also|be|assign|on|the|purely|empirical|basis|of|the|optical|activity|.	empirical
en_109	english	Configuration can also be assigned on the purely empirical basis of the optical activity.	assigned	0.075	en	False	configuration|can|also|be|assign|on|the|purely|empirical|basis|of|the|optical|activity|.	assign
en_110	english	Configuration can also be assigned on the purely empirical basis of the optical activity.	purely	0.075	en	False	configuration|can|also|be|assign|on|the|purely|empirical|basis|of|the|optical|activity|.	purely
en_111	english	Currently, one seat equals roughly 600,000 constituents.	equals	0.05	en	False	currently|,|one|seat|equal|roughly|600,000|constituent|.	equal
en_112	english	Currently, one seat equals roughly 600,000 constituents.	constituents	0.425	en	False	currently|,|one|seat|equal|roughly|600,000|constituent|.	constituent
en_113	english	Currently, one seat equals roughly 600,000 constituents.	roughly	0.1	en	False	currently|,|one|seat|equal|roughly|600,000|constituent|.	roughly
en_114	english	Decorative typefaces are better suited for display type (greater than 14 points), while simpler type is better used for text (less than 14 points).	suited	0.175	en	False	Decorative|typeface|be|well|suit|for|display|type|(|great|than|14|point|)|,|while|simple|type|be|well|use|for|text|(|less|than|14|point|)|.	suit
en_115	english	Decorative typefaces are better suited for display type (greater than 14 points), while simpler type is better used for text (less than 14 points).	typefaces	0.425	en	False	Decorative|typeface|be|well|suit|for|display|type|(|great|than|14|point|)|,|while|simple|type|be|well|use|for|text|(|less|than|14|point|)|.	typeface
en_116	english	Decorative typefaces are better suited for display type (greater than 14 points), while simpler type is better used for text (less than 14 points).	simpler	0.05	en	False	Decorative|typeface|be|well|suit|for|display|type|(|great|than|14|point|)|,|while|simple|type|be|well|use|for|text|(|less|than|14|point|)|.	simple
en_117	english	Despite this, we can see that there is still some interaction between Dumbledore and McGonagall, with McGonagall being a moderating influence on all parties, while exhibiting staunch loyalty to Dumbledore.	staunch	0.75	en	False	despite|this|,|we|can|see|that|there|be|still|some|interaction|between|Dumbledore|and|McGonagall|,|with|McGonagall|be|a|moderate|influence|on|all|party|,|while|exhibit|staunch|loyalty|to|Dumbledore|.	staunch
en_118	english	Despite this, we can see that there is still some interaction between Dumbledore and McGonagall, with McGonagall being a moderating influence on all parties, while exhibiting staunch loyalty to Dumbledore.	loyalty	0.1590909090909091	en	False	despite|this|,|we|can|see|that|there|be|still|some|interaction|between|Dumbledore|and|McGonagall|,|with|McGonagall|be|a|moderate|influence|on|all|party|,|while|exhibit|staunch|loyalty|to|Dumbledore|.	loyalty
en_119	english	Despite this, we can see that there is still some interaction between Dumbledore and McGonagall, with McGonagall being a moderating influence on all parties, while exhibiting staunch loyalty to Dumbledore.	moderating	0.3409090909090909	en	False	despite|this|,|we|can|see|that|there|be|still|some|interaction|between|Dumbledore|and|McGonagall|,|with|McGonagall|be|a|moderate|influence|on|all|party|,|while|exhibit|staunch|loyalty|to|Dumbledore|.	moderating
en_120	english	Dramas, comedy and all other forms of entertainment were produced, as well as broadcasts of news and music.	comedy	0.1136363636363636	en	False	drama|,|comedy|and|all|other|form|of|entertainment|be|produce|,|as|well|as|broadcast|of|news|and|music|.	comedy
en_121	english	Dramas, comedy and all other forms of entertainment were produced, as well as broadcasts of news and music.	broadcasts	0.2727272727272727	en	False	drama|,|comedy|and|all|other|form|of|entertainment|be|produce|,|as|well|as|broadcast|of|news|and|music|.	broadcast
en_122	english	Dramas, comedy and all other forms of entertainment were produced, as well as broadcasts of news and music.	entertainment	0.1818181818181818	en	False	drama|,|comedy|and|all|other|form|of|entertainment|be|produce|,|as|well|as|broadcast|of|news|and|music|.	entertainment
en_123	english	Drill them out using a very slow drill speed, or use a screw extractor tool for stuck screws.	extractor	0.3409090909090909	en	False	drill|they|out|use|a|very|slow|drill|speed|,|or|use|a|screw|extractor|tool|for|stuck|screw|.	extractor
en_124	english	Drill them out using a very slow drill speed, or use a screw extractor tool for stuck screws.	drill	0.1136363636363636	en	False	drill|they|out|use|a|very|slow|drill|speed|,|or|use|a|screw|extractor|tool|for|stuck|screw|.	drill
en_125	english	Drill them out using a very slow drill speed, or use a screw extractor tool for stuck screws.	stuck	0.2045454545454545	en	False	drill|they|out|use|a|very|slow|drill|speed|,|or|use|a|screw|extractor|tool|for|stuck|screw|.	stuck
en_126	english	Each side had induced their new partners to join by offering territorial concessions.	offering	0.075	en	False	each|side|have|induce|their|new|partner|to|join|by|offer|territorial|concession|.	offering
en_127	english	Each side had induced their new partners to join by offering territorial concessions.	join	0.05	en	False	each|side|have|induce|their|new|partner|to|join|by|offer|territorial|concession|.	join
en_128	english	Each side had induced their new partners to join by offering territorial concessions.	partners	0.075	en	False	each|side|have|induce|their|new|partner|to|join|by|offer|territorial|concession|.	partner
en_129	english	Each year the membership count for this club increases and the need for small group leaders, also known as Core Facilitators, in dorms increases as well.	dorms	0.4090909090909091	en	False	each|year|the|membership|count|for|this|club|increase|and|the|need|for|small|group|leader|,|also|know|as|core|facilitator|,|in|dorm|increase|as|well|.	dorm
en_130	english	Each year the membership count for this club increases and the need for small group leaders, also known as Core Facilitators, in dorms increases as well.	membership	0.1590909090909091	en	False	each|year|the|membership|count|for|this|club|increase|and|the|need|for|small|group|leader|,|also|know|as|core|facilitator|,|in|dorm|increase|as|well|.	membership
en_131	english	Each year the membership count for this club increases and the need for small group leaders, also known as Core Facilitators, in dorms increases as well.	count	0.1136363636363636	en	False	each|year|the|membership|count|for|this|club|increase|and|the|need|for|small|group|leader|,|also|know|as|core|facilitator|,|in|dorm|increase|as|well|.	count
en_132	english	Electronically controlled motorized zoom lenses are placed on both camera and projector, and synchronized with one another so that both lenses zoom together and at the same focal length at all times.	zoom	0.2045454545454545	en	False	electronically|control|motorize|zoom|lense|be|place|on|both|camera|and|projector|,|and|synchronize|with|one|another|so|that|both|lense|zoom|together|and|at|the|same|focal|length|at|all|time|.	zoom
en_133	english	Electronically controlled motorized zoom lenses are placed on both camera and projector, and synchronized with one another so that both lenses zoom together and at the same focal length at all times.	motorized	0.3409090909090909	en	False	electronically|control|motorize|zoom|lense|be|place|on|both|camera|and|projector|,|and|synchronize|with|one|another|so|that|both|lense|zoom|together|and|at|the|same|focal|length|at|all|time|.	motorize
en_134	english	Electronically controlled motorized zoom lenses are placed on both camera and projector, and synchronized with one another so that both lenses zoom together and at the same focal length at all times.	focal	0.4772727272727273	en	False	electronically|control|motorize|zoom|lense|be|place|on|both|camera|and|projector|,|and|synchronize|with|one|another|so|that|both|lense|zoom|together|and|at|the|same|focal|length|at|all|time|.	focal
en_135	english	Environmental conditions such as current or temperature gradients cause the bubble to pinch off, creating two bubbles containing similar concentrations of materials.	gradients	0.3636363636363636	en	False	Environmental|condition|such|as|current|or|temperature|gradient|cause|the|bubble|to|pinch|off|,|create|two|bubble|contain|similar|concentration|of|material|.	gradient
en_136	english	Environmental conditions such as current or temperature gradients cause the bubble to pinch off, creating two bubbles containing similar concentrations of materials.	bubble	0.1363636363636363	en	False	Environmental|condition|such|as|current|or|temperature|gradient|cause|the|bubble|to|pinch|off|,|create|two|bubble|contain|similar|concentration|of|material|.	bubble
en_137	english	Environmental conditions such as current or temperature gradients cause the bubble to pinch off, creating two bubbles containing similar concentrations of materials.	pinch	0.3181818181818182	en	False	Environmental|condition|such|as|current|or|temperature|gradient|cause|the|bubble|to|pinch|off|,|create|two|bubble|contain|similar|concentration|of|material|.	pinch
en_138	english	Ever the patriot, Laurens continued to serve his nation as one of the three representatives selected to negotiate terms at the Paris Peace Conference in 1782.	selected	0.075	en	False	ever|the|patriot|,|Laurens|continue|to|serve|his|nation|as|one|of|the|three|representative|select|to|negotiate|term|at|the|Paris|Peace|Conference|in|1782|.	select
en_139	english	Ever the patriot, Laurens continued to serve his nation as one of the three representatives selected to negotiate terms at the Paris Peace Conference in 1782.	continued	0.075	en	False	ever|the|patriot|,|Laurens|continue|to|serve|his|nation|as|one|of|the|three|representative|select|to|negotiate|term|at|the|Paris|Peace|Conference|in|1782|.	continue
en_140	english	Ever the patriot, Laurens continued to serve his nation as one of the three representatives selected to negotiate terms at the Paris Peace Conference in 1782.	negotiate	0.15	en	False	ever|the|patriot|,|Laurens|continue|to|serve|his|nation|as|one|of|the|three|representative|select|to|negotiate|term|at|the|Paris|Peace|Conference|in|1782|.	negotiate
en_141	english	Everything that you study is geared to prepare you for organic syntheses and other chemical transformations performed in the lab.	transformations	0.225	en	False	everything|that|you|study|be|gear|to|prepare|you|for|organic|synthesis|and|other|chemical|transformation|perform|in|the|lab|.	transformation
en_142	english	Everything that you study is geared to prepare you for organic syntheses and other chemical transformations performed in the lab.	performed	0.1	en	False	everything|that|you|study|be|gear|to|prepare|you|for|organic|synthesis|and|other|chemical|transformation|perform|in|the|lab|.	perform
en_143	english	Everything that you study is geared to prepare you for organic syntheses and other chemical transformations performed in the lab.	prepare	0.075	en	False	everything|that|you|study|be|gear|to|prepare|you|for|organic|synthesis|and|other|chemical|transformation|perform|in|the|lab|.	prepare
en_144	english	Exercises and review sections are ideally contribute a designed repetition pattern.	contribute	0.125	en	False	exercise|and|review|section|be|ideally|contribute|a|design|repetition|pattern|.	contribute
en_145	english	Exercises and review sections are ideally contribute a designed repetition pattern.	ideally	0.125	en	False	exercise|and|review|section|be|ideally|contribute|a|design|repetition|pattern|.	ideally
en_146	english	Exercises and review sections are ideally contribute a designed repetition pattern.	repetition	0.125	en	False	exercise|and|review|section|be|ideally|contribute|a|design|repetition|pattern|.	repetition
en_147	english	Hard lines are often made to be pressurised with nitrogen or desiccated air, which provide an excellent dielectric even at the high temperatures generated by thousands of watts of RF energy, especially during intense summer heat and sunshine.	desiccated	0.7	en	False	hard|line|be|often|make|to|be|pressurise|with|nitrogen|or|desiccate|air|,|which|provide|a|excellent|dielectric|even|at|the|high|temperature|generate|by|thousand|of|watt|of|RF|energy|,|especially|during|intense|summer|heat|and|sunshine|.	desiccate
en_148	english	Hard lines are often made to be pressurised with nitrogen or desiccated air, which provide an excellent dielectric even at the high temperatures generated by thousands of watts of RF energy, especially during intense summer heat and sunshine.	watts	0.2	en	False	hard|line|be|often|make|to|be|pressurise|with|nitrogen|or|desiccate|air|,|which|provide|a|excellent|dielectric|even|at|the|high|temperature|generate|by|thousand|of|watt|of|RF|energy|,|especially|during|intense|summer|heat|and|sunshine|.	watt
en_149	english	Hard lines are often made to be pressurised with nitrogen or desiccated air, which provide an excellent dielectric even at the high temperatures generated by thousands of watts of RF energy, especially during intense summer heat and sunshine.	intense	0.075	en	False	hard|line|be|often|make|to|be|pressurise|with|nitrogen|or|desiccate|air|,|which|provide|a|excellent|dielectric|even|at|the|high|temperature|generate|by|thousand|of|watt|of|RF|energy|,|especially|during|intense|summer|heat|and|sunshine|.	intense
en_150	english	He believes they are expressing the same concerns that he feels, but only in a different way, and that he is morally required to tolerate them because they are weaker than he is.	tolerate	0.125	en	False	he|believe|they|be|express|the|same|concern|that|he|feel|,|but|only|in|a|different|way|,|and|that|he|be|morally|require|to|tolerate|they|because|they|be|weak|than|he|be|.	tolerate
en_151	english	He believes they are expressing the same concerns that he feels, but only in a different way, and that he is morally required to tolerate them because they are weaker than he is.	morally	0.15	en	False	he|believe|they|be|express|the|same|concern|that|he|feel|,|but|only|in|a|different|way|,|and|that|he|be|morally|require|to|tolerate|they|because|they|be|weak|than|he|be|.	morally
en_152	english	He believes they are expressing the same concerns that he feels, but only in a different way, and that he is morally required to tolerate them because they are weaker than he is.	believes	0.05	en	False	he|believe|they|be|express|the|same|concern|that|he|feel|,|but|only|in|a|different|way|,|and|that|he|be|morally|require|to|tolerate|they|because|they|be|weak|than|he|be|.	believe
en_153	english	He had an exemplary record of service and received the prestigious Iron Cross, both First and Second Class, and also achieved the undistinguished rank of Corporal.	rank	0.125	en	False	he|have|a|exemplary|record|of|service|and|receive|the|prestigious|Iron|Cross|,|both|first|and|second|Class|,|and|also|achieve|the|undistinguished|rank|of|Corporal|.	rank
en_154	english	He had an exemplary record of service and received the prestigious Iron Cross, both First and Second Class, and also achieved the undistinguished rank of Corporal.	undistinguished	0.325	en	False	he|have|a|exemplary|record|of|service|and|receive|the|prestigious|Iron|Cross|,|both|first|and|second|Class|,|and|also|achieve|the|undistinguished|rank|of|Corporal|.	undistinguished
en_155	english	He had an exemplary record of service and received the prestigious Iron Cross, both First and Second Class, and also achieved the undistinguished rank of Corporal.	prestigious	0.175	en	False	he|have|a|exemplary|record|of|service|and|receive|the|prestigious|Iron|Cross|,|both|first|and|second|Class|,|and|also|achieve|the|undistinguished|rank|of|Corporal|.	prestigious
en_156	english	He was also responsible for drug smuggling and murder, and bribed both police and important politicians.	bribed	0.2954545454545454	en	False	he|be|also|responsible|for|drug|smuggling|and|murder|,|and|bribe|both|police|and|important|politician|.	bribe
en_157	english	He was also responsible for drug smuggling and murder, and bribed both police and important politicians.	drug	0.068181818	en	False	he|be|also|responsible|for|drug|smuggling|and|murder|,|and|bribe|both|police|and|important|politician|.	drug
en_158	english	He was also responsible for drug smuggling and murder, and bribed both police and important politicians.	police	0.0454545454545454	en	False	he|be|also|responsible|for|drug|smuggling|and|murder|,|and|bribe|both|police|and|important|politician|.	police
en_159	english	Heavy spidering can lead to your spider, or your IP, being barred with prejudice from access to the site.	barred	0.3	en	False	heavy|spidering|can|lead|to|your|spider|,|or|your|ip|,|be|bar|with|prejudice|from|access|to|the|site|.	bar
en_160	english	Heavy spidering can lead to your spider, or your IP, being barred with prejudice from access to the site.	spidering	0.675	en	False	heavy|spidering|can|lead|to|your|spider|,|or|your|ip|,|be|bar|with|prejudice|from|access|to|the|site|.	spidering
en_161	english	Heavy spidering can lead to your spider, or your IP, being barred with prejudice from access to the site.	prejudice	0.375	en	False	heavy|spidering|can|lead|to|your|spider|,|or|your|ip|,|be|bar|with|prejudice|from|access|to|the|site|.	prejudice
en_162	english	However if the program is some type of editor running on a desktop, you may want to give the operator the option of saving their tediously entered information instead of just exiting the program.	exiting	0.125	en	False	however|if|the|program|be|some|type|of|editor|run|on|a|desktop|,|you|may|want|to|give|the|operator|the|option|of|save|their|tediously|enter|information|instead|of|just|exit|the|program|.	exit
en_163	english	However if the program is some type of editor running on a desktop, you may want to give the operator the option of saving their tediously entered information instead of just exiting the program.	saving	0.025	en	False	however|if|the|program|be|some|type|of|editor|run|on|a|desktop|,|you|may|want|to|give|the|operator|the|option|of|save|their|tediously|enter|information|instead|of|just|exit|the|program|.	save
en_164	english	However if the program is some type of editor running on a desktop, you may want to give the operator the option of saving their tediously entered information instead of just exiting the program.	tediously	0.225	en	False	however|if|the|program|be|some|type|of|editor|run|on|a|desktop|,|you|may|want|to|give|the|operator|the|option|of|save|their|tediously|enter|information|instead|of|just|exit|the|program|.	tediously
en_165	english	However in one area it possesses a highly sensitive power, namely the right to withdraw or block Supply, i.e.	highly	0.090909091	en	False	however|in|one|area|it|possess|a|highly|sensitive|power|,|namely|the|right|to|withdraw|or|block|supply|,|i.e|.	highly
en_166	english	However in one area it possesses a highly sensitive power, namely the right to withdraw or block Supply, i.e.	namely	0.2954545454545454	en	False	however|in|one|area|it|possess|a|highly|sensitive|power|,|namely|the|right|to|withdraw|or|block|supply|,|i.e|.	namely
en_167	english	However in one area it possesses a highly sensitive power, namely the right to withdraw or block Supply, i.e.	possesses	0.2272727272727272	en	False	however|in|one|area|it|possess|a|highly|sensitive|power|,|namely|the|right|to|withdraw|or|block|supply|,|i.e|.	possess
en_168	english	However, despite these mostly unavoidable limitations, several SUVs and larger trucks have been successfully converted to electric power by hobbyists.	despite	0.3181818181818182	en	False	however|,|despite|this|mostly|unavoidable|limitation|,|several|suvs|and|large|truck|have|be|successfully|convert|to|electric|power|by|hobbyist|.	despite
en_169	english	However, despite these mostly unavoidable limitations, several SUVs and larger trucks have been successfully converted to electric power by hobbyists.	successfully	0.1590909090909091	en	False	however|,|despite|this|mostly|unavoidable|limitation|,|several|suvs|and|large|truck|have|be|successfully|convert|to|electric|power|by|hobbyist|.	successfully
en_170	english	However, despite these mostly unavoidable limitations, several SUVs and larger trucks have been successfully converted to electric power by hobbyists.	unavoidable	0.2727272727272727	en	False	however|,|despite|this|mostly|unavoidable|limitation|,|several|suvs|and|large|truck|have|be|successfully|convert|to|electric|power|by|hobbyist|.	unavoidable
en_171	english	However, heavy, persistent rainfall and rainstorms may cause flooding and waterlogged conditions in the soils, as well as serious rainsplash erosion.	persistent	0.2727272727272727	en	False	however|,|heavy|,|persistent|rainfall|and|rainstorm|may|cause|flooding|and|waterlogged|condition|in|the|soil|,|as|well|as|serious|rainsplash|erosion|.	persistent
en_172	english	However, heavy, persistent rainfall and rainstorms may cause flooding and waterlogged conditions in the soils, as well as serious rainsplash erosion.	rainsplash	0.5	en	False	however|,|heavy|,|persistent|rainfall|and|rainstorm|may|cause|flooding|and|waterlogged|condition|in|the|soil|,|as|well|as|serious|rainsplash|erosion|.	rainsplash
en_173	english	However, heavy, persistent rainfall and rainstorms may cause flooding and waterlogged conditions in the soils, as well as serious rainsplash erosion.	rainstorms	0.2954545454545454	en	False	however|,|heavy|,|persistent|rainfall|and|rainstorm|may|cause|flooding|and|waterlogged|condition|in|the|soil|,|as|well|as|serious|rainsplash|erosion|.	rainstorm
en_174	english	However, in general, it is necessary to apply those laws to an infinitesimal control volume, then use the resulting differential equations.	differential	0.3636363636363636	en	False	however|,|in|general|,|it|be|necessary|to|apply|that|law|to|a|infinitesimal|control|volume|,|then|use|the|result|differential|equation|.	differential
en_175	english	However, in general, it is necessary to apply those laws to an infinitesimal control volume, then use the resulting differential equations.	resulting	0.1590909090909091	en	False	however|,|in|general|,|it|be|necessary|to|apply|that|law|to|a|infinitesimal|control|volume|,|then|use|the|result|differential|equation|.	result
en_176	english	However, in general, it is necessary to apply those laws to an infinitesimal control volume, then use the resulting differential equations.	infinitesimal	0.7272727272727273	en	False	however|,|in|general|,|it|be|necessary|to|apply|that|law|to|a|infinitesimal|control|volume|,|then|use|the|result|differential|equation|.	infinitesimal
en_177	english	However, it hardly needs saying that this artifice would have limited value if we knew the myth to be a lie.	myth	0.2954545454545454	en	False	however|,|it|hardly|need|say|that|this|artifice|would|have|limited|value|if|we|know|the|myth|to|be|a|lie|.	myth
en_178	english	However, it hardly needs saying that this artifice would have limited value if we knew the myth to be a lie.	artifice	0.7727272727272727	en	False	however|,|it|hardly|need|say|that|this|artifice|would|have|limited|value|if|we|know|the|myth|to|be|a|lie|.	artifice
en_179	english	However, it hardly needs saying that this artifice would have limited value if we knew the myth to be a lie.	hardly	0.2045454545454545	en	False	however|,|it|hardly|need|say|that|this|artifice|would|have|limited|value|if|we|know|the|myth|to|be|a|lie|.	hardly
en_180	english	However, it should be clear that different wavelengths will undergo constructive interference for different angles of incidence of the incoming light.	constructive	0.175	en	False	however|,|it|should|be|clear|that|different|wavelength|will|undergo|constructive|interference|for|different|angle|of|incidence|of|the|incoming|light|.	constructive
en_181	english	However, it should be clear that different wavelengths will undergo constructive interference for different angles of incidence of the incoming light.	undergo	0.2	en	False	however|,|it|should|be|clear|that|different|wavelength|will|undergo|constructive|interference|for|different|angle|of|incidence|of|the|incoming|light|.	undergo
en_182	english	However, it should be clear that different wavelengths will undergo constructive interference for different angles of incidence of the incoming light.	angles	0.1	en	False	however|,|it|should|be|clear|that|different|wavelength|will|undergo|constructive|interference|for|different|angle|of|incidence|of|the|incoming|light|.	angle
en_183	english	However, the attenuation can only go as far as the synaptic and cortical plasticity of the brain, because the seriousness of ADHD mostly depends on neurobiological aspects.	mostly	0.025	en	False	however|,|the|attenuation|can|only|go|as|far|as|the|synaptic|and|cortical|plasticity|of|the|brain|,|because|the|seriousness|of|ADHD|mostly|depend|on|neurobiological|aspect|.	mostly
en_184	english	However, the attenuation can only go as far as the synaptic and cortical plasticity of the brain, because the seriousness of ADHD mostly depends on neurobiological aspects.	depends	0.05	en	False	however|,|the|attenuation|can|only|go|as|far|as|the|synaptic|and|cortical|plasticity|of|the|brain|,|because|the|seriousness|of|ADHD|mostly|depend|on|neurobiological|aspect|.	depend
en_185	english	However, the attenuation can only go as far as the synaptic and cortical plasticity of the brain, because the seriousness of ADHD mostly depends on neurobiological aspects.	synaptic	0.625	en	False	however|,|the|attenuation|can|only|go|as|far|as|the|synaptic|and|cortical|plasticity|of|the|brain|,|because|the|seriousness|of|ADHD|mostly|depend|on|neurobiological|aspect|.	synaptic
en_186	english	Hydrogen peroxide will spontaneously degrade into water and molecular oxygen, however, the presence of a catalyst speeds up this reaction to the point that it has been used a fuel source for torpedoes and even spacecraft.	speeds	0.05	en	False	hydrogen|peroxide|will|spontaneously|degrade|into|water|and|molecular|oxygen|,|however|,|the|presence|of|a|catalyst|speed|up|this|reaction|to|the|point|that|it|have|be|use|a|fuel|source|for|torpedo|and|even|spacecraft|.	speed
en_187	english	Hydrogen peroxide will spontaneously degrade into water and molecular oxygen, however, the presence of a catalyst speeds up this reaction to the point that it has been used a fuel source for torpedoes and even spacecraft.	spontaneously	0.225	en	False	hydrogen|peroxide|will|spontaneously|degrade|into|water|and|molecular|oxygen|,|however|,|the|presence|of|a|catalyst|speed|up|this|reaction|to|the|point|that|it|have|be|use|a|fuel|source|for|torpedo|and|even|spacecraft|.	spontaneously
en_188	english	Hydrogen peroxide will spontaneously degrade into water and molecular oxygen, however, the presence of a catalyst speeds up this reaction to the point that it has been used a fuel source for torpedoes and even spacecraft.	peroxide	0.45	en	False	hydrogen|peroxide|will|spontaneously|degrade|into|water|and|molecular|oxygen|,|however|,|the|presence|of|a|catalyst|speed|up|this|reaction|to|the|point|that|it|have|be|use|a|fuel|source|for|torpedo|and|even|spacecraft|.	peroxide
en_189	english	I genuinely value the collaborative spirit of this platform and am committed to being more vigilant about copyright issues in the future.	committed	0.1	en	False	I|genuinely|value|the|collaborative|spirit|of|this|platform|and|be|commit|to|be|more|vigilant|about|copyright|issue|in|the|future|.	commit
en_190	english	I genuinely value the collaborative spirit of this platform and am committed to being more vigilant about copyright issues in the future.	collaborative	0.175	en	False	I|genuinely|value|the|collaborative|spirit|of|this|platform|and|be|commit|to|be|more|vigilant|about|copyright|issue|in|the|future|.	collaborative
en_191	english	I genuinely value the collaborative spirit of this platform and am committed to being more vigilant about copyright issues in the future.	platform	0.125	en	False	I|genuinely|value|the|collaborative|spirit|of|this|platform|and|be|commit|to|be|more|vigilant|about|copyright|issue|in|the|future|.	platform
en_192	english	I understand your concerns about copyright issues and the need to maintain the integrity of the content on the platform.	concerns	0.175	en	False	I|understand|your|concern|about|copyright|issue|and|the|need|to|maintain|the|integrity|of|the|content|on|the|platform|.	concern
en_193	english	I understand your concerns about copyright issues and the need to maintain the integrity of the content on the platform.	maintain	0.15	en	False	I|understand|your|concern|about|copyright|issue|and|the|need|to|maintain|the|integrity|of|the|content|on|the|platform|.	maintain
en_194	english	I understand your concerns about copyright issues and the need to maintain the integrity of the content on the platform.	copyright	0.125	en	False	I|understand|your|concern|about|copyright|issue|and|the|need|to|maintain|the|integrity|of|the|content|on|the|platform|.	copyright
en_195	english	If not, gently massage the cramped muscle you may also try applying ice.	cramped	0.25	en	False	if|not|,|gently|massage|the|cramped|muscle|you|may|also|try|apply|ice|.	cramped
en_196	english	If not, gently massage the cramped muscle you may also try applying ice.	massage	0.1363636363636363	en	False	if|not|,|gently|massage|the|cramped|muscle|you|may|also|try|apply|ice|.	massage
en_197	english	If not, gently massage the cramped muscle you may also try applying ice.	applying	0.1590909090909091	en	False	if|not|,|gently|massage|the|cramped|muscle|you|may|also|try|apply|ice|.	apply
en_198	english	If possible locate a beekeeper in your area that may be willing to guide you along or even mentor you during your newfound interests.	mentor	0.1590909090909091	en	False	if|possible|locate|a|beekeeper|in|your|area|that|may|be|willing|to|guide|you|along|or|even|mentor|you|during|your|newfound|interest|.	mentor
en_199	english	If possible locate a beekeeper in your area that may be willing to guide you along or even mentor you during your newfound interests.	newfound	0.2954545454545454	en	False	if|possible|locate|a|beekeeper|in|your|area|that|may|be|willing|to|guide|you|along|or|even|mentor|you|during|your|newfound|interest|.	newfound
en_200	english	If possible locate a beekeeper in your area that may be willing to guide you along or even mentor you during your newfound interests.	willing	0.1590909090909091	en	False	if|possible|locate|a|beekeeper|in|your|area|that|may|be|willing|to|guide|you|along|or|even|mentor|you|during|your|newfound|interest|.	willing
en_201	english	In attempts to improve accuracy the Army employed a large group of mathematicians to continuously calculate differential equations required for solving ballistic firing tables.	mathematicians	0.1818181818181818	en	False	in|attempt|to|improve|accuracy|the|Army|employ|a|large|group|of|mathematician|to|continuously|calculate|differential|equation|require|for|solve|ballistic|fire|table|.	mathematician
en_202	english	In attempts to improve accuracy the Army employed a large group of mathematicians to continuously calculate differential equations required for solving ballistic firing tables.	calculate	0.1136363636363636	en	False	in|attempt|to|improve|accuracy|the|Army|employ|a|large|group|of|mathematician|to|continuously|calculate|differential|equation|require|for|solve|ballistic|fire|table|.	calculate
en_203	english	In attempts to improve accuracy the Army employed a large group of mathematicians to continuously calculate differential equations required for solving ballistic firing tables.	continuously	0.1590909090909091	en	False	in|attempt|to|improve|accuracy|the|Army|employ|a|large|group|of|mathematician|to|continuously|calculate|differential|equation|require|for|solve|ballistic|fire|table|.	continuously
en_204	english	In many annual species, only the seed exists during unfavorable dry or cold conditions.	exists	0.075	en	False	in|many|annual|species|,|only|the|seed|exist|during|unfavorable|dry|or|cold|condition|.	exist
en_205	english	In many annual species, only the seed exists during unfavorable dry or cold conditions.	unfavorable	0.175	en	False	in|many|annual|species|,|only|the|seed|exist|during|unfavorable|dry|or|cold|condition|.	unfavorable
en_206	english	In many annual species, only the seed exists during unfavorable dry or cold conditions.	annual	0.175	en	False	in|many|annual|species|,|only|the|seed|exist|during|unfavorable|dry|or|cold|condition|.	annual
en_207	english	In northern Europe (north Germany, Netherlands, and France), the middle class tended to be Protestant, which corresponded with their work ethic and philosophy.	northern	0.090909091	en	False	in|northern|Europe|(|north|Germany|,|Netherlands|,|and|France|)|,|the|middle|class|tend|to|be|Protestant|,|which|correspond|with|their|work|ethic|and|philosophy|.	northern
en_208	english	In northern Europe (north Germany, Netherlands, and France), the middle class tended to be Protestant, which corresponded with their work ethic and philosophy.	corresponded	0.2954545454545454	en	False	in|northern|Europe|(|north|Germany|,|Netherlands|,|and|France|)|,|the|middle|class|tend|to|be|Protestant|,|which|correspond|with|their|work|ethic|and|philosophy|.	correspond
en_209	english	In northern Europe (north Germany, Netherlands, and France), the middle class tended to be Protestant, which corresponded with their work ethic and philosophy.	tended	0.3636363636363636	en	False	in|northern|Europe|(|north|Germany|,|Netherlands|,|and|France|)|,|the|middle|class|tend|to|be|Protestant|,|which|correspond|with|their|work|ethic|and|philosophy|.	tend
en_210	english	In order to obtain this field, the room has to be sufficiently reverberant and the frequencies have to be high enough to avoid the effects of predominating modes.	sufficiently	0.25	en	False	in|order|to|obtain|this|field|,|the|room|have|to|be|sufficiently|reverberant|and|the|frequency|have|to|be|high|enough|to|avoid|the|effect|of|predominating|mode|.	sufficiently
en_211	english	In order to obtain this field, the room has to be sufficiently reverberant and the frequencies have to be high enough to avoid the effects of predominating modes.	frequencies	0.3863636363636363	en	False	in|order|to|obtain|this|field|,|the|room|have|to|be|sufficiently|reverberant|and|the|frequency|have|to|be|high|enough|to|avoid|the|effect|of|predominating|mode|.	frequency
en_212	english	In order to obtain this field, the room has to be sufficiently reverberant and the frequencies have to be high enough to avoid the effects of predominating modes.	predominating	0.6136363636363636	en	False	in|order|to|obtain|this|field|,|the|room|have|to|be|sufficiently|reverberant|and|the|frequency|have|to|be|high|enough|to|avoid|the|effect|of|predominating|mode|.	predominating
en_213	english	In organic chemistry, carbon is very frequently used, so chemists know that there is a carbon atom at the endpoints of every line that is not specifically labeled.	frequently	0.1	en	False	in|organic|chemistry|,|carbon|be|very|frequently|use|,|so|chemist|know|that|there|be|a|carbon|atom|at|the|endpoint|of|every|line|that|be|not|specifically|label|.	frequently
en_214	english	In organic chemistry, carbon is very frequently used, so chemists know that there is a carbon atom at the endpoints of every line that is not specifically labeled.	specifically	0.125	en	False	in|organic|chemistry|,|carbon|be|very|frequently|use|,|so|chemist|know|that|there|be|a|carbon|atom|at|the|endpoint|of|every|line|that|be|not|specifically|label|.	specifically
en_215	english	In organic chemistry, carbon is very frequently used, so chemists know that there is a carbon atom at the endpoints of every line that is not specifically labeled.	chemists	0.175	en	False	in|organic|chemistry|,|carbon|be|very|frequently|use|,|so|chemist|know|that|there|be|a|carbon|atom|at|the|endpoint|of|every|line|that|be|not|specifically|label|.	chemist
en_216	english	In the context of programming languages, with a declarative you give facts and rules to the computer which can then be queried to give data back.	declarative	0.4772727272727273	en	False	in|the|context|of|programming|language|,|with|a|declarative|you|give|fact|and|rule|to|the|computer|which|can|then|be|query|to|give|datum|back|.	declarative
en_217	english	In the context of programming languages, with a declarative you give facts and rules to the computer which can then be queried to give data back.	programming	0.2272727272727272	en	False	in|the|context|of|programming|language|,|with|a|declarative|you|give|fact|and|rule|to|the|computer|which|can|then|be|query|to|give|datum|back|.	programming
en_218	english	In the context of programming languages, with a declarative you give facts and rules to the computer which can then be queried to give data back.	queried	0.2954545454545454	en	False	in|the|context|of|programming|language|,|with|a|declarative|you|give|fact|and|rule|to|the|computer|which|can|then|be|query|to|give|datum|back|.	query
en_219	english	In the example above, the conserved quantity would be socks, the system would be the dryer, and the system is closed as long as nobody puts socks into or takes socks out of the dryer.	socks	0.025	en	False	in|the|example|above|,|the|conserve|quantity|would|be|sock|,|the|system|would|be|the|dryer|,|and|the|system|be|close|as|long|as|nobody|put|sock|into|or|take|sock|out|of|the|dryer|.	sock
en_220	english	In the example above, the conserved quantity would be socks, the system would be the dryer, and the system is closed as long as nobody puts socks into or takes socks out of the dryer.	puts	0.05	en	False	in|the|example|above|,|the|conserve|quantity|would|be|sock|,|the|system|would|be|the|dryer|,|and|the|system|be|close|as|long|as|nobody|put|sock|into|or|take|sock|out|of|the|dryer|.	put
en_221	english	In the example above, the conserved quantity would be socks, the system would be the dryer, and the system is closed as long as nobody puts socks into or takes socks out of the dryer.	nobody	0.075	en	False	in|the|example|above|,|the|conserve|quantity|would|be|sock|,|the|system|would|be|the|dryer|,|and|the|system|be|close|as|long|as|nobody|put|sock|into|or|take|sock|out|of|the|dryer|.	nobody
en_222	english	In the final step, one of the hydrogens of the bonded water molecule is attacked by another water molecule, leaving an alcohol.	attacked	0.125	en	False	in|the|final|step|,|one|of|the|hydrogen|of|the|bond|water|molecule|be|attack|by|another|water|molecule|,|leave|a|alcohol|.	attack
en_223	english	In the final step, one of the hydrogens of the bonded water molecule is attacked by another water molecule, leaving an alcohol.	molecule	0.15	en	False	in|the|final|step|,|one|of|the|hydrogen|of|the|bond|water|molecule|be|attack|by|another|water|molecule|,|leave|a|alcohol|.	molecule
en_224	english	In the final step, one of the hydrogens of the bonded water molecule is attacked by another water molecule, leaving an alcohol.	bonded	0.1	en	False	in|the|final|step|,|one|of|the|hydrogen|of|the|bond|water|molecule|be|attack|by|another|water|molecule|,|leave|a|alcohol|.	bond
en_225	english	In these cases, the role of the implementing agent is to provide seed inputs, including, but not limited, to capital that will get the project started and enable it to continue under its own impetus after the implementer departs.	implementer	0.4772727272727273	en	False	in|this|case|,|the|role|of|the|implement|agent|be|to|provide|seed|input|,|include|,|but|not|limit|,|to|capital|that|will|get|the|project|start|and|enable|it|to|continue|under|its|own|impetus|after|the|implementer|depart|.	implementer
en_226	english	In these cases, the role of the implementing agent is to provide seed inputs, including, but not limited, to capital that will get the project started and enable it to continue under its own impetus after the implementer departs.	implementing	0.3636363636363636	en	False	in|this|case|,|the|role|of|the|implement|agent|be|to|provide|seed|input|,|include|,|but|not|limit|,|to|capital|that|will|get|the|project|start|and|enable|it|to|continue|under|its|own|impetus|after|the|implementer|depart|.	implement
en_227	english	In these cases, the role of the implementing agent is to provide seed inputs, including, but not limited, to capital that will get the project started and enable it to continue under its own impetus after the implementer departs.	enable	0.1590909090909091	en	False	in|this|case|,|the|role|of|the|implement|agent|be|to|provide|seed|input|,|include|,|but|not|limit|,|to|capital|that|will|get|the|project|start|and|enable|it|to|continue|under|its|own|impetus|after|the|implementer|depart|.	enable
en_228	english	In this system, compounds are named by analogy to glyceraldehyde, which generally produces unambiguous designations, but is easiest to see in the small biomolecules similar to glyceraldehyde.	biomolecules	0.35	en	False	in|this|system|,|compound|be|name|by|analogy|to|glyceraldehyde|,|which|generally|produce|unambiguous|designation|,|but|be|easy|to|see|in|the|small|biomolecule|similar|to|glyceraldehyde|.	biomolecule
en_229	english	In this system, compounds are named by analogy to glyceraldehyde, which generally produces unambiguous designations, but is easiest to see in the small biomolecules similar to glyceraldehyde.	easiest	0.05	en	False	in|this|system|,|compound|be|name|by|analogy|to|glyceraldehyde|,|which|generally|produce|unambiguous|designation|,|but|be|easy|to|see|in|the|small|biomolecule|similar|to|glyceraldehyde|.	easy
en_230	english	In this system, compounds are named by analogy to glyceraldehyde, which generally produces unambiguous designations, but is easiest to see in the small biomolecules similar to glyceraldehyde.	analogy	0.25	en	False	in|this|system|,|compound|be|name|by|analogy|to|glyceraldehyde|,|which|generally|produce|unambiguous|designation|,|but|be|easy|to|see|in|the|small|biomolecule|similar|to|glyceraldehyde|.	analogy
en_231	english	Initial data from the analysis of the cardiovascular disease drug simvastatin were presented at the conference.	presented	0.1590909090909091	en	False	Initial|datum|from|the|analysis|of|the|cardiovascular|disease|drug|simvastatin|be|present|at|the|conference|.	present
en_232	english	Initial data from the analysis of the cardiovascular disease drug simvastatin were presented at the conference.	cardiovascular	0.4772727272727273	en	False	Initial|datum|from|the|analysis|of|the|cardiovascular|disease|drug|simvastatin|be|present|at|the|conference|.	cardiovascular
en_233	english	Initial data from the analysis of the cardiovascular disease drug simvastatin were presented at the conference.	simvastatin	0.8863636363636364	en	False	Initial|datum|from|the|analysis|of|the|cardiovascular|disease|drug|simvastatin|be|present|at|the|conference|.	simvastatin
en_234	english	Instead it moves on immediately to the stop bits, and is an admission that parity checking at this level is really useless.	moves	0.090909091	en	False	instead|it|move|on|immediately|to|the|stop|bit|,|and|be|a|admission|that|parity|check|at|this|level|be|really|useless|.	move
en_235	english	Instead it moves on immediately to the stop bits, and is an admission that parity checking at this level is really useless.	immediately	0.090909091	en	False	instead|it|move|on|immediately|to|the|stop|bit|,|and|be|a|admission|that|parity|check|at|this|level|be|really|useless|.	immediately
en_236	english	Instead it moves on immediately to the stop bits, and is an admission that parity checking at this level is really useless.	admission	0.2727272727272727	en	False	instead|it|move|on|immediately|to|the|stop|bit|,|and|be|a|admission|that|parity|check|at|this|level|be|really|useless|.	admission
en_237	english	Instead of relying on them to have the right shell, you can simply specify which shell they should use.	relying	0.05	en	False	instead|of|rely|on|they|to|have|the|right|shell|,|you|can|simply|specify|which|shell|they|should|use|.	rely
en_238	english	Instead of relying on them to have the right shell, you can simply specify which shell they should use.	shell	0.1	en	False	instead|of|rely|on|they|to|have|the|right|shell|,|you|can|simply|specify|which|shell|they|should|use|.	shell
en_239	english	Instead of relying on them to have the right shell, you can simply specify which shell they should use.	specify	0.1	en	False	instead|of|rely|on|they|to|have|the|right|shell|,|you|can|simply|specify|which|shell|they|should|use|.	specify
en_240	english	Intercellular connections allow heterocytes to transport fixed nitrogen to neighboring cells and to receive carbohydrates.	heterocytes	0.775	en	False	Intercellular|connection|allow|heterocyte|to|transport|fix|nitrogen|to|neighbor|cell|and|to|receive|carbohydrate|.	heterocyte
en_241	english	Intercellular connections allow heterocytes to transport fixed nitrogen to neighboring cells and to receive carbohydrates.	fixed	0.1	en	False	Intercellular|connection|allow|heterocyte|to|transport|fix|nitrogen|to|neighbor|cell|and|to|receive|carbohydrate|.	fix
en_242	english	Intercellular connections allow heterocytes to transport fixed nitrogen to neighboring cells and to receive carbohydrates.	connections	0.125	en	False	Intercellular|connection|allow|heterocyte|to|transport|fix|nitrogen|to|neighbor|cell|and|to|receive|carbohydrate|.	connection
en_243	english	Irregular Bones have  peculiar forms, cannot be grouped under the preceding heads, and are used for muscle attachment and articulation.	preceding	0.3863636363636363	en	False	Irregular|Bones|have|peculiar|form|,|can|not|be|group|under|the|precede|head|,|and|be|use|for|muscle|attachment|and|articulation|.	precede
en_244	english	Irregular Bones have  peculiar forms, cannot be grouped under the preceding heads, and are used for muscle attachment and articulation.	attachment	0.2045454545454545	en	False	Irregular|Bones|have|peculiar|form|,|can|not|be|group|under|the|precede|head|,|and|be|use|for|muscle|attachment|and|articulation|.	attachment
en_245	english	Irregular Bones have  peculiar forms, cannot be grouped under the preceding heads, and are used for muscle attachment and articulation.	grouped	0.1818181818181818	en	False	Irregular|Bones|have|peculiar|form|,|can|not|be|group|under|the|precede|head|,|and|be|use|for|muscle|attachment|and|articulation|.	group
en_246	english	It adds a button to the editing toolbar in the source editor, so it is most convenient for redlinked user talk pages, but it can save a click or two otherwise as well, even though it may not be as quick as Twinkle.	button	0.075	en	False	it|add|a|button|to|the|editing|toolbar|in|the|source|editor|,|so|it|be|most|convenient|for|redlinked|user|talk|page|,|but|it|can|save|a|click|or|two|otherwise|as|well|,|even|though|it|may|not|be|as|quick|as|Twinkle|.	button
en_247	english	It adds a button to the editing toolbar in the source editor, so it is most convenient for redlinked user talk pages, but it can save a click or two otherwise as well, even though it may not be as quick as Twinkle.	redlinked	0.775	en	False	it|add|a|button|to|the|editing|toolbar|in|the|source|editor|,|so|it|be|most|convenient|for|redlinked|user|talk|page|,|but|it|can|save|a|click|or|two|otherwise|as|well|,|even|though|it|may|not|be|as|quick|as|Twinkle|.	redlink
en_248	english	It adds a button to the editing toolbar in the source editor, so it is most convenient for redlinked user talk pages, but it can save a click or two otherwise as well, even though it may not be as quick as Twinkle.	click	0.05	en	False	it|add|a|button|to|the|editing|toolbar|in|the|source|editor|,|so|it|be|most|convenient|for|redlinked|user|talk|page|,|but|it|can|save|a|click|or|two|otherwise|as|well|,|even|though|it|may|not|be|as|quick|as|Twinkle|.	click
en_249	english	It has been said that he had to cut his way through the trackless forest, which doubtless was the case in this town at least.	trackless	0.3181818181818182	en	False	it|have|be|say|that|he|have|to|cut|his|way|through|the|trackless|forest|,|which|doubtless|be|the|case|in|this|town|at|least|.	trackless
en_250	english	It has been said that he had to cut his way through the trackless forest, which doubtless was the case in this town at least.	town	0.1136363636363636	en	False	it|have|be|say|that|he|have|to|cut|his|way|through|the|trackless|forest|,|which|doubtless|be|the|case|in|this|town|at|least|.	town
en_251	english	It has been said that he had to cut his way through the trackless forest, which doubtless was the case in this town at least.	doubtless	0.2727272727272727	en	False	it|have|be|say|that|he|have|to|cut|his|way|through|the|trackless|forest|,|which|doubtless|be|the|case|in|this|town|at|least|.	doubtless
en_252	english	It is generally believed that the pilus is assembled from its base, as a pool of pilin is found in the cell membrane.	pilus	0.8181818181818182	en	False	it|be|generally|believe|that|the|pilus|be|assemble|from|its|base|,|as|a|pool|of|pilin|be|find|in|the|cell|membrane|.	pilus
en_253	english	It is generally believed that the pilus is assembled from its base, as a pool of pilin is found in the cell membrane.	assembled	0.2272727272727272	en	False	it|be|generally|believe|that|the|pilus|be|assemble|from|its|base|,|as|a|pool|of|pilin|be|find|in|the|cell|membrane|.	assemble
en_254	english	It is generally believed that the pilus is assembled from its base, as a pool of pilin is found in the cell membrane.	pilin	0.8181818181818182	en	False	it|be|generally|believe|that|the|pilus|be|assemble|from|its|base|,|as|a|pool|of|pilin|be|find|in|the|cell|membrane|.	pilin
en_255	english	It is important when planning a blended learning lesson within the primary grades to focus on a unit of study, then intertwine it with technology.	grades	0.1818181818181818	en	False	it|be|important|when|plan|a|blend|learning|lesson|within|the|primary|grade|to|focus|on|a|unit|of|study|,|then|intertwine|it|with|technology|.	grade
en_256	english	It is important when planning a blended learning lesson within the primary grades to focus on a unit of study, then intertwine it with technology.	intertwine	0.4318181818181818	en	False	it|be|important|when|plan|a|blend|learning|lesson|within|the|primary|grade|to|focus|on|a|unit|of|study|,|then|intertwine|it|with|technology|.	intertwine
en_257	english	It is important when planning a blended learning lesson within the primary grades to focus on a unit of study, then intertwine it with technology.	blended	0.2954545454545454	en	False	it|be|important|when|plan|a|blend|learning|lesson|within|the|primary|grade|to|focus|on|a|unit|of|study|,|then|intertwine|it|with|technology|.	blend
en_258	english	It is used by the immune system, for DNA synthesis, for healing wounds, and for normal growth and development during hormonally active periods.	hormonally	0.3863636363636363	en	False	it|be|use|by|the|immune|system|,|for|DNA|synthesis|,|for|healing|wound|,|and|for|normal|growth|and|development|during|hormonally|active|period|.	hormonally
en_259	english	It is used by the immune system, for DNA synthesis, for healing wounds, and for normal growth and development during hormonally active periods.	immune	0.25	en	False	it|be|use|by|the|immune|system|,|for|DNA|synthesis|,|for|healing|wound|,|and|for|normal|growth|and|development|during|hormonally|active|period|.	immune
en_260	english	It is used by the immune system, for DNA synthesis, for healing wounds, and for normal growth and development during hormonally active periods.	healing	0.1818181818181818	en	False	it|be|use|by|the|immune|system|,|for|DNA|synthesis|,|for|healing|wound|,|and|for|normal|growth|and|development|during|hormonally|active|period|.	healing
en_261	english	It repeatedly shows illustrations of Scouts in sunny mountain scenes with no hats whatsoever.	illustrations	0.2	en	False	it|repeatedly|show|illustration|of|scout|in|sunny|mountain|scene|with|no|hat|whatsoever|.	illustration
en_262	english	It repeatedly shows illustrations of Scouts in sunny mountain scenes with no hats whatsoever.	whatsoever	0.1	en	False	it|repeatedly|show|illustration|of|scout|in|sunny|mountain|scene|with|no|hat|whatsoever|.	whatsoever
en_263	english	It repeatedly shows illustrations of Scouts in sunny mountain scenes with no hats whatsoever.	repeatedly	0.05	en	False	it|repeatedly|show|illustration|of|scout|in|sunny|mountain|scene|with|no|hat|whatsoever|.	repeatedly
en_264	english	It was discovered by goons and other English speakers, and for a while, posting between the two languages flourished.	goons	0.7045454545454546	en	False	it|be|discover|by|goons|and|other|English|speaker|,|and|for|a|while|,|posting|between|the|two|language|flourish|.	goons
en_265	english	It was discovered by goons and other English speakers, and for a while, posting between the two languages flourished.	posting	0.3181818181818182	en	False	it|be|discover|by|goons|and|other|English|speaker|,|and|for|a|while|,|posting|between|the|two|language|flourish|.	posting
en_266	english	It was discovered by goons and other English speakers, and for a while, posting between the two languages flourished.	discovered	0.1136363636363636	en	False	it|be|discover|by|goons|and|other|English|speaker|,|and|for|a|while|,|posting|between|the|two|language|flourish|.	discover
en_267	english	It will take you to the page which matches your query, otherwise it displays the search results.	displays	0.075	en	False	it|will|take|you|to|the|page|which|match|your|query|,|otherwise|it|display|the|search|result|.	display
en_268	english	It will take you to the page which matches your query, otherwise it displays the search results.	matches	0.125	en	False	it|will|take|you|to|the|page|which|match|your|query|,|otherwise|it|display|the|search|result|.	match
en_269	english	It will take you to the page which matches your query, otherwise it displays the search results.	otherwise	0.05	en	False	it|will|take|you|to|the|page|which|match|your|query|,|otherwise|it|display|the|search|result|.	otherwise
en_270	english	Its hydrogen is easy to remove, so serine and threonine often act as hydrogen donors in enzymes.	hydrogen	0.4545454545454545	en	False	its|hydrogen|be|easy|to|remove|,|so|serine|and|threonine|often|act|as|hydrogen|donor|in|enzyme|.	hydrogen
en_271	english	Its hydrogen is easy to remove, so serine and threonine often act as hydrogen donors in enzymes.	donors	0.3181818181818182	en	False	its|hydrogen|be|easy|to|remove|,|so|serine|and|threonine|often|act|as|hydrogen|donor|in|enzyme|.	donor
en_272	english	Its hydrogen is easy to remove, so serine and threonine often act as hydrogen donors in enzymes.	serine	0.7727272727272727	en	False	its|hydrogen|be|easy|to|remove|,|so|serine|and|threonine|often|act|as|hydrogen|donor|in|enzyme|.	serine
en_273	english	James was overthrown (he was technically held abdicated by Parliament) in the bloodless Glorious Revolution of 1688.	overthrown	0.3181818181818182	en	False	James|be|overthrow|(|he|be|technically|hold|abdicate|by|Parliament|)|in|the|bloodless|glorious|Revolution|of|1688|.	overthrow
en_274	english	James was overthrown (he was technically held abdicated by Parliament) in the bloodless Glorious Revolution of 1688.	technically	0.1818181818181818	en	False	James|be|overthrow|(|he|be|technically|hold|abdicate|by|Parliament|)|in|the|bloodless|glorious|Revolution|of|1688|.	technically
en_275	english	James was overthrown (he was technically held abdicated by Parliament) in the bloodless Glorious Revolution of 1688.	abdicated	0.5909090909090909	en	False	James|be|overthrow|(|he|be|technically|hold|abdicate|by|Parliament|)|in|the|bloodless|glorious|Revolution|of|1688|.	abdicate
en_276	english	Lastly, the study looked at the conversation of polyunsaturated rich phospholipids to triacylglyerides via a phospholipase C pathway.	looked	0.068181818	en	False	lastly|,|the|study|look|at|the|conversation|of|polyunsaturated|rich|phospholipid|to|triacylglyeride|via|a|phospholipase|C|pathway|.	look
en_277	english	Lastly, the study looked at the conversation of polyunsaturated rich phospholipids to triacylglyerides via a phospholipase C pathway.	rich	0.1363636363636363	en	False	lastly|,|the|study|look|at|the|conversation|of|polyunsaturated|rich|phospholipid|to|triacylglyeride|via|a|phospholipase|C|pathway|.	rich
en_278	english	Lastly, the study looked at the conversation of polyunsaturated rich phospholipids to triacylglyerides via a phospholipase C pathway.	phospholipase	0.9090909090909092	en	False	lastly|,|the|study|look|at|the|conversation|of|polyunsaturated|rich|phospholipid|to|triacylglyeride|via|a|phospholipase|C|pathway|.	phospholipase
en_279	english	Lewis dot structures are useful for introducing the idea of covalence and bonding in small molecules, but other model types have much more capability to communicate chemistry concepts.	communicate	0.1	en	False	Lewis|dot|structure|be|useful|for|introduce|the|idea|of|covalence|and|bonding|in|small|molecule|,|but|other|model|type|have|much|more|capability|to|communicate|chemistry|concept|.	communicate
en_280	english	Lewis dot structures are useful for introducing the idea of covalence and bonding in small molecules, but other model types have much more capability to communicate chemistry concepts.	bonding	0.25	en	False	Lewis|dot|structure|be|useful|for|introduce|the|idea|of|covalence|and|bonding|in|small|molecule|,|but|other|model|type|have|much|more|capability|to|communicate|chemistry|concept|.	bonding
en_281	english	Lewis dot structures are useful for introducing the idea of covalence and bonding in small molecules, but other model types have much more capability to communicate chemistry concepts.	covalence	0.55	en	False	Lewis|dot|structure|be|useful|for|introduce|the|idea|of|covalence|and|bonding|in|small|molecule|,|but|other|model|type|have|much|more|capability|to|communicate|chemistry|concept|.	covalence
en_282	english	Like creating arrays without dynamic allocation, the programmer must initialize the array with sensible values before using it.	array	0.2	en	False	like|create|array|without|dynamic|allocation|,|the|programmer|must|initialize|the|array|with|sensible|value|before|use|it|.	array
en_283	english	Like creating arrays without dynamic allocation, the programmer must initialize the array with sensible values before using it.	dynamic	0.175	en	False	like|create|array|without|dynamic|allocation|,|the|programmer|must|initialize|the|array|with|sensible|value|before|use|it|.	dynamic
en_284	english	Like creating arrays without dynamic allocation, the programmer must initialize the array with sensible values before using it.	arrays	0.2	en	False	like|create|array|without|dynamic|allocation|,|the|programmer|must|initialize|the|array|with|sensible|value|before|use|it|.	array
en_285	english	Mail is generated internally by the Postfix system itself, in order to notify the postmaster of a problem (this path is also indicated with the unlabeled arrow).	generated	0.1363636363636363	en	False	mail|be|generate|internally|by|the|Postfix|system|itself|,|in|order|to|notify|the|postmaster|of|a|problem|(|this|path|be|also|indicate|with|the|unlabeled|arrow|)|.	generate
en_286	english	Mail is generated internally by the Postfix system itself, in order to notify the postmaster of a problem (this path is also indicated with the unlabeled arrow).	postmaster	0.5	en	False	mail|be|generate|internally|by|the|Postfix|system|itself|,|in|order|to|notify|the|postmaster|of|a|problem|(|this|path|be|also|indicate|with|the|unlabeled|arrow|)|.	postmaster
en_287	english	Mail is generated internally by the Postfix system itself, in order to notify the postmaster of a problem (this path is also indicated with the unlabeled arrow).	notify	0.1363636363636363	en	False	mail|be|generate|internally|by|the|Postfix|system|itself|,|in|order|to|notify|the|postmaster|of|a|problem|(|this|path|be|also|indicate|with|the|unlabeled|arrow|)|.	notify
en_288	english	Many federations use these grants to correct imbalances between taxing and spending across different levels of government.	spending	0.1818181818181818	en	False	many|federation|use|this|grant|to|correct|imbalance|between|taxing|and|spending|across|different|level|of|government|.	spending
en_289	english	Many federations use these grants to correct imbalances between taxing and spending across different levels of government.	federations	0.5681818181818182	en	False	many|federation|use|this|grant|to|correct|imbalance|between|taxing|and|spending|across|different|level|of|government|.	federation
en_290	english	Many federations use these grants to correct imbalances between taxing and spending across different levels of government.	grants	0.2045454545454545	en	False	many|federation|use|this|grant|to|correct|imbalance|between|taxing|and|spending|across|different|level|of|government|.	grant
en_291	english	Many freshwater protists have contractile vacuoles that pump excess water out of the cell, thereby maintaining a suitable concentration of ions and molecules inside the cell.	vacuoles	0.525	en	False	many|freshwater|protist|have|contractile|vacuole|that|pump|excess|water|out|of|the|cell|,|thereby|maintain|a|suitable|concentration|of|ion|and|molecule|inside|the|cell|.	vacuole
en_292	english	Many freshwater protists have contractile vacuoles that pump excess water out of the cell, thereby maintaining a suitable concentration of ions and molecules inside the cell.	protists	0.625	en	False	many|freshwater|protist|have|contractile|vacuole|that|pump|excess|water|out|of|the|cell|,|thereby|maintain|a|suitable|concentration|of|ion|and|molecule|inside|the|cell|.	protist
en_293	english	Many freshwater protists have contractile vacuoles that pump excess water out of the cell, thereby maintaining a suitable concentration of ions and molecules inside the cell.	thereby	0.225	en	False	many|freshwater|protist|have|contractile|vacuole|that|pump|excess|water|out|of|the|cell|,|thereby|maintain|a|suitable|concentration|of|ion|and|molecule|inside|the|cell|.	thereby
en_294	english	Milk is a valuable nutritious food, providing vitamins and essential fats to those who can properly digest it.	fats	0.125	en	False	milk|be|a|valuable|nutritious|food|,|provide|vitamin|and|essential|fat|to|that|who|can|properly|digest|it|.	fat
en_295	english	Milk is a valuable nutritious food, providing vitamins and essential fats to those who can properly digest it.	nutritious	0.125	en	False	milk|be|a|valuable|nutritious|food|,|provide|vitamin|and|essential|fat|to|that|who|can|properly|digest|it|.	nutritious
en_296	english	Milk is a valuable nutritious food, providing vitamins and essential fats to those who can properly digest it.	properly	0.125	en	False	milk|be|a|valuable|nutritious|food|,|provide|vitamin|and|essential|fat|to|that|who|can|properly|digest|it|.	properly
en_297	english	Modern use of emoticons in electronic discussion is generally traced to a proposal in 1982.	electronic	0.0454545454545454	en	False	modern|use|of|emoticon|in|electronic|discussion|be|generally|trace|to|a|proposal|in|1982|.	electronic
en_298	english	Modern use of emoticons in electronic discussion is generally traced to a proposal in 1982.	emoticons	0.3863636363636363	en	False	modern|use|of|emoticon|in|electronic|discussion|be|generally|trace|to|a|proposal|in|1982|.	emoticon
en_299	english	Modern use of emoticons in electronic discussion is generally traced to a proposal in 1982.	traced	0.25	en	False	modern|use|of|emoticon|in|electronic|discussion|be|generally|trace|to|a|proposal|in|1982|.	trace
en_300	english	Most DNS queries (such as name resolution requests) use UDP connections as the amount of data transferred is small and the session establishment overhead would introduce unnecessary traffic and load on nameservers.	introduce	0.125	en	False	most|DNS|query|(|such|as|name|resolution|request|)|use|udp|connection|as|the|amount|of|datum|transfer|be|small|and|the|session|establishment|overhead|would|introduce|unnecessary|traffic|and|load|on|nameserver|.	introduce
en_301	english	Most DNS queries (such as name resolution requests) use UDP connections as the amount of data transferred is small and the session establishment overhead would introduce unnecessary traffic and load on nameservers.	unnecessary	0.1	en	False	most|DNS|query|(|such|as|name|resolution|request|)|use|udp|connection|as|the|amount|of|datum|transfer|be|small|and|the|session|establishment|overhead|would|introduce|unnecessary|traffic|and|load|on|nameserver|.	unnecessary
en_302	english	Most DNS queries (such as name resolution requests) use UDP connections as the amount of data transferred is small and the session establishment overhead would introduce unnecessary traffic and load on nameservers.	traffic	0.125	en	False	most|DNS|query|(|such|as|name|resolution|request|)|use|udp|connection|as|the|amount|of|datum|transfer|be|small|and|the|session|establishment|overhead|would|introduce|unnecessary|traffic|and|load|on|nameserver|.	traffic
en_303	english	Multiple consecutive conflicts are noticed, and will generate a slightly different message.	consecutive	0.25	en	False	multiple|consecutive|conflict|be|notice|,|and|will|generate|a|slightly|different|message|.	consecutive
en_304	english	Multiple consecutive conflicts are noticed, and will generate a slightly different message.	conflicts	0.2272727272727272	en	False	multiple|consecutive|conflict|be|notice|,|and|will|generate|a|slightly|different|message|.	conflict
en_305	english	Multiple consecutive conflicts are noticed, and will generate a slightly different message.	slightly	0.1818181818181818	en	False	multiple|consecutive|conflict|be|notice|,|and|will|generate|a|slightly|different|message|.	slightly
en_306	english	Near the end of the War, Germany tries to fight for a last stand with the Allies.	tries	0.075	en	False	near|the|end|of|the|War|,|Germany|try|to|fight|for|a|last|stand|with|the|Allies|.	try
en_307	english	Near the end of the War, Germany tries to fight for a last stand with the Allies.	fight	0.05	en	False	near|the|end|of|the|War|,|Germany|try|to|fight|for|a|last|stand|with|the|Allies|.	fight
en_308	english	Near the end of the War, Germany tries to fight for a last stand with the Allies.	stand	0.075	en	False	near|the|end|of|the|War|,|Germany|try|to|fight|for|a|last|stand|with|the|Allies|.	stand
en_309	english	No two or more States shall enter into any treaty, confederation or alliance whatever between them, without the consent of the United States in Congress assembled, specifying accurately the purposes for which the same is to be entered into, and how long it shall continue.	purposes	0.175	en	False	no|two|or|more|State|shall|enter|into|any|treaty|,|confederation|or|alliance|whatever|between|they|,|without|the|consent|of|the|United|State|in|Congress|assemble|,|specify|accurately|the|purpose|for|which|the|same|be|to|be|enter|into|,|and|how|long|it|shall|continue|.	purpose
en_310	english	No two or more States shall enter into any treaty, confederation or alliance whatever between them, without the consent of the United States in Congress assembled, specifying accurately the purposes for which the same is to be entered into, and how long it shall continue.	alliance	0.175	en	False	no|two|or|more|State|shall|enter|into|any|treaty|,|confederation|or|alliance|whatever|between|they|,|without|the|consent|of|the|United|State|in|Congress|assemble|,|specify|accurately|the|purpose|for|which|the|same|be|to|be|enter|into|,|and|how|long|it|shall|continue|.	alliance
en_311	english	No two or more States shall enter into any treaty, confederation or alliance whatever between them, without the consent of the United States in Congress assembled, specifying accurately the purposes for which the same is to be entered into, and how long it shall continue.	accurately	0.15	en	False	no|two|or|more|State|shall|enter|into|any|treaty|,|confederation|or|alliance|whatever|between|they|,|without|the|consent|of|the|United|State|in|Congress|assemble|,|specify|accurately|the|purpose|for|which|the|same|be|to|be|enter|into|,|and|how|long|it|shall|continue|.	accurately
en_312	english	Often the talk pages of controversial topics can be very heavily used.	talk	0.1	en	False	often|the|talk|page|of|controversial|topic|can|be|very|heavily|use|.	talk
en_313	english	Often the talk pages of controversial topics can be very heavily used.	topics	0.05	en	False	often|the|talk|page|of|controversial|topic|can|be|very|heavily|use|.	topic
en_314	english	Often the talk pages of controversial topics can be very heavily used.	heavily	0.1	en	False	often|the|talk|page|of|controversial|topic|can|be|very|heavily|use|.	heavily
en_315	english	On the German side, however, a gap developed between the westernmost army corps, and the rapid advance was exhausting the troops.	advance	0.1818181818181818	en	False	on|the|German|side|,|however|,|a|gap|develop|between|the|westernmost|army|corps|,|and|the|rapid|advance|be|exhausting|the|troops|.	advance
en_316	english	On the German side, however, a gap developed between the westernmost army corps, and the rapid advance was exhausting the troops.	westernmost	0.6136363636363636	en	False	on|the|German|side|,|however|,|a|gap|develop|between|the|westernmost|army|corps|,|and|the|rapid|advance|be|exhausting|the|troops|.	westernmost
en_317	english	On the German side, however, a gap developed between the westernmost army corps, and the rapid advance was exhausting the troops.	rapid	0.090909091	en	False	on|the|German|side|,|however|,|a|gap|develop|between|the|westernmost|army|corps|,|and|the|rapid|advance|be|exhausting|the|troops|.	rapid
en_318	english	One important thing to mention is that characters for numerals are represented differently from their corresponding number, i.e.	mention	0.05	en	False	one|important|thing|to|mention|be|that|character|for|numeral|be|represent|differently|from|their|corresponding|number|,|i.e|.	mention
en_319	english	One important thing to mention is that characters for numerals are represented differently from their corresponding number, i.e.	corresponding	0.175	en	False	one|important|thing|to|mention|be|that|character|for|numeral|be|represent|differently|from|their|corresponding|number|,|i.e|.	corresponding
en_320	english	One important thing to mention is that characters for numerals are represented differently from their corresponding number, i.e.	numerals	0.15	en	False	one|important|thing|to|mention|be|that|character|for|numeral|be|represent|differently|from|their|corresponding|number|,|i.e|.	numeral
en_321	english	One week after the last comment if participants have mostly reached consensus about what to do, action will be taken by an administrator.	reached	0.075	en	False	one|week|after|the|last|comment|if|participant|have|mostly|reach|consensus|about|what|to|do|,|action|will|be|take|by|a|administrator|.	reach
en_322	english	One week after the last comment if participants have mostly reached consensus about what to do, action will be taken by an administrator.	participants	0.125	en	False	one|week|after|the|last|comment|if|participant|have|mostly|reach|consensus|about|what|to|do|,|action|will|be|take|by|a|administrator|.	participant
en_323	english	One week after the last comment if participants have mostly reached consensus about what to do, action will be taken by an administrator.	consensus	0.25	en	False	one|week|after|the|last|comment|if|participant|have|mostly|reach|consensus|about|what|to|do|,|action|will|be|take|by|a|administrator|.	consensus
en_324	english	Only the Resurrection Stone seems dubious to Hermione, though Harry hopes it could resurrect his dead parents.	hopes	0.068181818	en	False	only|the|Resurrection|Stone|seem|dubious|to|Hermione|,|though|Harry|hope|it|could|resurrect|his|dead|parent|.	hope
en_325	english	Only the Resurrection Stone seems dubious to Hermione, though Harry hopes it could resurrect his dead parents.	resurrect	0.4545454545454545	en	False	only|the|Resurrection|Stone|seem|dubious|to|Hermione|,|though|Harry|hope|it|could|resurrect|his|dead|parent|.	resurrect
en_326	english	Only the Resurrection Stone seems dubious to Hermione, though Harry hopes it could resurrect his dead parents.	dubious	0.6136363636363636	en	False	only|the|Resurrection|Stone|seem|dubious|to|Hermione|,|though|Harry|hope|it|could|resurrect|his|dead|parent|.	dubious
en_327	english	Organic chemistry focuses on carbon and following movement of the electrons in carbon chains and rings, and also how electrons are shared with other carbon atoms and heteroatoms.	focuses	0.1	en	False	Organic|chemistry|focus|on|carbon|and|follow|movement|of|the|electron|in|carbon|chain|and|ring|,|and|also|how|electron|be|share|with|other|carbon|atom|and|heteroatom|.	focus
en_328	english	Organic chemistry focuses on carbon and following movement of the electrons in carbon chains and rings, and also how electrons are shared with other carbon atoms and heteroatoms.	shared	0.075	en	False	Organic|chemistry|focus|on|carbon|and|follow|movement|of|the|electron|in|carbon|chain|and|ring|,|and|also|how|electron|be|share|with|other|carbon|atom|and|heteroatom|.	share
en_329	english	Organic chemistry focuses on carbon and following movement of the electrons in carbon chains and rings, and also how electrons are shared with other carbon atoms and heteroatoms.	atoms	0.125	en	False	Organic|chemistry|focus|on|carbon|and|follow|movement|of|the|electron|in|carbon|chain|and|ring|,|and|also|how|electron|be|share|with|other|carbon|atom|and|heteroatom|.	atom
en_330	english	Over time, the meat softens and develops more in flavor, and for certain meats this process can be carefully extended in a process called aging.	softens	0.1363636363636363	en	False	over|time|,|the|meat|soften|and|develop|more|in|flavor|,|and|for|certain|meat|this|process|can|be|carefully|extend|in|a|process|call|aging|.	soften
en_331	english	Over time, the meat softens and develops more in flavor, and for certain meats this process can be carefully extended in a process called aging.	extended	0.1818181818181818	en	False	over|time|,|the|meat|soften|and|develop|more|in|flavor|,|and|for|certain|meat|this|process|can|be|carefully|extend|in|a|process|call|aging|.	extend
en_332	english	Over time, the meat softens and develops more in flavor, and for certain meats this process can be carefully extended in a process called aging.	carefully	0.1136363636363636	en	False	over|time|,|the|meat|soften|and|develop|more|in|flavor|,|and|for|certain|meat|this|process|can|be|carefully|extend|in|a|process|call|aging|.	carefully
en_333	english	Picture opening the hood of a car and finding a washing machine where the engine should be.	washing	0.090909091	en	False	picture|open|the|hood|of|a|car|and|find|a|washing|machine|where|the|engine|should|be|.	washing
en_334	english	Picture opening the hood of a car and finding a washing machine where the engine should be.	engine	0.1818181818181818	en	False	picture|open|the|hood|of|a|car|and|find|a|washing|machine|where|the|engine|should|be|.	engine
en_335	english	Picture opening the hood of a car and finding a washing machine where the engine should be.	hood	0.2954545454545454	en	False	picture|open|the|hood|of|a|car|and|find|a|washing|machine|where|the|engine|should|be|.	hood
en_336	english	Private bills affect a specific named company, person or other entity (for instance, authorising major constructions on specific named public lands).	entity	0.25	en	False	private|bill|affect|a|specific|name|company|,|person|or|other|entity|(|for|instance|,|authorise|major|construction|on|specific|name|public|land|)|.	entity
en_337	english	Private bills affect a specific named company, person or other entity (for instance, authorising major constructions on specific named public lands).	named	0.05	en	False	private|bill|affect|a|specific|name|company|,|person|or|other|entity|(|for|instance|,|authorise|major|construction|on|specific|name|public|land|)|.	name
en_338	english	Private bills affect a specific named company, person or other entity (for instance, authorising major constructions on specific named public lands).	constructions	0.15	en	False	private|bill|affect|a|specific|name|company|,|person|or|other|entity|(|for|instance|,|authorise|major|construction|on|specific|name|public|land|)|.	construction
en_339	english	Ranging in size from oversized lakes and enclosed valleys to miniature ponds, these depressions were left by buried ice that eventually melted.	eventually	0.1363636363636363	en	False	rang|in|size|from|oversized|lake|and|enclose|valley|to|miniature|pond|,|this|depression|be|leave|by|bury|ice|that|eventually|melt|.	eventually
en_340	english	Ranging in size from oversized lakes and enclosed valleys to miniature ponds, these depressions were left by buried ice that eventually melted.	depressions	0.5454545454545454	en	False	rang|in|size|from|oversized|lake|and|enclose|valley|to|miniature|pond|,|this|depression|be|leave|by|bury|ice|that|eventually|melt|.	depression
en_341	english	Ranging in size from oversized lakes and enclosed valleys to miniature ponds, these depressions were left by buried ice that eventually melted.	lakes	0.068181818	en	False	rang|in|size|from|oversized|lake|and|enclose|valley|to|miniature|pond|,|this|depression|be|leave|by|bury|ice|that|eventually|melt|.	lake
en_342	english	Remember that text will flow and wrap differently for other users, based on their chosen browser, screen resolution, default font size, accessibility options, number of toolbars and sidebars (such as instant messaging panes) and more.	chosen	0.125	en	False	remember|that|text|will|flow|and|wrap|differently|for|other|user|,|base|on|their|choose|browser|,|screen|resolution|,|default|font|size|,|accessibility|option|,|number|of|toolbar|and|sidebar|(|such|as|instant|messaging|pane|)|and|more|.	choose
en_343	english	Remember that text will flow and wrap differently for other users, based on their chosen browser, screen resolution, default font size, accessibility options, number of toolbars and sidebars (such as instant messaging panes) and more.	wrap	0.125	en	False	remember|that|text|will|flow|and|wrap|differently|for|other|user|,|base|on|their|choose|browser|,|screen|resolution|,|default|font|size|,|accessibility|option|,|number|of|toolbar|and|sidebar|(|such|as|instant|messaging|pane|)|and|more|.	wrap
en_344	english	Remember that text will flow and wrap differently for other users, based on their chosen browser, screen resolution, default font size, accessibility options, number of toolbars and sidebars (such as instant messaging panes) and more.	default	0.1	en	False	remember|that|text|will|flow|and|wrap|differently|for|other|user|,|base|on|their|choose|browser|,|screen|resolution|,|default|font|size|,|accessibility|option|,|number|of|toolbar|and|sidebar|(|such|as|instant|messaging|pane|)|and|more|.	default
en_345	english	Rescue breathing is used if the victim does not begin breathing when the airway is opened.	breathing	0.083333333	en	False	rescue|breathing|be|use|if|the|victim|do|not|begin|breathe|when|the|airway|be|open|.	breathing
en_346	english	Rescue breathing is used if the victim does not begin breathing when the airway is opened.	victim	0.15	en	False	rescue|breathing|be|use|if|the|victim|do|not|begin|breathe|when|the|airway|be|open|.	victim
en_347	english	Rescue breathing is used if the victim does not begin breathing when the airway is opened.	begin	0.075	en	False	rescue|breathing|be|use|if|the|victim|do|not|begin|breathe|when|the|airway|be|open|.	begin
en_348	english	Sensitive pads of our fingertips used as tactile antennae gauge the slightest startle, tenseness, or hesitation of response.	hesitation	0.2045454545454545	en	False	sensitive|pad|of|our|fingertip|use|as|tactile|antenna|gauge|the|slight|startle|,|tenseness|,|or|hesitation|of|response|.	hesitation
en_349	english	Sensitive pads of our fingertips used as tactile antennae gauge the slightest startle, tenseness, or hesitation of response.	fingertips	0.2272727272727272	en	False	sensitive|pad|of|our|fingertip|use|as|tactile|antenna|gauge|the|slight|startle|,|tenseness|,|or|hesitation|of|response|.	fingertip
en_350	english	Sensitive pads of our fingertips used as tactile antennae gauge the slightest startle, tenseness, or hesitation of response.	slightest	0.2045454545454545	en	False	sensitive|pad|of|our|fingertip|use|as|tactile|antenna|gauge|the|slight|startle|,|tenseness|,|or|hesitation|of|response|.	slight
en_351	english	She arranges the loan of a repair person from her competitor, but in the meantime organizes a large number of men with lanterns into a manual signaling system.	manual	0.2272727272727272	en	False	she|arrange|the|loan|of|a|repair|person|from|her|competitor|,|but|in|the|meantime|organize|a|large|number|of|man|with|lantern|into|a|manual|signal|system|.	manual
en_352	english	She arranges the loan of a repair person from her competitor, but in the meantime organizes a large number of men with lanterns into a manual signaling system.	arranges	0.2272727272727272	en	False	she|arrange|the|loan|of|a|repair|person|from|her|competitor|,|but|in|the|meantime|organize|a|large|number|of|man|with|lantern|into|a|manual|signal|system|.	arrange
en_353	english	She arranges the loan of a repair person from her competitor, but in the meantime organizes a large number of men with lanterns into a manual signaling system.	organizes	0.2954545454545454	en	False	she|arrange|the|loan|of|a|repair|person|from|her|competitor|,|but|in|the|meantime|organize|a|large|number|of|man|with|lantern|into|a|manual|signal|system|.	organize
en_354	english	She had been surprised that Taggart had dropped by her slum room one day, out of the blue.	slum	0.325	en	False	she|have|be|surprise|that|Taggart|have|drop|by|her|slum|room|one|day|,|out|of|the|blue|.	slum
en_355	english	She had been surprised that Taggart had dropped by her slum room one day, out of the blue.	surprised	0.025	en	False	she|have|be|surprise|that|Taggart|have|drop|by|her|slum|room|one|day|,|out|of|the|blue|.	surprise
en_356	english	She had been surprised that Taggart had dropped by her slum room one day, out of the blue.	dropped	0.1	en	False	she|have|be|surprise|that|Taggart|have|drop|by|her|slum|room|one|day|,|out|of|the|blue|.	drop
en_357	english	Since most textbooks are developed by, or based on the contributions of subject matter experts, this requirement is usually well attended to.	attended	0.175	en	False	since|most|textbook|be|develop|by|,|or|base|on|the|contribution|of|subject|matter|expert|,|this|requirement|be|usually|well|attend|to|.	attend
en_358	english	Since most textbooks are developed by, or based on the contributions of subject matter experts, this requirement is usually well attended to.	textbooks	0.05	en	False	since|most|textbook|be|develop|by|,|or|base|on|the|contribution|of|subject|matter|expert|,|this|requirement|be|usually|well|attend|to|.	textbook
en_359	english	Since most textbooks are developed by, or based on the contributions of subject matter experts, this requirement is usually well attended to.	contributions	0.1	en	False	since|most|textbook|be|develop|by|,|or|base|on|the|contribution|of|subject|matter|expert|,|this|requirement|be|usually|well|attend|to|.	contribution
en_360	english	Since the elementary idea of functions is better understood from the classical viewpoint, we shall use it hereafter.	classical	0.125	en	False	since|the|elementary|idea|of|function|be|well|understand|from|the|classical|viewpoint|,|we|shall|use|it|hereafter|.	classical
en_361	english	Since the elementary idea of functions is better understood from the classical viewpoint, we shall use it hereafter.	elementary	0.225	en	False	since|the|elementary|idea|of|function|be|well|understand|from|the|classical|viewpoint|,|we|shall|use|it|hereafter|.	elementary
en_362	english	Since the elementary idea of functions is better understood from the classical viewpoint, we shall use it hereafter.	understood	0.075	en	False	since|the|elementary|idea|of|function|be|well|understand|from|the|classical|viewpoint|,|we|shall|use|it|hereafter|.	understand
en_363	english	Some of the variations are fees, overdraft protection, minimum balances, allowable account linkages (e.g., checking and savings), and rules on opening the account.	overdraft	0.3409090909090909	en	False	some|of|the|variation|be|fee|,|overdraft|protection|,|minimum|balance|,|allowable|account|linkage|(|e.g.|,|check|and|savings|)|,|and|rule|on|open|the|account|.	overdraft
en_364	english	Some of the variations are fees, overdraft protection, minimum balances, allowable account linkages (e.g., checking and savings), and rules on opening the account.	minimum	0.090909091	en	False	some|of|the|variation|be|fee|,|overdraft|protection|,|minimum|balance|,|allowable|account|linkage|(|e.g.|,|check|and|savings|)|,|and|rule|on|open|the|account|.	minimum
en_365	english	Some of the variations are fees, overdraft protection, minimum balances, allowable account linkages (e.g., checking and savings), and rules on opening the account.	checking	0.3181818181818182	en	False	some|of|the|variation|be|fee|,|overdraft|protection|,|minimum|balance|,|allowable|account|linkage|(|e.g.|,|check|and|savings|)|,|and|rule|on|open|the|account|.	check
en_366	english	Some parts may never be eaten and some are not normally processed as kosher meat in the United States, due to the additional labor involved.	meat	0.0454545454545454	en	False	some|part|may|never|be|eat|and|some|be|not|normally|process|as|kosher|meat|in|the|United|State|,|due|to|the|additional|labor|involve|.	meat
en_367	english	Some parts may never be eaten and some are not normally processed as kosher meat in the United States, due to the additional labor involved.	kosher	0.6136363636363636	en	False	some|part|may|never|be|eat|and|some|be|not|normally|process|as|kosher|meat|in|the|United|State|,|due|to|the|additional|labor|involve|.	kosher
en_368	english	Some parts may never be eaten and some are not normally processed as kosher meat in the United States, due to the additional labor involved.	normally	0.090909091	en	False	some|part|may|never|be|eat|and|some|be|not|normally|process|as|kosher|meat|in|the|United|State|,|due|to|the|additional|labor|involve|.	normally
en_369	english	Some students find the ablative difficult since it sometimes looks like the nominative singular, dative plural or neither.	nominative	0.7045454545454546	en	False	some|student|find|the|ablative|difficult|since|it|sometimes|look|like|the|nominative|singular|,|dative|plural|or|neither|.	nominative
en_370	english	Some students find the ablative difficult since it sometimes looks like the nominative singular, dative plural or neither.	dative	0.8409090909090909	en	False	some|student|find|the|ablative|difficult|since|it|sometimes|look|like|the|nominative|singular|,|dative|plural|or|neither|.	dative
en_371	english	Some students find the ablative difficult since it sometimes looks like the nominative singular, dative plural or neither.	ablative	0.9318181818181818	en	False	some|student|find|the|ablative|difficult|since|it|sometimes|look|like|the|nominative|singular|,|dative|plural|or|neither|.	ablative
en_372	english	Sometimes you will need to manipulate expressions into a usable form before it is possible to perform operations in calculus.	perform	0.05	en	False	sometimes|you|will|need|to|manipulate|expression|into|a|usable|form|before|it|be|possible|to|perform|operation|in|calculus|.	perform
en_373	english	Sometimes you will need to manipulate expressions into a usable form before it is possible to perform operations in calculus.	expressions	0.15	en	False	sometimes|you|will|need|to|manipulate|expression|into|a|usable|form|before|it|be|possible|to|perform|operation|in|calculus|.	expression
en_374	english	Sometimes you will need to manipulate expressions into a usable form before it is possible to perform operations in calculus.	manipulate	0.175	en	False	sometimes|you|will|need|to|manipulate|expression|into|a|usable|form|before|it|be|possible|to|perform|operation|in|calculus|.	manipulate
en_375	english	Steels are often subjected to a variety of thermal treatments designed to produce various combinations of stable and metastable iron phases.	stable	0.075	en	False	steel|be|often|subject|to|a|variety|of|thermal|treatment|design|to|produce|various|combination|of|stable|and|metastable|iron|phase|.	stable
en_376	english	Steels are often subjected to a variety of thermal treatments designed to produce various combinations of stable and metastable iron phases.	thermal	0.15	en	False	steel|be|often|subject|to|a|variety|of|thermal|treatment|design|to|produce|various|combination|of|stable|and|metastable|iron|phase|.	thermal
en_377	english	Steels are often subjected to a variety of thermal treatments designed to produce various combinations of stable and metastable iron phases.	metastable	0.65	en	False	steel|be|often|subject|to|a|variety|of|thermal|treatment|design|to|produce|various|combination|of|stable|and|metastable|iron|phase|.	metastable
en_378	english	Such a cavity can provide numerous functional advantages.	cavity	0.275	en	False	such|a|cavity|can|provide|numerous|functional|advantage|.	cavity
en_379	english	Such a cavity can provide numerous functional advantages.	functional	0.125	en	False	such|a|cavity|can|provide|numerous|functional|advantage|.	functional
en_380	english	Such a cavity can provide numerous functional advantages.	numerous	0.15	en	False	such|a|cavity|can|provide|numerous|functional|advantage|.	numerous
en_381	english	Such access might be used for login authentication, creating a new user account, or saving textual information for future retrieval and study.	textual	0.2954545454545454	en	False	such|access|might|be|use|for|login|authentication|,|create|a|new|user|account|,|or|save|textual|information|for|future|retrieval|and|study|.	textual
en_382	english	Such access might be used for login authentication, creating a new user account, or saving textual information for future retrieval and study.	login	0.090909091	en	False	such|access|might|be|use|for|login|authentication|,|create|a|new|user|account|,|or|save|textual|information|for|future|retrieval|and|study|.	login
en_383	english	Such access might be used for login authentication, creating a new user account, or saving textual information for future retrieval and study.	retrieval	0.2954545454545454	en	False	such|access|might|be|use|for|login|authentication|,|create|a|new|user|account|,|or|save|textual|information|for|future|retrieval|and|study|.	retrieval
en_384	english	Suzuki Pureharp is one of the tiny production models that use wood as a cover, which produces a pleasantly soft sound.	soft	0.0227272727272727	en	False	Suzuki|Pureharp|be|one|of|the|tiny|production|model|that|use|wood|as|a|cover|,|which|produce|a|pleasantly|soft|sound|.	soft
en_385	english	Suzuki Pureharp is one of the tiny production models that use wood as a cover, which produces a pleasantly soft sound.	tiny	0.068181818	en	False	Suzuki|Pureharp|be|one|of|the|tiny|production|model|that|use|wood|as|a|cover|,|which|produce|a|pleasantly|soft|sound|.	tiny
en_386	english	Suzuki Pureharp is one of the tiny production models that use wood as a cover, which produces a pleasantly soft sound.	pleasantly	0.2272727272727272	en	False	Suzuki|Pureharp|be|one|of|the|tiny|production|model|that|use|wood|as|a|cover|,|which|produce|a|pleasantly|soft|sound|.	pleasantly
en_387	english	The Romans, who used the style initially, found it unwieldy and hard to manage in the mountainous and broken terrain of Italy.	style	0.090909091	en	False	the|Romans|,|who|use|the|style|initially|,|find|it|unwieldy|and|hard|to|manage|in|the|mountainous|and|broken|terrain|of|Italy|.	style
en_388	english	The Romans, who used the style initially, found it unwieldy and hard to manage in the mountainous and broken terrain of Italy.	mountainous	0.3181818181818182	en	False	the|Romans|,|who|use|the|style|initially|,|find|it|unwieldy|and|hard|to|manage|in|the|mountainous|and|broken|terrain|of|Italy|.	mountainous
en_389	english	The Romans, who used the style initially, found it unwieldy and hard to manage in the mountainous and broken terrain of Italy.	manage	0.1818181818181818	en	False	the|Romans|,|who|use|the|style|initially|,|find|it|unwieldy|and|hard|to|manage|in|the|mountainous|and|broken|terrain|of|Italy|.	manage
en_390	english	The alcohol rinse does not remove the crystal violet which masks the added red safanin dye.	masks	0.125	en	False	the|alcohol|rinse|do|not|remove|the|crystal|violet|which|mask|the|add|red|safanin|dye|.	mask
en_391	english	The alcohol rinse does not remove the crystal violet which masks the added red safanin dye.	alcohol	0.1818181818181818	en	False	the|alcohol|rinse|do|not|remove|the|crystal|violet|which|mask|the|add|red|safanin|dye|.	alcohol
en_392	english	The alcohol rinse does not remove the crystal violet which masks the added red safanin dye.	rinse	0.2272727272727272	en	False	the|alcohol|rinse|do|not|remove|the|crystal|violet|which|mask|the|add|red|safanin|dye|.	rinse
en_393	english	The big, curling line on the left is elaborately pointing at me (mi).	pointing	0.2272727272727272	en	False	the|big|,|curling|line|on|the|left|be|elaborately|point|at|I|(|mi|)|.	point
en_394	english	The big, curling line on the left is elaborately pointing at me (mi).	elaborately	0.4772727272727273	en	False	the|big|,|curling|line|on|the|left|be|elaborately|point|at|I|(|mi|)|.	elaborately
en_395	english	The big, curling line on the left is elaborately pointing at me (mi).	curling	0.2727272727272727	en	False	the|big|,|curling|line|on|the|left|be|elaborately|point|at|I|(|mi|)|.	curling
en_396	english	The carrier wave is filtered out and a loudspeaker plays based on the amplitude of the signal.	filtered	0.2272727272727272	en	False	the|carrier|wave|be|filter|out|and|a|loudspeaker|play|base|on|the|amplitude|of|the|signal|.	filter
en_397	english	The carrier wave is filtered out and a loudspeaker plays based on the amplitude of the signal.	loudspeaker	0.1818181818181818	en	False	the|carrier|wave|be|filter|out|and|a|loudspeaker|play|base|on|the|amplitude|of|the|signal|.	loudspeaker
en_398	english	The carrier wave is filtered out and a loudspeaker plays based on the amplitude of the signal.	amplitude	0.5	en	False	the|carrier|wave|be|filter|out|and|a|loudspeaker|play|base|on|the|amplitude|of|the|signal|.	amplitude
en_399	english	The centrepiece at the renovated Abbey was a shrine to Edward.	centrepiece	0.3863636363636363	en	False	the|centrepiece|at|the|renovate|Abbey|be|a|shrine|to|Edward|.	centrepiece
en_400	english	The centrepiece at the renovated Abbey was a shrine to Edward.	shrine	0.3409090909090909	en	False	the|centrepiece|at|the|renovate|Abbey|be|a|shrine|to|Edward|.	shrine
en_401	english	The centrepiece at the renovated Abbey was a shrine to Edward.	renovated	0.2954545454545454	en	False	the|centrepiece|at|the|renovate|Abbey|be|a|shrine|to|Edward|.	renovate
en_402	english	The classic Playfair tableau consists of four alphabets, usually in a square arrangement,  two plaintext and two ciphertext.	arrangement	0.2272727272727272	en	False	the|classic|Playfair|tableau|consist|of|four|alphabet|,|usually|in|a|square|arrangement|,|two|plaintext|and|two|ciphertext|.	arrangement
en_403	english	The classic Playfair tableau consists of four alphabets, usually in a square arrangement,  two plaintext and two ciphertext.	consists	0.1590909090909091	en	False	the|classic|Playfair|tableau|consist|of|four|alphabet|,|usually|in|a|square|arrangement|,|two|plaintext|and|two|ciphertext|.	consist
en_404	english	The classic Playfair tableau consists of four alphabets, usually in a square arrangement,  two plaintext and two ciphertext.	tableau	0.5681818181818182	en	False	the|classic|Playfair|tableau|consist|of|four|alphabet|,|usually|in|a|square|arrangement|,|two|plaintext|and|two|ciphertext|.	tableau
en_405	english	The combined work need only contain one copy of this License, and multiple identical Invariant Sections may be replaced with a single copy.	replaced	0.05	en	False	the|combine|work|need|only|contain|one|copy|of|this|license|,|and|multiple|identical|Invariant|section|may|be|replace|with|a|single|copy|.	replace
en_406	english	The combined work need only contain one copy of this License, and multiple identical Invariant Sections may be replaced with a single copy.	combined	0.075	en	False	the|combine|work|need|only|contain|one|copy|of|this|license|,|and|multiple|identical|Invariant|section|may|be|replace|with|a|single|copy|.	combine
en_407	english	The combined work need only contain one copy of this License, and multiple identical Invariant Sections may be replaced with a single copy.	identical	0.075	en	False	the|combine|work|need|only|contain|one|copy|of|this|license|,|and|multiple|identical|Invariant|section|may|be|replace|with|a|single|copy|.	identical
en_408	english	The detriments outweigh the benefits and there are no current studies to show that vouchers are working.	vouchers	0.1363636363636363	en	False	the|detriment|outweigh|the|benefit|and|there|be|no|current|study|to|show|that|voucher|be|work|.	voucher
en_409	english	The detriments outweigh the benefits and there are no current studies to show that vouchers are working.	outweigh	0.3181818181818182	en	False	the|detriment|outweigh|the|benefit|and|there|be|no|current|study|to|show|that|voucher|be|work|.	outweigh
en_410	english	The detriments outweigh the benefits and there are no current studies to show that vouchers are working.	detriments	0.5909090909090909	en	False	the|detriment|outweigh|the|benefit|and|there|be|no|current|study|to|show|that|voucher|be|work|.	detriment
en_411	english	The diagnosis of schizophrenia should not be made in the presence of extensive depressive or manic symptoms unless it is clear that schizophrenic symptoms antedate the affective disturbance.	diagnosis	0.05	en	False	the|diagnosis|of|schizophrenia|should|not|be|make|in|the|presence|of|extensive|depressive|or|manic|symptom|unless|it|be|clear|that|schizophrenic|symptom|antedate|the|affective|disturbance|.	diagnosis
en_412	english	The diagnosis of schizophrenia should not be made in the presence of extensive depressive or manic symptoms unless it is clear that schizophrenic symptoms antedate the affective disturbance.	depressive	0.125	en	False	the|diagnosis|of|schizophrenia|should|not|be|make|in|the|presence|of|extensive|depressive|or|manic|symptom|unless|it|be|clear|that|schizophrenic|symptom|antedate|the|affective|disturbance|.	depressive
en_413	english	The diagnosis of schizophrenia should not be made in the presence of extensive depressive or manic symptoms unless it is clear that schizophrenic symptoms antedate the affective disturbance.	antedate	0.725	en	False	the|diagnosis|of|schizophrenia|should|not|be|make|in|the|presence|of|extensive|depressive|or|manic|symptom|unless|it|be|clear|that|schizophrenic|symptom|antedate|the|affective|disturbance|.	antedate
en_414	english	The entire assembled application is their platform, and the desktops of the affected staff the target domain for their work.	affected	0.075	en	False	the|entire|assemble|application|be|their|platform|,|and|the|desktop|of|the|affect|staff|the|target|domain|for|their|work|.	affect
en_415	english	The entire assembled application is their platform, and the desktops of the affected staff the target domain for their work.	staff	0.05	en	False	the|entire|assemble|application|be|their|platform|,|and|the|desktop|of|the|affect|staff|the|target|domain|for|their|work|.	staff
en_416	english	The entire assembled application is their platform, and the desktops of the affected staff the target domain for their work.	domain	0.25	en	False	the|entire|assemble|application|be|their|platform|,|and|the|desktop|of|the|affect|staff|the|target|domain|for|their|work|.	domain
en_417	english	The food vacuole formed , and then fuses with a lysosome and digests the food.	formed	0.05	en	False	the|food|vacuole|form|,|and|then|fuse|with|a|lysosome|and|digest|the|food|.	form
en_418	english	The food vacuole formed , and then fuses with a lysosome and digests the food.	fuses	0.175	en	False	the|food|vacuole|form|,|and|then|fuse|with|a|lysosome|and|digest|the|food|.	fus
en_419	english	The food vacuole formed , and then fuses with a lysosome and digests the food.	digests	0.125	en	False	the|food|vacuole|form|,|and|then|fuse|with|a|lysosome|and|digest|the|food|.	digest
en_420	english	The formation of this intermediate and subsequent reaction generally has a much lower activation energy barrier than is required for the direct reaction of reactants to products.	subsequent	0.25	en	False	the|formation|of|this|intermediate|and|subsequent|reaction|generally|have|a|much|low|activation|energy|barrier|than|be|require|for|the|direct|reaction|of|reactant|to|product|.	subsequent
en_421	english	The formation of this intermediate and subsequent reaction generally has a much lower activation energy barrier than is required for the direct reaction of reactants to products.	barrier	0.15	en	False	the|formation|of|this|intermediate|and|subsequent|reaction|generally|have|a|much|low|activation|energy|barrier|than|be|require|for|the|direct|reaction|of|reactant|to|product|.	barrier
en_422	english	The formation of this intermediate and subsequent reaction generally has a much lower activation energy barrier than is required for the direct reaction of reactants to products.	intermediate	0.25	en	False	the|formation|of|this|intermediate|and|subsequent|reaction|generally|have|a|much|low|activation|energy|barrier|than|be|require|for|the|direct|reaction|of|reactant|to|product|.	intermediate
en_423	english	The goals of this procedure will be to distribute accurate information with the correct approvals using sufficient technology and strategies.	approvals	0.2272727272727272	en	False	the|goal|of|this|procedure|will|be|to|distribute|accurate|information|with|the|correct|approval|use|sufficient|technology|and|strategy|.	approval
en_424	english	The goals of this procedure will be to distribute accurate information with the correct approvals using sufficient technology and strategies.	sufficient	0.2272727272727272	en	False	the|goal|of|this|procedure|will|be|to|distribute|accurate|information|with|the|correct|approval|use|sufficient|technology|and|strategy|.	sufficient
en_425	english	The goals of this procedure will be to distribute accurate information with the correct approvals using sufficient technology and strategies.	distribute	0.1818181818181818	en	False	the|goal|of|this|procedure|will|be|to|distribute|accurate|information|with|the|correct|approval|use|sufficient|technology|and|strategy|.	distribute
en_426	english	The guitar is a transposing instrument and is notated an octave higher than its actual pitch to avoid having to use the bass clef in standard notation.	transposing	0.6363636363636364	en	False	the|guitar|be|a|transpose|instrument|and|be|notate|a|octave|high|than|its|actual|pitch|to|avoid|have|to|use|the|bass|clef|in|standard|notation|.	transposing
en_427	english	The guitar is a transposing instrument and is notated an octave higher than its actual pitch to avoid having to use the bass clef in standard notation.	clef	0.7954545454545454	en	False	the|guitar|be|a|transpose|instrument|and|be|notate|a|octave|high|than|its|actual|pitch|to|avoid|have|to|use|the|bass|clef|in|standard|notation|.	clef
en_428	english	The guitar is a transposing instrument and is notated an octave higher than its actual pitch to avoid having to use the bass clef in standard notation.	notated	0.6363636363636364	en	False	the|guitar|be|a|transpose|instrument|and|be|notate|a|octave|high|than|its|actual|pitch|to|avoid|have|to|use|the|bass|clef|in|standard|notation|.	notate
en_429	english	The hall sensor and inductor use a property of  the magnetic field to sense the current through a nearby conductor.	sensor	0.2272727272727272	en	False	the|hall|sensor|and|inductor|use|a|property|of|the|magnetic|field|to|sense|the|current|through|a|nearby|conductor|.	sensor
en_430	english	The hall sensor and inductor use a property of  the magnetic field to sense the current through a nearby conductor.	magnetic	0.2272727272727272	en	False	the|hall|sensor|and|inductor|use|a|property|of|the|magnetic|field|to|sense|the|current|through|a|nearby|conductor|.	magnetic
en_431	english	The hall sensor and inductor use a property of  the magnetic field to sense the current through a nearby conductor.	hall	0.25	en	False	the|hall|sensor|and|inductor|use|a|property|of|the|magnetic|field|to|sense|the|current|through|a|nearby|conductor|.	hall
en_432	english	The hero then was summoned to compete in the second rite, the rite of conquest, by defeating the mercenary General Claudius.	mercenary	0.6136363636363636	en	False	the|hero|then|be|summon|to|compete|in|the|second|rite|,|the|rite|of|conquest|,|by|defeat|the|mercenary|General|Claudius|.	mercenary
en_433	english	The hero then was summoned to compete in the second rite, the rite of conquest, by defeating the mercenary General Claudius.	rite	0.4772727272727273	en	False	the|hero|then|be|summon|to|compete|in|the|second|rite|,|the|rite|of|conquest|,|by|defeat|the|mercenary|General|Claudius|.	rite
en_434	english	The hero then was summoned to compete in the second rite, the rite of conquest, by defeating the mercenary General Claudius.	defeating	0.1818181818181818	en	False	the|hero|then|be|summon|to|compete|in|the|second|rite|,|the|rite|of|conquest|,|by|defeat|the|mercenary|General|Claudius|.	defeat
en_435	english	The lexical analyzer is the part of the compiler which removes whitespace and other non compilable characters from the source code.	compilable	0.4318181818181818	en	False	the|lexical|analyzer|be|the|part|of|the|compiler|which|remove|whitespace|and|other|non|compilable|character|from|the|source|code|.	compilable
en_436	english	The lexical analyzer is the part of the compiler which removes whitespace and other non compilable characters from the source code.	characters	0.1818181818181818	en	False	the|lexical|analyzer|be|the|part|of|the|compiler|which|remove|whitespace|and|other|non|compilable|character|from|the|source|code|.	character
en_437	english	The lexical analyzer is the part of the compiler which removes whitespace and other non compilable characters from the source code.	lexical	0.7045454545454546	en	False	the|lexical|analyzer|be|the|part|of|the|compiler|which|remove|whitespace|and|other|non|compilable|character|from|the|source|code|.	lexical
en_438	english	The main reason for not allowing multiple outputs with the same input is that it lets us apply the same function to different forms of the same thing without changing their equivalence.	outputs	0.1	en	False	the|main|reason|for|not|allow|multiple|output|with|the|same|input|be|that|it|let|we|apply|the|same|function|to|different|form|of|the|same|thing|without|change|their|equivalence|.	output
en_439	english	The main reason for not allowing multiple outputs with the same input is that it lets us apply the same function to different forms of the same thing without changing their equivalence.	changing	0.05	en	False	the|main|reason|for|not|allow|multiple|output|with|the|same|input|be|that|it|let|we|apply|the|same|function|to|different|form|of|the|same|thing|without|change|their|equivalence|.	change
en_440	english	The main reason for not allowing multiple outputs with the same input is that it lets us apply the same function to different forms of the same thing without changing their equivalence.	equivalence	0.25	en	False	the|main|reason|for|not|allow|multiple|output|with|the|same|input|be|that|it|let|we|apply|the|same|function|to|different|form|of|the|same|thing|without|change|their|equivalence|.	equivalence
en_441	english	The majority of seaweeds, like the kelps (very large brown algae from the Order Laminariales), despite a superficial appearance of such, lack true stems, leaves, roots, and any kind of vascular systems as found in higher plants.	brown	0.025	en	False	the|majority|of|seaweed|,|like|the|kelp|(|very|large|brown|alga|from|the|Order|Laminariales|)|,|despite|a|superficial|appearance|of|such|,|lack|true|stem|,|leave|,|root|,|and|any|kind|of|vascular|system|as|find|in|high|plant|.	brown
en_442	english	The majority of seaweeds, like the kelps (very large brown algae from the Order Laminariales), despite a superficial appearance of such, lack true stems, leaves, roots, and any kind of vascular systems as found in higher plants.	vascular	0.325	en	False	the|majority|of|seaweed|,|like|the|kelp|(|very|large|brown|alga|from|the|Order|Laminariales|)|,|despite|a|superficial|appearance|of|such|,|lack|true|stem|,|leave|,|root|,|and|any|kind|of|vascular|system|as|find|in|high|plant|.	vascular
en_443	english	The majority of seaweeds, like the kelps (very large brown algae from the Order Laminariales), despite a superficial appearance of such, lack true stems, leaves, roots, and any kind of vascular systems as found in higher plants.	superficial	0.375	en	False	the|majority|of|seaweed|,|like|the|kelp|(|very|large|brown|alga|from|the|Order|Laminariales|)|,|despite|a|superficial|appearance|of|such|,|lack|true|stem|,|leave|,|root|,|and|any|kind|of|vascular|system|as|find|in|high|plant|.	superficial
en_444	english	The next day, during the Fajr Salaah, he stabbed Sayyiduna Umar (radi Allahu anhu) 6 times in the back, severely wounding the Caliph.	wounding	0.1590909090909091	en	False	the|next|day|,|during|the|Fajr|Salaah|,|he|stab|Sayyiduna|Umar|(|radi|Allahu|anhu|)|6|time|in|the|back|,|severely|wound|the|Caliph|.	wound
en_445	english	The next day, during the Fajr Salaah, he stabbed Sayyiduna Umar (radi Allahu anhu) 6 times in the back, severely wounding the Caliph.	severely	0.2272727272727272	en	False	the|next|day|,|during|the|Fajr|Salaah|,|he|stab|Sayyiduna|Umar|(|radi|Allahu|anhu|)|6|time|in|the|back|,|severely|wound|the|Caliph|.	severely
en_446	english	The next day, during the Fajr Salaah, he stabbed Sayyiduna Umar (radi Allahu anhu) 6 times in the back, severely wounding the Caliph.	stabbed	0.2272727272727272	en	False	the|next|day|,|during|the|Fajr|Salaah|,|he|stab|Sayyiduna|Umar|(|radi|Allahu|anhu|)|6|time|in|the|back|,|severely|wound|the|Caliph|.	stab
en_447	english	The northern part of the continent, covering much of Siberia was also inaccessible to the steppe nomads due to the dense forests and the tundra.	nomads	0.6136363636363636	en	False	the|northern|part|of|the|continent|,|cover|much|of|Siberia|be|also|inaccessible|to|the|steppe|nomad|due|to|the|dense|forest|and|the|tundra|.	nomad
en_448	english	The northern part of the continent, covering much of Siberia was also inaccessible to the steppe nomads due to the dense forests and the tundra.	steppe	0.7272727272727273	en	False	the|northern|part|of|the|continent|,|cover|much|of|Siberia|be|also|inaccessible|to|the|steppe|nomad|due|to|the|dense|forest|and|the|tundra|.	steppe
en_449	english	The northern part of the continent, covering much of Siberia was also inaccessible to the steppe nomads due to the dense forests and the tundra.	covering	0.1363636363636363	en	False	the|northern|part|of|the|continent|,|cover|much|of|Siberia|be|also|inaccessible|to|the|steppe|nomad|due|to|the|dense|forest|and|the|tundra|.	cover
en_450	english	The others died at sea or in prison while awaiting trial.	died	0.05	en	False	the|other|die|at|sea|or|in|prison|while|await|trial|.	die
en_451	english	The others died at sea or in prison while awaiting trial.	awaiting	0.075	en	False	the|other|die|at|sea|or|in|prison|while|await|trial|.	await
en_452	english	The others died at sea or in prison while awaiting trial.	prison	0.05	en	False	the|other|die|at|sea|or|in|prison|while|await|trial|.	prison
en_453	english	The reason why hypothalamic lesions affect body fat and feeding behavior has in fact much to do with leptin signaling.	affect	0.05	en	False	the|reason|why|hypothalamic|lesion|affect|body|fat|and|feeding|behavior|have|in|fact|much|to|do|with|leptin|signal|.	affect
en_454	english	The reason why hypothalamic lesions affect body fat and feeding behavior has in fact much to do with leptin signaling.	leptin	0.7	en	False	the|reason|why|hypothalamic|lesion|affect|body|fat|and|feeding|behavior|have|in|fact|much|to|do|with|leptin|signal|.	leptin
en_455	english	The reason why hypothalamic lesions affect body fat and feeding behavior has in fact much to do with leptin signaling.	hypothalamic	0.725	en	False	the|reason|why|hypothalamic|lesion|affect|body|fat|and|feeding|behavior|have|in|fact|much|to|do|with|leptin|signal|.	hypothalamic
en_456	english	The relative configuration description is still used mainly in glycochemistry.	description	0.1	en	False	the|relative|configuration|description|be|still|use|mainly|in|glycochemistry|.	description
en_457	english	The relative configuration description is still used mainly in glycochemistry.	configuration	0.225	en	False	the|relative|configuration|description|be|still|use|mainly|in|glycochemistry|.	configuration
en_458	english	The relative configuration description is still used mainly in glycochemistry.	mainly	0.075	en	False	the|relative|configuration|description|be|still|use|mainly|in|glycochemistry|.	mainly
en_459	english	The same principle of course applied to the single lens reflex, but early SLRs caused delays and inconvenience through the need to move the mirror out of the focal plane to allow light to the plate behind it.	plane	0.3181818181818182	en	False	the|same|principle|of|course|apply|to|the|single|lens|reflex|,|but|early|slr|cause|delay|and|inconvenience|through|the|need|to|move|the|mirror|out|of|the|focal|plane|to|allow|light|to|the|plate|behind|it|.	plane
en_460	english	The same principle of course applied to the single lens reflex, but early SLRs caused delays and inconvenience through the need to move the mirror out of the focal plane to allow light to the plate behind it.	plate	0.1818181818181818	en	False	the|same|principle|of|course|apply|to|the|single|lens|reflex|,|but|early|slr|cause|delay|and|inconvenience|through|the|need|to|move|the|mirror|out|of|the|focal|plane|to|allow|light|to|the|plate|behind|it|.	plate
en_461	english	The same principle of course applied to the single lens reflex, but early SLRs caused delays and inconvenience through the need to move the mirror out of the focal plane to allow light to the plate behind it.	inconvenience	0.2045454545454545	en	False	the|same|principle|of|course|apply|to|the|single|lens|reflex|,|but|early|slr|cause|delay|and|inconvenience|through|the|need|to|move|the|mirror|out|of|the|focal|plane|to|allow|light|to|the|plate|behind|it|.	inconvenience
en_462	english	The size of an aggro radius sometimes varies with faction and con, and may be spherical in certain environments.	aggro	0.8409090909090909	en	False	the|size|of|a|aggro|radius|sometimes|vary|with|faction|and|con|,|and|may|be|spherical|in|certain|environment|.	aggro
en_463	english	The size of an aggro radius sometimes varies with faction and con, and may be spherical in certain environments.	spherical	0.3863636363636363	en	False	the|size|of|a|aggro|radius|sometimes|vary|with|faction|and|con|,|and|may|be|spherical|in|certain|environment|.	spherical
en_464	english	The size of an aggro radius sometimes varies with faction and con, and may be spherical in certain environments.	faction	0.5	en	False	the|size|of|a|aggro|radius|sometimes|vary|with|faction|and|con|,|and|may|be|spherical|in|certain|environment|.	faction
en_465	english	The theater contributed dramatic outcries, including those of Mary Otis Warren.	theater	0.1136363636363636	en	False	the|theater|contribute|dramatic|outcry|,|include|that|of|Mary|Otis|Warren|.	theater
en_466	english	The theater contributed dramatic outcries, including those of Mary Otis Warren.	dramatic	0.2	en	False	the|theater|contribute|dramatic|outcry|,|include|that|of|Mary|Otis|Warren|.	dramatic
en_467	english	The theater contributed dramatic outcries, including those of Mary Otis Warren.	contributed	0.275	en	False	the|theater|contribute|dramatic|outcry|,|include|that|of|Mary|Otis|Warren|.	contribute
en_468	english	There are also different editing styles in the sense of how bold people are willing to be.	styles	0.05	en	False	there|be|also|different|editing|style|in|the|sense|of|how|bold|person|be|willing|to|be|.	style
en_469	english	There are also different editing styles in the sense of how bold people are willing to be.	bold	0.075	en	False	there|be|also|different|editing|style|in|the|sense|of|how|bold|person|be|willing|to|be|.	bold
en_470	english	There are also different editing styles in the sense of how bold people are willing to be.	editing	0.05	en	False	there|be|also|different|editing|style|in|the|sense|of|how|bold|person|be|willing|to|be|.	editing
en_471	english	There is a clear need for a different structure to the books as they are meant to be (at least eventually) printed and should therefore have a linear style.	linear	0.175	en	False	there|be|a|clear|need|for|a|different|structure|to|the|book|as|they|be|mean|to|be|(|at|least|eventually|)|print|and|should|therefore|have|a|linear|style|.	linear
en_472	english	There is a clear need for a different structure to the books as they are meant to be (at least eventually) printed and should therefore have a linear style.	printed	0.075	en	False	there|be|a|clear|need|for|a|different|structure|to|the|book|as|they|be|mean|to|be|(|at|least|eventually|)|print|and|should|therefore|have|a|linear|style|.	print
en_473	english	There is a clear need for a different structure to the books as they are meant to be (at least eventually) printed and should therefore have a linear style.	meant	0.075	en	False	there|be|a|clear|need|for|a|different|structure|to|the|book|as|they|be|mean|to|be|(|at|least|eventually|)|print|and|should|therefore|have|a|linear|style|.	mean
en_474	english	There is a slight tendency towards attack from the opposite side of the halide.	slight	0.1	en	False	there|be|a|slight|tendency|towards|attack|from|the|opposite|side|of|the|halide|.	slight
en_475	english	There is a slight tendency towards attack from the opposite side of the halide.	tendency	0.175	en	False	there|be|a|slight|tendency|towards|attack|from|the|opposite|side|of|the|halide|.	tendency
en_476	english	There is a slight tendency towards attack from the opposite side of the halide.	opposite	0.075	en	False	there|be|a|slight|tendency|towards|attack|from|the|opposite|side|of|the|halide|.	opposite
en_477	english	There may also be separate licensing fees for distribution of patented multimedia data formats like GIF images, which if not in fact at least in philosophy violate the principles of the GFDL, preventing you from freely using the image or picture.	fees	0.05	en	False	there|may|also|be|separate|licensing|fee|for|distribution|of|patent|multimedia|datum|format|like|GIF|image|,|which|if|not|in|fact|at|least|in|philosophy|violate|the|principle|of|the|GFDL|,|prevent|you|from|freely|use|the|image|or|picture|.	fee
en_478	english	There may also be separate licensing fees for distribution of patented multimedia data formats like GIF images, which if not in fact at least in philosophy violate the principles of the GFDL, preventing you from freely using the image or picture.	patented	0.35	en	False	there|may|also|be|separate|licensing|fee|for|distribution|of|patent|multimedia|datum|format|like|GIF|image|,|which|if|not|in|fact|at|least|in|philosophy|violate|the|principle|of|the|GFDL|,|prevent|you|from|freely|use|the|image|or|picture|.	patent
en_479	english	There may also be separate licensing fees for distribution of patented multimedia data formats like GIF images, which if not in fact at least in philosophy violate the principles of the GFDL, preventing you from freely using the image or picture.	philosophy	0.175	en	False	there|may|also|be|separate|licensing|fee|for|distribution|of|patent|multimedia|datum|format|like|GIF|image|,|which|if|not|in|fact|at|least|in|philosophy|violate|the|principle|of|the|GFDL|,|prevent|you|from|freely|use|the|image|or|picture|.	philosophy
en_480	english	Therefore, no matter how much slang you use in your native language, limiting your use of slang in French (proportionally to your level of fluency) will also limit how much you are patronised and giggled at by native listeners.	giggled	0.3409090909090909	en	False	therefore|,|no|matter|how|much|slang|you|use|in|your|native|language|,|limit|your|use|of|slang|in|French|(|proportionally|to|your|level|of|fluency|)|will|also|limit|how|much|you|be|patronise|and|giggle|at|by|native|listener|.	giggle
en_481	english	Therefore, no matter how much slang you use in your native language, limiting your use of slang in French (proportionally to your level of fluency) will also limit how much you are patronised and giggled at by native listeners.	patronised	0.5227272727272727	en	False	therefore|,|no|matter|how|much|slang|you|use|in|your|native|language|,|limit|your|use|of|slang|in|French|(|proportionally|to|your|level|of|fluency|)|will|also|limit|how|much|you|be|patronise|and|giggle|at|by|native|listener|.	patronise
en_482	english	Therefore, no matter how much slang you use in your native language, limiting your use of slang in French (proportionally to your level of fluency) will also limit how much you are patronised and giggled at by native listeners.	limiting	0.1590909090909091	en	False	therefore|,|no|matter|how|much|slang|you|use|in|your|native|language|,|limit|your|use|of|slang|in|French|(|proportionally|to|your|level|of|fluency|)|will|also|limit|how|much|you|be|patronise|and|giggle|at|by|native|listener|.	limit
en_483	english	These are mainly guidelines to administrator behavior, but can be useful to point at when having a serious dispute with administrators or going before stewards and an arbitration board.	stewards	0.5681818181818182	en	False	this|be|mainly|guideline|to|administrator|behavior|,|but|can|be|useful|to|point|at|when|have|a|serious|dispute|with|administrator|or|go|before|steward|and|a|arbitration|board|.	steward
en_484	english	These are mainly guidelines to administrator behavior, but can be useful to point at when having a serious dispute with administrators or going before stewards and an arbitration board.	dispute	0.2954545454545454	en	False	this|be|mainly|guideline|to|administrator|behavior|,|but|can|be|useful|to|point|at|when|have|a|serious|dispute|with|administrator|or|go|before|steward|and|a|arbitration|board|.	dispute
en_485	english	These are mainly guidelines to administrator behavior, but can be useful to point at when having a serious dispute with administrators or going before stewards and an arbitration board.	administrators	0.2954545454545454	en	False	this|be|mainly|guideline|to|administrator|behavior|,|but|can|be|useful|to|point|at|when|have|a|serious|dispute|with|administrator|or|go|before|steward|and|a|arbitration|board|.	administrator
en_486	english	These deck styles do not do well against decks with any type of disruption or control so they are currently not seeing much play.	deck	0.2	en	False	this|deck|style|do|not|do|well|against|deck|with|any|type|of|disruption|or|control|so|they|be|currently|not|see|much|play|.	deck
en_487	english	These deck styles do not do well against decks with any type of disruption or control so they are currently not seeing much play.	seeing	0.075	en	False	this|deck|style|do|not|do|well|against|deck|with|any|type|of|disruption|or|control|so|they|be|currently|not|see|much|play|.	see
en_488	english	These deck styles do not do well against decks with any type of disruption or control so they are currently not seeing much play.	decks	0.25	en	False	this|deck|style|do|not|do|well|against|deck|with|any|type|of|disruption|or|control|so|they|be|currently|not|see|much|play|.	deck
en_489	english	These plots are to be interpreted like topographic maps, where the lines represent contours of constant elevation.	topographic	0.45	en	False	this|plot|be|to|be|interpret|like|topographic|map|,|where|the|line|represent|contour|of|constant|elevation|.	topographic
en_490	english	These plots are to be interpreted like topographic maps, where the lines represent contours of constant elevation.	constant	0.1	en	False	this|plot|be|to|be|interpret|like|topographic|map|,|where|the|line|represent|contour|of|constant|elevation|.	constant
en_491	english	These plots are to be interpreted like topographic maps, where the lines represent contours of constant elevation.	interpreted	0.15	en	False	this|plot|be|to|be|interpret|like|topographic|map|,|where|the|line|represent|contour|of|constant|elevation|.	interpret
en_492	english	These required money, and a new criminal underworld rose to fund them and profit from them.	underworld	0.3636363636363636	en	False	this|require|money|,|and|a|new|criminal|underworld|rise|to|fund|they|and|profit|from|they|.	underworld
en_493	english	These required money, and a new criminal underworld rose to fund them and profit from them.	fund	0.090909091	en	False	this|require|money|,|and|a|new|criminal|underworld|rise|to|fund|they|and|profit|from|they|.	fund
en_494	english	These required money, and a new criminal underworld rose to fund them and profit from them.	profit	0.1136363636363636	en	False	this|require|money|,|and|a|new|criminal|underworld|rise|to|fund|they|and|profit|from|they|.	profit
en_495	english	They are generally better off using their Ne, as well as the reasoning capacities of their Ti, to hash out truth, rather than deferring to Si traditions.	hash	0.5681818181818182	en	False	they|be|generally|good|off|use|their|ne|,|as|well|as|the|reasoning|capacity|of|their|Ti|,|to|hash|out|truth|,|rather|than|defer|to|si|tradition|.	hash
en_496	english	They are generally better off using their Ne, as well as the reasoning capacities of their Ti, to hash out truth, rather than deferring to Si traditions.	deferring	0.4318181818181818	en	False	they|be|generally|good|off|use|their|ne|,|as|well|as|the|reasoning|capacity|of|their|Ti|,|to|hash|out|truth|,|rather|than|defer|to|si|tradition|.	defer
en_497	english	They are generally better off using their Ne, as well as the reasoning capacities of their Ti, to hash out truth, rather than deferring to Si traditions.	capacities	0.2727272727272727	en	False	they|be|generally|good|off|use|their|ne|,|as|well|as|the|reasoning|capacity|of|their|Ti|,|to|hash|out|truth|,|rather|than|defer|to|si|tradition|.	capacity
en_498	english	They convert solar energy to chemical energy by absorbing sunlight and using it to drive the synthesis of organic compounds such as sugar from carbon dioxide and water.	sunlight	0.05	en	False	they|convert|solar|energy|to|chemical|energy|by|absorb|sunlight|and|use|it|to|drive|the|synthesis|of|organic|compound|such|as|sugar|from|carbon|dioxide|and|water|.	sunlight
en_499	english	They convert solar energy to chemical energy by absorbing sunlight and using it to drive the synthesis of organic compounds such as sugar from carbon dioxide and water.	absorbing	0.075	en	False	they|convert|solar|energy|to|chemical|energy|by|absorb|sunlight|and|use|it|to|drive|the|synthesis|of|organic|compound|such|as|sugar|from|carbon|dioxide|and|water|.	absorb
en_500	english	They convert solar energy to chemical energy by absorbing sunlight and using it to drive the synthesis of organic compounds such as sugar from carbon dioxide and water.	organic	0.15	en	False	they|convert|solar|energy|to|chemical|energy|by|absorb|sunlight|and|use|it|to|drive|the|synthesis|of|organic|compound|such|as|sugar|from|carbon|dioxide|and|water|.	organic
en_501	english	They do not interfere with the gestures mages need to cast spells.	gestures	0.2727272727272727	en	False	they|do|not|interfere|with|the|gesture|mage|need|to|cast|spell|.	gesture
en_502	english	They do not interfere with the gestures mages need to cast spells.	interfere	0.25	en	False	they|do|not|interfere|with|the|gesture|mage|need|to|cast|spell|.	interfere
en_503	english	They do not interfere with the gestures mages need to cast spells.	mages	0.5454545454545454	en	False	they|do|not|interfere|with|the|gesture|mage|need|to|cast|spell|.	mage
en_504	english	They left behind a prophesy that the world would end on December 21, 2012 and bring about the fifth cycle of the world.	bring	0.090909091	en	False	they|leave|behind|a|prophesy|that|the|world|would|end|on|December|21|,|2012|and|bring|about|the|fifth|cycle|of|the|world|.	bring
en_505	english	They left behind a prophesy that the world would end on December 21, 2012 and bring about the fifth cycle of the world.	fifth	0.0454545454545454	en	False	they|leave|behind|a|prophesy|that|the|world|would|end|on|December|21|,|2012|and|bring|about|the|fifth|cycle|of|the|world|.	fifth
en_506	english	They left behind a prophesy that the world would end on December 21, 2012 and bring about the fifth cycle of the world.	prophesy	0.4545454545454545	en	False	they|leave|behind|a|prophesy|that|the|world|would|end|on|December|21|,|2012|and|bring|about|the|fifth|cycle|of|the|world|.	prophesy
en_507	english	They produced more than 90 percent of the fiction films in America and distributed their films both nationally and internationally.	distributed	0.175	en	False	they|produce|more|than|90|percent|of|the|fiction|film|in|America|and|distribute|their|film|both|nationally|and|internationally|.	distribute
en_508	english	They produced more than 90 percent of the fiction films in America and distributed their films both nationally and internationally.	nationally	0.125	en	False	they|produce|more|than|90|percent|of|the|fiction|film|in|America|and|distribute|their|film|both|nationally|and|internationally|.	nationally
en_509	english	They produced more than 90 percent of the fiction films in America and distributed their films both nationally and internationally.	films	0.05	en	False	they|produce|more|than|90|percent|of|the|fiction|film|in|America|and|distribute|their|film|both|nationally|and|internationally|.	film
en_510	english	This happens all the time in my dreams, but apparently I believe that I can really do this, and the dream continues nonlucidly.	apparently	0.125	en	False	this|happen|all|the|time|in|my|dream|,|but|apparently|I|believe|that|I|can|really|do|this|,|and|the|dream|continue|nonlucidly|.	apparently
en_511	english	This happens all the time in my dreams, but apparently I believe that I can really do this, and the dream continues nonlucidly.	happens	0.05	en	False	this|happen|all|the|time|in|my|dream|,|but|apparently|I|believe|that|I|can|really|do|this|,|and|the|dream|continue|nonlucidly|.	happen
en_512	english	This happens all the time in my dreams, but apparently I believe that I can really do this, and the dream continues nonlucidly.	continues	0.075	en	False	this|happen|all|the|time|in|my|dream|,|but|apparently|I|believe|that|I|can|really|do|this|,|and|the|dream|continue|nonlucidly|.	continue
en_513	english	This includes teaching, general practice of medicine, medical research, religious fields, entrepreneurship, missionary work, social work, community development, creative arts, acting, broadcasting, consulting, coaching, corporate training, public relations, counseling, advertising, and marketing.	creative	0.1	en	False	this|include|teaching|,|general|practice|of|medicine|,|medical|research|,|religious|field|,|entrepreneurship|,|missionary|work|,|social|work|,|community|development|,|creative|art|,|acting|,|broadcasting|,|consulting|,|coaching|,|corporate|training|,|public|relation|,|counseling|,|advertising|,|and|marketing|.	creative
en_514	english	This includes teaching, general practice of medicine, medical research, religious fields, entrepreneurship, missionary work, social work, community development, creative arts, acting, broadcasting, consulting, coaching, corporate training, public relations, counseling, advertising, and marketing.	religious	0.075	en	False	this|include|teaching|,|general|practice|of|medicine|,|medical|research|,|religious|field|,|entrepreneurship|,|missionary|work|,|social|work|,|community|development|,|creative|art|,|acting|,|broadcasting|,|consulting|,|coaching|,|corporate|training|,|public|relation|,|counseling|,|advertising|,|and|marketing|.	religious
en_515	english	This includes teaching, general practice of medicine, medical research, religious fields, entrepreneurship, missionary work, social work, community development, creative arts, acting, broadcasting, consulting, coaching, corporate training, public relations, counseling, advertising, and marketing.	corporate	0.15	en	False	this|include|teaching|,|general|practice|of|medicine|,|medical|research|,|religious|field|,|entrepreneurship|,|missionary|work|,|social|work|,|community|development|,|creative|art|,|acting|,|broadcasting|,|consulting|,|coaching|,|corporate|training|,|public|relation|,|counseling|,|advertising|,|and|marketing|.	corporate
en_516	english	This is VERY VERY different than passive patterns of reading the text in a high speed linear fashion, which is akin to trying to force the brain to make sense out of a thousand speeding bullets whizzing by.	akin	0.6363636363636364	en	False	this|be|very|very|different|than|passive|pattern|of|read|the|text|in|a|high|speed|linear|fashion|,|which|be|akin|to|try|to|force|the|brain|to|make|sense|out|of|a|thousand|speed|bullet|whizz|by|.	akin
en_517	english	This is VERY VERY different than passive patterns of reading the text in a high speed linear fashion, which is akin to trying to force the brain to make sense out of a thousand speeding bullets whizzing by.	bullets	0.2045454545454545	en	False	this|be|very|very|different|than|passive|pattern|of|read|the|text|in|a|high|speed|linear|fashion|,|which|be|akin|to|try|to|force|the|brain|to|make|sense|out|of|a|thousand|speed|bullet|whizz|by|.	bullet
en_518	english	This is VERY VERY different than passive patterns of reading the text in a high speed linear fashion, which is akin to trying to force the brain to make sense out of a thousand speeding bullets whizzing by.	whizzing	0.3863636363636363	en	False	this|be|very|very|different|than|passive|pattern|of|read|the|text|in|a|high|speed|linear|fashion|,|which|be|akin|to|try|to|force|the|brain|to|make|sense|out|of|a|thousand|speed|bullet|whizz|by|.	whizz
en_519	english	This is just one of the many feats of engineering which have made it possible for us to quantify and understand the human gene and how it relates to Nutrition.	engineering	0.2727272727272727	en	False	this|be|just|one|of|the|many|feat|of|engineering|which|have|make|it|possible|for|we|to|quantify|and|understand|the|human|gene|and|how|it|relate|to|nutrition|.	engineering
en_520	english	This is just one of the many feats of engineering which have made it possible for us to quantify and understand the human gene and how it relates to Nutrition.	quantify	0.2954545454545454	en	False	this|be|just|one|of|the|many|feat|of|engineering|which|have|make|it|possible|for|we|to|quantify|and|understand|the|human|gene|and|how|it|relate|to|nutrition|.	quantify
en_521	english	This is just one of the many feats of engineering which have made it possible for us to quantify and understand the human gene and how it relates to Nutrition.	feats	0.3181818181818182	en	False	this|be|just|one|of|the|many|feat|of|engineering|which|have|make|it|possible|for|we|to|quantify|and|understand|the|human|gene|and|how|it|relate|to|nutrition|.	feat
en_522	english	This is particularly useful in cases such as when one attempts to surface modify nanomaterials to increase affinity, reactivity or compatibility.	modify	0.2272727272727272	en	False	this|be|particularly|useful|in|case|such|as|when|one|attempt|to|surface|modify|nanomaterial|to|increase|affinity|,|reactivity|or|compatibility|.	modify
en_523	english	This is particularly useful in cases such as when one attempts to surface modify nanomaterials to increase affinity, reactivity or compatibility.	particularly	0.2272727272727272	en	False	this|be|particularly|useful|in|case|such|as|when|one|attempt|to|surface|modify|nanomaterial|to|increase|affinity|,|reactivity|or|compatibility|.	particularly
en_524	english	This is particularly useful in cases such as when one attempts to surface modify nanomaterials to increase affinity, reactivity or compatibility.	nanomaterials	0.6363636363636364	en	False	this|be|particularly|useful|in|case|such|as|when|one|attempt|to|surface|modify|nanomaterial|to|increase|affinity|,|reactivity|or|compatibility|.	nanomaterial
en_525	english	This problem has agitated theologians and philosophers for centuries, and has never been satisfactorily resolved.	theologians	0.7727272727272727	en	False	this|problem|have|agitate|theologian|and|philosopher|for|century|,|and|have|never|be|satisfactorily|resolve|.	theologian
en_526	english	This problem has agitated theologians and philosophers for centuries, and has never been satisfactorily resolved.	philosophers	0.3863636363636363	en	False	this|problem|have|agitate|theologian|and|philosopher|for|century|,|and|have|never|be|satisfactorily|resolve|.	philosopher
en_527	english	This problem has agitated theologians and philosophers for centuries, and has never been satisfactorily resolved.	satisfactorily	0.3863636363636363	en	False	this|problem|have|agitate|theologian|and|philosopher|for|century|,|and|have|never|be|satisfactorily|resolve|.	satisfactorily
en_528	english	This revolution was fueled by the use of new farming technology such as the seed drill and improved fertilizers.	revolution	0.2	en	False	this|revolution|be|fuel|by|the|use|of|new|farming|technology|such|as|the|seed|drill|and|improve|fertilizer|.	revolution
en_529	english	This revolution was fueled by the use of new farming technology such as the seed drill and improved fertilizers.	farming	0.025	en	False	this|revolution|be|fuel|by|the|use|of|new|farming|technology|such|as|the|seed|drill|and|improve|fertilizer|.	farming
en_530	english	This revolution was fueled by the use of new farming technology such as the seed drill and improved fertilizers.	improved	0.05	en	False	this|revolution|be|fuel|by|the|use|of|new|farming|technology|such|as|the|seed|drill|and|improve|fertilizer|.	improve
en_531	english	This transformation occurs when a live nonpathogenic cell takes up a piece of DNA carry the allele for pathogenicity.	transformation	0.175	en	False	this|transformation|occur|when|a|live|nonpathogenic|cell|take|up|a|piece|of|DNA|carry|the|allele|for|pathogenicity|.	transformation
en_532	english	This transformation occurs when a live nonpathogenic cell takes up a piece of DNA carry the allele for pathogenicity.	nonpathogenic	0.475	en	False	this|transformation|occur|when|a|live|nonpathogenic|cell|take|up|a|piece|of|DNA|carry|the|allele|for|pathogenicity|.	nonpathogenic
en_533	english	This transformation occurs when a live nonpathogenic cell takes up a piece of DNA carry the allele for pathogenicity.	occurs	0.075	en	False	this|transformation|occur|when|a|live|nonpathogenic|cell|take|up|a|piece|of|DNA|carry|the|allele|for|pathogenicity|.	occur
en_534	english	This was a devastating blow to the Japanese and is considered the turning point of the Pacific War.	turning	0.1136363636363636	en	False	this|be|a|devastating|blow|to|the|Japanese|and|be|consider|the|turning|point|of|the|Pacific|War|.	turning
en_535	english	This was a devastating blow to the Japanese and is considered the turning point of the Pacific War.	devastating	0.2954545454545454	en	False	this|be|a|devastating|blow|to|the|Japanese|and|be|consider|the|turning|point|of|the|Pacific|War|.	devastating
en_536	english	This was a devastating blow to the Japanese and is considered the turning point of the Pacific War.	blow	0.2045454545454545	en	False	this|be|a|devastating|blow|to|the|Japanese|and|be|consider|the|turning|point|of|the|Pacific|War|.	blow
en_537	english	Though Harry will become an exception, there is another student, also an orphan and a talented wizard, that Dumbledore also paid closer attention to, though not in the same way as with Harry.	paid	0.1363636363636363	en	False	though|Harry|will|become|a|exception|,|there|be|another|student|,|also|a|orphan|and|a|talented|wizard|,|that|Dumbledore|also|pay|close|attention|to|,|though|not|in|the|same|way|as|with|Harry|.	pay
en_538	english	Though Harry will become an exception, there is another student, also an orphan and a talented wizard, that Dumbledore also paid closer attention to, though not in the same way as with Harry.	talented	0.1590909090909091	en	False	though|Harry|will|become|a|exception|,|there|be|another|student|,|also|a|orphan|and|a|talented|wizard|,|that|Dumbledore|also|pay|close|attention|to|,|though|not|in|the|same|way|as|with|Harry|.	talented
en_539	english	Though Harry will become an exception, there is another student, also an orphan and a talented wizard, that Dumbledore also paid closer attention to, though not in the same way as with Harry.	orphan	0.2727272727272727	en	False	though|Harry|will|become|a|exception|,|there|be|another|student|,|also|a|orphan|and|a|talented|wizard|,|that|Dumbledore|also|pay|close|attention|to|,|though|not|in|the|same|way|as|with|Harry|.	orphan
en_540	english	To alleviate indexing problems, the sizeof() expression is commonly used when coding loops that process arrays.	alleviate	0.275	en	False	to|alleviate|indexing|problem|,|the|sizeof|(|)|expression|be|commonly|use|when|coding|loop|that|process|array|.	alleviate
en_541	english	To alleviate indexing problems, the sizeof() expression is commonly used when coding loops that process arrays.	coding	0.15	en	False	to|alleviate|indexing|problem|,|the|sizeof|(|)|expression|be|commonly|use|when|coding|loop|that|process|array|.	coding
en_542	english	To alleviate indexing problems, the sizeof() expression is commonly used when coding loops that process arrays.	commonly	0.125	en	False	to|alleviate|indexing|problem|,|the|sizeof|(|)|expression|be|commonly|use|when|coding|loop|that|process|array|.	commonly
en_543	english	To completely live this way in an industrial urbanized society is to withdraw to the periphery.	periphery	0.7045454545454546	en	False	to|completely|live|this|way|in|a|industrial|urbanized|society|be|to|withdraw|to|the|periphery|.	periphery
en_544	english	To completely live this way in an industrial urbanized society is to withdraw to the periphery.	urbanized	0.3611111111111111	en	False	to|completely|live|this|way|in|a|industrial|urbanized|society|be|to|withdraw|to|the|periphery|.	urbanized
en_545	english	To completely live this way in an industrial urbanized society is to withdraw to the periphery.	withdraw	0.25	en	False	to|completely|live|this|way|in|a|industrial|urbanized|society|be|to|withdraw|to|the|periphery|.	withdraw
en_546	english	To gain familiarity with mathematical proof and also some basic mathematical concepts, readers may read the wikibook Mathematical Proof.	wikibook	0.275	en	False	to|gain|familiarity|with|mathematical|proof|and|also|some|basic|mathematical|concept|,|reader|may|read|the|wikibook|Mathematical|proof|.	wikibook
en_547	english	To gain familiarity with mathematical proof and also some basic mathematical concepts, readers may read the wikibook Mathematical Proof.	readers	0.1	en	False	to|gain|familiarity|with|mathematical|proof|and|also|some|basic|mathematical|concept|,|reader|may|read|the|wikibook|Mathematical|proof|.	reader
en_548	english	To gain familiarity with mathematical proof and also some basic mathematical concepts, readers may read the wikibook Mathematical Proof.	mathematical	0.1	en	False	to|gain|familiarity|with|mathematical|proof|and|also|some|basic|mathematical|concept|,|reader|may|read|the|wikibook|Mathematical|proof|.	mathematical
en_549	english	Unless there are obvious problems that are unlikely to be rectified, your time would be better spent mentoring new contributors and trying to help clean up new works, even if the work is currently a blatant violation of current procedures.	contributors	0.25	en	False	unless|there|be|obvious|problem|that|be|unlikely|to|be|rectify|,|your|time|would|be|well|spend|mentoring|new|contributor|and|try|to|help|clean|up|new|work|,|even|if|the|work|be|currently|a|blatant|violation|of|current|procedure|.	contributor
en_550	english	Unless there are obvious problems that are unlikely to be rectified, your time would be better spent mentoring new contributors and trying to help clean up new works, even if the work is currently a blatant violation of current procedures.	blatant	0.275	en	False	unless|there|be|obvious|problem|that|be|unlikely|to|be|rectify|,|your|time|would|be|well|spend|mentoring|new|contributor|and|try|to|help|clean|up|new|work|,|even|if|the|work|be|currently|a|blatant|violation|of|current|procedure|.	blatant
en_551	english	Unless there are obvious problems that are unlikely to be rectified, your time would be better spent mentoring new contributors and trying to help clean up new works, even if the work is currently a blatant violation of current procedures.	rectified	0.325	en	False	unless|there|be|obvious|problem|that|be|unlikely|to|be|rectify|,|your|time|would|be|well|spend|mentoring|new|contributor|and|try|to|help|clean|up|new|work|,|even|if|the|work|be|currently|a|blatant|violation|of|current|procedure|.	rectify
en_552	english	Up through the early 19th century, naturalists and scientists observed critical differences between compounds that were derived from living things and those that were not.	critical	0.15	en	False	up|through|the|early|19th|century|,|naturalist|and|scientist|observe|critical|difference|between|compound|that|be|derive|from|living|thing|and|that|that|be|not|.	critical
en_553	english	Up through the early 19th century, naturalists and scientists observed critical differences between compounds that were derived from living things and those that were not.	scientists	0.075	en	False	up|through|the|early|19th|century|,|naturalist|and|scientist|observe|critical|difference|between|compound|that|be|derive|from|living|thing|and|that|that|be|not|.	scientist
en_554	english	Up through the early 19th century, naturalists and scientists observed critical differences between compounds that were derived from living things and those that were not.	observed	0.1	en	False	up|through|the|early|19th|century|,|naturalist|and|scientist|observe|critical|difference|between|compound|that|be|derive|from|living|thing|and|that|that|be|not|.	observe
en_555	english	Uses the same chord shapes as Open E but is easier on a guitar neck as the strings are detuned lessening the tension.	guitar	0.068181818	en	False	Use|the|same|chord|shape|as|Open|E|but|be|easy|on|a|guitar|neck|as|the|string|be|detune|lessen|the|tension|.	guitar
en_556	english	Uses the same chord shapes as Open E but is easier on a guitar neck as the strings are detuned lessening the tension.	chord	0.3409090909090909	en	False	Use|the|same|chord|shape|as|Open|E|but|be|easy|on|a|guitar|neck|as|the|string|be|detune|lessen|the|tension|.	chord
en_557	english	Uses the same chord shapes as Open E but is easier on a guitar neck as the strings are detuned lessening the tension.	lessening	0.2727272727272727	en	False	Use|the|same|chord|shape|as|Open|E|but|be|easy|on|a|guitar|neck|as|the|string|be|detune|lessen|the|tension|.	lessen
en_558	english	Warlords of the many provinces of China constantly feuded, and the central government was weak and decentralized, unable to do anything to stop conflict.	unable	0.05	en	False	warlord|of|the|many|province|of|China|constantly|feud|,|and|the|central|government|be|weak|and|decentralize|,|unable|to|do|anything|to|stop|conflict|.	unable
en_559	english	Warlords of the many provinces of China constantly feuded, and the central government was weak and decentralized, unable to do anything to stop conflict.	central	0.1	en	False	warlord|of|the|many|province|of|China|constantly|feud|,|and|the|central|government|be|weak|and|decentralize|,|unable|to|do|anything|to|stop|conflict|.	central
en_560	english	Warlords of the many provinces of China constantly feuded, and the central government was weak and decentralized, unable to do anything to stop conflict.	constantly	0.1	en	False	warlord|of|the|many|province|of|China|constantly|feud|,|and|the|central|government|be|weak|and|decentralize|,|unable|to|do|anything|to|stop|conflict|.	constantly
en_561	english	Washington became quite concerned, however, that local Communist parties might gain power in France, Italy and Greece in the late 1940s, given the battered state of the postwar European economy and the proximity of the Soviet Union.	postwar	0.2954545454545454	en	False	Washington|become|quite|concerned|,|however|,|that|local|Communist|party|might|gain|power|in|France|,|Italy|and|Greece|in|the|late|1940s|,|give|the|batter|state|of|the|postwar|European|economy|and|the|proximity|of|the|Soviet|Union|.	postwar
en_562	english	Washington became quite concerned, however, that local Communist parties might gain power in France, Italy and Greece in the late 1940s, given the battered state of the postwar European economy and the proximity of the Soviet Union.	proximity	0.3636363636363636	en	False	Washington|become|quite|concerned|,|however|,|that|local|Communist|party|might|gain|power|in|France|,|Italy|and|Greece|in|the|late|1940s|,|give|the|batter|state|of|the|postwar|European|economy|and|the|proximity|of|the|Soviet|Union|.	proximity
en_563	english	Washington became quite concerned, however, that local Communist parties might gain power in France, Italy and Greece in the late 1940s, given the battered state of the postwar European economy and the proximity of the Soviet Union.	gain	0.068181818	en	False	Washington|become|quite|concerned|,|however|,|that|local|Communist|party|might|gain|power|in|France|,|Italy|and|Greece|in|the|late|1940s|,|give|the|batter|state|of|the|postwar|European|economy|and|the|proximity|of|the|Soviet|Union|.	gain
en_564	english	Watch the dog to make sure he does not spit the pill out after eating the treat (if this happens, you will need to force the pill, as described below).	pill	0.1136363636363636	en	False	watch|the|dog|to|make|sure|he|do|not|spit|the|pill|out|after|eat|the|treat|(|if|this|happen|,|you|will|need|to|force|the|pill|,|as|describe|below|)|.	pill
en_565	english	Watch the dog to make sure he does not spit the pill out after eating the treat (if this happens, you will need to force the pill, as described below).	described	0.1136363636363636	en	False	watch|the|dog|to|make|sure|he|do|not|spit|the|pill|out|after|eat|the|treat|(|if|this|happen|,|you|will|need|to|force|the|pill|,|as|describe|below|)|.	describe
en_566	english	Watch the dog to make sure he does not spit the pill out after eating the treat (if this happens, you will need to force the pill, as described below).	spit	0.090909091	en	False	watch|the|dog|to|make|sure|he|do|not|spit|the|pill|out|after|eat|the|treat|(|if|this|happen|,|you|will|need|to|force|the|pill|,|as|describe|below|)|.	spit
en_567	english	We already discussed some of these, yet knowing about sets adds a new definition for each of the following ideas.	adds	0.075	en	False	we|already|discuss|some|of|this|,|yet|know|about|set|add|a|new|definition|for|each|of|the|follow|idea|.	add
en_568	english	We already discussed some of these, yet knowing about sets adds a new definition for each of the following ideas.	knowing	0.05	en	False	we|already|discuss|some|of|this|,|yet|know|about|set|add|a|new|definition|for|each|of|the|follow|idea|.	know
en_569	english	We already discussed some of these, yet knowing about sets adds a new definition for each of the following ideas.	definition	0.05	en	False	we|already|discuss|some|of|this|,|yet|know|about|set|add|a|new|definition|for|each|of|the|follow|idea|.	definition
en_570	english	We recommend this License principally for works whose purpose is instruction or reference.	whose	0.1	en	False	we|recommend|this|license|principally|for|work|whose|purpose|be|instruction|or|reference|.	whose
en_571	english	We recommend this License principally for works whose purpose is instruction or reference.	principally	0.25	en	False	we|recommend|this|license|principally|for|work|whose|purpose|be|instruction|or|reference|.	principally
en_572	english	We recommend this License principally for works whose purpose is instruction or reference.	instruction	0.1	en	False	we|recommend|this|license|principally|for|work|whose|purpose|be|instruction|or|reference|.	instruction
en_573	english	We will start by explaining how lucid dreaming works biologically.	explaining	0.05	en	False	we|will|start|by|explain|how|lucid|dreaming|work|biologically|.	explain
en_574	english	We will start by explaining how lucid dreaming works biologically.	dreaming	0.05	en	False	we|will|start|by|explain|how|lucid|dreaming|work|biologically|.	dream
en_575	english	We will start by explaining how lucid dreaming works biologically.	lucid	0.325	en	False	we|will|start|by|explain|how|lucid|dreaming|work|biologically|.	lucid
en_576	english	Weight loss requires your calorie intake to be lower than your calorie output, though neither should be done in the extreme.	extreme	0.1	en	False	weight|loss|require|your|calorie|intake|to|be|low|than|your|calorie|output|,|though|neither|should|be|do|in|the|extreme|.	extreme
en_577	english	Weight loss requires your calorie intake to be lower than your calorie output, though neither should be done in the extreme.	intake	0.1	en	False	weight|loss|require|your|calorie|intake|to|be|low|than|your|calorie|output|,|though|neither|should|be|do|in|the|extreme|.	intake
en_578	english	Weight loss requires your calorie intake to be lower than your calorie output, though neither should be done in the extreme.	neither	0.05	en	False	weight|loss|require|your|calorie|intake|to|be|low|than|your|calorie|output|,|though|neither|should|be|do|in|the|extreme|.	neither
en_579	english	When I arrive to my destination, with the shaded patio still in view, I unfold the towels and lay comfortably on the reclining chair.	patio	0.2954545454545454	en	False	when|I|arrive|to|my|destination|,|with|the|shade|patio|still|in|view|,|I|unfold|the|towel|and|lay|comfortably|on|the|recline|chair|.	patio
en_580	english	When I arrive to my destination, with the shaded patio still in view, I unfold the towels and lay comfortably on the reclining chair.	shaded	0.1363636363636363	en	False	when|I|arrive|to|my|destination|,|with|the|shade|patio|still|in|view|,|I|unfold|the|towel|and|lay|comfortably|on|the|recline|chair|.	shade
en_581	english	When I arrive to my destination, with the shaded patio still in view, I unfold the towels and lay comfortably on the reclining chair.	unfold	0.2272727272727272	en	False	when|I|arrive|to|my|destination|,|with|the|shade|patio|still|in|view|,|I|unfold|the|towel|and|lay|comfortably|on|the|recline|chair|.	unfold
en_582	english	When a text fails to support this rule, it requires even a diligent student to needlessly repeat material.	fails	0.1	en	False	when|a|text|fail|to|support|this|rule|,|it|require|even|a|diligent|student|to|needlessly|repeat|material|.	fail
en_583	english	When a text fails to support this rule, it requires even a diligent student to needlessly repeat material.	diligent	0.25	en	False	when|a|text|fail|to|support|this|rule|,|it|require|even|a|diligent|student|to|needlessly|repeat|material|.	diligent
en_584	english	When a text fails to support this rule, it requires even a diligent student to needlessly repeat material.	needlessly	0.2	en	False	when|a|text|fail|to|support|this|rule|,|it|require|even|a|diligent|student|to|needlessly|repeat|material|.	needlessly
en_585	english	Yet the fact that scurvy is caused by lack of vitamin c was only discovered in 1932.	caused	0.075	en	False	yet|the|fact|that|scurvy|be|cause|by|lack|of|vitamin|c|be|only|discover|in|1932|.	cause
en_586	english	Yet the fact that scurvy is caused by lack of vitamin c was only discovered in 1932.	vitamin	0.075	en	False	yet|the|fact|that|scurvy|be|cause|by|lack|of|vitamin|c|be|only|discover|in|1932|.	vitamin
en_587	english	Yet the fact that scurvy is caused by lack of vitamin c was only discovered in 1932.	scurvy	0.425	en	False	yet|the|fact|that|scurvy|be|cause|by|lack|of|vitamin|c|be|only|discover|in|1932|.	scurvy
en_588	english	You devise more experiments to test your hypotheses, utilizing a flashlight to prove that you are indeed not blind.	utilizing	0.2045454545454545	en	False	you|devise|more|experiment|to|test|your|hypothese|,|utilize|a|flashlight|to|prove|that|you|be|indeed|not|blind|.	utilize
en_589	english	You devise more experiments to test your hypotheses, utilizing a flashlight to prove that you are indeed not blind.	devise	0.3636363636363636	en	False	you|devise|more|experiment|to|test|your|hypothese|,|utilize|a|flashlight|to|prove|that|you|be|indeed|not|blind|.	devise
en_590	english	You devise more experiments to test your hypotheses, utilizing a flashlight to prove that you are indeed not blind.	flashlight	0.2272727272727272	en	False	you|devise|more|experiment|to|test|your|hypothese|,|utilize|a|flashlight|to|prove|that|you|be|indeed|not|blind|.	flashlight
en_591	english	You may extract a single document from such a collection, and distribute it individually under this License, provided you insert a copy of this License into the extracted document, and follow this License in all other respects regarding verbatim copying of that document.	extracted	0.175	en	False	you|may|extract|a|single|document|from|such|a|collection|,|and|distribute|it|individually|under|this|license|,|provide|you|insert|a|copy|of|this|license|into|the|extract|document|,|and|follow|this|license|in|all|other|respects|regard|verbatim|copying|of|that|document|.	extract
en_592	english	You may extract a single document from such a collection, and distribute it individually under this License, provided you insert a copy of this License into the extracted document, and follow this License in all other respects regarding verbatim copying of that document.	copy	0.05	en	False	you|may|extract|a|single|document|from|such|a|collection|,|and|distribute|it|individually|under|this|license|,|provide|you|insert|a|copy|of|this|license|into|the|extract|document|,|and|follow|this|license|in|all|other|respects|regard|verbatim|copying|of|that|document|.	copy
en_593	english	You may extract a single document from such a collection, and distribute it individually under this License, provided you insert a copy of this License into the extracted document, and follow this License in all other respects regarding verbatim copying of that document.	insert	0.075	en	False	you|may|extract|a|single|document|from|such|a|collection|,|and|distribute|it|individually|under|this|license|,|provide|you|insert|a|copy|of|this|license|into|the|extract|document|,|and|follow|this|license|in|all|other|respects|regard|verbatim|copying|of|that|document|.	insert
en_594	english	Your legal agreements should go through many iterations in the drafting process, with each iteration simplifying the terms, and improving its readability and usability.	improving	0.068181818	en	False	your|legal|agreement|should|go|through|many|iteration|in|the|draft|process|,|with|each|iteration|simplify|the|term|,|and|improve|its|readability|and|usability|.	improve
en_595	english	Your legal agreements should go through many iterations in the drafting process, with each iteration simplifying the terms, and improving its readability and usability.	legal	0.1363636363636363	en	False	your|legal|agreement|should|go|through|many|iteration|in|the|draft|process|,|with|each|iteration|simplify|the|term|,|and|improve|its|readability|and|usability|.	legal
en_596	english	Your legal agreements should go through many iterations in the drafting process, with each iteration simplifying the terms, and improving its readability and usability.	drafting	0.1590909090909091	en	False	your|legal|agreement|should|go|through|many|iteration|in|the|draft|process|,|with|each|iteration|simplify|the|term|,|and|improve|its|readability|and|usability|.	draft
en_597	english	because the specific conjugation of a verb usually indicates which person is the subject.	verb	0.075	en	False	because|the|specific|conjugation|of|a|verb|usually|indicate|which|person|be|the|subject|.	verb
en_598	english	because the specific conjugation of a verb usually indicates which person is the subject.	conjugation	0.4	en	False	because|the|specific|conjugation|of|a|verb|usually|indicate|which|person|be|the|subject|.	conjugation
en_599	english	because the specific conjugation of a verb usually indicates which person is the subject.	indicates	0.175	en	False	because|the|specific|conjugation|of|a|verb|usually|indicate|which|person|be|the|subject|.	indicate
en_600	english	After Ron nearly dies drinking poisoned mead that was apparently intended for Professor Dumbledore, Hermione becomes so distraught that they end their feud for good.	feud	0.5	en	False	after|Ron|nearly|die|drink|poison|mead|that|be|apparently|intend|for|Professor|Dumbledore|,|Hermione|become|so|distraught|that|they|end|their|feud|for|good|.	feud
es_1	spanish	Notifique a su Banco o institución financiera la pérdida o robo de sus tarjetas, chequeras o si sospecha que alguien está utilizando sus cuentas sin su permiso.	notifique	0.45	es	True	notifique|a|su|Banco|o|institución|financiero|el|pérdida|o|robo|de|su|tarjeta|,|chequera|o|si|sospechar|que|alguien|estar|utilizar|su|cuenta|sin|su|permiso|.	notificar
es_2	spanish	Una falta de liquidez ocasiona problemas que pueden amenazar la permanencia del negocio en el mercado; problemas como: detención de pago de sueldos, falta de inventario, restricción de crédito de proveedores, falta de capital de trabajo, entre otros.	sueldos 	0.225	es	True	uno|falta|de|liquidez|ocasionar|problema|que|poder|amenazar|el|permanencia|de|el|negocio|en|el|mercado|;|problema|como|:|detención|de|pago|de|sueldo|,|falta|de|inventario|,|restricción|de|crédito|de|proveedor|,|falta|de|capital|de|trabajo|,|entre|otro|.	sueldo
es_3	spanish	Una falta de liquidez ocasiona problemas que pueden amenazar la permanencia del negocio en el mercado; problemas como: detención de pago de sueldos, falta de inventario, restricción de crédito de proveedores, falta de capital de trabajo, entre otros.	amenazar 	0.575	es	True	uno|falta|de|liquidez|ocasionar|problema|que|poder|amenazar|el|permanencia|de|el|negocio|en|el|mercado|;|problema|como|:|detención|de|pago|de|sueldo|,|falta|de|inventario|,|restricción|de|crédito|de|proveedor|,|falta|de|capital|de|trabajo|,|entre|otro|.	amenazar
es_4	spanish	Una falta de liquidez ocasiona problemas que pueden amenazar la permanencia del negocio en el mercado; problemas como: detención de pago de sueldos, falta de inventario, restricción de crédito de proveedores, falta de capital de trabajo, entre otros.	ocasiona 	0.575	es	True	uno|falta|de|liquidez|ocasionar|problema|que|poder|amenazar|el|permanencia|de|el|negocio|en|el|mercado|;|problema|como|:|detención|de|pago|de|sueldo|,|falta|de|inventario|,|restricción|de|crédito|de|proveedor|,|falta|de|capital|de|trabajo|,|entre|otro|.	ocasionar
es_5	spanish	Cuando se visita a los norteamericanos y se estudian sus leyes, se ve que la autoridad que han dado a los legistas y la influencia que les han dejado tener en el gobierno, forman hoy la más poderosa barrera contra los desvíos de la democracia.	norteamericanos 	0.15	es	True	cuando|él|visitar|a|el|norteamericano|y|él|estudiar|su|ley|,|él|ver|que|el|autoridad|que|haber|dar|a|el|legista|y|el|influencia|que|él|haber|dejar|tener|en|el|gobierno|,|formar|hoy|el|más|poderoso|barrera|contra|el|desvío|de|el|democracia|.	norteamericano
es_6	spanish	Cuando se visita a los norteamericanos y se estudian sus leyes, se ve que la autoridad que han dado a los legistas y la influencia que les han dejado tener en el gobierno, forman hoy la más poderosa barrera contra los desvíos de la democracia.	desvíos 	0.725	es	True	cuando|él|visitar|a|el|norteamericano|y|él|estudiar|su|ley|,|él|ver|que|el|autoridad|que|haber|dar|a|el|legista|y|el|influencia|que|él|haber|dejar|tener|en|el|gobierno|,|formar|hoy|el|más|poderoso|barrera|contra|el|desvío|de|el|democracia|.	desvío
es_7	spanish	Cuando se visita a los norteamericanos y se estudian sus leyes, se ve que la autoridad que han dado a los legistas y la influencia que les han dejado tener en el gobierno, forman hoy la más poderosa barrera contra los desvíos de la democracia.	legistas 	0.875	es	True	cuando|él|visitar|a|el|norteamericano|y|él|estudiar|su|ley|,|él|ver|que|el|autoridad|que|haber|dar|a|el|legista|y|el|influencia|que|él|haber|dejar|tener|en|el|gobierno|,|formar|hoy|el|más|poderoso|barrera|contra|el|desvío|de|el|democracia|.	legista
es_8	spanish	Dicha prosperidad o seguridad está estrechamente vinculada al trabajo, porque no existe aquélla sin el trabajo intenso, para el cual realmente no hay sustituto.	sustituto 	0.45	es	True	dicho|prosperidad|o|seguridad|estar|estrechamente|vinculado|a|el|trabajo|,|porque|no|existir|aquéllo|sin|el|trabajo|intenso|,|para|el|cual|realmente|no|haber|sustituto|.	sustituto
es_9	spanish	Dicha prosperidad o seguridad está estrechamente vinculada al trabajo, porque no existe aquélla sin el trabajo intenso, para el cual realmente no hay sustituto.	vinculada 	0.5	es	True	dicho|prosperidad|o|seguridad|estar|estrechamente|vinculado|a|el|trabajo|,|porque|no|existir|aquéllo|sin|el|trabajo|intenso|,|para|el|cual|realmente|no|haber|sustituto|.	vinculado
es_10	spanish	Dicha prosperidad o seguridad está estrechamente vinculada al trabajo, porque no existe aquélla sin el trabajo intenso, para el cual realmente no hay sustituto.	dicha 	0.675	es	True	dicho|prosperidad|o|seguridad|estar|estrechamente|vinculado|a|el|trabajo|,|porque|no|existir|aquéllo|sin|el|trabajo|intenso|,|para|el|cual|realmente|no|haber|sustituto|.	dicho
es_11	spanish	El único estado que no exige el seguro de responsabilidad exige a los automovilistas que demuestren que tienen fondos suficientes para cubrir los gastos si tienen la culpa en el incidente.	fondos 	0.25	es	True	el|único|estado|que|no|exigir|el|seguro|de|responsabilidad|exigir|a|el|automovilista|que|demostrar|que|tener|fondo|suficiente|para|cubrir|el|gasto|si|tener|el|culpa|en|el|incidente|.	fondo
es_12	spanish	El único estado que no exige el seguro de responsabilidad exige a los automovilistas que demuestren que tienen fondos suficientes para cubrir los gastos si tienen la culpa en el incidente.	exige 	0.25	es	True	el|único|estado|que|no|exigir|el|seguro|de|responsabilidad|exigir|a|el|automovilista|que|demostrar|que|tener|fondo|suficiente|para|cubrir|el|gasto|si|tener|el|culpa|en|el|incidente|.	exigir
es_13	spanish	El único estado que no exige el seguro de responsabilidad exige a los automovilistas que demuestren que tienen fondos suficientes para cubrir los gastos si tienen la culpa en el incidente.	demuestren 	0.35	es	True	el|único|estado|que|no|exigir|el|seguro|de|responsabilidad|exigir|a|el|automovilista|que|demostrar|que|tener|fondo|suficiente|para|cubrir|el|gasto|si|tener|el|culpa|en|el|incidente|.	demostrar
es_14	spanish	Las comunidades dependen de la producción de bienes y servicios producidos para mover la economía lo más equilibradamente posible.	producidos 	0.15	es	True	el|comunidad|depender|de|el|producción|de|bien|y|servicio|producido|para|mover|el|economía|él|más|equilibradamente|posible|.	producido
es_15	spanish	Las comunidades dependen de la producción de bienes y servicios producidos para mover la economía lo más equilibradamente posible.	comunidades 	0.175	es	True	el|comunidad|depender|de|el|producción|de|bien|y|servicio|producido|para|mover|el|economía|él|más|equilibradamente|posible|.	comunidad
es_16	spanish	Las comunidades dependen de la producción de bienes y servicios producidos para mover la economía lo más equilibradamente posible.	equilibradamente 	0.325	es	True	el|comunidad|depender|de|el|producción|de|bien|y|servicio|producido|para|mover|el|economía|él|más|equilibradamente|posible|.	equilibradamente
es_17	spanish	Los documentos debe archivarlos en fólderes o carpetas separados, identificando cada carpeta y organizándola en orden alfabético o por asuntos, en un archivador o caja de seguridad.	carpeta 	0.1	es	True	el|documento|deber|archivar|él|en|fólder|o|carpeta|separado|,|identificar|cada|carpeta|y|organizar|él|en|orden|alfabético|o|por|asunto|,|en|uno|archivador|o|caja|de|seguridad|.	carpeta
es_18	spanish	Los documentos debe archivarlos en fólderes o carpetas separados, identificando cada carpeta y organizándola en orden alfabético o por asuntos, en un archivador o caja de seguridad.	archivarlo 	0.55	es	True	el|documento|deber|archivar|él|en|fólder|o|carpeta|separado|,|identificar|cada|carpeta|y|organizar|él|en|orden|alfabético|o|por|asunto|,|en|uno|archivador|o|caja|de|seguridad|.	archivar|él
es_19	spanish	Los documentos debe archivarlos en fólderes o carpetas separados, identificando cada carpeta y organizándola en orden alfabético o por asuntos, en un archivador o caja de seguridad.	archivador 	0.65	es	True	el|documento|deber|archivar|él|en|fólder|o|carpeta|separado|,|identificar|cada|carpeta|y|organizar|él|en|orden|alfabético|o|por|asunto|,|en|uno|archivador|o|caja|de|seguridad|.	archivador
es_20	spanish	Los seguros son una modalidad de gestión financiera que le ayudará a las personas a prevenir descalabros en sus ingresos y en su seguridad personal que en un momento dado son inevitables y que a cualquier persona pueden ocurrirle.	prevenir 	0.375	es	True	el|seguro|ser|uno|modalidad|de|gestión|financiero|que|él|ayudar|a|el|persona|a|prevenir|descalabro|en|su|ingreso|y|en|su|seguridad|personal|que|en|uno|momento|dado|ser|inevitable|y|que|a|cualquiera|persona|poder|ocurrir|él|.	prevenir
es_21	spanish	Los seguros son una modalidad de gestión financiera que le ayudará a las personas a prevenir descalabros en sus ingresos y en su seguridad personal que en un momento dado son inevitables y que a cualquier persona pueden ocurrirle.	modalidad 	0.6	es	True	el|seguro|ser|uno|modalidad|de|gestión|financiero|que|él|ayudar|a|el|persona|a|prevenir|descalabro|en|su|ingreso|y|en|su|seguridad|personal|que|en|uno|momento|dado|ser|inevitable|y|que|a|cualquiera|persona|poder|ocurrir|él|.	modalidad
es_22	spanish	Los seguros son una modalidad de gestión financiera que le ayudará a las personas a prevenir descalabros en sus ingresos y en su seguridad personal que en un momento dado son inevitables y que a cualquier persona pueden ocurrirle.	descalabros 	0.725	es	True	el|seguro|ser|uno|modalidad|de|gestión|financiero|que|él|ayudar|a|el|persona|a|prevenir|descalabro|en|su|ingreso|y|en|su|seguridad|personal|que|en|uno|momento|dado|ser|inevitable|y|que|a|cualquiera|persona|poder|ocurrir|él|.	descalabro
es_23	spanish	Notifique a su Banco o institución financiera la pérdida o robo de sus tarjetas, chequeras o si sospecha que alguien está utilizando sus cuentas sin su permiso.	utilizando 	0.075	es	True	notifique|a|su|Banco|o|institución|financiero|el|pérdida|o|robo|de|su|tarjeta|,|chequera|o|si|sospechar|que|alguien|estar|utilizar|su|cuenta|sin|su|permiso|.	utilizar
es_24	spanish	Notifique a su Banco o institución financiera la pérdida o robo de sus tarjetas, chequeras o si sospecha que alguien está utilizando sus cuentas sin su permiso.	chequeras 	0.7	es	True	notifique|a|su|Banco|o|institución|financiero|el|pérdida|o|robo|de|su|tarjeta|,|chequera|o|si|sospechar|que|alguien|estar|utilizar|su|cuenta|sin|su|permiso|.	chequera
es_25	spanish	Pueden estar colmados de desbarajustes y el bienestar de la familia puede estar en una terrible situación, pero ellos ya se acostumbraron a ella.	acostumbraron 	0.2	es	True	poder|estar|colmado|de|desbarajuste|y|el|bienestar|de|el|familia|poder|estar|en|uno|terrible|situación|,|pero|él|ya|él|acostumbrar|a|él|.	acostumbrar
es_26	spanish	Pueden estar colmados de desbarajustes y el bienestar de la familia puede estar en una terrible situación, pero ellos ya se acostumbraron a ella.	colmados 	0.675	es	True	poder|estar|colmado|de|desbarajuste|y|el|bienestar|de|el|familia|poder|estar|en|uno|terrible|situación|,|pero|él|ya|él|acostumbrar|a|él|.	colmado
es_27	spanish	Pueden estar colmados de desbarajustes y el bienestar de la familia puede estar en una terrible situación, pero ellos ya se acostumbraron a ella.	desbarajustes 	0.8	es	True	poder|estar|colmado|de|desbarajuste|y|el|bienestar|de|el|familia|poder|estar|en|uno|terrible|situación|,|pero|él|ya|él|acostumbrar|a|él|.	desbarajuste
es_28	spanish	Y le va a presentar algunos retos personales pero no es ese escenario lúgubre que tal vez esperaría.	esperaría 	0.2	es	True	y|él|ir|a|presentar|alguno|reto|personal|pero|no|ser|ese|escenario|lúgubre|que|tal|vez|esperar|.	esperar
es_29	spanish	Y le va a presentar algunos retos personales pero no es ese escenario lúgubre que tal vez esperaría.	retos 	0.45	es	True	y|él|ir|a|presentar|alguno|reto|personal|pero|no|ser|ese|escenario|lúgubre|que|tal|vez|esperar|.	reto
es_30	spanish	Y le va a presentar algunos retos personales pero no es ese escenario lúgubre que tal vez esperaría.	lúgubre 	0.675	es	True	y|él|ir|a|presentar|alguno|reto|personal|pero|no|ser|ese|escenario|lúgubre|que|tal|vez|esperar|.	lúgubre
es_31_[4]	spanish	No obstante, sería imprudente ejecutar un proyecto únicamente con el resultado de un análisis de rentabilidad; puesto que, para realizar el flujo de caja proyectado se realizaron varios supuestos que no necesariamente tienen que cumplirse.	necesariamente	0.225	es	False	no|obstante|,|ser|imprudente|ejecutar|uno|proyecto|únicamente|con|el|resultado|de|uno|análisis|de|rentabilidad|;|puesto|que|,|para|realizar|el|flujo|de|caja|proyectado|él|realizar|varios|supuesto|que|no|necesariamente|tener|que|cumplir|él|.	necesariamente
es_32_[2]	spanish	La quiebra del capítulo 13 permanece en tus antecedentes crediticios por al menos siete años.	antecedentes	0.375	es	False	el|quiebra|de|el|capítulo|13|permanecer|en|tu|antecedente|crediticio|por|a|el|menos|siete|año|.	antecedente
es_33_[1]	spanish	Esta modalidad de cheques posfechados no es avalada por la legislación de algunos países que considera que el cheque se convierte en un instrumento de crédito.	legislación	0.65	es	False	este|modalidad|de|cheque|posfechado|no|ser|avalar|por|el|legislación|de|alguno|país|que|considerar|que|el|cheque|él|convertir|en|uno|instrumento|de|crédito|.	legislación
es_34_[1]	spanish	Para realizar el presupuesto, digamos finalmente, que los autores que se han dedicado a este asunto y al de las finanzas personales y familiares, han propuesto diferentes modelos, alguno o algunos de los cuales presentaremos en el capítulo antes aludido.	aludido	0.55	es	False	para|realizar|el|presupuesto|,|decir|finalmente|,|que|el|autor|que|él|haber|dedicar|a|este|asunto|y|a|el|de|el|finanzas|personal|y|familiar|,|haber|proponer|diferente|modelo|,|alguno|o|alguno|de|el|cual|presentar|en|el|capítulo|antes|aludido|.	aludido
es_35_[1]	spanish	De todas maneras, señala el Diccionario aludido, computable o medible en dinero.	computable	0.675	es	False	de|todo|manera|,|señalar|el|Diccionario|aludido|,|computable|o|medible|en|dinero|.	computable
es_36_[1]	spanish	El proceso está orientado para que se eduque de un modo gradual y constante en las habilidades y conocimientos requeridos para los negocios, finanzas e inversiones.	requeridos	0.15	es	False	el|proceso|estar|orientar|para|que|él|educar|de|uno|modo|gradual|y|constante|en|el|habilidad|y|conocimiento|requerido|para|el|negocio|,|finanzas|e|inversión|.	requerido
es_37_[2]	spanish	Existen ocho áreas fundamentales que debes tener en cuenta cuando planeas mantenerte tú mismo cuando te jubiles:	fundamentales	0.3	es	False	existir|ocho|área|fundamental|que|deber|tener|en|cuenta|cuando|planear|mantener|tú|tú|mismo|cuando|tú|jubil|:	fundamental
es_38_[1]	spanish	El caso más frecuente es el de la ansiedad, zozobra y desesperación por mantener y obtener cada vez ingresos más altos, lo cual creo se comprende como una resultante impuesta por la sociedad de consumo que nos rige.	resultante	0.4	es	False	el|caso|más|frecuente|ser|el|de|el|ansiedad|,|zozobra|y|desesperación|por|mantener|y|obtener|cada|vez|ingreso|más|alto|,|él|cual|creer|él|comprender|como|uno|resultante|impuesto|por|el|sociedad|de|consumo|que|yo|regir|.	resultante
es_39_[4]	spanish	Un problema de solvencia implica que la compañía no está generando rentabilidad para los accionistas y si este problema persiste, no tendría sentido seguir operando.	rentabilidad	0.425	es	False	uno|problema|de|solvencia|implicar|que|el|compañía|no|estar|generar|rentabilidad|para|el|accionista|y|si|este|problema|persistir|,|no|tener|sentido|seguir|operar|.	rentabilidad
es_40_[1]	spanish	El crédito personal es, igualmente, una facilidad crediticia en la cual la garantía del mismo es la promesa de pago incondicional de un deudor que goza de muy buena reputación y solvencia económica, moral y crediticia (Garantía fiduciaria).	igualmente	0.225	es	False	el|crédito|personal|ser|,|igualmente|,|uno|facilidad|crediticia|en|el|cual|el|garantía|de|el|mismo|ser|el|promesa|de|pago|incondicional|de|uno|deudor|que|gozar|de|mucho|buen|reputación|y|solvencia|económico|,|moral|y|crediticia|(|Garantía|fiduciario|)|.	igualmente
es_41_[1]	spanish	Si detecta algún dispositivo inusual o anormal en el equipo, añadidos, reparaciones mal hechas, no realice transacciones y notifique a la entidad financiera a la mayor brevedad posible.	inusual	0.225	es	False	si|detectar|alguno|dispositivo|inusual|o|anormal|en|el|equipo|,|añadido|,|reparación|mal|hecho|,|no|realizar|transacción|y|notificar|a|el|entidad|financiero|a|el|mayor|brevedad|posible|.	inusual
es_42_[1]	spanish	El ingreso de una persona, de una familia o de una empresa, e incluso del Estado, es la cantidad de dinero que ésta recibe por realizar una actividad determinada remunerable (negocio, trabajo, venta de productos, etc.	remunerable	0.575	es	False	el|ingreso|de|uno|persona|,|de|uno|familia|o|de|uno|empresa|,|e|incluso|de|el|Estado|,|ser|el|cantidad|de|dinero|que|este|recibir|por|realizar|uno|actividad|determinado|remunerable|(|negocio|,|trabajo|,|venta|de|producto|,|etcétera|.	remunerable
es_43_[1]	spanish	En esta lista se deben incluir la casa, los alquileres, los servicios, alimentación, vestuario y otros gastos obvios.	obvios	0.175	es	False	en|este|lista|él|deber|incluir|el|casa|,|el|alquiler|,|el|servicio|,|alimentación|,|vestuario|y|otro|gasto|obvio|.	obvio
es_44_[1]	spanish	Se otorga sobre vehículos del año, 0 kilómetros, nuevos, de agencias reconocidas.	vehículos	0.15	es	False	él|otorgar|sobre|vehículo|de|el|año|,|0|kilómetro|,|nuevo|,|de|agencia|reconocido|.	vehículo
es_45_[2]	spanish	Posiblemente sea mejor cambiar el auto por otro más barato o usar un medio de transporte alternativo, en vez de dejar que el acreedor recupere el auto, lo que dañaría tus antecedentes crediticios.	acreedor	0.725	es	False	posiblemente|ser|mejor|cambiar|el|auto|por|otro|más|barato|o|usar|uno|medio|de|transporte|alternativo|,|en|vez|de|dejar|que|el|acreedor|recuperar|el|auto|,|él|que|dañar|tu|antecedente|crediticio|.	acreedor
es_46_[1]	spanish	Los pagos electrónicos son aquellas transacciones en que se utilizan canales electrónicos para realizar pagos monetarios sin el empleo de efectivo como medio de pago.	utilizan	0.125	es	False	el|pago|electrónico|ser|aquel|transacción|en|que|él|utilizar|canal|electrónico|para|realizar|pago|monetario|sin|el|empleo|de|efectivo|como|medio|de|pago|.	utilizar
es_47_[1]	spanish	Los intereses corresponden a pagos que se realizan por la utilización de dinero por un cierto plazo.	utilización	0.275	es	False	el|interés|corresponder|a|pago|que|él|realizar|por|el|utilización|de|dinero|por|uno|cierto|plazo|.	utilización
es_48_[3]	spanish	Los principales delitos de este tipo son el tráfico de influencias, el fraude, el lavado de dinero, el cohecho, la quiebra fraudulenta y la estafa.	fraudulenta	0.525	es	False	el|principal|delito|de|este|tipo|ser|el|tráfico|de|influencia|,|el|fraude|,|el|lavado|de|dinero|,|el|cohecho|,|el|quiebra|fraudulento|y|el|estafa|.	fraudulento
es_49_[1]	spanish	Éste, está probado, no se tiene con el simple ahorro, o al menos con éste aquél es lento y no con la celeridad que quizás se desea, al fin y al cabo la vida es bastante corta y llena de permanentes riesgos y contingencias que es necesario enfrentar permanentemente.	celeridad	0.775	es	False	este|,|estar|probado|,|no|él|tener|con|el|simple|ahorro|,|o|a|el|menos|con|este|aquél|ser|lento|y|no|con|el|celeridad|que|quizás|él|desear|,|a|el|fin|y|a|el|cabo|el|vida|ser|bastante|corto|y|lleno|de|permanente|riesgo|y|contingencia|que|ser|necesario|enfrentar|permanentemente|.	celeridad
es_50_[1]	spanish	No va a saber exactamente lo que cuesta cada uno de sus gastos mensuales (por ejemplo, los servicios), pero debe ser un estimativo bastante realista.	estimativo	0.4	es	False	no|ir|a|saber|exactamente|él|que|costar|cada|uno|de|su|gasto|mensual|(|por|ejemplo|,|el|servicio|)|,|pero|deber|ser|uno|estimativo|bastante|realista|.	estimativo
es_51_[3]	spanish	Este impuesto siempre está incorporado en el precio de las boletas de compras y ventas.	incorporado	0.2	es	False	este|impuesto|siempre|estar|incorporado|en|el|precio|de|el|boleta|de|compra|y|venta|.	incorporado
es_52_[1]	spanish	Control centralizado de cuentas: verificar el detalle de todas las cuentas (tanto corrientes como de ahorro) en una sola pantalla.	verificar	0.275	es	False	control|centralizado|de|cuenta|:|verificar|el|detalle|de|todo|el|cuenta|(|tanto|corriente|como|de|ahorro|)|en|uno|solo|pantalla|.	verificar
es_53_[2]	spanish	Un ejemplo sería ahorrar al menos $5 000 cada año para invertir para la jubilación.	jubilación	0.35	es	False	uno|ejemplo|ser|ahorrar|a|el|menos|$5|000|cada|año|para|invertir|para|el|jubilación|.	jubilación
es_54_[1]	spanish	Los bancos usan varios métodos para calcular los intereses y le toca a usted aprender cómo su banco computa estos cargos:	computa	0.675	es	False	el|banco|usar|varios|método|para|calcular|el|interés|y|él|tocar|a|tú|aprender|cómo|su|banco|computar|este|cargo|:	computar
es_55_[3]	spanish	Por ejemplo, cuando se invierte en una casa y se habita disfrutando de esta y además se puede obtener rentabilidad financiera en caso de venta o arriendo.	además	0.15	es	False	por|ejemplo|,|cuando|él|invertir|en|uno|casa|y|él|habitar|disfrutar|de|este|y|además|él|poder|obtener|rentabilidad|financiero|en|caso|de|venta|o|arrir|.	además
es_56_[4]	spanish	Las cifras también muestran un incremento en la capitalización de la compañía a través del aumento de acciones, superávit de capital y utilidades retenidas.	cifras	0.325	es	False	el|cifra|también|mostrar|uno|incremento|en|el|capitalización|de|el|compañía|a|través|de|el|aumento|de|acción|,|superávit|de|capital|y|utilidad|retenido|.	cifra
es_57_[4]	spanish	Por cada $100 de ingresos, la empresa gana $3.80 de utilidad neta.	utilidad	0.625	es	False	por|cada|$100|de|ingreso|,|el|empresa|ganar|$3.80|de|utilidad|neta|.	utilidad
es_58_[1]	spanish	La jerarquía de necesidades de Maslow (pirámide de Maslow) consta de 5 niveles: Los cuatro primeros niveles pueden ser agrupados como necesidades del déficit (Deficit needs); el nivel superior se le denomina como una necesidad del ser (being needs).	denomina	0.3	es	False	el|jerarquía|de|necesidad|de|maslow|(|pirámide|de|maslow|)|constar|de|5|nivel|:|el|cuatro|primero|nivel|poder|ser|agrupar|como|necesidad|de|el|déficit|(|deficit|needs|)|;|el|nivel|superior|él|él|denominar|como|uno|necesidad|de|el|ser|(|being|needs|)|.	denominar
es_59_[1]	spanish	Sobre el particular, dicen que las personas dentro de una multitud son arrastradas a hacer cosas que solas no lo harían y, citan lo siguiente:	citan	0.3	es	False	sobre|el|particular|,|decir|que|el|persona|dentro|de|uno|multitud|ser|arrastrar|a|hacer|cosa|que|solo|no|él|hacer|y|,|citar|él|siguiente|:	citar
es_60_[1]	spanish	El crédito de los ciudadanos en las cosas más nimias no debe ser esclavizado y dependiente de una multitud de oficiales subalternos de las rentas.	nimias	0.925	es	False	el|crédito|de|el|ciudadano|en|el|cosa|más|nimio|no|deber|ser|esclavizar|y|dependiente|de|uno|multitud|de|oficial|subalterno|de|el|renta|.	nimia
es_61_[1]	spanish	Los que ahorran piden que se les pague un precio por postergar su consumo, y los que demandan el dinero ahorrado (piden un crédito) para hacer una inversión están dispuestos a pagar un precio por ese dinero con tal de no perder la oportunidad de invertir y sacar un mayor resultado.	postergar	0.35	es	False	el|que|ahorrar|pedir|que|él|él|pagar|uno|precio|por|postergar|su|consumo|,|y|el|que|demandar|el|dinero|ahorrar|(|pedir|uno|crédito|)|para|hacer|uno|inversión|estar|dispuesto|a|pagar|uno|precio|por|ese|dinero|con|tal|de|no|perder|el|oportunidad|de|invertir|y|sacar|uno|mayor|resultado|.	postergar
es_62_[3]	spanish	La última columna indica la diferencia favorable entre los flujos de ingresos por exportaciones menos los flujos de egresos por el pago de importaciones.	egresos	0.5	es	False	el|último|columna|indicar|el|diferencia|favorable|entre|el|flujo|de|ingreso|por|exportación|menos|el|flujo|de|egreso|por|el|pago|de|importación|.	egreso
es_63_[2]	spanish	Pero si eso ocurre habitualmente, tienes un flujo de fondos negativo y tu presupuesto está desequilibrado.	ocurre	0.075	es	False	pero|si|ese|ocurrir|habitualmente|,|tener|uno|flujo|de|fondo|negativo|y|tu|presupuesto|estar|desequilibrado|.	ocurrir
es_64_[1]	spanish	En virtud de estas y otras reflexiones fue que se diseñó este capítulo en el marco del Libro Maestro de la cual forma parte sustantiva.	sustantiva	0.55	es	False	en|virtud|de|este|y|otro|reflexión|ser|que|él|diseñar|este|capítulo|en|el|marco|de|el|Libro|maestro|de|el|cual|formar|parte|sustantivo|.	sustantivo
es_65_[1]	spanish	Afiliación: Están relacionadas con el desarrollo afectivo del individuo, son las necesidades de asociación, participación y aceptación en el grupo de trabajo, entre estas se encuentran: la amistad, el afecto y el amor.	individuo	0.275	es	False	afiliación|:|estar|relacionado|con|el|desarrollo|afectivo|de|el|individuo|,|ser|el|necesidad|de|asociación|,|participación|y|aceptación|en|el|grupo|de|trabajo|,|entre|este|él|encontrar|:|el|amistad|,|el|afecto|y|el|amor|.	individuo
es_66_[1]	spanish	Antivirus es un programa informático específicamente diseñado para detectar y eliminar virus; el uso correcto permite el bloqueo infranqueable de los virus y demás códigos maliciosos.	infranqueable	0.625	es	False	antivirus|ser|uno|programa|informático|específicamente|diseñado|para|detectar|y|eliminar|virus|;|el|uso|correcto|permitir|el|bloqueo|infranqueable|de|el|virus|y|demás|código|malicioso|.	infranqueable
es_67_[1]	spanish	En esta coyuntura surge el dinero que es casi un concepto abstracto, por lo simbólico, de allí la dificultad para algunos de definirlo y más para comprenderlo.	coyuntura	0.75	es	False	en|este|coyuntura|surgir|el|dinero|que|ser|casi|uno|concepto|abstracto|,|por|él|simbólico|,|de|allí|el|dificultad|para|alguno|de|definir|él|y|más|para|comprender|él|.	coyuntura
es_68_[1]	spanish	Estas alternativas permiten rendimientos más reducidos, mientras los de plazo definido consideran pago de intereses.	rendimientos	0.525	es	False	este|alternativa|permitir|rendimiento|más|reducido|,|mientras|el|de|plazo|definido|considerar|pago|de|interés|.	rendimiento
es_69_[3]	spanish	Los segundos enfatizan en la dependencia y pérdida de identidad cultural que traen las nuevas prácticas y costumbre foráneas.	enfatizan	0.325	es	False	el|segundo|enfatizar|en|el|dependencia|y|pérdida|de|identidad|cultural|que|traer|el|nuevo|práctica|y|costumbre|foráneo|.	enfatizar
es_70_[1]	spanish	Para la operación óptima de dicha infraestructura ha sido necesaria la inversión de cifras millonarias de dinero para la compra, actualización y mantenimiento de equipo, redes de comunicación y software, con el fin de mantener los servicios operando las 24 horas de todos los días del año.	óptima	0.325	es	False	para|el|operación|óptimo|de|dicho|infraestructura|haber|ser|necesario|el|inversión|de|cifra|millonario|de|dinero|para|el|compra|,|actualización|y|mantenimiento|de|equipo|,|red|de|comunicación|y|software|,|con|el|fin|de|mantener|el|servicio|operar|el|24|hora|de|todo|el|día|de|el|año|.	óptimo
es_71_[2]	spanish	Es cierto que mis padres no tenían los medios financieros para que fuera a la universidad cuando terminé la secundaria, pero fue mi miedo lo que me impidió hacerlo.	financieros	0.325	es	False	ser|cierto|que|mi|padre|no|tener|el|medio|financiero|para|que|ser|a|el|universidad|cuando|terminé|el|secundaria|,|pero|ser|mi|miedo|él|que|yo|impedir|hacer|él|.	financiero
es_72_[1]	spanish	Con frecuencia en el país la gente se queja del alto costo de vida, especialmente en los últimos tiempos, y esto porque los productos de uso inmediato, así como muchos de los servicios esenciales, aumentan su valor constantemente.	esenciales	0.15	es	False	con|frecuencia|en|el|país|el|gente|él|quejar|de|el|alto|costo|de|vida|,|especialmente|en|el|último|tiempo|,|y|este|porque|el|producto|de|uso|inmediato|,|así|como|mucho|de|el|servicio|esencial|,|aumentar|su|valor|constantemente|.	esencial
es_73_[1]	spanish	Esto es, la entrega del cheque no libera jurídicamente al deudor ni, consecuentemente extingue su débito.	extingue	0.35	es	False	este|ser|,|el|entrega|de|el|cheque|no|liberar|jurídicamente|a|el|deudor|ni|,|consecuentemente|extinguir|su|débito|.	extinguir
es_74_[4]	spanish	Si alguno de los rubros mencionados en estas tablas no involucra efectivo, entonces no debe considerarse para la elaboración del estado financiero.	involucra	0.3	es	False	si|alguno|de|el|rubro|mencionado|en|este|tabla|no|involucrar|efectivo|,|entonces|no|deber|considerar|él|para|el|elaboración|de|el|estado|financiero|.	involucrar
es_75_[3]	spanish	El precio de los bienes o servicios es determinado por el comprador ya que, al ser único, posee el poder de mercado y los numerosos oferentes deben adaptarse a sus exigencias.	oferentes	0.75	es	False	el|precio|de|el|bien|o|servicio|ser|determinar|por|el|comprador|ya|que|,|a|el|ser|único|,|poseer|el|poder|de|mercado|y|el|numeroso|oferente|deber|adaptar|él|a|su|exigencia|.	oferente
es_76_[1]	spanish	Si existe igualdad fiscal todos los ciudadanos tendrán constante necesidad de reunirse y de obrar en asuntos que a todos interesa y eso basta para conservar un nexo entre ellos.	nexo	0.525	es	False	si|existir|igualdad|fiscal|todo|el|ciudadano|tener|constante|necesidad|de|reunir|él|y|de|obrar|en|asunto|que|a|todo|interesar|y|ese|bastar|para|conservar|uno|nexo|entre|él|.	nexo
es_77_[2]	spanish	Es cierto que algunas cuentas 401(k) te permiten pedir dinero prestado, pero hacerlo enlentece el ritmo de crecimiento de la cuenta.	enlentece	0.4	es	False	ser|cierto|que|alguno|cuenta|401(|k|)|tú|permitir|pedir|dinero|prestado|,|pero|hacer|él|enlentecer|el|ritmo|de|crecimiento|de|el|cuenta|.	enlentecer
es_78_[3]	spanish	En la actualidad, los impuestos que recauda el fisco permiten financiar gasto e inversiones y actividades de bien general en beneficio de los habitantes del territorio.	recauda	0.275	es	False	en|el|actualidad|,|el|impuesto|que|recaudar|el|fisco|permitir|financiar|gasto|e|inversión|y|actividad|de|bien|general|en|beneficio|de|el|habitante|de|el|territorio|.	recaudar
es_79_[1]	spanish	Son diferentes las teorías psicológicas y psicosociales que sugieren la manera de llegar al cambio de las actitudes, las cuales afortunadamente no discrepan de manera preocupante.	afortunadamente	0.325	es	False	ser|diferente|el|teoría|psicológico|y|psicosocial|que|sugerir|el|manera|de|llegar|a|el|cambio|de|el|actitud|,|el|cual|afortunadamente|no|discrepar|de|manera|preocupante|.	afortunadamente
es_80_[1]	spanish	¡Cuánto más sencillo sería aceptar dinero de quien tuviere un aparato de televisión que necesitara reparación, y luego comprar sus comestibles y otros artículos con ese dinero!	sencillo	0.275	es	False	¡|cuánto|más|sencillo|ser|aceptar|dinero|de|quien|tener|uno|aparato|de|televisión|que|necesitar|reparación|,|y|luego|comprar|su|comestible|y|otro|artículo|con|ese|dinero|!	sencillo
es_81_[1]	spanish	Su audiencia hasta este punto había sido muy cortés y receptiva, y había estado muy contenta con el material que ella había mostrado.	audiencia	0.275	es	False	su|audiencia|hasta|este|punto|haber|ser|mucho|cortés|y|receptivo|,|y|haber|estar|mucho|contentar|con|el|material|que|él|haber|mostrar|.	audiencia
es_82_[4]	spanish	Su valor indica que por cada dólar invertido en el negocio, la compañía genera $2.05 en ventas.	genera	0.15	es	False	su|valor|indicar|que|por|cada|dólar|invertido|en|el|negocio|,|el|compañía|generar|$2.05|en|venta|.	generar
es_83_[1]	spanish	La entidad bancaria o institución emisora de la tarjeta proporcionará un estado de cuenta de las transacciones efectuadas por un período de tiempo determinado.	proporcionará	0.25	es	False	el|entidad|bancario|o|institución|emisora|de|el|tarjeta|proporcionar|uno|estado|de|cuenta|de|el|transacción|efectuado|por|uno|período|de|tiempo|determinado|.	proporcionar
es_84_[3]	spanish	En sus comienzos cada moneda valía alrededor de $300, a fines de 2019 llega a $15.000 y continúa con alzas y bajas.	comienzos	0.2	es	False	en|su|comienzo|cada|moneda|valía|alrededor|de|$300|,|a|fin|de|2019|llegar|a|115000|y|continuar|con|alza|y|baja|.	comienzo
es_85_[1]	spanish	Como, en general, las personas no han recibido educación financiera, en el manejo que hacen de sus ingresos no prevén recursos que les permita tener alguna reserva económica para enfrentar alguna de las múltiples contingencias o imprevistos de que antes se ha hablado aquí.	prevén	0.45	es	False	como|,|en|general|,|el|persona|no|haber|recibir|educación|financiero|,|en|el|manejo|que|hacer|de|su|ingreso|no|prever|recurso|que|él|permitir|tener|alguno|reserva|económico|para|enfrentar|alguno|de|el|múltiple|contingencia|o|imprevisto|de|que|antes|él|haber|hablar|aquí|.	prever
es_86_[1]	spanish	Cuando empecé a estudiar las leyes fiscales (dice Mollien en sus Memorias) me horroricé de lo que veía: multas, prisiones, castigos corporales al arbitrio de tribunales especiales; los delegados tenían en sus manos a personas y bienes.	horroricé	0.225	es	False	cuando|empezar|a|estudiar|el|ley|fiscal|(|decir|mollien|en|su|memorias|)|yo|horroricar|de|él|que|ver|:|multa|,|prisión|,|castigo|corporal|a|el|arbitrio|de|tribunal|especial|;|el|delegado|tener|en|su|mano|a|persona|y|bien|.	horroricé
es_87_[3]	spanish	Los primeros sostienen que la integración e interacción de las naciones favorece a todos los pueblos, sin importar su origen o latitud.	favorece	0.225	es	False	el|primero|sostener|que|el|integración|e|interacción|de|el|nación|favorecer|a|todo|el|pueblo|,|sin|importar|su|origen|o|latitud|.	favorecer
es_88_[1]	spanish	Para lograr una buena administración de los recursos financieros, si aún no se ha hecho, es imprescindible iniciar un programa regular de planificación financiera.	imprescindible	0.425	es	False	para|lograr|uno|buen|administración|de|el|recurso|financiero|,|si|aún|no|él|haber|hacer|,|ser|imprescindible|iniciar|uno|programa|regular|de|planificación|financiero|.	imprescindible
es_89_[3]	spanish	Estado de flujo de efectivo igual que el estado de resultados, este informe es complementario al balance.	complementario	0.4	es	False	Estado|de|flujo|de|efectivo|igual|que|el|estado|de|resultado|,|este|informe|ser|complementario|a|el|balance|.	complementario
es_90_[4]	spanish	Éstos incluyen: sueldos, arriendos, seguros, mantenimientos, suministros, combustible, depreciaciones, entre otros.	depreciaciones	0.65	es	False	este|incluir|:|sueldo|,|arriendo|,|seguro|,|mantenimiento|,|suministro|,|combustible|,|depreciación|,|entre|otro|.	depreciación
es_91_[4]	spanish	Incluso, un mismo producto podría tener precio distinto para la misma persona, si ésta lo adquiere en sucursales que pertenezcan a diferentes estratos sociales.	estratos	0.4	es	False	incluso|,|uno|mismo|producto|poder|tener|precio|distinto|para|el|mismo|persona|,|si|este|él|adquirir|en|sucursal|que|pertenecer|a|diferente|estrato|social|.	estrato
es_92_[2]	spanish	En el largo plazo, las acciones, en promedio, superan de forma sistemática y sustancial al efectivo y a la inflación.	inflación	0.5	es	False	en|el|largo|plazo|,|el|acción|,|en|promedio|,|superar|de|forma|sistemático|y|sustancial|a|el|efectivo|y|a|el|inflación|.	inflación
es_93_[3]	spanish	En general, se dice que la rentabilidad normal de una inversión en países desarrollados fluctúa, en promedio, entre el 6 % y el 8 % anual.	fluctúa	0.65	es	False	en|general|,|él|decir|que|el|rentabilidad|normal|de|uno|inversión|en|país|desarrollado|fluctuar|,|en|promedio|,|entre|el|6|%|y|el|8|%|anual|.	fluctuar
es_94_[3]	spanish	En ciertos casos hay aranceles de referencia, como los que operan en el sector de la salud para determinadas prestaciones médicas.	aranceles	0.775	es	False	en|cierto|caso|haber|arancel|de|referencia|,|como|el|que|operar|en|el|sector|de|el|salud|para|determinado|prestación|médico|.	arancel
es_95_[4]	spanish	Es uno de los puestos claves de la organización, y en muchas ocasiones se lo reconoce como el segundo al mando luego del gerente general; quien lo supervisa, acorde a la estructura jerárquica.	luego	0.175	es	False	ser|uno|de|el|puesto|clave|de|el|organización|,|y|en|mucho|ocasión|él|él|reconocer|como|el|segundo|a|el|mando|luego|de|el|gerente|general|;|quien|él|supervisar|,|acordar|a|el|estructura|jerárquico|.	luego
es_96_[2]	spanish	Casi todos los estados exigen a los automovilistas el seguro de responsabilidad para automóviles que cubre costos médicos y reparaciones del vehículo entre otros costos.	vehículo	0.175	es	False	casi|todo|el|estado|exigir|a|el|automovilista|el|seguro|de|responsabilidad|para|automóvil|que|cubrir|costo|médico|y|reparación|de|el|vehículo|entre|otro|costo|.	vehículo
es_97_[4]	spanish	Si este indicador baja de 1, implicaría que la empresa no está en capacidad de cubrir sus obligaciones de corto plazo con los activos líquidos que posee.	cubrir	0.25	es	False	si|este|indicador|bajo|de|1|,|implicar|que|el|empresa|no|estar|en|capacidad|de|cubrir|su|obligación|de|corto|plazo|con|el|activo|líquido|que|poseer|.	cubrir
es_98_[4]	spanish	Cuando este último caso sucede, el proyecto o la inversión no es económicamente rentable y no debe ejecutarse.	ejecutarse	0.175	es	False	cuando|este|último|caso|suceder|,|el|proyecto|o|el|inversión|no|ser|económicamente|rentable|y|no|deber|ejecutar|él|.	ejecutar|él
es_99_[4]	spanish	Entonces, esta persona se dirige a un banco con la factura y realiza una operación conocida como factoring.	factoring	0.85	es	False	entonces|,|este|persona|él|dirigir|a|uno|banco|con|el|factura|y|realizar|uno|operación|conocido|como|factoring|.	factoring
es_100_[4]	spanish	El administrador de escenarios es una herramienta en Excel que permite alterar múltiples variables con el objetivo de observar el efecto en otras variables de resultados.	observar	0.2	es	False	el|administrador|de|escenario|ser|uno|herramienta|en|Excel|que|permitir|alterar|múltiple|variable|con|el|objetivo|de|observar|el|efecto|en|otro|variable|de|resultado|.	observar
es_101_[1]	spanish	Para el conjunto de la economía, porque contribuyen de forma decisiva a la asignación eficiente de los recursos.	asignación	0.275	es	False	para|el|conjunto|de|el|economía|,|porque|contribuir|de|forma|decisivo|a|el|asignación|eficiente|de|el|recurso|.	asignación
es_102_[1]	spanish	Las deudas, la elaboración del presupuesto familiar, las cuentas por pagar, etc. pueden ser objeto de dolorosos conflictos familiares y, por esta razón, muchas parejas optan por no hablar de dinero para evitar disputas y con lo cual no se hacen ningún favor.	disputas	0.275	es	False	el|deuda|,|el|elaboración|de|el|presupuesto|familiar|,|el|cuenta|por|pagar|,|etc.|poder|ser|objeto|de|doloroso|conflicto|familiar|y|,|por|este|razón|,|mucho|pareja|optar|por|no|hablar|de|dinero|para|evitar|disputa|y|con|él|cual|no|él|hacer|ninguno|favor|.	disputa
es_103_[1]	spanish	Elusión tributaria: Es una figura consistente en no pagar determinados impuestos que se han establecido, amparándose en subterfugios o resquicios legales, no previstos por el legislador en el momento de redactar la ley.	previstos	0.275	es	False	elusión|tributario|:|ser|uno|figura|consistente|en|no|pagar|determinado|impuesto|que|él|haber|establecer|,|amparar|él|en|subterfugio|o|resquicio|legal|,|no|previsto|por|el|legislador|en|el|momento|de|redactar|el|ley|.	previsto
es_104_[1]	spanish	El impuesto a los réditos es también un buen instrumento para conocer el monto de las rentas y de la riqueza nacional.	instrumento	0.25	es	False	el|impuesto|a|el|rédito|ser|también|uno|buen|instrumento|para|conocer|el|monto|de|el|renta|y|de|el|riqueza|nacional|.	instrumento
es_105_[1]	spanish	Los hombres se dedicaban preferentemente a la caza y confeccionaban los utensilios de piedra.	confeccionaban	0.325	es	False	el|hombre|él|dedicar|preferentemente|a|el|caza|y|confeccionar|el|utensilio|de|piedra|.	confeccionar
es_106_[4]	spanish	En este sentido, el análisis vertical permite responder la interrogante anterior, señalando el uso que se dio a los ingresos de la compañía en el período de análisis.	interrogante	0.375	es	False	en|este|sentido|,|el|análisis|vertical|permitir|responder|el|interrogante|anterior|,|señalar|el|uso|que|él|dar|a|el|ingreso|de|el|compañía|en|el|período|de|análisis|.	interrogante
es_107_[1]	spanish	Así se podrán reparar más rápido los carros, y se podrá recibir mayor número de los que actualmente se pueden atender.	número	0.175	es	False	así|él|poder|reparar|más|rápido|el|carro|,|y|él|poder|recibir|mayor|número|de|el|que|actualmente|él|poder|atender|.	número
es_108_[1]	spanish	Luego, haga un cuadro donde pueda colocar cuánto debe reunir semanal o mensualmente para lograr cada una de sus metas, dependiendo del plazo que éstas tengan.	colocar	0.175	es	False	luego|,|hacer|uno|cuadro|donde|poder|colocar|cuánto|deber|reunir|semanal|o|mensualmente|para|lograr|cada|uno|de|su|meta|,|depender|de|el|plazo|que|este|tener|.	colocar
es_109_[2]	spanish	Estas tarjetas acarrean pocos riesgos y te ayudan a crear buenos antecedentes crediticios al mostrar tu capacidad para usar una tarjeta con responsabilidad.	acarrean	0.475	es	False	este|tarjeta|acarrear|poco|riesgo|y|tú|ayudar|a|crear|buen|antecedente|crediticio|a|el|mostrar|tu|capacidad|para|usar|uno|tarjeta|con|responsabilidad|.	acarrear
es_110_[2]	spanish	Los acreedores confían en la información crediticia para ver cómo has gestionado tus préstamos en el pasado y determinar qué posibilidades tienes de pagar un nuevo préstamo.	acreedores	0.825	es	False	el|acreedor|confiar|en|el|información|crediticia|para|ver|cómo|haber|gestionar|tu|préstamo|en|el|pasado|y|determinar|qué|posibilidad|tener|de|pagar|uno|nuevo|préstamo|.	acreedor
es_111_[1]	spanish	Cheque de caja: se solicita al banco, y este procede a retirar el monto solicitado de la cuenta corriente o de inversión del solicitante o se deposita en la cuenta que el banco destine.	solicita	0.225	es	False	cheque|de|caja|:|él|solicitar|a|el|banco|,|y|este|proceder|a|retirar|el|monto|solicitar|de|el|cuenta|corriente|o|de|inversión|de|el|solicitante|o|él|depositar|en|el|cuenta|que|el|banco|destinar|.	solicitar
es_112_[1]	spanish	Las fuerzas de crecimiento dan lugar a un movimiento hacia arriba en la jerarquía, mientras que las fuerzas regresivas empujan las necesidades prepotentes hacia abajo en la misma.	prepotentes	0.575	es	False	el|fuerza|de|crecimiento|dar|lugar|a|uno|movimiento|hacia|arriba|en|el|jerarquía|,|mientras|que|el|fuerza|regresivo|empujar|el|necesidad|prepotente|hacia|abajo|en|el|mismo|.	prepotente
es_113_[1]	spanish	Prepararse para el futuro es también prepararse para la jubilación y para los posibles gastos médicos todo lo cual requiere planeación, ahorro y un número limitado de deudas.	requiere	0.225	es	False	preparar|él|para|el|futuro|ser|también|preparar|él|para|el|jubilación|y|para|el|posible|gasto|médico|todo|él|cual|requerir|planeación|,|ahorro|y|uno|número|limitado|de|deuda|.	requerir
es_114_[3]	spanish	El mercado es el lugar donde se transan las mercancías y los servicios; es la expresión que define el lugar físico o figurado donde se encuentran vendedores y compradores.	mercancías	0.3	es	False	el|mercado|ser|el|lugar|donde|él|transar|el|mercancía|y|el|servicio|;|ser|el|expresión|que|definir|el|lugar|físico|o|figurado|donde|él|encontrar|vendedor|y|comprador|.	mercancía
es_115_[1]	spanish	En cambio, aunque desaparecieran todos los privilegios y quedara únicamente el privilegio fiscal, bastaría esta desigualdad para mantener separadas las clases, ya que nunca podrían reunirse para discutir y decidir los asuntos que más les interesan y los que con mayor frecuencia se suscitan.	suscitan	0.85	es	False	en|cambio|,|aunque|desaparecer|todo|el|privilegio|y|quedar|únicamente|el|privilegio|fiscal|,|bastar|este|desigualdad|para|mantener|separado|el|clase|,|ya|que|nunca|poder|reunir|él|para|discutir|y|decidir|el|asunto|que|más|él|interesar|y|el|que|con|mayor|frecuencia|él|suscitar|.	suscitar
es_116_[4]	spanish	Finalmente, se incluye el valor positivo por la adquisición del préstamo y los valores negativos por la amortización de la deuda que se obtiene de la tabla 21.	amortización	0.825	es	False	finalmente|,|él|incluir|el|valor|positivo|por|el|adquisición|de|el|préstamo|y|el|valor|negativo|por|el|amortización|de|el|deuda|que|él|obtener|de|el|tabla|21|.	amortización
es_117_[3]	spanish	Además de los anteriores, en la economía global hay indicadores financieros que entregan información sobre el pulso bursátil, el número y los montos de las transacciones de acciones de sociedades, bonos u otros instrumentos financieros y de inversión.	bursátil	0.825	es	False	además|de|el|anterior|,|en|el|economía|global|haber|indicador|financiero|que|entregar|información|sobre|el|pulso|bursátil|,|el|número|y|el|monto|de|el|transacción|de|acción|de|sociedad|,|bono|u|otro|instrumento|financiero|y|de|inversión|.	bursátil
es_118_[1]	spanish	Con lo anterior, surge otro paso en la planeación y lo que sigue lo explican muy bien los varias veces mencionados Alonso, Brailovsky y Ortiz y a lo cual queremos ceñirnos adaptándolo y trascribiéndolo aquí en toda su dimensión, dada su relevancia.	ceñirnos	0.525	es	False	con|él|anterior|,|surgir|otro|paso|en|el|planeación|y|él|que|seguir|él|explicar|mucho|bien|el|varios|vez|mencionado|Alonso|,|brailovsky|y|ortiz|y|a|él|cual|querer|ceñir|yo|adaptar|él|y|trascribir|él|aquí|en|todo|su|dimensión|,|dado|su|relevancia|.	ceñir|yo
es_119_[2]	spanish	En la quiebra prevista en el capítulo 7, tus activos se venden y el dinero se divide entre tus acreedores.	divide	0.15	es	False	en|el|quiebra|previsto|en|el|capítulo|7|,|tu|activo|él|vender|y|el|dinero|él|dividir|entre|tu|acreedor|.	dividir
es_120_[3]	spanish	«El sistema de administración financiera del Estado comprende el conjunto de procesos administrativos que permiten la obtención de recursos y su aplicación a la concreción de los logros de los objetivos del Estado	comprende	0.25	es	False	«|el|sistema|de|administración|financiero|de|el|Estado|comprender|el|conjunto|de|proceso|administrativo|que|permitir|el|obtención|de|recurso|y|su|aplicación|a|el|concreción|de|el|logro|de|el|objetivo|de|el|Estado	comprender
es_121_[2]	spanish	Crea una lista de gastos previsibles y piensa cómo crees que gastas tu dinero en un mes normal.	previsibles	0.35	es	False	creer|uno|lista|de|gasto|previsible|y|pensar|cómo|creer|que|gasta|tu|dinero|en|uno|mes|normal|.	previsible
es_122_[1]	spanish	Por no dejar pasar la oportunidad, usted puede ir a un vendedor de automóviles, escoger uno y pagarlo a plazos.	plazos	0.325	es	False	por|no|dejar|pasar|el|oportunidad|,|tú|poder|ir|a|uno|vendedor|de|automóvil|,|escoger|uno|y|pagar|él|a|plazo|.	plazo
es_123_[1]	spanish	Autorrealización: Son las más elevadas, se hallan en la cima de la jerarquía, a través de su satisfacción personal, encuentran un sentido a la vida mediante el desarrollo de su potencial en una actividad.	potencial	0.225	es	False	autorrealización|:|ser|el|más|elevado|,|él|hallar|en|el|cima|de|el|jerarquía|,|a|través|de|su|satisfacción|personal|,|encontrar|uno|sentido|a|el|vida|mediante|el|desarrollo|de|su|potencial|en|uno|actividad|.	potencial
es_124_[4]	spanish	El segundo principio establece que no basta con incrementar las entradas de efectivo, sino que éstas deben acelerarse.	incrementar	0.175	es	False	el|segundo|principio|establecer|que|no|bastar|con|incrementar|el|entrada|de|efectivo|,|sino|que|este|deber|acelerar|él|.	incrementar
es_125_[1]	spanish	Realizan una adecuación de las necesidades entre prestamistas y prestatarios en cuanto a cantidades y plazos.	prestatarios	0.725	es	False	realizan|uno|adecuación|de|el|necesidad|entre|prestamista|y|prestatario|en|cuanto|a|cantidad|y|plazo|.	prestatario
es_126_[4]	spanish	No obstante, dado que existe esa disminución, la tarea siguiente sería buscar qué pudo haber ocasionado esa variación.	disminución	0.2	es	False	no|obstante|,|dado|que|existir|ese|disminución|,|el|tarea|siguiente|ser|buscar|qué|poder|haber|ocasionar|ese|variación|.	disminución
es_127_[1]	spanish	Como resultado, una emergencia costosa, como la súbita pérdida de empleo o la acumulación de demasiadas cuentas médicas, podrían enviar a cualquier persona que no esté financieramente preparada a vivir endeudada durante años y, en algunos casos, a la bancarrota.	bancarrota	0.3	es	False	como|resultado|,|uno|emergencia|costoso|,|como|el|súbito|pérdida|de|empleo|o|el|acumulación|de|demasiado|cuenta|médico|,|poder|enviar|a|cualquiera|persona|que|no|estar|financieramente|preparado|a|vivir|endeudado|durante|año|y|,|en|alguno|caso|,|a|el|bancarrota|.	bancarrota
es_128_[1]	spanish	Los problemas de la economía urbana son en gran parte de naturaleza social, y las muchas propuestas para mejorar el bienestar social y económico de los grupos minoritarios indican una recia voluntad para cooperar en la solución de estos problemas.	recia	0.675	es	False	el|problema|de|el|economía|urbano|ser|en|gran|parte|de|naturaleza|social|,|y|el|mucho|propuesta|para|mejorar|el|bienestar|social|y|económico|de|el|grupo|minoritario|indicar|uno|recio|voluntad|para|cooperar|en|el|solución|de|este|problema|.	recio
es_129_[1]	spanish	El seguimiento o monitoreo y evaluación, que es la tercera etapa, permitirá ir visualizando la puesta en marcha y el cumplimiento del plan de acción, para contribuir al logro de sus objetivos y metas, así como plantear recomendaciones para evitar desviaciones; es decir, una forma de evaluación concurrente.	desviaciones	0.425	es	False	el|seguimiento|o|monitoreo|y|evaluación|,|que|ser|el|tercero|etapa|,|permitir|ir|visualizar|el|puesta|en|marcha|y|el|cumplimiento|de|el|plan|de|acción|,|para|contribuir|a|el|logro|de|su|objetivo|y|meta|,|así|como|plantear|recomendación|para|evitar|desviación|;|es|decir|,|uno|forma|de|evaluación|concurrente|.	desviación
es_130_[1]	spanish	Los bienes y servicios utilizados por las personas o la sociedad para satisfacer sus necesidades se denominan satisfactores o productos, o simplemente bienes.	denominan	0.25	es	False	el|bien|y|servicio|utilizado|por|el|persona|o|el|sociedad|para|satisfacer|su|necesidad|él|denominar|satisfactor|o|producto|,|o|simplemente|bien|.	denominar
es_131_[1]	spanish	Si se visita una fábrica de refrigeradoras y de estufas se encontrará que allí, según su tamaño, trabajan muchos obreros, quienes procesan las láminas de acero y construyen, con otras actividades los muebles metálicos.	estufas	0.275	es	False	si|él|visitar|uno|fábrica|de|refrigerador|y|de|estufa|él|encontrar|que|allí|,|según|su|tamaño|,|trabajar|mucho|obrero|,|quien|procesar|el|lámina|de|acero|y|construir|,|con|otro|actividad|el|mueble|metálico|.	estufa
es_132_[1]	spanish	Pero a muchas personas no les gusta ceñirse a él porque sencillamente no les gusta y porque los presupuestos contienen once de los obstáculos que impiden que estos se hagan.	ceñirse	0.55	es	False	pero|a|mucho|persona|no|él|gustar|ceñir|él|a|él|porque|sencillamente|no|él|gustar|y|porque|el|presupuesto|contener|once|de|el|obstáculo|que|impedir|que|este|él|hacer|.	ceñir|él
es_133_[1]	spanish	El asegurado es quien se espera que tome la decisión sobre la cuantía del seguro, calculado sobre sus ingresos, para posibilitar la cuota que debe atender y también proyectando cual sería el valor o costo ajustado de los gastos familiares, tomando en cuenta también el tamaño y características de la familia.	cuantía	0.825	es	False	el|asegurar|ser|quien|él|esperar|que|tomar|el|decisión|sobre|el|cuantía|de|el|seguro|,|calculado|sobre|su|ingreso|,|para|posibilitar|el|cuota|que|deber|atender|y|también|proyectar|cual|ser|el|valor|o|costo|ajustado|de|el|gasto|familiar|,|tomar|en|cuenta|también|el|tamaño|y|característica|de|el|familia|.	cuantía
es_134_[2]	spanish	Una de las mejores formas de gestionar el riesgo es distribuir tus inversiones y ahorros a través de diversos canales.	gestionar	0.375	es	False	uno|de|el|mejor|forma|de|gestionar|el|riesgo|ser|distribuir|tu|inversión|y|ahorro|a|través|de|diverso|canal|.	gestionar
es_135_[1]	spanish	Al momento de la entrega de estos cheques, el banco pide que el solicitante los firme, y solo podrá cobrarlos esta persona al firmar nuevamente los cheques en la parte de abajo, así la entidad que los recibe podrá cotejar que las firmas sean idénticas.	cotejar	0.675	es	False	a|el|momento|de|el|entrega|de|este|cheque|,|el|banco|pedir|que|el|solicitante|él|firmar|,|y|sólo|poder|cobrar|él|este|persona|a|el|firmar|nuevamente|el|cheque|en|el|parte|de|abajo|,|así|el|entidad|que|él|recibir|poder|cotejar|que|el|firma|ser|idéntico|.	cotejar
es_136_[4]	spanish	El punto de equilibrio, dependiendo del giro del negocio, puede expresarse en cantidades o en términos monetarios.	monetarios	0.225	es	False	el|punto|de|equilibrio|,|depender|de|el|giro|de|el|negocio|,|poder|expresar|él|en|cantidad|o|en|término|monetario|.	monetario
es_137_[4]	spanish	Como se indicó al inicio del capítulo, para la construcción del EFE se emplean dos métodos: directo e indirecto.	emplean	0.3	es	False	como|él|indicar|a|el|inicio|de|el|capítulo|,|para|el|construcción|de|el|EFE|él|emplear|dos|método|:|directo|e|indirecto|.	emplear
es_138_[3]	spanish	Otras disposiciones, como el artículo 19 de la Ley de Bancos, establecen que estas entidades deben conservar los libros y documentación por diez años, salvo que la Superintendencia de Bancos e Instituciones Financieras autorice su destrucción con anterioridad.	disposiciones	0.55	es	False	otro|disposición|,|como|el|artículo|19|de|el|Ley|de|Bancos|,|establecer|que|este|entidad|deber|conservar|el|libro|y|documentación|por|diez|año|,|salvo|que|el|Superintendencia|de|Bancos|e|Instituciones|Financieras|autorizar|su|destrucción|con|anterioridad|.	disposición
es_139_[1]	spanish	Es posible evitar el crecimiento de una deuda utilizando su tarjeta de crédito solamente cuando pueda cancelar la totalidad de su saldo todos los meses.	solamente	0.1	es	False	ser|posible|evitar|el|crecimiento|de|uno|deuda|utilizar|su|tarjeta|de|crédito|solamente|cuando|poder|cancelar|el|totalidad|de|su|saldo|todo|el|mes|.	solamente
es_140_[4]	spanish	Al igual que se mencionó en la sección de la tabla de datos, el administrador de escenarios requiere que toda la información del flujo de caja se encuentre correctamente formulada antes de su ejecución.	ejecución	0.325	es	False	a|el|igual|que|él|mencionar|en|el|sección|de|el|tabla|de|dato|,|el|administrador|de|escenario|requerir|que|todo|el|información|de|el|flujo|de|caja|él|encontrar|correctamente|formulado|antes|de|su|ejecución|.	ejecución
es_141_[1]	spanish	Estimado Cliente. Queremos informarle que personas inescrupulosas están solicitando información a nuestros clientes en nombre de nuestra Institución, por consiguiente, para verificar si su cuenta fue afectada ingrese en los siguientes campos su número de Tarjeta y contraseña...	inescrupulosas	0.725	es	False	estimado|Cliente|.|querer|informar|él|que|persona|inescrupuloso|estar|solicitar|información|a|nuestro|cliente|en|nombre|de|nuestro|institución|,|por|consiguiente|,|para|verificar|si|su|cuenta|ser|afectar|ingresar|en|el|siguiente|campo|su|número|de|tarjeta|y|contraseña|...	inescrupuloso
es_142_[2]	spanish	Por ejemplo: Tengo que mantenerme al día con las tendencias, o me sentiré avergonzado.	mantenerme	0.225	es	False	por|ejemplo|:|tener|que|mantener|yo|a|el|día|con|el|tendencia|,|o|yo|sentir|avergonzado|.	mantener|yo
es_143_[1]	spanish	Sin duda, estaremos de acuerdo en que el metal en un automóvil de último modelo es más útil que un montón de mineral de hierro o unos pocos lingotes de acero.	automóvil	0.125	es	False	sin|duda|,|estar|de|acuerdo|en|que|el|metal|en|uno|automóvil|de|último|modelo|ser|más|útil|que|uno|montón|de|mineral|de|hierro|o|uno|poco|lingote|de|acero|.	automóvil
es_144_[1]	spanish	Eficiencia: Ausencia de despilfarro o utilización de los recursos económicos, que reporta el máximo nivel de satisfacción posible, con los factores y la tecnología dados.	despilfarro	0.575	es	False	eficiencia|:|ausencia|de|despilfarro|o|utilización|de|el|recurso|económico|,|que|reportar|el|máximo|nivel|de|satisfacción|posible|,|con|el|factor|y|el|tecnología|dado|.	despilfarro
es_145_[3]	spanish	En el origen, los impuestos eran aplicados a las personas, por los soberanos y el clero, para financiar los asuntos de las castas gobernantes y ceremonias religiosas respectivamente.	clero	0.725	es	False	en|el|origen|,|el|impuesto|ser|aplicar|a|el|persona|,|por|el|soberano|y|el|clero|,|para|financiar|el|asunto|de|el|casta|gobernante|y|ceremonia|religioso|respectivamente|.	clero
es_146_[1]	spanish	También, deben considerarse, los aspectos relativos a la conceptualización e ideas generales sobre la historia de la tributación, su importancia, propósitos, características y equidad o justicia de un buen impuesto; la educabilidad y la dimensión moral de los impuestos y, los impuestos y las finanzas personales.	educabilidad	0.45	es	False	también|,|deber|considerar|él|,|el|aspecto|relativo|a|el|conceptualización|e|idea|general|sobre|el|historia|de|el|tributación|,|su|importancia|,|propósito|,|característica|y|equidad|o|justicia|de|uno|buen|impuesto|;|el|educabilidad|y|el|dimensión|moral|de|el|impuesto|y|,|el|impuesto|y|el|finanzas|personal|.	educabilidad
es_147_[4]	spanish	En resumen, acorde a las tablas presentadas, se han incrementado los ingresos, las utilidades, la capitalización y el efectivo.	incrementado	0.225	es	False	en|resumen|,|acordar|a|el|tabla|presentado|,|él|haber|incrementar|el|ingreso|,|el|utilidad|,|el|capitalización|y|el|efectivo|.	incrementado
es_148_[1]	spanish	En el primero, el bien o servicio se consume directamente y no es utilizado para generar otros productos.	generar	0.175	es	False	en|el|primero|,|el|bien|o|servicio|él|consumir|directamente|y|no|ser|utilizar|para|generar|otro|producto|.	generar
es_149_[1]	spanish	Se han logrado tremendos incrementos en la producción total como resultado del desarrollo de la energía eléctrica y hoy también la marina y la eólica que se están tratando de aprovechar para usos industriales y otros.	incrementos	0.275	es	False	él|haber|lograr|tremendo|incremento|en|el|producción|total|como|resultado|de|el|desarrollo|de|el|energía|eléctrico|y|hoy|también|el|marina|y|el|eólico|que|él|estar|tratar|de|aprovechar|para|uso|industrial|y|otro|.	incremento
es_150_[4]	spanish	Cobros derivados del reembolso de anticipos y préstamos a terceros (distintos de las operaciones de este tipo hechas por entidades financieras).	reembolso	0.45	es	False	cobros|derivado|de|el|reembolso|de|anticipo|y|préstamo|a|tercero|(|distinto|de|el|operación|de|este|tipo|hecho|por|entidad|financiero|)|.	reembolso
es_151_[4]	spanish	La inversión requerida es de $15,000 que incluyen: $5,000 en maquinarias y equipos, $2,000 en mobiliario; el saldo corresponde al capital de trabajo.	requerida	0.3	es	False	el|inversión|requerido|ser|de|115,000|que|incluir|:|$5000|en|maquinario|y|equipo|,|22000|en|mobiliario|;|el|saldo|corresponder|a|el|capital|de|trabajo|.	requerido
es_152_[1]	spanish	Los ingresos activos están constituidos por el salario o sueldo que se percibe, cuando se tiene un empleo, honorarios que se cobran como contraprestación de servicios, comisiones y otros pagos de la misma naturaleza.	contraprestación	0.85	es	False	el|ingreso|activo|estar|constituir|por|el|salario|o|sueldo|que|él|percibir|,|cuando|él|tener|uno|empleo|,|honorario|que|él|cobrar|como|contraprestación|de|servicio|,|comisión|y|otro|pago|de|el|mismo|naturaleza|.	contraprestación
es_153_[1]	spanish	La Economía como una disciplina científica que es y que tiene, por consiguiente, su propia estructura de conocimientos tiene asimismo una serie de principios y leyes como los siguientes: Los individuos se enfrentan a disyuntivas o alternativas.	individuos	0.225	es	False	el|Economía|como|uno|disciplina|científico|que|ser|y|que|tener|,|por|consiguiente|,|su|propio|estructura|de|conocimiento|tener|asimismo|uno|serie|de|principio|y|ley|como|el|siguiente|:|el|individuo|él|enfrentar|a|disyuntiva|o|alternativa|.	individuo
es_154_[1]	spanish	La diferencia estriba en que mientras las necesidades de déficit pueden ser satisfechas, las necesidades del ser son una fuerza impelente continua.	estriba	0.8	es	False	el|diferencia|estribar|en|que|mientras|el|necesidad|de|déficit|poder|ser|satisfecer|,|el|necesidad|de|el|ser|ser|uno|fuerza|impelente|continuo|.	estribar
es_155_[2]	spanish	Con intereses, ese monto de ahorros mensuales les permitiría ahorrar el pago inicial y comprar su vivienda en 24 meses.	inicial	0.275	es	False	con|interés|,|ese|monto|de|ahorro|mensual|él|permitir|ahorrar|el|pago|inicial|y|comprar|su|vivienda|en|24|mes|.	inicial
es_156_[1]	spanish	espeluznante en relación con los gastos que uno debe hacer por alguna enfermedad.	espeluznante	0.35	es	False	espeluznante|en|relación|con|el|gasto|que|uno|deber|hacer|por|alguno|enfermedad|.	espeluznante
es_157_[3]	spanish	De partida, el tema concierne a todos los individuos y durante toda la vida, pues las finanzas explican la procedencia y uso de los ingresos y recursos que se disponen para satisfacer las necesidades particulares de todas y todos.	concierne	0.55	es	False	de|partida|,|el|tema|concernir|a|todo|el|individuo|y|durante|todo|el|vida|,|pues|el|finanzas|explicar|el|procedencia|y|uso|de|el|ingreso|y|recurso|que|él|disponer|para|satisfacer|el|necesidad|particular|de|todo|y|todo|.	concernir
es_158_[1]	spanish	La riqueza con cara humana es lo que percibe y estudia el humanismo, y bajo esta óptica, es que debe inclinarse la educación financiera que deben tener todas las personas que se propongan como meta construir un futuro personal, familiar y social, tranquilo y sostenible.	percibe	0.45	es	False	el|riqueza|con|cara|humano|ser|él|que|percibir|y|estudiar|el|humanismo|,|y|bajo|este|óptico|,|ser|que|deber|inclinar|él|el|educación|financiero|que|deber|tener|todo|el|persona|que|él|proponer|como|meta|construir|uno|futuro|personal|,|familiar|y|social|,|tranquilo|y|sostenible|.	percibir
es_159_[2]	spanish	Me merezco despilfarrar un poco de vez en cuando y será como una recompensa por mi esfuerzo.	despilfarrar	0.575	es	False	yo|merecer|despilfarrar|uno|poco|de|vez|en|cuando|y|ser|como|uno|recompensa|por|mi|esfuerzo|.	despilfarrar
es_160_[1]	spanish	Aplicarla no es fácil, porque usted tiene que demorar la gratificación de hoy para arreglar el desastre que hizo ayer.	gratificación	0.55	es	False	aplicar|él|no|ser|fácil|,|porque|tú|tener|que|demorar|el|gratificación|de|hoy|para|arreglar|el|desastre|que|hacer|ayer|.	gratificación
es_161_[1]	spanish	La importancia y trascendencia de las funciones económicas del cheque, derivan de su consideración de medio o instrumento de pago.	trascendencia	0.675	es	False	el|importancia|y|trascendencia|de|el|función|económico|de|el|cheque|,|derivar|de|su|consideración|de|medio|o|instrumento|de|pago|.	trascendencia
es_162_[2]	spanish	Si solicitas una tarjeta de crédito, úsala para comprar cosas que puedes pagar y paga lo que debes a la brevedad.	solicitas	0.15	es	False	si|solicitar|uno|tarjeta|de|crédito|,|úsalo|para|comprar|cosa|que|poder|pagar|y|pagar|él|que|deber|a|el|brevedad|.	solicitar
es_163_[1]	spanish	canaliza hacia otra pareja que precisa de un préstamo hipotecario con el que afrontar el pago de la vivienda.	canaliza	0.525	es	False	canalizar|hacia|otro|pareja|que|precisar|de|uno|préstamo|hipotecario|con|el|que|afrontar|el|pago|de|el|vivienda|.	canalizar
es_164_[1]	spanish	Pues, el uso de mi chequera testimoniará que soy una persona cumplida y que soy ordenada en la administración de mis cuentas.	testimoniará	0.6	es	False	pues|,|el|uso|de|mi|chequera|testimoniar|que|ser|uno|persona|cumplido|y|que|ser|ordenado|en|el|administración|de|mi|cuenta|.	testimoniar
es_165_[3]	spanish	Estos delitos son difíciles de probar y los ejecutores reciben bajas penas a pesar de que afectan pasivamente a gran cantidad de personas.	ejecutores	0.475	es	False	este|delito|ser|difícil|de|probar|y|el|ejecutor|recibir|baja|pena|a|pesar|de|que|afectar|pasivamente|a|gran|cantidad|de|persona|.	ejecutor
es_166_[4]	spanish	Por ejemplo, considere una panadería que reemplace sus cajeros por ánforas; el pan se coloca en las perchas y se invita a los clientes a tomar el que quieran y comerlo.	ánforas	0.875	es	False	por|ejemplo|,|considerar|uno|panadería|que|reemplacer|su|cajero|por|ánfora|;|el|pan|él|colocar|en|el|percha|y|él|invitar|a|el|cliente|a|tomar|el|que|querer|y|comer|él|.	ánfora
es_167_[3]	spanish	En la década de los sesenta del siglo XX, el filósofo y comunicador canadiense Marshall McLuhan anticipó nuestras vidas en comunidad universal gracias a los progresos tecnológicos en comunicaciones e interconexiones humanas a escala global y acuñó la expresión «aldea global» para describir la tierra que habitamos.	interconexiones	0.375	es	False	en|el|década|de|el|sesenta|de|el|siglo|xx|,|el|filósofo|y|comunicador|canadiense|marshall|mcluhan|anticipar|nuestro|vida|en|comunidad|universal|gracia|a|el|progreso|tecnológico|en|comunicación|e|interconexión|humano|a|escala|global|y|acuñar|el|expresión|«|aldea|global|»|para|describir|el|tierra|que|habitar|.	interconexión
es_168_[1]	spanish	Sin embargo, la producción total y el nivel de vida están afectados por la composición y estructura de edades de la población, su educación y el tamaño de la fuerza obrera y productiva, la destreza y movilidad de los trabajadores y la laboriosidad y actitud psicológica de las personas.	estructura	0.375	es	False	sin|embargo|,|el|producción|total|y|el|nivel|de|vida|estar|afectado|por|el|composición|y|estructura|de|edad|de|el|población|,|su|educación|y|el|tamaño|de|el|fuerza|obrero|y|productivo|,|el|destreza|y|movilidad|de|el|trabajador|y|el|laboriosidad|y|actitud|psicológico|de|el|persona|.	estructura
es_169_[1]	spanish	Para vivir en ese clima de fe y optimismo, indispensable a la felicidad, hemos de hacer la guerra a dos enemigos: el escepticismo y los estados o fenómenos psicológicos enemigos del optimismo.	escepticismo	0.675	es	False	para|vivir|en|ese|clima|de|fe|y|optimismo|,|indispensable|a|el|felicidad|,|haber|de|hacer|el|guerra|a|dos|enemigo|:|el|escepticismo|y|el|estado|o|fenómeno|psicológico|enemigo|de|el|optimismo|.	escepticismo
es_170_[3]	spanish	Está indexada con el IPC, de ahí que su fluctuación siga las variaciones del costo de la vida mensual, similar a la UF (unidad de fomento).	fluctuación	0.6	es	False	estar|indexado|con|el|IPC|,|de|ahí|que|su|fluctuación|seguir|el|variación|de|el|costo|de|el|vida|mensual|,|similar|a|el|UF|(|unidad|de|fomento|)|.	fluctuación
es_171_[4]	spanish	El análisis de la teoría señalada es importante en las finanzas porque implica que un administrador no debe limitarse a establecer un precio acorde al costo de producción que mantiene.	señalada	0.2	es	False	el|análisis|de|el|teoría|señalar|ser|importante|en|el|finanzas|porque|implicar|que|uno|administrador|no|deber|limitar|él|a|establecer|uno|precio|acordar|a|el|costo|de|producción|que|mantener|.	señalar
es_172_[3]	spanish	Al mismo tiempo, como economía abierta al mundo, es un importador de bienes durables de uso doméstico e industrial, como automóviles, artículos electrónicos, vestuario y alimentos de consumo masivo.	bienes	0.45	es	False	a|el|mismo|tiempo|,|como|economía|abierto|a|el|mundo|,|ser|uno|importador|de|bien|durable|de|uso|doméstico|e|industrial|,|como|automóvil|,|artículo|electrónico|,|vestuario|y|alimento|de|consumo|masivo|.	bien
es_173_[1]	spanish	Reducir los plazos y los costes de intermediación al facilitar la búsqueda de contrapartida para cada operación y agilizar los procedimientos de liquidación.	contrapartida	0.75	es	False	reducir|el|plazo|y|el|coste|de|intermediación|a|el|facilitar|el|búsqueda|de|contrapartida|para|cada|operación|y|agilizar|el|procedimiento|de|liquidación|.	contrapartida
es_174_[1]	spanish	La producción, digamos sencillamente que es, entre las diferentes acepciones del concepto y según el enfoque económico, crear cosas o servicios con valor económico.	acepciones	0.6	es	False	el|producción|,|decir|sencillamente|que|ser|,|entre|el|diferente|acepción|de|el|concepto|y|según|el|enfoque|económico|,|crear|cosa|o|servicio|con|valor|económico|.	acepción
es_175_[4]	spanish	Los índices y razones presentan ratios de las cuentas de balance y estado de resultados con el objetivo de correlacionar información que no puede observarse a través del análisis vertical o el análisis horizontal.	ratios	0.85	es	False	el|índice|y|razón|presentar|ratio|de|el|cuenta|de|balance|y|estado|de|resultado|con|el|objetivo|de|correlacionar|información|que|no|poder|observar|él|a|través|de|el|análisis|vertical|o|el|análisis|horizontal|.	ratio
es_176_[4]	spanish	Por ejemplo, si se incrementan los documentos por pagar, significa que la empresa se ha endeudado, por tanto, recibió efectivo.	incrementan	0.175	es	False	por|ejemplo|,|si|él|incrementar|el|documento|por|pagar|,|significar|que|el|empresa|él|haber|endeudar|,|por|tanto|,|recibir|efectivo|.	incrementar
es_177_[2]	spanish	Cómo y cuándo usar los fondos del plan jubilatorio, saber cuáles son las distribuciones mínimas exigidas y abrir cuentas de ahorros jubilatorios, por tu cuenta o a través de tu empleador.	jubilatorios	0.5	es	False	cómo|y|cuándo|usar|el|fondo|de|el|plan|jubilatorio|,|saber|cuál|ser|el|distribución|mínimo|exigido|y|abrir|cuenta|de|ahorro|jubilatorio|,|por|tu|cuenta|o|a|través|de|tu|empleador|.	jubilatorio
es_178_[1]	spanish	La clave para lograr sus objetivos financieros, personales y familiares, es planificarlos apropiadamente y darles mucho seguimiento a través de este presupuesto.	apropiadamente	0.225	es	False	el|clave|para|lograr|su|objetivo|financiero|,|personal|y|familiar|,|ser|planificar|él|apropiadamente|y|dar|él|mucho|seguimiento|a|través|de|este|presupuesto|.	apropiadamente
es_179_[1]	spanish	El Banco Mundial, en el libro demarcar la pobreza	demarcar	0.45	es	False	el|Banco|Mundial|,|en|el|libro|demarcar|el|pobreza	demarcar
es_180_[4]	spanish	La reducción de estas dos últimas puede colaborar al mencionado incremento del efectivo, ya sea por procesos de cobranzas o incrementos en ventas.	incremento	0.225	es	False	el|reducción|de|este|dos|último|poder|colaborar|a|el|mencionado|incremento|de|el|efectivo|,|ya|ser|por|proceso|de|cobranza|o|incremento|en|venta|.	incremento
es_181_[1]	spanish	Algunos de ustedes tienen grandes deudas, han cavado un gran hoyo y se demoraron bastante tiempo en caer en esa hondonada, por lo tanto van a requerir de tiempo para salir de ella.	demoraron	0.225	es	False	alguno|de|tú|tener|grande|deuda|,|haber|cavar|uno|gran|hoyo|y|él|demorar|bastante|tiempo|en|caer|en|ese|hondonada|,|por|él|tanto|ir|a|requerir|de|tiempo|para|salir|de|él|.	demorar
es_182_[1]	spanish	Es importante pensar que cuando se exceden los tiempos para el pago de ellos se sufren unos recargos que, aunque a veces parezca que son intrascendentes o poco gravosos, de alguna manera afectan el presupuesto personal o familiar y esto sin mencionar otros inconvenientes, dificultades o problemas que acarrea tal incumplimiento.	acarrea	0.5	es	False	ser|importante|pensar|que|cuando|él|exceder|el|tiempo|para|el|pago|de|él|él|sufrir|uno|recargo|que|,|aunque|a|vez|parecer|que|ser|intrascendente|o|poco|gravoso|,|de|alguno|manera|afectar|el|presupuesto|personal|o|familiar|y|este|sin|mencionar|otro|inconveniente|,|dificultad|o|problema|que|acarrear|tal|incumplimiento|.	acarrear
es_183_[2]	spanish	Por ejemplo, generalmente la hipoteca es uno de los mejores tipos de endeudamiento, porque la mayoría de las viviendas aumenta de valor con el paso del tiempo.	endeudamiento	0.35	es	False	por|ejemplo|,|generalmente|el|hipoteca|ser|uno|de|el|mejor|tipo|de|endeudamiento|,|porque|el|mayoría|de|el|vivienda|aumentar|de|valor|con|el|paso|de|el|tiempo|.	endeudamiento
es_184_[1]	spanish	Los tipos de seguros disponibles se expanden y se ha llegado al grado en que el sector financiero está muy directamente relacionado con el tema.	expanden	0.275	es	False	el|tipo|de|seguro|disponible|él|expandir|y|él|haber|llegar|a|el|grado|en|que|el|sector|financiero|estar|mucho|directamente|relacionado|con|el|tema|.	expandir
es_185_[1]	spanish	Pero uno no puede dejar que el derrotismo lo detenga e impida que haga un presupuesto.	derrotismo	0.7	es	False	pero|uno|no|poder|dejar|que|el|derrotismo|él|detenga|e|impedir|que|hacer|uno|presupuesto|.	derrotismo
es_186_[3]	spanish	En espacios monopólicos, el comprador no tiene la posibilidad de seleccionar, en uno u otro oferente, lo que le parezca más conveniente, como sí lo hace en mercados competitivos.	oferente	0.775	es	False	en|espacio|monopólico|,|el|comprador|no|tener|el|posibilidad|de|seleccionar|,|en|uno|u|otro|oferente|,|él|que|él|parecer|más|conveniente|,|como|sí|él|hacer|en|mercado|competitivo|.	oferente
es_187_[2]	spanish	El seguro de responsabilidad civil, también denominado de cobertura completa, te protege ante las reclamaciones de terceros por lesiones y daños a la propiedad.	reclamaciones	0.325	es	False	el|seguro|de|responsabilidad|civil|,|también|denominado|de|cobertura|completo|,|tú|proteger|ante|el|reclamación|de|tercero|por|lesión|y|daño|a|el|propiedad|.	reclamación
es_188_[3]	spanish	El lucro, en cambio, aunque es un sinónimo de utilidad, ganancias o beneficio, es la expresión peyorativa de la utilidad.	peyorativa	0.925	es	False	el|lucro|,|en|cambio|,|aunque|ser|uno|sinónimo|de|utilidad|,|ganancia|o|beneficio|,|ser|el|expresión|peyorativo|de|el|utilidad|.	peyorativo
es_189_[3]	spanish	Estos trabajadores debían entregar a la empresa una boleta por los honorarios, donde se señalaba claramente el monto del total, el descuento del 10 % y la suma por recibir, además de los datos del trabajador y del destinatario.	destinatario	0.25	es	False	este|trabajador|deber|entregar|a|el|empresa|uno|boleta|por|el|honorario|,|donde|él|señalar|claramente|el|monto|de|el|total|,|el|descuento|de|el|10|%|y|el|suma|por|recibir|,|además|de|el|dato|de|el|trabajador|y|de|el|destinatario|.	destinatario
es_190_[1]	spanish	Tal vez se cuestione por qué tiene que someterse a esta disciplina e inconveniencia de presupuestar su propia vida.	cuestione	0.2	es	False	tal|vez|él|cuestionar|por|qué|tener|que|someter|él|a|este|disciplina|e|inconveniencia|de|presupuestar|su|propio|vida|.	cuestionar
es_191_[1]	spanish	Las transacciones en cajeros deben ser personalizadas, no preste su tarjeta y no de la clave a ningún amigo o conocido para que realice las transacciones por usted.	personalizadas	0.2	es	False	el|transacción|en|cajero|deber|ser|personalizar|,|no|prestir|su|tarjeta|y|no|de|el|clave|a|ninguno|amigo|o|conocido|para|que|realizar|el|transacción|por|tú|.	personalizado
es_192_[1]	spanish	Tiene que educarse activamente en estas materias (rendimientos, balances y contabilidad, negocios, mercados, negociación, contratos) y desarrollar aptitudes comerciales.	aptitudes	0.425	es	False	tener|que|educar|él|activamente|en|este|materia|(|rendimiento|,|balance|y|contabilidad|,|negocio|,|mercado|,|negociación|,|contrato|)|y|desarrollar|aptitud|comercial|.	aptitud
es_193_[1]	spanish	Tal vez una familia numerosa ocupaba una pocilga o una pequeña parte de un inquilinato, compuesta de dos o tres cuartos.	inquilinato	0.65	es	False	tal|vez|uno|familia|numeroso|ocupar|uno|pocilga|o|uno|pequeño|parte|de|uno|inquilinato|,|compuesto|de|dos|o|tres|cuarto|.	inquilinato
es_194_[1]	spanish	La tarea fundamental de la empresa es la de organizar y poner en acción los factores productivos que son los recursos naturales (materias primas), el trabajo y el capital, para transformarlos en bienes y servicios.	fundamental	0.3	es	False	el|tarea|fundamental|de|el|empresa|ser|el|de|organizar|y|poner|en|acción|el|factor|productivo|que|ser|el|recurso|natural|(|materia|primo|)|,|el|trabajo|y|el|capital|,|para|transformar|él|en|bien|y|servicio|.	fundamental
es_195_[1]	spanish	El problema es que esas penalizaciones tienen a la larga una repercusión negativa en la historia de crédito, la cual es muy importante en todas las finanzas y desde luego, en las finanzas personales y familiares.	penalizaciones	0.325	es	False	el|problema|ser|que|ese|penalización|tener|a|el|largo|uno|repercusión|negativo|en|el|historia|de|crédito|,|el|cual|ser|mucho|importante|en|todo|el|finanzas|y|desde|luego|,|en|el|finanzas|personal|y|familiar|.	penalización
es_196_[1]	spanish	El desempleo involuntario es un fenómeno muy común y que se ha acentuado calamitosamente en los últimos tiempos, en los países y en las economías modernas.	acentuado	0.5	es	False	el|desempleo|involuntario|ser|uno|fenómeno|mucho|común|y|que|él|haber|acentuado|calamitosamente|en|el|último|tiempo|,|en|el|país|y|en|el|economía|moderno|.	acentuado
es_197_[3]	spanish	De cierto modo, lo global se contrapone a lo tribal, entendiendo esto último como la conveniencia de la defensa de las culturas locales, en su mayoría de orígenes ancestrales.	contrapone	0.45	es	False	de|cierto|modo|,|él|global|él|contraponer|a|él|tribal|,|entender|este|último|como|el|conveniencia|de|el|defensa|de|el|cultura|local|,|en|su|mayoría|de|origen|ancestral|.	contraponer
es_198_[2]	spanish	A continuación, te presentamos un panorama general de los tipos de inversiones habituales.	habituales	0.275	es	False	a|continuación|,|tú|presentar|uno|panorama|general|de|el|tipo|de|inversión|habitual|.	habitual
es_199_[1]	spanish	Los accionistas comunes están sujetos a que la compañía decida no distribuir los dividendos y que los montos distribuidos fluctúen considerablemente de un periodo a otro.	fluctúen	0.575	es	False	el|accionista|común|estar|sujeto|a|que|el|compañía|decidir|no|distribuir|el|dividendo|y|que|el|monto|distribuido|fluctuar|considerablemente|de|uno|periodo|a|otro|.	fluctuar
es_200_[1]	spanish	Al igual que en el resto de las disciplinas, en la Economía se distinguen tres tipos fundamentales de leyes: Leyes causales: las determinan las relaciones en las que, a continuación de un hecho, acción o acto determinado, sobreviene constantemente otro hecho determinado, en un lapso determinado.	sobreviene	0.475	es	False	a|el|igual|que|en|el|resto|de|el|disciplina|,|en|el|Economía|él|distinguir|tres|tipo|fundamental|de|ley|:|leyes|causal|:|él|determinar|el|relación|en|el|que|,|a|continuación|de|uno|hecho|,|acción|o|acto|determinado|,|sobrevenir|constantemente|otro|hecho|determinado|,|en|uno|lapso|determinado|.	sobrevenir
es_201_[1]	spanish	Esta circunstancia o familiaridad hace que el concepto sea comprendido fácilmente, aunque quizás no el uso o manejo adecuado, ya que para este se requieren otras habilidades y valores más que el solo conocimiento.	circunstancia	0.25	es	False	este|circunstancia|o|familiaridad|hacer|que|el|concepto|ser|comprender|fácilmente|,|aunque|quizás|no|el|uso|o|manejo|adecuado|,|ya|que|para|este|él|requerir|otro|habilidad|y|valor|más|que|el|solo|conocimiento|.	circunstancia
es_202_[2]	spanish	Evalúa dar al menos algunos de los siguientes pasos: Antes de omitir un pago, llama a tus acreedores para analizar las opciones.	omitir	0.2	es	False	evalúar|dar|a|el|menos|alguno|de|el|siguiente|paso|:|antes|de|omitir|uno|pago|,|llamar|a|tu|acreedor|para|analizar|el|opción|.	omitir
es_203_[1]	spanish	La austeridad significa realizar el gasto necesario y está asociado al ahorro, que tiene una connotación completamente diferente al de avaricia que se refiere a un afán desordenado de poseer riquezas o dinero para atesorarlo, que puede inducir a actuar con envidia y actos negativos.	connotación	0.55	es	False	el|austeridad|significar|realizar|el|gasto|necesario|y|estar|asociado|a|el|ahorro|,|que|tener|uno|connotación|completamente|diferente|a|el|de|avaricia|que|él|referir|a|uno|afán|desordenado|de|poseer|riqueza|o|dinero|para|atesorar|él|,|que|poder|inducir|a|actuar|con|envidia|y|acto|negativo|.	connotación
es_204_[4]	spanish	Acorde a los datos presentados se puede observar que a pesar de observarse un crecimiento del 0.7% en el total de activos circulantes; esta cuenta está utilizando un menor porcentaje de los recursos totales invertidos entre el 2016 y el 2017.	circulantes	0.525	es	False	acorde|a|el|dato|presentado|él|poder|observar|que|a|pesar|de|observar|él|uno|crecimiento|de|el|0.7|%|en|el|total|de|activo|circulante|;|este|cuenta|estar|utilizar|uno|menor|porcentaje|de|el|recurso|total|invertido|entre|el|2016|y|el|2017|.	circulante
es_205_[2]	spanish	Si te denegaron un crédito, tienes derecho a obtener un informe crediticio gratis.	denegaron	0.2	es	False	si|tú|denegar|uno|crédito|,|tener|derecho|a|obtener|uno|informe|crediticio|gratis|.	denegar
es_206_[2]	spanish	Si la agencia determina que la información que contiene el informe es inexacta, el acreedor debe notificar a las otras agencias de informes crediticios sobre la existencia del error para que ellos también puedan corregir la información.	inexacta	0.425	es	False	si|el|agencia|determinar|que|el|información|que|contener|el|informe|ser|inexacto|,|el|acreedor|deber|notificar|a|el|otro|agencia|de|informe|crediticio|sobre|el|existencia|de|el|error|para|que|él|también|poder|corregir|el|información|.	inexacto
es_207_[2]	spanish	Anteriormente, mencionamos las formas de averiguar a dónde va a parar tu dinero y cómo detener las fugas de dinero.	averiguar	0.175	es	False	anteriormente|,|mencionar|el|forma|de|averiguar|a|dónde|ir|a|parar|tu|dinero|y|cómo|detener|el|fuga|de|dinero|.	averiguar
es_208_[4]	spanish	Por otra parte, el tercer principio se orienta a los egresos y señala: disminuir las salidas de dinero	disminuir	0.225	es	False	por|otro|parte|,|el|tercero|principio|él|orientar|a|el|egreso|y|señalar|:|disminuir|el|salida|de|dinero	disminuir
es_209_[1]	spanish	Todos los habitantes de la sociedad toman decisiones económicas, para mejorar sus remuneraciones, su consumo y, consecuentemente, elevar su bienestar.	remuneraciones	0.6	es	False	todo|el|habitante|de|el|sociedad|tomar|decisión|económico|,|para|mejorar|su|remuneración|,|su|consumo|y|,|consecuentemente|,|elevar|su|bienestar|.	remuneración
es_210_[4]	spanish	Dependiendo de las circunstancias y particularidades de cada proyecto, es posible que tenga que evaluarse la rentabilidad ante movimientos de tres o más variables.	particularidades	0.35	es	False	depender|de|el|circunstancia|y|particularidad|de|cada|proyecto|,|ser|posible|que|tener|que|evaluar|él|el|rentabilidad|ante|movimiento|de|tres|o|más|variable|.	particularidad
es_211_[1]	spanish	El Banco Mundial, al definir la pobreza, establece un tope de ingreso de un dólar al día por persona.	tope	0.325	es	False	el|Banco|Mundial|,|a|el|definir|el|pobreza|,|establecer|uno|tope|de|ingreso|de|uno|dólar|a|el|día|por|persona|.	tope
es_212_[1]	spanish	Para poder cumplir con los nuevos pedidos, la empresa necesita construir nuevos hornos, comprar más materiales y contratar más personas para su manejo y el de las nuevas máquinas que también se tuvo que adquirir.	adquirir	0.3	es	False	para|poder|cumplir|con|el|nuevo|pedido|,|el|empresa|necesitar|construir|nuevo|horno|,|comprar|más|material|y|contratar|más|persona|para|su|manejo|y|el|de|el|nuevo|máquina|que|también|él|tener|que|adquirir|.	adquirir
es_213_[1]	spanish	La mejor forma de evitar el pago de tasas de interés altas y penalidades, es llevando la cuenta de los gastos realizados con su tarjeta de crédito.	penalidades	0.5	es	False	el|mejor|forma|de|evitar|el|pago|de|tasa|de|interés|alto|y|penalidad|,|ser|llevar|el|cuenta|de|el|gasto|realizado|con|su|tarjeta|de|crédito|.	penalidad
es_214_[1]	spanish	Cada vez que ellos se metían en una situación que no les gustaba, las primeras palabras que balbuceaban era	balbuceaban	0.4	es	False	cada|vez|que|él|él|meter|en|uno|situación|que|no|él|gustar|,|el|primero|palabra|que|balbucear|ser	balbucear
es_215_[1]	spanish	Una incapacidad, y máxime si se trata de una incapacidad total es supremamente complicada para cualquier persona, y algunos dicen que lo es más que la misma muerte prematura, porque además de la pérdida de la fuente generadora de ingresos hay que sumar por lo general los gastos médicos.	supremamente	0.25	es	False	uno|incapacidad|,|y|máxime|si|él|tratar|de|uno|incapacidad|total|ser|supremamente|complicado|para|cualquiera|persona|,|y|alguno|decir|que|él|ser|más|que|el|mismo|muerte|prematura|,|porque|además|de|el|pérdida|de|el|fuente|generador|de|ingreso|haber|que|sumar|por|él|general|el|gasto|médico|.	supremamente
es_216_[3]	spanish	Para ello disponen de sistemas de información que les proporcionan datos financieros y no financieros periódicamente.	proporcionan	0.275	es	False	para|él|disponer|de|sistema|de|información|que|él|proporcionar|dato|financiero|y|no|financiero|periódicamente|.	proporcionar
es_217_[1]	spanish	La lista de cuentas aludida es invaluable para la familia si usted llega a estar incapacitado o muere repentinamente.	aludida	0.725	es	False	el|lista|de|cuenta|aludido|ser|invaluable|para|el|familia|si|tú|llegar|a|estar|incapacitado|o|morir|repentinamente|.	aludido
es_218_[3]	spanish	Cada año, en los meses de marzo y abril, el Servicio de Impuestos Internos propone declaraciones digitales a los contribuyentes (declaraciones de renta precalculadas por la institución), particularmente para personas naturales y pequeñas empresas.	particularmente	0.275	es	False	cada|año|,|en|el|mes|de|marzo|y|abril|,|el|Servicio|de|Impuestos|Internos|proponer|declaración|digital|a|el|contribuyente|(|declaración|de|renta|precalculado|por|el|institución|)|,|particularmente|para|persona|natural|y|pequeño|empresa|.	particularmente
es_219_[3]	spanish	Diez años si la prescripción se interrumpe mediante reconocimiento escrito de la obligación tributaria por parte del contribuyente.	prescripción	0.55	es	False	Diez|año|si|el|prescripción|él|interrumper|mediante|reconocimiento|escrito|de|el|obligación|tributario|por|parte|de|el|contribuyente|.	prescripción
es_220_[1]	spanish	Hoy en día han surgido los diferentes medios de pago (antes mencionados) que eliminan el riesgo de robo y se pueden recuperar en caso de extravío, son fáciles de manejar y permiten el control de ingresos y gastos.	extravío	0.325	es	False	hoy|en|día|haber|surgir|el|diferente|medio|de|pago|(|antes|mencionado|)|que|eliminar|el|riesgo|de|robo|y|él|poder|recuperar|en|caso|de|extravío|,|ser|fácil|de|manejar|y|permitir|el|control|de|ingreso|y|gasto|.	extravío
es_221_[1]	spanish	Por consiguiente, primero compran las cosas que necesitan, después las que más desean y prescinden de lo demás.	prescinden	0.625	es	False	por|consiguiente|,|primero|comprar|el|cosa|que|necesitar|,|después|el|que|más|desear|y|prescindir|de|él|demás|.	prescindir
es_222_[4]	spanish	Por ejemplo, en la tabla anterior se muestra una reducción de los Otros Ingresos, sin embargo no se puede identificar cuál es la razón para dicha reducción.	razón	0.175	es	False	por|ejemplo|,|en|el|tabla|anterior|él|mostrar|uno|reducción|de|el|otro|Ingresos|,|sin|embargo|no|él|poder|identificar|cuál|ser|el|razón|para|dicho|reducción|.	razón
es_223_[2]	spanish	Con frecuencia, estas compañías cobran honorarios costosos por cosas que podrías hacer tú mismo.	costosos	0.2	es	False	con|frecuencia|,|este|compañía|cobrar|honorario|costoso|por|cosa|que|poder|hacer|tú|mismo|.	costoso
es_224_[1]	spanish	También, en los países existen otras instituciones depositarias de ahorros como las cajas de ahorro, asociaciones de ahorro y préstamo, por ejemplo que, por lo general, otorgan préstamos hipotecarios para vivienda, préstamos al consumidor o para fines específicos.	otorgan	0.225	es	False	también|,|en|el|país|existir|otro|institución|depositario|de|ahorro|como|el|caja|de|ahorro|,|asociación|de|ahorro|y|préstamo|,|por|ejemplo|que|,|por|él|general|,|otorgar|préstamo|hipotecario|para|vivienda|,|préstamo|a|el|consumidor|o|para|fin|específico|.	otorgar
es_225_[1]	spanish	El documento antes citado, la define también como: el rompimiento del equilibrio psicofisiológico que experimenta el ser humano, provocado por la falta o exceso de algo.	rompimiento	0.275	es	False	el|documento|antes|citado|,|él|definir|también|como|:|el|rompimiento|de|el|equilibrio|psicofisiológico|que|experimentar|el|ser|humano|,|provocado|por|el|falta|o|exceso|de|algo|.	rompimiento
es_226_[1]	spanish	La función de concentración de recursos, tiene que ver con la racionalidad de las personas que invierten al decidir cómo y dónde destinar sus recursos financieros, teniendo en cuenta la evaluación que realicen de la relación riesgo	racionalidad	0.5	es	False	el|función|de|concentración|de|recurso|,|tener|que|ver|con|el|racionalidad|de|el|persona|que|invertir|a|el|decidir|cómo|y|dónde|destinar|su|recurso|financiero|,|tener|en|cuenta|el|evaluación|que|realizar|de|el|relación|riesgo	racionalidad
es_227_[1]	spanish	Después surgió la moneda y posteriormente surgió el papel-moneda, que por mucho tiempo fueron los principales medios para los intercambios comerciales.	surgió	0.25	es	False	después|surgir|el|moneda|y|posteriormente|surgir|el|papel-moneda|,|que|por|mucho|tiempo|ser|el|principal|medio|para|el|intercambio|comercial|.	surgir
es_228_[1]	spanish	A éstos se les coloca una fecha posterior al momento en que se elabora el cheque, como manera de recordarle al que lo recibe que la cuenta no tendrá los fondos suficientes si no hasta el día que se indica en el cheque y que sólo entonces podrá hacerlo efectivo.	coloca	0.175	es	False	a|este|él|él|colocar|uno|fecha|posterior|a|el|momento|en|que|él|elaborar|el|cheque|,|como|manera|de|recordar|él|a|el|que|él|recibir|que|el|cuenta|no|tener|el|fondo|suficiente|si|no|hasta|el|día|que|él|indicar|en|el|cheque|y|que|sólo|entonces|poder|hacer|él|efectivo|.	colocar
es_229_[1]	spanish	Colisión: Choque de dos cuerpos. Oposición y pugna de ideas, principios o intereses. Parte del ingreso que no se destina al ahorro, sino que es aplicado a la adquisición de alimentos, educación, ocio, entre otros.	pugna	0.85	es	False	Colisión|:|choque|de|dos|cuerpo|.|Oposición|y|pugna|de|idea|,|principio|o|interés|.|parte|de|el|ingreso|que|no|él|destinar|a|el|ahorro|,|sino|que|ser|aplicar|a|el|adquisición|de|alimento|,|educación|,|ocio|,|entre|otro|.	pugna
es_230_[3]	spanish	La corrupción, en tanto, es lo opuesto a la honradez y se la asocia con el vicio, el soborno, la perversión y otros calificativos vinculados a lo inmoral y a la falta de ética personal y empresarial en el actuar.	asocia	0.15	es	False	el|corrupción|,|en|tanto|,|ser|él|opuesto|a|el|honradez|y|él|él|asociar|con|el|vicio|,|el|soborno|,|el|perversión|y|otro|calificativo|vinculado|a|él|inmoral|y|a|el|falta|de|ética|personal|y|empresarial|en|el|actuar|.	asociar
es_231	spanish	No obstante, sería imprudente ejecutar un proyecto únicamente con el resultado de un análisis de rentabilidad; puesto que, para realizar el flujo de caja proyectado se realizaron varios supuestos que no necesariamente tienen que cumplirse.	únicamente	0.25	es	False	no|obstante|,|ser|imprudente|ejecutar|uno|proyecto|únicamente|con|el|resultado|de|uno|análisis|de|rentabilidad|;|puesto|que|,|para|realizar|el|flujo|de|caja|proyectado|él|realizar|varios|supuesto|que|no|necesariamente|tener|que|cumplir|él|.	únicamente
es_232	spanish	La quiebra del capítulo 13 permanece en tus antecedentes crediticios por al menos siete años.	permanece	0.375	es	False	el|quiebra|de|el|capítulo|13|permanecer|en|tu|antecedente|crediticio|por|a|el|menos|siete|año|.	permanecer
es_233	spanish	Esta modalidad de cheques posfechados no es avalada por la legislación de algunos países que considera que el cheque se convierte en un instrumento de crédito.	avalada	0.675	es	False	este|modalidad|de|cheque|posfechado|no|ser|avalar|por|el|legislación|de|alguno|país|que|considerar|que|el|cheque|él|convertir|en|uno|instrumento|de|crédito|.	avalar
es_234	spanish	Para realizar el presupuesto, digamos finalmente, que los autores que se han dedicado a este asunto y al de las finanzas personales y familiares, han propuesto diferentes modelos, alguno o algunos de los cuales presentaremos en el capítulo antes aludido.	familiares	0.25	es	False	para|realizar|el|presupuesto|,|decir|finalmente|,|que|el|autor|que|él|haber|dedicar|a|este|asunto|y|a|el|de|el|finanzas|personal|y|familiar|,|haber|proponer|diferente|modelo|,|alguno|o|alguno|de|el|cual|presentar|en|el|capítulo|antes|aludido|.	familiar
es_235	spanish	De todas maneras, señala el Diccionario aludido, mercantilista entre riqueza y dinero, y persiste más aún el concepto de la riqueza material computable o medible en dinero.	mercantilista	0.825	es	False	de|todo|manera|,|señalar|el|Diccionario|aludido|,|mercantilista|entre|riqueza|y|dinero|,|y|persistir|más|aún|el|concepto|de|el|riqueza|material|computable|o|medible|en|dinero|.	mercantilista
es_236	spanish	El proceso está orientado para que se eduque de un modo gradual y constante en las habilidades y conocimientos requeridos para los negocios, finanzas e inversiones.	eduque	0.375	es	False	el|proceso|estar|orientar|para|que|él|educar|de|uno|modo|gradual|y|constante|en|el|habilidad|y|conocimiento|requerido|para|el|negocio|,|finanzas|e|inversión|.	educar
es_237	spanish	Existen ocho áreas fundamentales que debes tener en cuenta cuando planeas mantenerte tú mismo cuando te jubiles:	jubiles	0.45	es	False	existir|ocho|área|fundamental|que|deber|tener|en|cuenta|cuando|planear|mantener|tú|tú|mismo|cuando|tú|jubil|:	jubil
es_238	spanish	El caso más frecuente es el de la ansiedad, zozobra y desesperación por mantener y obtener cada vez ingresos más altos, lo cual creo se comprende como una resultante impuesta por la sociedad de consumo que nos rige.	zozobra	0.9	es	False	el|caso|más|frecuente|ser|el|de|el|ansiedad|,|zozobra|y|desesperación|por|mantener|y|obtener|cada|vez|ingreso|más|alto|,|él|cual|creer|él|comprender|como|uno|resultante|impuesto|por|el|sociedad|de|consumo|que|yo|regir|.	zozobra
es_239	spanish	Un problema de solvencia implica que la compañía no está generando rentabilidad para los accionistas y si este problema persiste, no tendría sentido seguir operando.	compañía	0.25	es	False	uno|problema|de|solvencia|implicar|que|el|compañía|no|estar|generar|rentabilidad|para|el|accionista|y|si|este|problema|persistir|,|no|tener|sentido|seguir|operar|.	compañía
es_240	spanish	El crédito personal es, igualmente, una facilidad crediticia en la cual la garantía del mismo es la promesa de pago incondicional de un deudor que goza de muy buena reputación y solvencia económica, moral y crediticia (Garantía fiduciaria).	crediticia	0.65	es	False	el|crédito|personal|ser|,|igualmente|,|uno|facilidad|crediticia|en|el|cual|el|garantía|de|el|mismo|ser|el|promesa|de|pago|incondicional|de|uno|deudor|que|gozar|de|mucho|buen|reputación|y|solvencia|económico|,|moral|y|crediticia|(|Garantía|fiduciario|)|.	crediticia
es_241	spanish	Si detecta algún dispositivo inusual o anormal en el equipo, añadidos, reparaciones mal hechas, no realice transacciones y notifique a la entidad financiera a la mayor brevedad posible.	notifique	0.225	es	False	si|detectar|alguno|dispositivo|inusual|o|anormal|en|el|equipo|,|añadido|,|reparación|mal|hecho|,|no|realizar|transacción|y|notificar|a|el|entidad|financiero|a|el|mayor|brevedad|posible|.	notificar
es_242	spanish	El ingreso de una persona, de una familia o de una empresa, e incluso del Estado, es la cantidad de dinero que ésta recibe por realizar una actividad determinada remunerable (negocio, trabajo, venta de productos, etc.	determinada	0.325	es	False	el|ingreso|de|uno|persona|,|de|uno|familia|o|de|uno|empresa|,|e|incluso|de|el|Estado|,|ser|el|cantidad|de|dinero|que|este|recibir|por|realizar|uno|actividad|determinado|remunerable|(|negocio|,|trabajo|,|venta|de|producto|,|etcétera|.	determinado
es_243	spanish	En esta lista se deben incluir la casa, los alquileres, los servicios, alimentación, vestuario y otros gastos obvios.	incluir	0.2	es	False	en|este|lista|él|deber|incluir|el|casa|,|el|alquiler|,|el|servicio|,|alimentación|,|vestuario|y|otro|gasto|obvio|.	incluir
es_244	spanish	Se otorga sobre vehículos del año, 0 kilómetros, nuevos, de agencias reconocidas.	reconocidas	0.275	es	False	él|otorgar|sobre|vehículo|de|el|año|,|0|kilómetro|,|nuevo|,|de|agencia|reconocido|.	reconocido
es_245	spanish	Posiblemente sea mejor cambiar el auto por otro más barato o usar un medio de transporte alternativo, en vez de dejar que el acreedor recupere el auto, lo que dañaría tus antecedentes crediticios.	dañaría	0.3	es	False	posiblemente|ser|mejor|cambiar|el|auto|por|otro|más|barato|o|usar|uno|medio|de|transporte|alternativo|,|en|vez|de|dejar|que|el|acreedor|recuperar|el|auto|,|él|que|dañar|tu|antecedente|crediticio|.	dañar
es_246	spanish	Los pagos electrónicos son aquellas transacciones en que se utilizan canales electrónicos para realizar pagos monetarios sin el empleo de efectivo como medio de pago.	realizar	0.175	es	False	el|pago|electrónico|ser|aquel|transacción|en|que|él|utilizar|canal|electrónico|para|realizar|pago|monetario|sin|el|empleo|de|efectivo|como|medio|de|pago|.	realizar
es_247	spanish	Los intereses corresponden a pagos que se realizan por la utilización de dinero por un cierto plazo.	realizan	0.25	es	False	el|interés|corresponder|a|pago|que|él|realizar|por|el|utilización|de|dinero|por|uno|cierto|plazo|.	realizar
es_248	spanish	Los principales delitos de este tipo son el tráfico de influencias, el fraude, el lavado de dinero, el cohecho, la quiebra fraudulenta y la estafa.	cohecho	0.9	es	False	el|principal|delito|de|este|tipo|ser|el|tráfico|de|influencia|,|el|fraude|,|el|lavado|de|dinero|,|el|cohecho|,|el|quiebra|fraudulento|y|el|estafa|.	cohecho
es_249	spanish	Éste, está probado, no se tiene con el simple ahorro, o al menos con éste aquél es lento y no con la celeridad que quizás se desea, al fin y al cabo la vida es bastante corta y llena de permanentes riesgos y contingencias que es necesario enfrentar permanentemente.	enfrentar	0.425	es	False	este|,|estar|probado|,|no|él|tener|con|el|simple|ahorro|,|o|a|el|menos|con|este|aquél|ser|lento|y|no|con|el|celeridad|que|quizás|él|desear|,|a|el|fin|y|a|el|cabo|el|vida|ser|bastante|corto|y|lleno|de|permanente|riesgo|y|contingencia|que|ser|necesario|enfrentar|permanentemente|.	enfrentar
es_250	spanish	No va a saber exactamente lo que cuesta cada uno de sus gastos mensuales (por ejemplo, los servicios), pero debe ser un estimativo bastante realista.	realista	0.275	es	False	no|ir|a|saber|exactamente|él|que|costar|cada|uno|de|su|gasto|mensual|(|por|ejemplo|,|el|servicio|)|,|pero|deber|ser|uno|estimativo|bastante|realista|.	realista
es_251	spanish	Este impuesto siempre está incorporado en el precio de las boletas de compras y ventas.	boletas	0.55	es	False	este|impuesto|siempre|estar|incorporado|en|el|precio|de|el|boleta|de|compra|y|venta|.	boleta
es_252	spanish	Control centralizado de cuentas: verificar el detalle de todas las cuentas (tanto corrientes como de ahorro) en una sola pantalla.	centralizado	0.575	es	False	control|centralizado|de|cuenta|:|verificar|el|detalle|de|todo|el|cuenta|(|tanto|corriente|como|de|ahorro|)|en|uno|solo|pantalla|.	centralizado
es_253	spanish	Un ejemplo sería ahorrar al menos $5 000 cada año para invertir para la jubilación.	ahorrar	0.275	es	False	uno|ejemplo|ser|ahorrar|a|el|menos|$5|000|cada|año|para|invertir|para|el|jubilación|.	ahorrar
es_254	spanish	Los bancos usan varios métodos para calcular los intereses y le toca a usted aprender cómo su banco computa estos cargos:	usan	0.125	es	False	el|banco|usar|varios|método|para|calcular|el|interés|y|él|tocar|a|tú|aprender|cómo|su|banco|computar|este|cargo|:	usar
es_255	spanish	Por ejemplo, cuando se invierte en una casa y se habita disfrutando de esta y además se puede obtener rentabilidad financiera en caso de venta o arriendo.	arriendo	0.725	es	False	por|ejemplo|,|cuando|él|invertir|en|uno|casa|y|él|habitar|disfrutar|de|este|y|además|él|poder|obtener|rentabilidad|financiero|en|caso|de|venta|o|arrir|.	arrir
es_256	spanish	Las cifras también muestran un incremento en la capitalización de la compañía a través del aumento de acciones, superávit de capital y utilidades retenidas.	utilidades	0.625	es	False	el|cifra|también|mostrar|uno|incremento|en|el|capitalización|de|el|compañía|a|través|de|el|aumento|de|acción|,|superávit|de|capital|y|utilidad|retenido|.	utilidad
es_257	spanish	La jerarquía de necesidades de Maslow (pirámide de Maslow) consta de 5 niveles: Los cuatro primeros niveles pueden ser agrupados como necesidades del déficit (Deficit needs); el nivel superior se le denomina como una necesidad del ser (being needs).	consta	0.4	es	False	el|jerarquía|de|necesidad|de|maslow|(|pirámide|de|maslow|)|constar|de|5|nivel|:|el|cuatro|primero|nivel|poder|ser|agrupar|como|necesidad|de|el|déficit|(|deficit|needs|)|;|el|nivel|superior|él|él|denominar|como|uno|necesidad|de|el|ser|(|being|needs|)|.	constar
es_258	spanish	Sobre el particular, dicen que las personas dentro de una multitud son arrastradas a hacer cosas que solas no lo harían y, citan lo siguiente:	solas	0.3	es	False	sobre|el|particular|,|decir|que|el|persona|dentro|de|uno|multitud|ser|arrastrar|a|hacer|cosa|que|solo|no|él|hacer|y|,|citar|él|siguiente|:	solo
es_259	spanish	El crédito de los ciudadanos en las cosas más nimias no debe ser esclavizado y dependiente de una multitud de oficiales subalternos de las rentas.	rentas	0.425	es	False	el|crédito|de|el|ciudadano|en|el|cosa|más|nimio|no|deber|ser|esclavizar|y|dependiente|de|uno|multitud|de|oficial|subalterno|de|el|renta|.	renta
es_260	spanish	Los que ahorran piden que se les pague un precio por postergar su consumo, y los que demandan el dinero ahorrado (piden un crédito) para hacer una inversión están dispuestos a pagar un precio por ese dinero con tal de no perder la oportunidad de invertir y sacar un mayor resultado.	ahorran	0.225	es	False	el|que|ahorrar|pedir|que|él|él|pagar|uno|precio|por|postergar|su|consumo|,|y|el|que|demandar|el|dinero|ahorrar|(|pedir|uno|crédito|)|para|hacer|uno|inversión|estar|dispuesto|a|pagar|uno|precio|por|ese|dinero|con|tal|de|no|perder|el|oportunidad|de|invertir|y|sacar|uno|mayor|resultado|.	ahorrar
es_261	spanish	La última columna indica la diferencia favorable entre los flujos de ingresos por exportaciones menos los flujos de egresos por el pago de importaciones.	favorable	0.475	es	False	el|último|columna|indicar|el|diferencia|favorable|entre|el|flujo|de|ingreso|por|exportación|menos|el|flujo|de|egreso|por|el|pago|de|importación|.	favorable
es_262	spanish	Pero si eso ocurre habitualmente, tienes un flujo de fondos negativo y tu presupuesto está desequilibrado.	desequilibrado	0.4	es	False	pero|si|ese|ocurrir|habitualmente|,|tener|uno|flujo|de|fondo|negativo|y|tu|presupuesto|estar|desequilibrado|.	desequilibrado
es_263	spanish	En virtud de estas y otras reflexiones fue que se diseñó este capítulo en el marco del Libro Maestro de la cual forma parte sustantiva.	reflexiones	0.4	es	False	en|virtud|de|este|y|otro|reflexión|ser|que|él|diseñar|este|capítulo|en|el|marco|de|el|Libro|maestro|de|el|cual|formar|parte|sustantivo|.	reflexión
es_264	spanish	Afiliación: Están relacionadas con el desarrollo afectivo del individuo, son las necesidades de asociación, participación y aceptación en el grupo de trabajo, entre estas se encuentran: la amistad, el afecto y el amor.	afecto	0.275	es	False	afiliación|:|estar|relacionado|con|el|desarrollo|afectivo|de|el|individuo|,|ser|el|necesidad|de|asociación|,|participación|y|aceptación|en|el|grupo|de|trabajo|,|entre|este|él|encontrar|:|el|amistad|,|el|afecto|y|el|amor|.	afecto
es_265	spanish	Antivirus es un programa informático específicamente diseñado para detectar y eliminar virus; el uso correcto permite el bloqueo infranqueable de los virus y demás códigos maliciosos.	maliciosos	0.375	es	False	antivirus|ser|uno|programa|informático|específicamente|diseñado|para|detectar|y|eliminar|virus|;|el|uso|correcto|permitir|el|bloqueo|infranqueable|de|el|virus|y|demás|código|malicioso|.	malicioso
es_266	spanish	En esta coyuntura surge el dinero que es casi un concepto abstracto, por lo simbólico, de allí la dificultad para algunos de definirlo y más para comprenderlo.	abstracto	0.575	es	False	en|este|coyuntura|surgir|el|dinero|que|ser|casi|uno|concepto|abstracto|,|por|él|simbólico|,|de|allí|el|dificultad|para|alguno|de|definir|él|y|más|para|comprender|él|.	abstracto
es_267	spanish	Estas alternativas permiten rendimientos más reducidos, mientras los de plazo definido consideran pago de intereses.	alternativas	0.425	es	False	este|alternativa|permitir|rendimiento|más|reducido|,|mientras|el|de|plazo|definido|considerar|pago|de|interés|.	alternativa
es_268	spanish	Los segundos enfatizan en la dependencia y pérdida de identidad cultural que traen las nuevas prácticas y costumbre foráneas.	foráneas	0.65	es	False	el|segundo|enfatizar|en|el|dependencia|y|pérdida|de|identidad|cultural|que|traer|el|nuevo|práctica|y|costumbre|foráneo|.	foráneo
es_269	spanish	Para la operación óptima de dicha infraestructura ha sido necesaria la inversión de cifras millonarias de dinero para la compra, actualización y mantenimiento de equipo, redes de comunicación y software, con el fin de mantener los servicios operando las 24 horas de todos los días del año.	infraestructura	0.5	es	False	para|el|operación|óptimo|de|dicho|infraestructura|haber|ser|necesario|el|inversión|de|cifra|millonario|de|dinero|para|el|compra|,|actualización|y|mantenimiento|de|equipo|,|red|de|comunicación|y|software|,|con|el|fin|de|mantener|el|servicio|operar|el|24|hora|de|todo|el|día|de|el|año|.	infraestructura
es_270	spanish	Es cierto que mis padres no tenían los medios financieros para que fuera a la universidad cuando terminé la secundaria, pero fue mi miedo lo que me impidió hacerlo.	secundaria	0.3	es	False	ser|cierto|que|mi|padre|no|tener|el|medio|financiero|para|que|ser|a|el|universidad|cuando|terminé|el|secundaria|,|pero|ser|mi|miedo|él|que|yo|impedir|hacer|él|.	secundaria
es_271	spanish	Con frecuencia en el país la gente se queja del alto costo de vida, especialmente en los últimos tiempos, y esto porque los productos de uso inmediato, así como muchos de los servicios esenciales, aumentan su valor constantemente.	constantemente	0.35	es	False	con|frecuencia|en|el|país|el|gente|él|quejar|de|el|alto|costo|de|vida|,|especialmente|en|el|último|tiempo|,|y|este|porque|el|producto|de|uso|inmediato|,|así|como|mucho|de|el|servicio|esencial|,|aumentar|su|valor|constantemente|.	constantemente
es_272	spanish	Esto es, la entrega del cheque no libera jurídicamente al deudor ni, consecuentemente extingue su débito.	libera	0.425	es	False	este|ser|,|el|entrega|de|el|cheque|no|liberar|jurídicamente|a|el|deudor|ni|,|consecuentemente|extinguir|su|débito|.	liberar
es_273	spanish	Si alguno de los rubros mencionados en estas tablas no involucra efectivo, entonces no debe considerarse para la elaboración del estado financiero.	considerarse	0.425	es	False	si|alguno|de|el|rubro|mencionado|en|este|tabla|no|involucrar|efectivo|,|entonces|no|deber|considerar|él|para|el|elaboración|de|el|estado|financiero|.	considerar|él
es_274	spanish	El precio de los bienes o servicios es determinado por el comprador ya que, al ser único, posee el poder de mercado y los numerosos oferentes deben adaptarse a sus exigencias.	exigencias	0.475	es	False	el|precio|de|el|bien|o|servicio|ser|determinar|por|el|comprador|ya|que|,|a|el|ser|único|,|poseer|el|poder|de|mercado|y|el|numeroso|oferente|deber|adaptar|él|a|su|exigencia|.	exigencia
es_275	spanish	Si existe igualdad fiscal todos los ciudadanos tendrán constante necesidad de reunirse y de obrar en asuntos que a todos interesa y eso basta para conservar un nexo entre ellos.	conservar	0.3	es	False	si|existir|igualdad|fiscal|todo|el|ciudadano|tener|constante|necesidad|de|reunir|él|y|de|obrar|en|asunto|que|a|todo|interesar|y|ese|bastar|para|conservar|uno|nexo|entre|él|.	conservar
es_276	spanish	Es cierto que algunas cuentas 401(k) te permiten pedir dinero prestado, pero hacerlo enlentece el ritmo de crecimiento de la cuenta.	pedir	0.2	es	False	ser|cierto|que|alguno|cuenta|401(|k|)|tú|permitir|pedir|dinero|prestado|,|pero|hacer|él|enlentecer|el|ritmo|de|crecimiento|de|el|cuenta|.	pedir
es_277	spanish	En la actualidad, los impuestos que recauda el fisco permiten financiar gasto e inversiones y actividades de bien general en beneficio de los habitantes del territorio.	financiar	0.35	es	False	en|el|actualidad|,|el|impuesto|que|recaudar|el|fisco|permitir|financiar|gasto|e|inversión|y|actividad|de|bien|general|en|beneficio|de|el|habitante|de|el|territorio|.	financiar
es_278	spanish	Son diferentes las teorías psicológicas y psicosociales que sugieren la manera de llegar al cambio de las actitudes, las cuales afortunadamente no discrepan de manera preocupante.	teorías	0.425	es	False	ser|diferente|el|teoría|psicológico|y|psicosocial|que|sugerir|el|manera|de|llegar|a|el|cambio|de|el|actitud|,|el|cual|afortunadamente|no|discrepar|de|manera|preocupante|.	teoría
es_279	spanish	¡Cuánto más sencillo sería aceptar dinero de quien tuviere un aparato de televisión que necesitara reparación, y luego comprar sus comestibles y otros artículos con ese dinero!	comprar	0.125	es	False	¡|cuánto|más|sencillo|ser|aceptar|dinero|de|quien|tener|uno|aparato|de|televisión|que|necesitar|reparación|,|y|luego|comprar|su|comestible|y|otro|artículo|con|ese|dinero|!	comprar
es_280	spanish	Su audiencia hasta este punto había sido muy cortés y receptiva, y había estado muy contenta con el material que ella había mostrado.	mostrado	0.275	es	False	su|audiencia|hasta|este|punto|haber|ser|mucho|cortés|y|receptivo|,|y|haber|estar|mucho|contentar|con|el|material|que|él|haber|mostrar|.	mostrar
es_281	spanish	Su valor indica que por cada dólar invertido en el negocio, la compañía genera $2.05 en ventas.	invertido	0.35	es	False	su|valor|indicar|que|por|cada|dólar|invertido|en|el|negocio|,|el|compañía|generar|$2.05|en|venta|.	invertido
es_282	spanish	La entidad bancaria o institución emisora de la tarjeta proporcionará un estado de cuenta de las transacciones efectuadas por un período de tiempo determinado.	efectuadas	0.4	es	False	el|entidad|bancario|o|institución|emisora|de|el|tarjeta|proporcionar|uno|estado|de|cuenta|de|el|transacción|efectuado|por|uno|período|de|tiempo|determinado|.	efectuado
es_283	spanish	Como, en general, las personas no han recibido educación financiera, en el manejo que hacen de sus ingresos no prevén recursos que les permita tener alguna reserva económica para enfrentar alguna de las múltiples contingencias o imprevistos de que antes se ha hablado aquí.	permita	0.325	es	False	como|,|en|general|,|el|persona|no|haber|recibir|educación|financiero|,|en|el|manejo|que|hacer|de|su|ingreso|no|prever|recurso|que|él|permitir|tener|alguno|reserva|económico|para|enfrentar|alguno|de|el|múltiple|contingencia|o|imprevisto|de|que|antes|él|haber|hablar|aquí|.	permitir
es_284	spanish	Cuando empecé a estudiar las leyes fiscales (dice Mollien en sus Memorias) me horroricé de lo que veía: multas, prisiones, castigos corporales al arbitrio de tribunales especiales; los delegados tenían en sus manos a personas y bienes.	empecé	0.2	es	False	cuando|empezar|a|estudiar|el|ley|fiscal|(|decir|mollien|en|su|memorias|)|yo|horroricar|de|él|que|ver|:|multa|,|prisión|,|castigo|corporal|a|el|arbitrio|de|tribunal|especial|;|el|delegado|tener|en|su|mano|a|persona|y|bien|.	empezar
es_285	spanish	Los primeros sostienen que la integración e interacción de las naciones favorece a todos los pueblos, sin importar su origen o latitud.	sostienen	0.375	es	False	el|primero|sostener|que|el|integración|e|interacción|de|el|nación|favorecer|a|todo|el|pueblo|,|sin|importar|su|origen|o|latitud|.	sostener
es_286	spanish	Para lograr una buena administración de los recursos financieros, si aún no se ha hecho, es imprescindible iniciar un programa regular de planificación financiera.	regular	0.375	es	False	para|lograr|uno|buen|administración|de|el|recurso|financiero|,|si|aún|no|él|haber|hacer|,|ser|imprescindible|iniciar|uno|programa|regular|de|planificación|financiero|.	regular
es_287	spanish	Estado de flujo de efectivo igual que el estado de resultados, este informe es complementario al balance.	balance	0.475	es	False	Estado|de|flujo|de|efectivo|igual|que|el|estado|de|resultado|,|este|informe|ser|complementario|a|el|balance|.	balance
es_288	spanish	Éstos incluyen: sueldos, arriendos, seguros, mantenimientos, suministros, combustible, depreciaciones, entre otros.	arriendos	0.675	es	False	este|incluir|:|sueldo|,|arriendo|,|seguro|,|mantenimiento|,|suministro|,|combustible|,|depreciación|,|entre|otro|.	arriendo
es_289	spanish	Incluso, un mismo producto podría tener precio distinto para la misma persona, si ésta lo adquiere en sucursales que pertenezcan a diferentes estratos sociales.	distinto	0.275	es	False	incluso|,|uno|mismo|producto|poder|tener|precio|distinto|para|el|mismo|persona|,|si|este|él|adquirir|en|sucursal|que|pertenecer|a|diferente|estrato|social|.	distinto
es_290	spanish	En el largo plazo, las acciones, en promedio, superan de forma sistemática y sustancial al efectivo y a la inflación.	efectivo	0.4	es	False	en|el|largo|plazo|,|el|acción|,|en|promedio|,|superar|de|forma|sistemático|y|sustancial|a|el|efectivo|y|a|el|inflación|.	efectivo
es_291	spanish	En general, se dice que la rentabilidad normal de una inversión en países desarrollados fluctúa, en promedio, entre el 6 % y el 8 % anual.	desarrollados	0.35	es	False	en|general|,|él|decir|que|el|rentabilidad|normal|de|uno|inversión|en|país|desarrollado|fluctuar|,|en|promedio|,|entre|el|6|%|y|el|8|%|anual|.	desarrollado
es_292	spanish	En ciertos casos hay aranceles de referencia, como los que operan en el sector de la salud para determinadas prestaciones médicas.	prestaciones	0.475	es	False	en|cierto|caso|haber|arancel|de|referencia|,|como|el|que|operar|en|el|sector|de|el|salud|para|determinado|prestación|médico|.	prestación
es_293	spanish	Es uno de los puestos claves de la organización, y en muchas ocasiones se lo reconoce como el segundo al mando luego del gerente general; quien lo supervisa, acorde a la estructura jerárquica.	jerárquica	0.6	es	False	ser|uno|de|el|puesto|clave|de|el|organización|,|y|en|mucho|ocasión|él|él|reconocer|como|el|segundo|a|el|mando|luego|de|el|gerente|general|;|quien|él|supervisar|,|acordar|a|el|estructura|jerárquico|.	jerárquico
es_294	spanish	Casi todos los estados exigen a los automovilistas el seguro de responsabilidad para automóviles que cubre costos médicos y reparaciones del vehículo entre otros costos.	automóviles	0.125	es	False	casi|todo|el|estado|exigir|a|el|automovilista|el|seguro|de|responsabilidad|para|automóvil|que|cubrir|costo|médico|y|reparación|de|el|vehículo|entre|otro|costo|.	automóvil
es_295	spanish	Si este indicador baja de 1, implicaría que la empresa no está en capacidad de cubrir sus obligaciones de corto plazo con los activos líquidos que posee.	posee	0.425	es	False	si|este|indicador|bajo|de|1|,|implicar|que|el|empresa|no|estar|en|capacidad|de|cubrir|su|obligación|de|corto|plazo|con|el|activo|líquido|que|poseer|.	poseer
es_296	spanish	Cuando este último caso sucede, el proyecto o la inversión no es económicamente rentable y no debe ejecutarse.	rentable	0.375	es	False	cuando|este|último|caso|suceder|,|el|proyecto|o|el|inversión|no|ser|económicamente|rentable|y|no|deber|ejecutar|él|.	rentable
es_297	spanish	Entonces, esta persona se dirige a un banco con la factura y realiza una operación conocida como factoring.	banco	0.275	es	False	entonces|,|este|persona|él|dirigir|a|uno|banco|con|el|factura|y|realizar|uno|operación|conocido|como|factoring|.	banco
es_298	spanish	El administrador de escenarios es una herramienta en Excel que permite alterar múltiples variables con el objetivo de observar el efecto en otras variables de resultados.	alterar	0.45	es	False	el|administrador|de|escenario|ser|uno|herramienta|en|Excel|que|permitir|alterar|múltiple|variable|con|el|objetivo|de|observar|el|efecto|en|otro|variable|de|resultado|.	alterar
es_299	spanish	Para el conjunto de la economía, porque contribuyen de forma decisiva a la asignación eficiente de los recursos.	contribuyen	0.325	es	False	para|el|conjunto|de|el|economía|,|porque|contribuir|de|forma|decisivo|a|el|asignación|eficiente|de|el|recurso|.	contribuir
es_300	spanish	Las deudas, la elaboración del presupuesto familiar, las cuentas por pagar, etc. pueden ser objeto de dolorosos conflictos familiares y, por esta razón, muchas parejas optan por no hablar de dinero para evitar disputas y con lo cual no se hacen ningún favor.	optan	0.4	es	False	el|deuda|,|el|elaboración|de|el|presupuesto|familiar|,|el|cuenta|por|pagar|,|etc.|poder|ser|objeto|de|doloroso|conflicto|familiar|y|,|por|este|razón|,|mucho|pareja|optar|por|no|hablar|de|dinero|para|evitar|disputa|y|con|él|cual|no|él|hacer|ninguno|favor|.	optar
es_301	spanish	Elusión tributaria: Es una figura consistente en no pagar determinados impuestos que se han establecido, amparándose en subterfugios o resquicios legales, no previstos por el legislador en el momento de redactar la ley.	subterfugios	0.95	es	False	elusión|tributario|:|ser|uno|figura|consistente|en|no|pagar|determinado|impuesto|que|él|haber|establecer|,|amparar|él|en|subterfugio|o|resquicio|legal|,|no|previsto|por|el|legislador|en|el|momento|de|redactar|el|ley|.	subterfugio
es_302	spanish	El impuesto a los réditos es también un buen instrumento para conocer el monto de las rentas y de la riqueza nacional.	réditos	0.8	es	False	el|impuesto|a|el|rédito|ser|también|uno|buen|instrumento|para|conocer|el|monto|de|el|renta|y|de|el|riqueza|nacional|.	rédito
es_303	spanish	Los hombres se dedicaban preferentemente a la caza y confeccionaban los utensilios de piedra.	utensilios	0.3	es	False	el|hombre|él|dedicar|preferentemente|a|el|caza|y|confeccionar|el|utensilio|de|piedra|.	utensilio
es_304	spanish	En este sentido, el análisis vertical permite responder la interrogante anterior, señalando el uso que se dio a los ingresos de la compañía en el período de análisis.	vertical	0.425	es	False	en|este|sentido|,|el|análisis|vertical|permitir|responder|el|interrogante|anterior|,|señalar|el|uso|que|él|dar|a|el|ingreso|de|el|compañía|en|el|período|de|análisis|.	vertical
es_305	spanish	Así se podrán reparar más rápido los carros, y se podrá recibir mayor número de los que actualmente se pueden atender.	carros	0.0	es	False	así|él|poder|reparar|más|rápido|el|carro|,|y|él|poder|recibir|mayor|número|de|el|que|actualmente|él|poder|atender|.	carro
es_306	spanish	Luego, haga un cuadro donde pueda colocar cuánto debe reunir semanal o mensualmente para lograr cada una de sus metas, dependiendo del plazo que éstas tengan.	dependiendo	0.35	es	False	luego|,|hacer|uno|cuadro|donde|poder|colocar|cuánto|deber|reunir|semanal|o|mensualmente|para|lograr|cada|uno|de|su|meta|,|depender|de|el|plazo|que|este|tener|.	depender
es_307	spanish	Estas tarjetas acarrean pocos riesgos y te ayudan a crear buenos antecedentes crediticios al mostrar tu capacidad para usar una tarjeta con responsabilidad.	tarjetas	0.25	es	False	este|tarjeta|acarrear|poco|riesgo|y|tú|ayudar|a|crear|buen|antecedente|crediticio|a|el|mostrar|tu|capacidad|para|usar|uno|tarjeta|con|responsabilidad|.	tarjeta
es_308	spanish	Los acreedores confían en la información crediticia para ver cómo has gestionado tus préstamos en el pasado y determinar qué posibilidades tienes de pagar un nuevo préstamo.	gestionado	0.5	es	False	el|acreedor|confiar|en|el|información|crediticia|para|ver|cómo|haber|gestionar|tu|préstamo|en|el|pasado|y|determinar|qué|posibilidad|tener|de|pagar|uno|nuevo|préstamo|.	gestionado
es_309	spanish	Cheque de caja: se solicita al banco, y este procede a retirar el monto solicitado de la cuenta corriente o de inversión del solicitante o se deposita en la cuenta que el banco destine.	deposita	0.35	es	False	cheque|de|caja|:|él|solicitar|a|el|banco|,|y|este|proceder|a|retirar|el|monto|solicitar|de|el|cuenta|corriente|o|de|inversión|de|el|solicitante|o|él|depositar|en|el|cuenta|que|el|banco|destinar|.	depositar
es_310	spanish	Las fuerzas de crecimiento dan lugar a un movimiento hacia arriba en la jerarquía, mientras que las fuerzas regresivas empujan las necesidades prepotentes hacia abajo en la misma.	jerarquía	0.45	es	False	el|fuerza|de|crecimiento|dar|lugar|a|uno|movimiento|hacia|arriba|en|el|jerarquía|,|mientras|que|el|fuerza|regresivo|empujar|el|necesidad|prepotente|hacia|abajo|en|el|mismo|.	jerarquía
es_311	spanish	Prepararse para el futuro es también prepararse para la jubilación y para los posibles gastos médicos todo lo cual requiere planeación, ahorro y un número limitado de deudas.	deudas	0.35	es	False	preparar|él|para|el|futuro|ser|también|preparar|él|para|el|jubilación|y|para|el|posible|gasto|médico|todo|él|cual|requerir|planeación|,|ahorro|y|uno|número|limitado|de|deuda|.	deuda
es_312	spanish	El mercado es el lugar donde se transan las mercancías y los servicios; es la expresión que define el lugar físico o figurado donde se encuentran vendedores y compradores.	transan	0.75	es	False	el|mercado|ser|el|lugar|donde|él|transar|el|mercancía|y|el|servicio|;|ser|el|expresión|que|definir|el|lugar|físico|o|figurado|donde|él|encontrar|vendedor|y|comprador|.	transar
es_313	spanish	En cambio, aunque desaparecieran todos los privilegios y quedara únicamente el privilegio fiscal, bastaría esta desigualdad para mantener separadas las clases, ya que nunca podrían reunirse para discutir y decidir los asuntos que más les interesan y los que con mayor frecuencia se suscitan.	separadas	0.225	es	False	en|cambio|,|aunque|desaparecer|todo|el|privilegio|y|quedar|únicamente|el|privilegio|fiscal|,|bastar|este|desigualdad|para|mantener|separado|el|clase|,|ya|que|nunca|poder|reunir|él|para|discutir|y|decidir|el|asunto|que|más|él|interesar|y|el|que|con|mayor|frecuencia|él|suscitar|.	separado
es_314	spanish	Finalmente, se incluye el valor positivo por la adquisición del préstamo y los valores negativos por la amortización de la deuda que se obtiene de la tabla 21.	tabla	0.175	es	False	finalmente|,|él|incluir|el|valor|positivo|por|el|adquisición|de|el|préstamo|y|el|valor|negativo|por|el|amortización|de|el|deuda|que|él|obtener|de|el|tabla|21|.	tabla
es_315	spanish	Además de los anteriores, en la economía global hay indicadores financieros que entregan información sobre el pulso bursátil, el número y los montos de las transacciones de acciones de sociedades, bonos u otros instrumentos financieros y de inversión.	montos	0.375	es	False	además|de|el|anterior|,|en|el|economía|global|haber|indicador|financiero|que|entregar|información|sobre|el|pulso|bursátil|,|el|número|y|el|monto|de|el|transacción|de|acción|de|sociedad|,|bono|u|otro|instrumento|financiero|y|de|inversión|.	monto
es_316	spanish	Con lo anterior, surge otro paso en la planeación y lo que sigue lo explican muy bien los varias veces mencionados Alonso, Brailovsky y Ortiz y a lo cual queremos ceñirnos adaptándolo y trascribiéndolo aquí en toda su dimensión, dada su relevancia.	queremos	0.225	es	False	con|él|anterior|,|surgir|otro|paso|en|el|planeación|y|él|que|seguir|él|explicar|mucho|bien|el|varios|vez|mencionado|Alonso|,|brailovsky|y|ortiz|y|a|él|cual|querer|ceñir|yo|adaptar|él|y|trascribir|él|aquí|en|todo|su|dimensión|,|dado|su|relevancia|.	querer
es_317	spanish	En la quiebra prevista en el capítulo 7, tus activos se venden y el dinero se divide entre tus acreedores.	prevista	0.5	es	False	en|el|quiebra|previsto|en|el|capítulo|7|,|tu|activo|él|vender|y|el|dinero|él|dividir|entre|tu|acreedor|.	previsto
es_318	spanish	«El sistema de administración financiera del Estado comprende el conjunto de procesos administrativos que permiten la obtención de recursos y su aplicación a la concreción de los logros de los objetivos del Estado [	concreción	0.7	es	False	«|el|sistema|de|administración|financiero|de|el|Estado|comprender|el|conjunto|de|proceso|administrativo|que|permitir|el|obtención|de|recurso|y|su|aplicación|a|el|concreción|de|el|logro|de|el|objetivo|de|el|Estado|[	concreción
es_319	spanish	Crea una lista de gastos previsibles y piensa cómo crees que gastas tu dinero en un mes normal.	piensa	0.15	es	False	creer|uno|lista|de|gasto|previsible|y|pensar|cómo|creer|que|gasta|tu|dinero|en|uno|mes|normal|.	pensar
es_320	spanish	Por no dejar pasar la oportunidad, usted puede ir a un vendedor de automóviles, escoger uno y pagarlo a plazos.	vendedor	0.2	es	False	por|no|dejar|pasar|el|oportunidad|,|tú|poder|ir|a|uno|vendedor|de|automóvil|,|escoger|uno|y|pagar|él|a|plazo|.	vendedor
es_321	spanish	Autorrealización: Son las más elevadas, se hallan en la cima de la jerarquía, a través de su satisfacción personal, encuentran un sentido a la vida mediante el desarrollo de su potencial en una actividad.	cima	0.35	es	False	autorrealización|:|ser|el|más|elevado|,|él|hallar|en|el|cima|de|el|jerarquía|,|a|través|de|su|satisfacción|personal|,|encontrar|uno|sentido|a|el|vida|mediante|el|desarrollo|de|su|potencial|en|uno|actividad|.	cima
es_322	spanish	El segundo principio establece que no basta con incrementar las entradas de efectivo, sino que éstas deben acelerarse.	acelerarse	0.3	es	False	el|segundo|principio|establecer|que|no|bastar|con|incrementar|el|entrada|de|efectivo|,|sino|que|este|deber|acelerar|él|.	acelerar|él
es_323	spanish	Realizan una adecuación de las necesidades entre prestamistas y prestatarios en cuanto a cantidades y plazos.	Realizan	0.35	es	False	realizan|uno|adecuación|de|el|necesidad|entre|prestamista|y|prestatario|en|cuanto|a|cantidad|y|plazo|.	realizan
es_324	spanish	No obstante, dado que existe esa disminución, la tarea siguiente sería buscar qué pudo haber ocasionado esa variación.	ocasionado	0.375	es	False	no|obstante|,|dado|que|existir|ese|disminución|,|el|tarea|siguiente|ser|buscar|qué|poder|haber|ocasionar|ese|variación|.	ocasionado
es_325	spanish	Como resultado, una emergencia costosa, como la súbita pérdida de empleo o la acumulación de demasiadas cuentas médicas, podrían enviar a cualquier persona que no esté financieramente preparada a vivir endeudada durante años y, en algunos casos, a la bancarrota.	preparada	0.3	es	False	como|resultado|,|uno|emergencia|costoso|,|como|el|súbito|pérdida|de|empleo|o|el|acumulación|de|demasiado|cuenta|médico|,|poder|enviar|a|cualquiera|persona|que|no|estar|financieramente|preparado|a|vivir|endeudado|durante|año|y|,|en|alguno|caso|,|a|el|bancarrota|.	preparado
es_326	spanish	Los problemas de la economía urbana son en gran parte de naturaleza social, y las muchas propuestas para mejorar el bienestar social y económico de los grupos minoritarios indican una recia voluntad para cooperar en la solución de estos problemas.	urbana	0.5	es	False	el|problema|de|el|economía|urbano|ser|en|gran|parte|de|naturaleza|social|,|y|el|mucho|propuesta|para|mejorar|el|bienestar|social|y|económico|de|el|grupo|minoritario|indicar|uno|recio|voluntad|para|cooperar|en|el|solución|de|este|problema|.	urbano
es_327	spanish	El seguimiento o monitoreo y evaluación, que es la tercera etapa, permitirá ir visualizando la puesta en marcha y el cumplimiento del plan de acción, para contribuir al logro de sus objetivos y metas, así como plantear recomendaciones para evitar desviaciones; es decir, una forma de evaluación concurrente.	concurrente	0.525	es	False	el|seguimiento|o|monitoreo|y|evaluación|,|que|ser|el|tercero|etapa|,|permitir|ir|visualizar|el|puesta|en|marcha|y|el|cumplimiento|de|el|plan|de|acción|,|para|contribuir|a|el|logro|de|su|objetivo|y|meta|,|así|como|plantear|recomendación|para|evitar|desviación|;|es|decir|,|uno|forma|de|evaluación|concurrente|.	concurrente
es_328	spanish	Los bienes y servicios utilizados por las personas o la sociedad para satisfacer sus necesidades se denominan satisfactores o productos, o simplemente bienes.	satisfactores	0.625	es	False	el|bien|y|servicio|utilizado|por|el|persona|o|el|sociedad|para|satisfacer|su|necesidad|él|denominar|satisfactor|o|producto|,|o|simplemente|bien|.	satisfactor
es_329	spanish	Si se visita una fábrica de refrigeradoras y de estufas se encontrará que allí, según su tamaño, trabajan muchos obreros, quienes procesan las láminas de acero y construyen, con otras actividades los muebles metálicos.	refrigeradoras	0.2	es	False	si|él|visitar|uno|fábrica|de|refrigerador|y|de|estufa|él|encontrar|que|allí|,|según|su|tamaño|,|trabajar|mucho|obrero|,|quien|procesar|el|lámina|de|acero|y|construir|,|con|otro|actividad|el|mueble|metálico|.	refrigerador
es_330	spanish	Pero a muchas personas no les gusta ceñirse a él porque sencillamente no les gusta y porque los presupuestos contienen once de los obstáculos que impiden que estos se hagan.	sencillamente	0.3	es	False	pero|a|mucho|persona|no|él|gustar|ceñir|él|a|él|porque|sencillamente|no|él|gustar|y|porque|el|presupuesto|contener|once|de|el|obstáculo|que|impedir|que|este|él|hacer|.	sencillamente
es_331	spanish	El asegurado es quien se espera que tome la decisión sobre la cuantía del seguro, calculado sobre sus ingresos, para posibilitar la cuota que debe atender y también proyectando cual sería el valor o costo ajustado de los gastos familiares, tomando en cuenta también el tamaño y características de la familia.	calculado	0.35	es	False	el|asegurar|ser|quien|él|esperar|que|tomar|el|decisión|sobre|el|cuantía|de|el|seguro|,|calculado|sobre|su|ingreso|,|para|posibilitar|el|cuota|que|deber|atender|y|también|proyectar|cual|ser|el|valor|o|costo|ajustado|de|el|gasto|familiar|,|tomar|en|cuenta|también|el|tamaño|y|característica|de|el|familia|.	calculado
es_332	spanish	Una de las mejores formas de gestionar el riesgo es distribuir tus inversiones y ahorros a través de diversos canales.	distribuir	0.325	es	False	uno|de|el|mejor|forma|de|gestionar|el|riesgo|ser|distribuir|tu|inversión|y|ahorro|a|través|de|diverso|canal|.	distribuir
es_333	spanish	Al momento de la entrega de estos cheques, el banco pide que el solicitante los firme, y solo podrá cobrarlos esta persona al firmar nuevamente los cheques en la parte de abajo, así la entidad que los recibe podrá cotejar que las firmas sean idénticas.	pide	0.125	es	False	a|el|momento|de|el|entrega|de|este|cheque|,|el|banco|pedir|que|el|solicitante|él|firmar|,|y|sólo|poder|cobrar|él|este|persona|a|el|firmar|nuevamente|el|cheque|en|el|parte|de|abajo|,|así|el|entidad|que|él|recibir|poder|cotejar|que|el|firma|ser|idéntico|.	pedir
es_334	spanish	El punto de equilibrio, dependiendo del giro del negocio, puede expresarse en cantidades o en términos monetarios.	equilibrio	0.3	es	False	el|punto|de|equilibrio|,|depender|de|el|giro|de|el|negocio|,|poder|expresar|él|en|cantidad|o|en|término|monetario|.	equilibrio
es_335	spanish	Como se indicó al inicio del capítulo, para la construcción del EFE se emplean dos métodos: directo e indirecto.	indicó	0.25	es	False	como|él|indicar|a|el|inicio|de|el|capítulo|,|para|el|construcción|de|el|EFE|él|emplear|dos|método|:|directo|e|indirecto|.	indicar
es_336	spanish	Otras disposiciones, como el artículo 19 de la Ley de Bancos, establecen que estas entidades deben conservar los libros y documentación por diez años, salvo que la Superintendencia de Bancos e Instituciones Financieras autorice su destrucción con anterioridad.	autorice	0.375	es	False	otro|disposición|,|como|el|artículo|19|de|el|Ley|de|Bancos|,|establecer|que|este|entidad|deber|conservar|el|libro|y|documentación|por|diez|año|,|salvo|que|el|Superintendencia|de|Bancos|e|Instituciones|Financieras|autorizar|su|destrucción|con|anterioridad|.	autorizar
es_337	spanish	Es posible evitar el crecimiento de una deuda utilizando su tarjeta de crédito solamente cuando pueda cancelar la totalidad de su saldo todos los meses.	cancelar	0.275	es	False	ser|posible|evitar|el|crecimiento|de|uno|deuda|utilizar|su|tarjeta|de|crédito|solamente|cuando|poder|cancelar|el|totalidad|de|su|saldo|todo|el|mes|.	cancelar
es_338	spanish	Al igual que se mencionó en la sección de la tabla de datos, el administrador de escenarios requiere que toda la información del flujo de caja se encuentre correctamente formulada antes de su ejecución.	escenarios	0.575	es	False	a|el|igual|que|él|mencionar|en|el|sección|de|el|tabla|de|dato|,|el|administrador|de|escenario|requerir|que|todo|el|información|de|el|flujo|de|caja|él|encontrar|correctamente|formulado|antes|de|su|ejecución|.	escenario
es_339	spanish	Estimado Cliente. Queremos informarle que personas inescrupulosas están solicitando información a nuestros clientes en nombre de nuestra Institución, por consiguiente, para verificar si su cuenta fue afectada ingrese en los siguientes campos su número de Tarjeta y contraseña...	clientes	0.1	es	False	estimado|Cliente|.|querer|informar|él|que|persona|inescrupuloso|estar|solicitar|información|a|nuestro|cliente|en|nombre|de|nuestro|institución|,|por|consiguiente|,|para|verificar|si|su|cuenta|ser|afectar|ingresar|en|el|siguiente|campo|su|número|de|tarjeta|y|contraseña|...	cliente
es_340	spanish	Por ejemplo: Tengo que mantenerme al día con las tendencias, o me sentiré avergonzado.	Tengo	0.1	es	False	por|ejemplo|:|tener|que|mantener|yo|a|el|día|con|el|tendencia|,|o|yo|sentir|avergonzado|.	tener
es_341	spanish	Sin duda, estaremos de acuerdo en que el metal en un automóvil de último modelo es más útil que un montón de mineral de hierro o unos pocos lingotes de acero.	lingotes	0.4	es	False	sin|duda|,|estar|de|acuerdo|en|que|el|metal|en|uno|automóvil|de|último|modelo|ser|más|útil|que|uno|montón|de|mineral|de|hierro|o|uno|poco|lingote|de|acero|.	lingote
es_342	spanish	Eficiencia: Ausencia de despilfarro o utilización de los recursos económicos, que reporta el máximo nivel de satisfacción posible, con los factores y la tecnología dados.	satisfacción	0.275	es	False	eficiencia|:|ausencia|de|despilfarro|o|utilización|de|el|recurso|económico|,|que|reportar|el|máximo|nivel|de|satisfacción|posible|,|con|el|factor|y|el|tecnología|dado|.	satisfacción
es_343	spanish	En el origen, los impuestos eran aplicados a las personas, por los soberanos y el clero, para financiar los asuntos de las castas gobernantes y ceremonias religiosas respectivamente.	soberanos	0.6	es	False	en|el|origen|,|el|impuesto|ser|aplicar|a|el|persona|,|por|el|soberano|y|el|clero|,|para|financiar|el|asunto|de|el|casta|gobernante|y|ceremonia|religioso|respectivamente|.	soberano
es_344	spanish	También, deben considerarse, los aspectos relativos a la conceptualización e ideas generales sobre la historia de la tributación, su importancia, propósitos, características y equidad o justicia de un buen impuesto; la educabilidad y la dimensión moral de los impuestos y, los impuestos y las finanzas personales.	conceptualización	0.575	es	False	también|,|deber|considerar|él|,|el|aspecto|relativo|a|el|conceptualización|e|idea|general|sobre|el|historia|de|el|tributación|,|su|importancia|,|propósito|,|característica|y|equidad|o|justicia|de|uno|buen|impuesto|;|el|educabilidad|y|el|dimensión|moral|de|el|impuesto|y|,|el|impuesto|y|el|finanzas|personal|.	conceptualización
es_345	spanish	En resumen, acorde a las tablas presentadas, se han incrementado los ingresos, las utilidades, la capitalización y el efectivo.	resumen	0.175	es	False	en|resumen|,|acordar|a|el|tabla|presentado|,|él|haber|incrementar|el|ingreso|,|el|utilidad|,|el|capitalización|y|el|efectivo|.	resumen
es_346	spanish	En el primero, el bien o servicio se consume directamente y no es utilizado para generar otros productos.	consume	0.35	es	False	en|el|primero|,|el|bien|o|servicio|él|consumir|directamente|y|no|ser|utilizar|para|generar|otro|producto|.	consumir
es_347	spanish	Se han logrado tremendos incrementos en la producción total como resultado del desarrollo de la energía eléctrica y hoy también la marina y la eólica que se están tratando de aprovechar para usos industriales y otros.	eléctrica	0.1	es	False	él|haber|lograr|tremendo|incremento|en|el|producción|total|como|resultado|de|el|desarrollo|de|el|energía|eléctrico|y|hoy|también|el|marina|y|el|eólico|que|él|estar|tratar|de|aprovechar|para|uso|industrial|y|otro|.	eléctrico
es_348	spanish	Cobros derivados del reembolso de anticipos y préstamos a terceros (distintos de las operaciones de este tipo hechas por entidades financieras).	financieras	0.325	es	False	cobros|derivado|de|el|reembolso|de|anticipo|y|préstamo|a|tercero|(|distinto|de|el|operación|de|este|tipo|hecho|por|entidad|financiero|)|.	financiero
es_349	spanish	La inversión requerida es de $15,000 que incluyen: $5,000 en maquinarias y equipos, $2,000 en mobiliario; el saldo corresponde al capital de trabajo.	equipos	0.275	es	False	el|inversión|requerido|ser|de|115,000|que|incluir|:|$5000|en|maquinario|y|equipo|,|22000|en|mobiliario|;|el|saldo|corresponder|a|el|capital|de|trabajo|.	equipo
es_350	spanish	Los ingresos activos están constituidos por el salario o sueldo que se percibe, cuando se tiene un empleo, honorarios que se cobran como contraprestación de servicios, comisiones y otros pagos de la misma naturaleza.	constituidos	0.475	es	False	el|ingreso|activo|estar|constituir|por|el|salario|o|sueldo|que|él|percibir|,|cuando|él|tener|uno|empleo|,|honorario|que|él|cobrar|como|contraprestación|de|servicio|,|comisión|y|otro|pago|de|el|mismo|naturaleza|.	constituir
es_351	spanish	La Economía como una disciplina científica que es y que tiene, por consiguiente, su propia estructura de conocimientos tiene asimismo una serie de principios y leyes como los siguientes: Los individuos se enfrentan a disyuntivas o alternativas.	disyuntivas	0.85	es	False	el|Economía|como|uno|disciplina|científico|que|ser|y|que|tener|,|por|consiguiente|,|su|propio|estructura|de|conocimiento|tener|asimismo|uno|serie|de|principio|y|ley|como|el|siguiente|:|el|individuo|él|enfrentar|a|disyuntiva|o|alternativa|.	disyuntiva
es_352	spanish	La diferencia estriba en que mientras las necesidades de déficit pueden ser satisfechas, las necesidades del ser son una fuerza impelente continua.	impelente	0.9	es	False	el|diferencia|estribar|en|que|mientras|el|necesidad|de|déficit|poder|ser|satisfecer|,|el|necesidad|de|el|ser|ser|uno|fuerza|impelente|continuo|.	impelente
es_353	spanish	Con intereses, ese monto de ahorros mensuales les permitiría ahorrar el pago inicial y comprar su vivienda en 24 meses.	ahorros	0.2	es	False	con|interés|,|ese|monto|de|ahorro|mensual|él|permitir|ahorrar|el|pago|inicial|y|comprar|su|vivienda|en|24|mes|.	ahorro
es_354	spanish	De partida, el tema concierne a todos los individuos y durante toda la vida, pues las finanzas explican la procedencia y uso de los ingresos y recursos que se disponen para satisfacer las necesidades particulares de todas y todos.	procedencia	0.35	es	False	de|partida|,|el|tema|concernir|a|todo|el|individuo|y|durante|todo|el|vida|,|pues|el|finanzas|explicar|el|procedencia|y|uso|de|el|ingreso|y|recurso|que|él|disponer|para|satisfacer|el|necesidad|particular|de|todo|y|todo|.	procedencia
es_355	spanish	La riqueza con cara humana es lo que percibe y estudia el humanismo, y bajo esta óptica, es que debe inclinarse la educación financiera que deben tener todas las personas que se propongan como meta construir un futuro personal, familiar y social, tranquilo y sostenible.	construir	0.15	es	False	el|riqueza|con|cara|humano|ser|él|que|percibir|y|estudiar|el|humanismo|,|y|bajo|este|óptico|,|ser|que|deber|inclinar|él|el|educación|financiero|que|deber|tener|todo|el|persona|que|él|proponer|como|meta|construir|uno|futuro|personal|,|familiar|y|social|,|tranquilo|y|sostenible|.	construir
es_356	spanish	Me merezco despilfarrar un poco de vez en cuando y será como una recompensa por mi esfuerzo.	recompensa	0.2	es	False	yo|merecer|despilfarrar|uno|poco|de|vez|en|cuando|y|ser|como|uno|recompensa|por|mi|esfuerzo|.	recompensa
es_357	spanish	Aplicarla no es fácil, porque usted tiene que demorar la gratificación de hoy para arreglar el desastre que hizo ayer.	demorar	0.45	es	False	aplicar|él|no|ser|fácil|,|porque|tú|tener|que|demorar|el|gratificación|de|hoy|para|arreglar|el|desastre|que|hacer|ayer|.	demorar
es_358	spanish	La importancia y trascendencia de las funciones económicas del cheque, derivan de su consideración de medio o instrumento de pago.	cheque	0.35	es	False	el|importancia|y|trascendencia|de|el|función|económico|de|el|cheque|,|derivar|de|su|consideración|de|medio|o|instrumento|de|pago|.	cheque
es_359	spanish	Si solicitas una tarjeta de crédito, úsala para comprar cosas que puedes pagar y paga lo que debes a la brevedad.	brevedad	0.325	es	False	si|solicitar|uno|tarjeta|de|crédito|,|úsalo|para|comprar|cosa|que|poder|pagar|y|pagar|él|que|deber|a|el|brevedad|.	brevedad
es_360	spanish	afrontar el pago de la vivienda.	afrontar	0.4	es	False	afrontar|el|pago|de|el|vivienda|.	afrontar
es_361	spanish	Pues, el uso de mi chequera testimoniará que soy una persona cumplida y que soy ordenada en la administración de mis cuentas.	chequera	0.475	es	False	pues|,|el|uso|de|mi|chequera|testimoniar|que|ser|uno|persona|cumplido|y|que|ser|ordenado|en|el|administración|de|mi|cuenta|.	chequera
es_362	spanish	Estos delitos son difíciles de probar y los ejecutores reciben bajas penas a pesar de que afectan pasivamente a gran cantidad de personas.	probar	0.2	es	False	este|delito|ser|difícil|de|probar|y|el|ejecutor|recibir|baja|pena|a|pesar|de|que|afectar|pasivamente|a|gran|cantidad|de|persona|.	probar
es_363	spanish	Por ejemplo, considere una panadería que reemplace sus cajeros por ánforas; el pan se coloca en las perchas y se invita a los clientes a tomar el que quieran y comerlo.	panadería	0.175	es	False	por|ejemplo|,|considerar|uno|panadería|que|reemplacer|su|cajero|por|ánfora|;|el|pan|él|colocar|en|el|percha|y|él|invitar|a|el|cliente|a|tomar|el|que|querer|y|comer|él|.	panadería
es_364	spanish	En la década de los sesenta del siglo XX, el filósofo y comunicador canadiense Marshall McLuhan anticipó nuestras vidas en comunidad universal gracias a los progresos tecnológicos en comunicaciones e interconexiones humanas a escala global y acuñó la expresión «aldea global» para describir la tierra que habitamos.	acuñó	0.75	es	False	en|el|década|de|el|sesenta|de|el|siglo|xx|,|el|filósofo|y|comunicador|canadiense|marshall|mcluhan|anticipar|nuestro|vida|en|comunidad|universal|gracia|a|el|progreso|tecnológico|en|comunicación|e|interconexión|humano|a|escala|global|y|acuñar|el|expresión|«|aldea|global|»|para|describir|el|tierra|que|habitar|.	acuñar
es_365	spanish	Sin embargo, la producción total y el nivel de vida están afectados por la composición y estructura de edades de la población, su educación y el tamaño de la fuerza obrera y productiva, la destreza y movilidad de los trabajadores y la laboriosidad y actitud psicológica de las personas.	laboriosidad	0.6	es	False	sin|embargo|,|el|producción|total|y|el|nivel|de|vida|estar|afectado|por|el|composición|y|estructura|de|edad|de|el|población|,|su|educación|y|el|tamaño|de|el|fuerza|obrero|y|productivo|,|el|destreza|y|movilidad|de|el|trabajador|y|el|laboriosidad|y|actitud|psicológico|de|el|persona|.	laboriosidad
es_366	spanish	Para vivir en ese clima de fe y optimismo, indispensable a la felicidad, hemos de hacer la guerra a dos enemigos: el escepticismo y los estados o fenómenos psicológicos enemigos del optimismo.	felicidad	0.125	es	False	para|vivir|en|ese|clima|de|fe|y|optimismo|,|indispensable|a|el|felicidad|,|haber|de|hacer|el|guerra|a|dos|enemigo|:|el|escepticismo|y|el|estado|o|fenómeno|psicológico|enemigo|de|el|optimismo|.	felicidad
es_367	spanish	Está indexada con el IPC, de ahí que su fluctuación siga las variaciones del costo de la vida mensual, similar a la UF (unidad de fomento).	indexada	0.825	es	False	estar|indexado|con|el|IPC|,|de|ahí|que|su|fluctuación|seguir|el|variación|de|el|costo|de|el|vida|mensual|,|similar|a|el|UF|(|unidad|de|fomento|)|.	indexado
es_368	spanish	El análisis de la teoría señalada es importante en las finanzas porque implica que un administrador no debe limitarse a establecer un precio acorde al costo de producción que mantiene.	implica	0.45	es	False	el|análisis|de|el|teoría|señalar|ser|importante|en|el|finanzas|porque|implicar|que|uno|administrador|no|deber|limitar|él|a|establecer|uno|precio|acordar|a|el|costo|de|producción|que|mantener|.	implicar
es_369	spanish	Al mismo tiempo, como economía abierta al mundo, es un importador de bienes durables de uso doméstico e industrial, como automóviles, artículos electrónicos, vestuario y alimentos de consumo masivo.	electrónicos	0.075	es	False	a|el|mismo|tiempo|,|como|economía|abierto|a|el|mundo|,|ser|uno|importador|de|bien|durable|de|uso|doméstico|e|industrial|,|como|automóvil|,|artículo|electrónico|,|vestuario|y|alimento|de|consumo|masivo|.	electrónico
es_370	spanish	Reducir los plazos y los costes de intermediación al facilitar la búsqueda de contrapartida para cada operación y agilizar los procedimientos de liquidación.	Reducir	0.175	es	False	reducir|el|plazo|y|el|coste|de|intermediación|a|el|facilitar|el|búsqueda|de|contrapartida|para|cada|operación|y|agilizar|el|procedimiento|de|liquidación|.	reducir
es_371	spanish	La producción, digamos sencillamente que es, entre las diferentes acepciones del concepto y según el enfoque económico, crear cosas o servicios con valor económico.	digamos	0.15	es	False	el|producción|,|decir|sencillamente|que|ser|,|entre|el|diferente|acepción|de|el|concepto|y|según|el|enfoque|económico|,|crear|cosa|o|servicio|con|valor|económico|.	decir
es_372	spanish	Los índices y razones presentan ratios de las cuentas de balance y estado de resultados con el objetivo de correlacionar información que no puede observarse a través del análisis vertical o el análisis horizontal.	correlacionar	0.45	es	False	el|índice|y|razón|presentar|ratio|de|el|cuenta|de|balance|y|estado|de|resultado|con|el|objetivo|de|correlacionar|información|que|no|poder|observar|él|a|través|de|el|análisis|vertical|o|el|análisis|horizontal|.	correlacionar
es_373	spanish	Por ejemplo, si se incrementan los documentos por pagar, significa que la empresa se ha endeudado, por tanto, recibió efectivo.	endeudado	0.2	es	False	por|ejemplo|,|si|él|incrementar|el|documento|por|pagar|,|significar|que|el|empresa|él|haber|endeudar|,|por|tanto|,|recibir|efectivo|.	endeudado
es_374	spanish	Cómo y cuándo usar los fondos del plan jubilatorio, saber cuáles son las distribuciones mínimas exigidas y abrir cuentas de ahorros jubilatorios, por tu cuenta o a través de tu empleador.	jubilatorio	0.525	es	False	cómo|y|cuándo|usar|el|fondo|de|el|plan|jubilatorio|,|saber|cuál|ser|el|distribución|mínimo|exigido|y|abrir|cuenta|de|ahorro|jubilatorio|,|por|tu|cuenta|o|a|través|de|tu|empleador|.	jubilatorio
es_375	spanish	La clave para lograr sus objetivos financieros, personales y familiares, es planificarlos apropiadamente y darles mucho seguimiento a través de este presupuesto.	seguimiento	0.2	es	False	el|clave|para|lograr|su|objetivo|financiero|,|personal|y|familiar|,|ser|planificar|él|apropiadamente|y|dar|él|mucho|seguimiento|a|través|de|este|presupuesto|.	seguimiento
es_376	spanish	La reducción de estas dos últimas puede colaborar al mencionado incremento del efectivo, ya sea por procesos de cobranzas o incrementos en ventas.	colaborar	0.25	es	False	el|reducción|de|este|dos|último|poder|colaborar|a|el|mencionado|incremento|de|el|efectivo|,|ya|ser|por|proceso|de|cobranza|o|incremento|en|venta|.	colaborar
es_377	spanish	Algunos de ustedes tienen grandes deudas, han cavado un gran hoyo y se demoraron bastante tiempo en caer en esa hondonada, por lo tanto van a requerir de tiempo para salir de ella.	hondonada	0.8	es	False	alguno|de|tú|tener|grande|deuda|,|haber|cavar|uno|gran|hoyo|y|él|demorar|bastante|tiempo|en|caer|en|ese|hondonada|,|por|él|tanto|ir|a|requerir|de|tiempo|para|salir|de|él|.	hondonado
es_378	spanish	Es importante pensar que cuando se exceden los tiempos para el pago de ellos se sufren unos recargos que, aunque a veces parezca que son intrascendentes o poco gravosos, de alguna manera afectan el presupuesto personal o familiar y esto sin mencionar otros inconvenientes, dificultades o problemas que acarrea tal incumplimiento.	intrascendentes	0.55	es	False	ser|importante|pensar|que|cuando|él|exceder|el|tiempo|para|el|pago|de|él|él|sufrir|uno|recargo|que|,|aunque|a|vez|parecer|que|ser|intrascendente|o|poco|gravoso|,|de|alguno|manera|afectar|el|presupuesto|personal|o|familiar|y|este|sin|mencionar|otro|inconveniente|,|dificultad|o|problema|que|acarrear|tal|incumplimiento|.	intrascendente
es_379	spanish	Por ejemplo, generalmente la hipoteca es uno de los mejores tipos de endeudamiento, porque la mayoría de las viviendas aumenta de valor con el paso del tiempo.	aumenta	0.125	es	False	por|ejemplo|,|generalmente|el|hipoteca|ser|uno|de|el|mejor|tipo|de|endeudamiento|,|porque|el|mayoría|de|el|vivienda|aumentar|de|valor|con|el|paso|de|el|tiempo|.	aumentar
es_380	spanish	Los tipos de seguros disponibles se expanden y se ha llegado al grado en que el sector financiero está muy directamente relacionado con el tema.	disponibles	0.15	es	False	el|tipo|de|seguro|disponible|él|expandir|y|él|haber|llegar|a|el|grado|en|que|el|sector|financiero|estar|mucho|directamente|relacionado|con|el|tema|.	disponible
es_381	spanish	Pero uno no puede dejar que el derrotismo lo detenga e impida que haga un presupuesto.	impida	0.325	es	False	pero|uno|no|poder|dejar|que|el|derrotismo|él|detenga|e|impedir|que|hacer|uno|presupuesto|.	impedir
es_382	spanish	En espacios monopólicos, el comprador no tiene la posibilidad de seleccionar, en uno u otro oferente, lo que le parezca más conveniente, como sí lo hace en mercados competitivos.	comprador	0.15	es	False	en|espacio|monopólico|,|el|comprador|no|tener|el|posibilidad|de|seleccionar|,|en|uno|u|otro|oferente|,|él|que|él|parecer|más|conveniente|,|como|sí|él|hacer|en|mercado|competitivo|.	comprador
es_383	spanish	El seguro de responsabilidad civil, también denominado de cobertura completa, te protege ante las reclamaciones de terceros por lesiones y daños a la propiedad.	lesiones	0.35	es	False	el|seguro|de|responsabilidad|civil|,|también|denominado|de|cobertura|completo|,|tú|proteger|ante|el|reclamación|de|tercero|por|lesión|y|daño|a|el|propiedad|.	lesión
es_384	spanish	El lucro, en cambio, aunque es un sinónimo de utilidad, ganancias o beneficio, es la expresión peyorativa de la utilidad.	sinónimo	0.125	es	False	el|lucro|,|en|cambio|,|aunque|ser|uno|sinónimo|de|utilidad|,|ganancia|o|beneficio|,|ser|el|expresión|peyorativo|de|el|utilidad|.	sinónimo
es_385	spanish	Estos trabajadores debían entregar a la empresa una boleta por los honorarios, donde se señalaba claramente el monto del total, el descuento del 10 % y la suma por recibir, además de los datos del trabajador y del destinatario.	boleta	0.325	es	False	este|trabajador|deber|entregar|a|el|empresa|uno|boleta|por|el|honorario|,|donde|él|señalar|claramente|el|monto|de|el|total|,|el|descuento|de|el|10|%|y|el|suma|por|recibir|,|además|de|el|dato|de|el|trabajador|y|de|el|destinatario|.	boleta
es_386	spanish	Tal vez se cuestione por qué tiene que someterse a esta disciplina e inconveniencia de presupuestar su propia vida.	someterse	0.35	es	False	tal|vez|él|cuestionar|por|qué|tener|que|someter|él|a|este|disciplina|e|inconveniencia|de|presupuestar|su|propio|vida|.	someter|él
es_387	spanish	Las transacciones en cajeros deben ser personalizadas, no preste su tarjeta y no de la clave a ningún amigo o conocido para que realice las transacciones por usted.	preste	0.125	es	False	el|transacción|en|cajero|deber|ser|personalizar|,|no|prestir|su|tarjeta|y|no|de|el|clave|a|ninguno|amigo|o|conocido|para|que|realizar|el|transacción|por|tú|.	prestir
es_388	spanish	Tiene que educarse activamente en estas materias (rendimientos, balances y contabilidad, negocios, mercados, negociación, contratos) y desarrollar aptitudes comerciales.	negociación	0.2	es	False	tener|que|educar|él|activamente|en|este|materia|(|rendimiento|,|balance|y|contabilidad|,|negocio|,|mercado|,|negociación|,|contrato|)|y|desarrollar|aptitud|comercial|.	negociación
es_389	spanish	Tal vez una familia numerosa ocupaba una pocilga o una pequeña parte de un inquilinato, compuesta de dos o tres cuartos.	numerosa	0.2	es	False	tal|vez|uno|familia|numeroso|ocupar|uno|pocilga|o|uno|pequeño|parte|de|uno|inquilinato|,|compuesto|de|dos|o|tres|cuarto|.	numeroso
es_390	spanish	La tarea fundamental de la empresa es la de organizar y poner en acción los factores productivos que son los recursos naturales (materias primas), el trabajo y el capital, para transformarlos en bienes y servicios.	organizar	0.15	es	False	el|tarea|fundamental|de|el|empresa|ser|el|de|organizar|y|poner|en|acción|el|factor|productivo|que|ser|el|recurso|natural|(|materia|primo|)|,|el|trabajo|y|el|capital|,|para|transformar|él|en|bien|y|servicio|.	organizar
es_391	spanish	El problema es que esas penalizaciones tienen a la larga una repercusión negativa en la historia de crédito, la cual es muy importante en todas las finanzas y desde luego, en las finanzas personales y familiares.	negativa	0.15	es	False	el|problema|ser|que|ese|penalización|tener|a|el|largo|uno|repercusión|negativo|en|el|historia|de|crédito|,|el|cual|ser|mucho|importante|en|todo|el|finanzas|y|desde|luego|,|en|el|finanzas|personal|y|familiar|.	negativo
es_392	spanish	El desempleo involuntario es un fenómeno muy común y que se ha acentuado calamitosamente en los últimos tiempos, en los países y en las economías modernas.	calamitosamente	0.875	es	False	el|desempleo|involuntario|ser|uno|fenómeno|mucho|común|y|que|él|haber|acentuado|calamitosamente|en|el|último|tiempo|,|en|el|país|y|en|el|economía|moderno|.	calamitosamente
es_393	spanish	De cierto modo, lo global se contrapone a lo tribal, entendiendo esto último como la conveniencia de la defensa de las culturas locales, en su mayoría de orígenes ancestrales.	orígenes	0.175	es	False	de|cierto|modo|,|él|global|él|contraponer|a|él|tribal|,|entender|este|último|como|el|conveniencia|de|el|defensa|de|el|cultura|local|,|en|su|mayoría|de|origen|ancestral|.	origen
es_394	spanish	A continuación, te presentamos un panorama general de los tipos de inversiones habituales.	presentamos	0.125	es	False	a|continuación|,|tú|presentar|uno|panorama|general|de|el|tipo|de|inversión|habitual|.	presentar
es_395	spanish	Los accionistas comunes están sujetos a que la compañía decida no distribuir los dividendos y que los montos distribuidos fluctúen considerablemente de un periodo a otro.	distribuidos	0.325	es	False	el|accionista|común|estar|sujeto|a|que|el|compañía|decidir|no|distribuir|el|dividendo|y|que|el|monto|distribuido|fluctuar|considerablemente|de|uno|periodo|a|otro|.	distribuido
es_396	spanish	Al igual que en el resto de las disciplinas, en la Economía se distinguen tres tipos fundamentales de leyes: Leyes causales: las determinan las relaciones en las que, a continuación de un hecho, acción o acto determinado, sobreviene constantemente otro hecho determinado, en un lapso determinado.	lapso	0.4	es	False	a|el|igual|que|en|el|resto|de|el|disciplina|,|en|el|Economía|él|distinguir|tres|tipo|fundamental|de|ley|:|leyes|causal|:|él|determinar|el|relación|en|el|que|,|a|continuación|de|uno|hecho|,|acción|o|acto|determinado|,|sobrevenir|constantemente|otro|hecho|determinado|,|en|uno|lapso|determinado|.	lapso
es_397	spanish	Esta circunstancia o familiaridad hace que el concepto sea comprendido fácilmente, aunque quizás no el uso o manejo adecuado, ya que para este se requieren otras habilidades y valores más que el solo conocimiento.	fácilmente	0.075	es	False	este|circunstancia|o|familiaridad|hacer|que|el|concepto|ser|comprender|fácilmente|,|aunque|quizás|no|el|uso|o|manejo|adecuado|,|ya|que|para|este|él|requerir|otro|habilidad|y|valor|más|que|el|solo|conocimiento|.	fácilmente
es_398	spanish	Evalúa dar al menos algunos de los siguientes pasos: Antes de omitir un pago, llama a tus acreedores para analizar las opciones.	analizar	0.225	es	False	evalúar|dar|a|el|menos|alguno|de|el|siguiente|paso|:|antes|de|omitir|uno|pago|,|llamar|a|tu|acreedor|para|analizar|el|opción|.	analizar
es_399	spanish	La austeridad significa realizar el gasto necesario y está asociado al ahorro, que tiene una connotación completamente diferente al de avaricia que se refiere a un afán desordenado de poseer riquezas o dinero para atesorarlo, que puede inducir a actuar con envidia y actos negativos.	riquezas	0.225	es	False	el|austeridad|significar|realizar|el|gasto|necesario|y|estar|asociado|a|el|ahorro|,|que|tener|uno|connotación|completamente|diferente|a|el|de|avaricia|que|él|referir|a|uno|afán|desordenado|de|poseer|riqueza|o|dinero|para|atesorar|él|,|que|poder|inducir|a|actuar|con|envidia|y|acto|negativo|.	riqueza
es_400	spanish	Acorde a los datos presentados se puede observar que a pesar de observarse un crecimiento del 0.7% en el total de activos circulantes; esta cuenta está utilizando un menor porcentaje de los recursos totales invertidos entre el 2016 y el 2017.	totales	0.125	es	False	acorde|a|el|dato|presentado|él|poder|observar|que|a|pesar|de|observar|él|uno|crecimiento|de|el|0.7|%|en|el|total|de|activo|circulante|;|este|cuenta|estar|utilizar|uno|menor|porcentaje|de|el|recurso|total|invertido|entre|el|2016|y|el|2017|.	total
es_401	spanish	Si te denegaron un crédito, tienes derecho a obtener un informe crediticio gratis.	crediticio	0.525	es	False	si|tú|denegar|uno|crédito|,|tener|derecho|a|obtener|uno|informe|crediticio|gratis|.	crediticio
es_402	spanish	Si la agencia determina que la información que contiene el informe es inexacta, el acreedor debe notificar a las otras agencias de informes crediticios sobre la existencia del error para que ellos también puedan corregir la información.	agencia	0.425	es	False	si|el|agencia|determinar|que|el|información|que|contener|el|informe|ser|inexacto|,|el|acreedor|deber|notificar|a|el|otro|agencia|de|informe|crediticio|sobre|el|existencia|de|el|error|para|que|él|también|poder|corregir|el|información|.	agencia
es_403	spanish	Anteriormente, mencionamos las formas de averiguar a dónde va a parar tu dinero y cómo detener las fugas de dinero.	parar	0.225	es	False	anteriormente|,|mencionar|el|forma|de|averiguar|a|dónde|ir|a|parar|tu|dinero|y|cómo|detener|el|fuga|de|dinero|.	parar
es_404	spanish	Todos los habitantes de la sociedad toman decisiones económicas, para mejorar sus remuneraciones, su consumo y, consecuentemente, elevar su bienestar.	toman	0.15	es	False	todo|el|habitante|de|el|sociedad|tomar|decisión|económico|,|para|mejorar|su|remuneración|,|su|consumo|y|,|consecuentemente|,|elevar|su|bienestar|.	tomar
es_405	spanish	Dependiendo de las circunstancias y particularidades de cada proyecto, es posible que tenga que evaluarse la rentabilidad ante movimientos de tres o más variables.	Dependiendo	0.2	es	False	depender|de|el|circunstancia|y|particularidad|de|cada|proyecto|,|ser|posible|que|tener|que|evaluar|él|el|rentabilidad|ante|movimiento|de|tres|o|más|variable|.	depender
es_406	spanish	El Banco Mundial, al definir la pobreza, establece un tope de ingreso de un dólar al día por persona.	pobreza	0.1	es	False	el|Banco|Mundial|,|a|el|definir|el|pobreza|,|establecer|uno|tope|de|ingreso|de|uno|dólar|a|el|día|por|persona|.	pobreza
es_407	spanish	Para poder cumplir con los nuevos pedidos, la empresa necesita construir nuevos hornos, comprar más materiales y contratar más personas para su manejo y el de las nuevas máquinas que también se tuvo que adquirir.	hornos	0.15	es	False	para|poder|cumplir|con|el|nuevo|pedido|,|el|empresa|necesitar|construir|nuevo|horno|,|comprar|más|material|y|contratar|más|persona|para|su|manejo|y|el|de|el|nuevo|máquina|que|también|él|tener|que|adquirir|.	horno
es_408	spanish	La mejor forma de evitar el pago de tasas de interés altas y penalidades, es llevando la cuenta de los gastos realizados con su tarjeta de crédito.	llevando	0.15	es	False	el|mejor|forma|de|evitar|el|pago|de|tasa|de|interés|alto|y|penalidad|,|ser|llevar|el|cuenta|de|el|gasto|realizado|con|su|tarjeta|de|crédito|.	llevar
es_409	spanish	Una incapacidad, y máxime si se trata de una incapacidad total es supremamente complicada para cualquier persona, y algunos dicen que lo es más que la misma muerte prematura, porque además de la pérdida de la fuente generadora de ingresos hay que sumar por lo general los gastos médicos.	máxime	0.625	es	False	uno|incapacidad|,|y|máxime|si|él|tratar|de|uno|incapacidad|total|ser|supremamente|complicado|para|cualquiera|persona|,|y|alguno|decir|que|él|ser|más|que|el|mismo|muerte|prematura|,|porque|además|de|el|pérdida|de|el|fuente|generador|de|ingreso|haber|que|sumar|por|él|general|el|gasto|médico|.	máxime
es_410	spanish	Para ello disponen de sistemas de información que les proporcionan datos financieros y no financieros periódicamente.	disponen	0.35	es	False	para|él|disponer|de|sistema|de|información|que|él|proporcionar|dato|financiero|y|no|financiero|periódicamente|.	disponer
es_411	spanish	La lista de cuentas aludida es invaluable para la familia si usted llega a estar incapacitado o muere repentinamente.	invaluable	0.45	es	False	el|lista|de|cuenta|aludido|ser|invaluable|para|el|familia|si|tú|llegar|a|estar|incapacitado|o|morir|repentinamente|.	invaluable
es_412	spanish	Cada año, en los meses de marzo y abril, el Servicio de Impuestos Internos propone declaraciones digitales a los contribuyentes (declaraciones de renta precalculadas por la institución), particularmente para personas naturales y pequeñas empresas.	contribuyentes	0.425	es	False	cada|año|,|en|el|mes|de|marzo|y|abril|,|el|Servicio|de|Impuestos|Internos|proponer|declaración|digital|a|el|contribuyente|(|declaración|de|renta|precalculado|por|el|institución|)|,|particularmente|para|persona|natural|y|pequeño|empresa|.	contribuyente
es_413	spanish	Diez años si la prescripción se interrumpe mediante reconocimiento escrito de la obligación tributaria por parte del contribuyente.	contribuyente	0.475	es	False	Diez|año|si|el|prescripción|él|interrumper|mediante|reconocimiento|escrito|de|el|obligación|tributario|por|parte|de|el|contribuyente|.	contribuyente
es_414	spanish	Hoy en día han surgido los diferentes medios de pago (antes mencionados) que eliminan el riesgo de robo y se pueden recuperar en caso de extravío, son fáciles de manejar y permiten el control de ingresos y gastos.	robo	0.125	es	False	hoy|en|día|haber|surgir|el|diferente|medio|de|pago|(|antes|mencionado|)|que|eliminar|el|riesgo|de|robo|y|él|poder|recuperar|en|caso|de|extravío|,|ser|fácil|de|manejar|y|permitir|el|control|de|ingreso|y|gasto|.	robo
es_415	spanish	Por consiguiente, primero compran las cosas que necesitan, después las que más desean y prescinden de lo demás.	desean	0.2	es	False	por|consiguiente|,|primero|comprar|el|cosa|que|necesitar|,|después|el|que|más|desear|y|prescindir|de|él|demás|.	desear
es_416	spanish	Por ejemplo, en la tabla anterior se muestra una reducción de los Otros Ingresos, sin embargo no se puede identificar cuál es la razón para dicha reducción.	reducción	0.175	es	False	por|ejemplo|,|en|el|tabla|anterior|él|mostrar|uno|reducción|de|el|otro|Ingresos|,|sin|embargo|no|él|poder|identificar|cuál|ser|el|razón|para|dicho|reducción|.	reducción
es_417	spanish	Con frecuencia, estas compañías cobran honorarios costosos por cosas que podrías hacer tú mismo.	cobran	0.15	es	False	con|frecuencia|,|este|compañía|cobrar|honorario|costoso|por|cosa|que|poder|hacer|tú|mismo|.	cobrar
es_418	spanish	También, en los países existen otras instituciones depositarias de ahorros como las cajas de ahorro, asociaciones de ahorro y préstamo, por ejemplo que, por lo general, otorgan préstamos hipotecarios para vivienda, préstamos al consumidor o para fines específicos.	específicos	0.225	es	False	también|,|en|el|país|existir|otro|institución|depositario|de|ahorro|como|el|caja|de|ahorro|,|asociación|de|ahorro|y|préstamo|,|por|ejemplo|que|,|por|él|general|,|otorgar|préstamo|hipotecario|para|vivienda|,|préstamo|a|el|consumidor|o|para|fin|específico|.	específico
es_419	spanish	El documento antes citado, la define también como: el rompimiento del equilibrio psicofisiológico que experimenta el ser humano, provocado por la falta o exceso de algo.	psicofisiológico	0.625	es	False	el|documento|antes|citado|,|él|definir|también|como|:|el|rompimiento|de|el|equilibrio|psicofisiológico|que|experimentar|el|ser|humano|,|provocado|por|el|falta|o|exceso|de|algo|.	psicofisiológico
es_420	spanish	La función de concentración de recursos, tiene que ver con la racionalidad de las personas que invierten al decidir cómo y dónde destinar sus recursos financieros, teniendo en cuenta la evaluación que realicen de la relación riesgo	destinar	0.275	es	False	el|función|de|concentración|de|recurso|,|tener|que|ver|con|el|racionalidad|de|el|persona|que|invertir|a|el|decidir|cómo|y|dónde|destinar|su|recurso|financiero|,|tener|en|cuenta|el|evaluación|que|realizar|de|el|relación|riesgo	destinar
es_421	spanish	Después surgió la moneda y posteriormente surgió el papel-moneda, que por mucho tiempo fueron los principales medios para los intercambios comerciales.	posteriormente	0.325	es	False	después|surgir|el|moneda|y|posteriormente|surgir|el|papel-moneda|,|que|por|mucho|tiempo|ser|el|principal|medio|para|el|intercambio|comercial|.	posteriormente
es_422	spanish	A éstos se les coloca una fecha posterior al momento en que se elabora el cheque, como manera de recordarle al que lo recibe que la cuenta no tendrá los fondos suficientes si no hasta el día que se indica en el cheque y que sólo entonces podrá hacerlo efectivo.	recordarle	0.1	es	False	a|este|él|él|colocar|uno|fecha|posterior|a|el|momento|en|que|él|elaborar|el|cheque|,|como|manera|de|recordar|él|a|el|que|él|recibir|que|el|cuenta|no|tener|el|fondo|suficiente|si|no|hasta|el|día|que|él|indicar|en|el|cheque|y|que|sólo|entonces|poder|hacer|él|efectivo|.	recordar|él
es_423	spanish	Colisión: Choque de dos cuerpos. Oposición y pugna de ideas, principios o intereses. Parte del ingreso que no se destina al ahorro, sino que es aplicado a la adquisición de alimentos, educación, ocio, entre otros.	aplicado	0.35	es	False	Colisión|:|choque|de|dos|cuerpo|.|Oposición|y|pugna|de|idea|,|principio|o|interés|.|parte|de|el|ingreso|que|no|él|destinar|a|el|ahorro|,|sino|que|ser|aplicar|a|el|adquisición|de|alimento|,|educación|,|ocio|,|entre|otro|.	aplicado
es_424	spanish	La corrupción, en tanto, es lo opuesto a la honradez y se la asocia con el vicio, el soborno, la perversión y otros calificativos vinculados a lo inmoral y a la falta de ética personal y empresarial en el actuar.	vinculados	0.325	es	False	el|corrupción|,|en|tanto|,|ser|él|opuesto|a|el|honradez|y|él|él|asociar|con|el|vicio|,|el|soborno|,|el|perversión|y|otro|calificativo|vinculado|a|él|inmoral|y|a|el|falta|de|ética|personal|y|empresarial|en|el|actuar|.	vinculado
es_425	spanish	No obstante, sería imprudente ejecutar un proyecto únicamente con el resultado de un análisis de rentabilidad; puesto que, para realizar el flujo de caja proyectado se realizaron varios supuestos que no necesariamente tienen que cumplirse.	imprudente	0.25	es	False	no|obstante|,|ser|imprudente|ejecutar|uno|proyecto|únicamente|con|el|resultado|de|uno|análisis|de|rentabilidad|;|puesto|que|,|para|realizar|el|flujo|de|caja|proyectado|él|realizar|varios|supuesto|que|no|necesariamente|tener|que|cumplir|él|.	imprudente
es_426	spanish	La quiebra del capítulo 13 permanece en tus antecedentes crediticios por al menos siete años.	quiebra	0.45	es	False	el|quiebra|de|el|capítulo|13|permanecer|en|tu|antecedente|crediticio|por|a|el|menos|siete|año|.	quiebra
es_427	spanish	Esta modalidad de cheques posfechados no es avalada por la legislación de algunos países que considera que el cheque se convierte en un instrumento de crédito.	convierte	0.225	es	False	este|modalidad|de|cheque|posfechado|no|ser|avalar|por|el|legislación|de|alguno|país|que|considerar|que|el|cheque|él|convertir|en|uno|instrumento|de|crédito|.	convertir
es_428	spanish	Para realizar el presupuesto, digamos finalmente, que los autores que se han dedicado a este asunto y al de las finanzas personales y familiares, han propuesto diferentes modelos, alguno o algunos de los cuales presentaremos en el capítulo antes aludido.	finanzas	0.375	es	False	para|realizar|el|presupuesto|,|decir|finalmente|,|que|el|autor|que|él|haber|dedicar|a|este|asunto|y|a|el|de|el|finanzas|personal|y|familiar|,|haber|proponer|diferente|modelo|,|alguno|o|alguno|de|el|cual|presentar|en|el|capítulo|antes|aludido|.	finanzas
es_429	spanish	De todas maneras, señala el Diccionario aludido,	señala	0.175	es	False	de|todo|manera|,|señalar|el|Diccionario|aludido|,	señalar
es_430	spanish	El proceso está orientado para que se eduque de un modo gradual y constante en las habilidades y conocimientos requeridos para los negocios, finanzas e inversiones.	habilidades	0.175	es	False	el|proceso|estar|orientar|para|que|él|educar|de|uno|modo|gradual|y|constante|en|el|habilidad|y|conocimiento|requerido|para|el|negocio|,|finanzas|e|inversión|.	habilidad
es_431	spanish	Existen ocho áreas fundamentales que debes tener en cuenta cuando planeas mantenerte tú mismo cuando te jubiles:	planeas	0.25	es	False	existir|ocho|área|fundamental|que|deber|tener|en|cuenta|cuando|planear|mantener|tú|tú|mismo|cuando|tú|jubil|:	planeo
es_432	spanish	El caso más frecuente es el de la ansiedad, zozobra y desesperación por mantener y obtener cada vez ingresos más altos, lo cual creo se comprende como una resultante impuesta por la sociedad de consumo que nos rige.	impuesta	0.375	es	False	el|caso|más|frecuente|ser|el|de|el|ansiedad|,|zozobra|y|desesperación|por|mantener|y|obtener|cada|vez|ingreso|más|alto|,|él|cual|creer|él|comprender|como|uno|resultante|impuesto|por|el|sociedad|de|consumo|que|yo|regir|.	impuesto
es_433	spanish	Un problema de solvencia implica que la compañía no está generando rentabilidad para los accionistas y si este problema persiste, no tendría sentido seguir operando.	generando	0.2	es	False	uno|problema|de|solvencia|implicar|que|el|compañía|no|estar|generar|rentabilidad|para|el|accionista|y|si|este|problema|persistir|,|no|tener|sentido|seguir|operar|.	generar
es_434	spanish	El crédito personal es, igualmente, una facilidad crediticia en la cual la garantía del mismo es la promesa de pago incondicional de un deudor que goza de muy buena reputación y solvencia económica, moral y crediticia (Garantía fiduciaria).	fiduciaria	0.8	es	False	el|crédito|personal|ser|,|igualmente|,|uno|facilidad|crediticia|en|el|cual|el|garantía|de|el|mismo|ser|el|promesa|de|pago|incondicional|de|uno|deudor|que|gozar|de|mucho|buen|reputación|y|solvencia|económico|,|moral|y|crediticia|(|Garantía|fiduciario|)|.	fiduciario
es_435	spanish	Si detecta algún dispositivo inusual o anormal en el equipo, añadidos, reparaciones mal hechas, no realice transacciones y notifique a la entidad financiera a la mayor brevedad posible.	realice	0.2	es	False	si|detectar|alguno|dispositivo|inusual|o|anormal|en|el|equipo|,|añadido|,|reparación|mal|hecho|,|no|realizar|transacción|y|notificar|a|el|entidad|financiero|a|el|mayor|brevedad|posible|.	realizar
es_436	spanish	El ingreso de una persona, de una familia o de una empresa, e incluso del Estado, es la cantidad de dinero que ésta recibe por realizar una actividad determinada remunerable (negocio, trabajo, venta de productos, etc.	recibe	0.1	es	False	el|ingreso|de|uno|persona|,|de|uno|familia|o|de|uno|empresa|,|e|incluso|de|el|Estado|,|ser|el|cantidad|de|dinero|que|este|recibir|por|realizar|uno|actividad|determinado|remunerable|(|negocio|,|trabajo|,|venta|de|producto|,|etcétera|.	recibir
es_437	spanish	En esta lista se deben incluir la casa, los alquileres, los servicios, alimentación, vestuario y otros gastos obvios.	vestuario	0.2	es	False	en|este|lista|él|deber|incluir|el|casa|,|el|alquiler|,|el|servicio|,|alimentación|,|vestuario|y|otro|gasto|obvio|.	vestuario
es_438	spanish	Se otorga sobre vehículos del año, 0 kilómetros, nuevos, de agencias reconocidas.	otorga	0.25	es	False	él|otorgar|sobre|vehículo|de|el|año|,|0|kilómetro|,|nuevo|,|de|agencia|reconocido|.	otorgar
es_439	spanish	Posiblemente sea mejor cambiar el auto por otro más barato o usar un medio de transporte alternativo, en vez de dejar que el acreedor recupere el auto, lo que dañaría tus antecedentes crediticios.	cambiar	0.2	es	False	posiblemente|ser|mejor|cambiar|el|auto|por|otro|más|barato|o|usar|uno|medio|de|transporte|alternativo|,|en|vez|de|dejar|que|el|acreedor|recuperar|el|auto|,|él|que|dañar|tu|antecedente|crediticio|.	cambiar
es_440	spanish	Los pagos electrónicos son aquellas transacciones en que se utilizan canales electrónicos para realizar pagos monetarios sin el empleo de efectivo como medio de pago.	canales	0.35	es	False	el|pago|electrónico|ser|aquel|transacción|en|que|él|utilizar|canal|electrónico|para|realizar|pago|monetario|sin|el|empleo|de|efectivo|como|medio|de|pago|.	canal
es_441	spanish	Los intereses corresponden a pagos que se realizan por la utilización de dinero por un cierto plazo.	pagos	0.25	es	False	el|interés|corresponder|a|pago|que|él|realizar|por|el|utilización|de|dinero|por|uno|cierto|plazo|.	pago
es_442	spanish	Los principales delitos de este tipo son el tráfico de influencias, el fraude, el lavado de dinero, el cohecho, la quiebra fraudulenta y la estafa.	influencias	0.6	es	False	el|principal|delito|de|este|tipo|ser|el|tráfico|de|influencia|,|el|fraude|,|el|lavado|de|dinero|,|el|cohecho|,|el|quiebra|fraudulento|y|el|estafa|.	influencia
es_443	spanish	Éste, está probado, no se tiene con el simple ahorro, o al menos con éste aquél es lento y no con la celeridad que quizás se desea, al fin y al cabo la vida es bastante corta y llena de permanentes riesgos y contingencias que es necesario enfrentar permanentemente.	aquél	0.475	es	False	este|,|estar|probado|,|no|él|tener|con|el|simple|ahorro|,|o|a|el|menos|con|este|aquél|ser|lento|y|no|con|el|celeridad|que|quizás|él|desear|,|a|el|fin|y|a|el|cabo|el|vida|ser|bastante|corto|y|lleno|de|permanente|riesgo|y|contingencia|que|ser|necesario|enfrentar|permanentemente|.	aquél
es_444	spanish	No va a saber exactamente lo que cuesta cada uno de sus gastos mensuales (por ejemplo, los servicios), pero debe ser un estimativo bastante realista.	mensuales	0.175	es	False	no|ir|a|saber|exactamente|él|que|costar|cada|uno|de|su|gasto|mensual|(|por|ejemplo|,|el|servicio|)|,|pero|deber|ser|uno|estimativo|bastante|realista|.	mensual
es_445	spanish	Este impuesto siempre está incorporado en el precio de las boletas de compras y ventas.	compras	0.275	es	False	este|impuesto|siempre|estar|incorporado|en|el|precio|de|el|boleta|de|compra|y|venta|.	compra
es_446	spanish	Control centralizado de cuentas: verificar el detalle de todas las cuentas (tanto corrientes como de ahorro) en una sola pantalla.	corrientes	0.35	es	False	control|centralizado|de|cuenta|:|verificar|el|detalle|de|todo|el|cuenta|(|tanto|corriente|como|de|ahorro|)|en|uno|solo|pantalla|.	corriente
es_447	spanish	Un ejemplo sería ahorrar al menos $5 000 cada año para invertir para la jubilación.	invertir	0.225	es	False	uno|ejemplo|ser|ahorrar|a|el|menos|$5|000|cada|año|para|invertir|para|el|jubilación|.	invertir
es_448	spanish	Los bancos usan varios métodos para calcular los intereses y le toca a usted aprender cómo su banco computa estos cargos:	cargos	0.5	es	False	el|banco|usar|varios|método|para|calcular|el|interés|y|él|tocar|a|tú|aprender|cómo|su|banco|computar|este|cargo|:	cargo
es_449	spanish	Por ejemplo, cuando se invierte en una casa y se habita disfrutando de esta y además se puede obtener rentabilidad financiera en caso de venta o arriendo.	invierte	0.375	es	False	por|ejemplo|,|cuando|él|invertir|en|uno|casa|y|él|habitar|disfrutar|de|este|y|además|él|poder|obtener|rentabilidad|financiero|en|caso|de|venta|o|arrir|.	invertir
es_450	spanish	Las cifras también muestran un incremento en la capitalización de la compañía a través del aumento de acciones, superávit de capital y utilidades retenidas.	muestran	0.15	es	False	el|cifra|también|mostrar|uno|incremento|en|el|capitalización|de|el|compañía|a|través|de|el|aumento|de|acción|,|superávit|de|capital|y|utilidad|retenido|.	mostrar
es_451	spanish	Por cada $100 de ingresos, la empresa gana $3.80 de utilidad neta.	gana	0.15	es	False	por|cada|$100|de|ingreso|,|el|empresa|ganar|$3.80|de|utilidad|neta|.	ganar
es_452	spanish	La jerarquía de necesidades de Maslow (pirámide de Maslow) consta de 5 niveles: Los cuatro primeros niveles pueden ser agrupados como necesidades del déficit (Deficit needs); el nivel superior se le denomina como una necesidad del ser (being needs).	agrupados	0.2	es	False	el|jerarquía|de|necesidad|de|maslow|(|pirámide|de|maslow|)|constar|de|5|nivel|:|el|cuatro|primero|nivel|poder|ser|agrupar|como|necesidad|de|el|déficit|(|deficit|needs|)|;|el|nivel|superior|él|él|denominar|como|uno|necesidad|de|el|ser|(|being|needs|)|.	agrupar
es_453	spanish	Sobre el particular, dicen que las personas dentro de una multitud son arrastradas a hacer cosas que solas no lo harían y, citan lo siguiente:	arrastradas	0.3	es	False	sobre|el|particular|,|decir|que|el|persona|dentro|de|uno|multitud|ser|arrastrar|a|hacer|cosa|que|solo|no|él|hacer|y|,|citar|él|siguiente|:	arrastrar
es_454	spanish	El crédito de los ciudadanos en las cosas más nimias no debe ser esclavizado y dependiente de una multitud de oficiales subalternos de las rentas.	dependiente	0.375	es	False	el|crédito|de|el|ciudadano|en|el|cosa|más|nimio|no|deber|ser|esclavizar|y|dependiente|de|uno|multitud|de|oficial|subalterno|de|el|renta|.	dependiente
es_455	spanish	Los que ahorran piden que se les pague un precio por postergar su consumo, y los que demandan el dinero ahorrado (piden un crédito) para hacer una inversión están dispuestos a pagar un precio por ese dinero con tal de no perder la oportunidad de invertir y sacar un mayor resultado.	demandan	0.4	es	False	el|que|ahorrar|pedir|que|él|él|pagar|uno|precio|por|postergar|su|consumo|,|y|el|que|demandar|el|dinero|ahorrar|(|pedir|uno|crédito|)|para|hacer|uno|inversión|estar|dispuesto|a|pagar|uno|precio|por|ese|dinero|con|tal|de|no|perder|el|oportunidad|de|invertir|y|sacar|uno|mayor|resultado|.	demandar
es_456	spanish	La última columna indica la diferencia favorable entre los flujos de ingresos por exportaciones menos los flujos de egresos por el pago de importaciones.	flujos	0.5	es	False	el|último|columna|indicar|el|diferencia|favorable|entre|el|flujo|de|ingreso|por|exportación|menos|el|flujo|de|egreso|por|el|pago|de|importación|.	flujo
es_457	spanish	Pero si eso ocurre habitualmente, tienes un flujo de fondos negativo y tu presupuesto está desequilibrado.	habitualmente	0.2	es	False	pero|si|ese|ocurrir|habitualmente|,|tener|uno|flujo|de|fondo|negativo|y|tu|presupuesto|estar|desequilibrado|.	habitualmente
es_458	spanish	En virtud de estas y otras reflexiones fue que se diseñó este capítulo en el marco del Libro Maestro de la cual forma parte sustantiva.	diseñó	0.15	es	False	en|virtud|de|este|y|otro|reflexión|ser|que|él|diseñar|este|capítulo|en|el|marco|de|el|Libro|maestro|de|el|cual|formar|parte|sustantivo|.	diseñar
es_459	spanish	Afiliación: Están relacionadas con el desarrollo afectivo del individuo, son las necesidades de asociación, participación y aceptación en el grupo de trabajo, entre estas se encuentran: la amistad, el afecto y el amor.	relacionadas	0.325	es	False	afiliación|:|estar|relacionado|con|el|desarrollo|afectivo|de|el|individuo|,|ser|el|necesidad|de|asociación|,|participación|y|aceptación|en|el|grupo|de|trabajo|,|entre|este|él|encontrar|:|el|amistad|,|el|afecto|y|el|amor|.	relacionado
es_460	spanish	Antivirus es un programa informático específicamente diseñado para detectar y eliminar virus; el uso correcto permite el bloqueo infranqueable de los virus y demás códigos maliciosos.	bloqueo	0.3	es	False	antivirus|ser|uno|programa|informático|específicamente|diseñado|para|detectar|y|eliminar|virus|;|el|uso|correcto|permitir|el|bloqueo|infranqueable|de|el|virus|y|demás|código|malicioso|.	bloqueo
es_461	spanish	En esta coyuntura surge el dinero que es casi un concepto abstracto, por lo simbólico, de allí la dificultad para algunos de definirlo y más para comprenderlo.	definirlo	0.4	es	False	en|este|coyuntura|surgir|el|dinero|que|ser|casi|uno|concepto|abstracto|,|por|él|simbólico|,|de|allí|el|dificultad|para|alguno|de|definir|él|y|más|para|comprender|él|.	definir|él
es_462	spanish	Estas alternativas permiten rendimientos más reducidos, mientras los de plazo definido consideran pago de intereses.	consideran	0.4	es	False	este|alternativa|permitir|rendimiento|más|reducido|,|mientras|el|de|plazo|definido|considerar|pago|de|interés|.	considerar
es_463	spanish	Los segundos enfatizan en la dependencia y pérdida de identidad cultural que traen las nuevas prácticas y costumbre foráneas.	dependencia	0.45	es	False	el|segundo|enfatizar|en|el|dependencia|y|pérdida|de|identidad|cultural|que|traer|el|nuevo|práctica|y|costumbre|foráneo|.	dependencia
es_464	spanish	Para la operación óptima de dicha infraestructura ha sido necesaria la inversión de cifras millonarias de dinero para la compra, actualización y mantenimiento de equipo, redes de comunicación y software, con el fin de mantener los servicios operando las 24 horas de todos los días del año.	millonarias	0.275	es	False	para|el|operación|óptimo|de|dicho|infraestructura|haber|ser|necesario|el|inversión|de|cifra|millonario|de|dinero|para|el|compra|,|actualización|y|mantenimiento|de|equipo|,|red|de|comunicación|y|software|,|con|el|fin|de|mantener|el|servicio|operar|el|24|hora|de|todo|el|día|de|el|año|.	millonario
es_465	spanish	Es cierto que mis padres no tenían los medios financieros para que fuera a la universidad cuando terminé la secundaria, pero fue mi miedo lo que me impidió hacerlo.	impidió	0.25	es	False	ser|cierto|que|mi|padre|no|tener|el|medio|financiero|para|que|ser|a|el|universidad|cuando|terminé|el|secundaria|,|pero|ser|mi|miedo|él|que|yo|impedir|hacer|él|.	impedir
es_466	spanish	Con frecuencia en el país la gente se queja del alto costo de vida, especialmente en los últimos tiempos, y esto porque los productos de uso inmediato, así como muchos de los servicios esenciales, aumentan su valor constantemente.	aumentan	0.175	es	False	con|frecuencia|en|el|país|el|gente|él|quejar|de|el|alto|costo|de|vida|,|especialmente|en|el|último|tiempo|,|y|este|porque|el|producto|de|uso|inmediato|,|así|como|mucho|de|el|servicio|esencial|,|aumentar|su|valor|constantemente|.	aumentar
es_467	spanish	Esto es, la entrega del cheque no libera jurídicamente al deudor ni, consecuentemente extingue su débito.	jurídicamente	0.575	es	False	este|ser|,|el|entrega|de|el|cheque|no|liberar|jurídicamente|a|el|deudor|ni|,|consecuentemente|extinguir|su|débito|.	jurídicamente
es_468	spanish	Si alguno de los rubros mencionados en estas tablas no involucra efectivo, entonces no debe considerarse para la elaboración del estado financiero.	tablas	0.375	es	False	si|alguno|de|el|rubro|mencionado|en|este|tabla|no|involucrar|efectivo|,|entonces|no|deber|considerar|él|para|el|elaboración|de|el|estado|financiero|.	tabla
es_469	spanish	El precio de los bienes o servicios es determinado por el comprador ya que, al ser único, posee el poder de mercado y los numerosos oferentes deben adaptarse a sus exigencias.	adaptarse	0.275	es	False	el|precio|de|el|bien|o|servicio|ser|determinar|por|el|comprador|ya|que|,|a|el|ser|único|,|poseer|el|poder|de|mercado|y|el|numeroso|oferente|deber|adaptar|él|a|su|exigencia|.	adaptar|él
es_470	spanish	Si existe igualdad fiscal todos los ciudadanos tendrán constante necesidad de reunirse y de obrar en asuntos que a todos interesa y eso basta para conservar un nexo entre ellos.	igualdad	0.15	es	False	si|existir|igualdad|fiscal|todo|el|ciudadano|tener|constante|necesidad|de|reunir|él|y|de|obrar|en|asunto|que|a|todo|interesar|y|ese|bastar|para|conservar|uno|nexo|entre|él|.	igualdad
es_471	spanish	Es cierto que algunas cuentas 401(k) te permiten pedir dinero prestado, pero hacerlo enlentece el ritmo de crecimiento de la cuenta.	ritmo	0.4	es	False	ser|cierto|que|alguno|cuenta|401(|k|)|tú|permitir|pedir|dinero|prestado|,|pero|hacer|él|enlentecer|el|ritmo|de|crecimiento|de|el|cuenta|.	ritmo
es_472	spanish	En la actualidad, los impuestos que recauda el fisco permiten financiar gasto e inversiones y actividades de bien general en beneficio de los habitantes del territorio.	gasto	0.35	es	False	en|el|actualidad|,|el|impuesto|que|recaudar|el|fisco|permitir|financiar|gasto|e|inversión|y|actividad|de|bien|general|en|beneficio|de|el|habitante|de|el|territorio|.	gasto
es_473	spanish	Son diferentes las teorías psicológicas y psicosociales que sugieren la manera de llegar al cambio de las actitudes, las cuales afortunadamente no discrepan de manera preocupante.	psicológicas	0.4	es	False	ser|diferente|el|teoría|psicológico|y|psicosocial|que|sugerir|el|manera|de|llegar|a|el|cambio|de|el|actitud|,|el|cual|afortunadamente|no|discrepar|de|manera|preocupante|.	psicológico
es_474	spanish	¡Cuánto más sencillo sería aceptar dinero de quien tuviere un aparato de televisión que necesitara reparación, y luego comprar sus comestibles y otros artículos con ese dinero!	tuviere	0.35	es	False	¡|cuánto|más|sencillo|ser|aceptar|dinero|de|quien|tener|uno|aparato|de|televisión|que|necesitar|reparación|,|y|luego|comprar|su|comestible|y|otro|artículo|con|ese|dinero|!	tener
es_475	spanish	Su audiencia hasta este punto había sido muy cortés y receptiva, y había estado muy contenta con el material que ella había mostrado.	cortés	0.225	es	False	su|audiencia|hasta|este|punto|haber|ser|mucho|cortés|y|receptivo|,|y|haber|estar|mucho|contentar|con|el|material|que|él|haber|mostrar|.	cortés
es_476	spanish	Su valor indica que por cada dólar invertido en el negocio, la compañía genera $2.05 en ventas.	ventas	0.225	es	False	su|valor|indicar|que|por|cada|dólar|invertido|en|el|negocio|,|el|compañía|generar|$2.05|en|venta|.	venta
es_477	spanish	La entidad bancaria o institución emisora de la tarjeta proporcionará un estado de cuenta de las transacciones efectuadas por un período de tiempo determinado.	transacciones	0.375	es	False	el|entidad|bancario|o|institución|emisora|de|el|tarjeta|proporcionar|uno|estado|de|cuenta|de|el|transacción|efectuado|por|uno|período|de|tiempo|determinado|.	transacción
es_478	spanish	En sus comienzos cada moneda valía alrededor de $300, a fines de 2019 llega a $15.000 y continúa con alzas y bajas.	bajas	0.3	es	False	en|su|comienzo|cada|moneda|valía|alrededor|de|$300|,|a|fin|de|2019|llegar|a|115000|y|continuar|con|alza|y|baja|.	baja
es_479	spanish	Como, en general, las personas no han recibido educación financiera, en el manejo que hacen de sus ingresos no prevén recursos que les permita tener alguna reserva económica para enfrentar alguna de las múltiples contingencias o imprevistos de que antes se ha hablado aquí.	reserva	0.325	es	False	como|,|en|general|,|el|persona|no|haber|recibir|educación|financiero|,|en|el|manejo|que|hacer|de|su|ingreso|no|prever|recurso|que|él|permitir|tener|alguno|reserva|económico|para|enfrentar|alguno|de|el|múltiple|contingencia|o|imprevisto|de|que|antes|él|haber|hablar|aquí|.	reserva
es_480	spanish	Cuando empecé a estudiar las leyes fiscales (dice Mollien en sus Memorias) me horroricé de lo que veía: multas, prisiones, castigos corporales al arbitrio de tribunales especiales; los delegados tenían en sus manos a personas y bienes.	tribunales	0.425	es	False	cuando|empezar|a|estudiar|el|ley|fiscal|(|decir|mollien|en|su|memorias|)|yo|horroricar|de|él|que|ver|:|multa|,|prisión|,|castigo|corporal|a|el|arbitrio|de|tribunal|especial|;|el|delegado|tener|en|su|mano|a|persona|y|bien|.	tribunal
es_481	spanish	Los primeros sostienen que la integración e interacción de las naciones favorece a todos los pueblos, sin importar su origen o latitud.	latitud	0.475	es	False	el|primero|sostener|que|el|integración|e|interacción|de|el|nación|favorecer|a|todo|el|pueblo|,|sin|importar|su|origen|o|latitud|.	latitud
es_482	spanish	Para lograr una buena administración de los recursos financieros, si aún no se ha hecho, es imprescindible iniciar un programa regular de planificación financiera.	financiera	0.4	es	False	para|lograr|uno|buen|administración|de|el|recurso|financiero|,|si|aún|no|él|haber|hacer|,|ser|imprescindible|iniciar|uno|programa|regular|de|planificación|financiero|.	financiero
es_483	spanish	Estado de flujo de efectivo igual que el estado de resultados, este informe es complementario al balance.	flujo	0.55	es	False	Estado|de|flujo|de|efectivo|igual|que|el|estado|de|resultado|,|este|informe|ser|complementario|a|el|balance|.	flujo
es_484	spanish	Éstos incluyen: sueldos, arriendos, seguros, mantenimientos, suministros, combustible, depreciaciones, entre otros.	mantenimientos	0.375	es	False	este|incluir|:|sueldo|,|arriendo|,|seguro|,|mantenimiento|,|suministro|,|combustible|,|depreciación|,|entre|otro|.	mantenimiento
es_485	spanish	Incluso, un mismo producto podría tener precio distinto para la misma persona, si ésta lo adquiere en sucursales que pertenezcan a diferentes estratos sociales.	pertenezcan	0.4	es	False	incluso|,|uno|mismo|producto|poder|tener|precio|distinto|para|el|mismo|persona|,|si|este|él|adquirir|en|sucursal|que|pertenecer|a|diferente|estrato|social|.	pertenecer
es_486	spanish	En el largo plazo, las acciones, en promedio, superan de forma sistemática y sustancial al efectivo y a la inflación.	superan	0.275	es	False	en|el|largo|plazo|,|el|acción|,|en|promedio|,|superar|de|forma|sistemático|y|sustancial|a|el|efectivo|y|a|el|inflación|.	superar
es_487	spanish	En general, se dice que la rentabilidad normal de una inversión en países desarrollados fluctúa, en promedio, entre el 6 % y el 8 % anual.	promedio	0.275	es	False	en|general|,|él|decir|que|el|rentabilidad|normal|de|uno|inversión|en|país|desarrollado|fluctuar|,|en|promedio|,|entre|el|6|%|y|el|8|%|anual|.	promedio
es_488	spanish	En ciertos casos hay aranceles de referencia, como los que operan en el sector de la salud para determinadas prestaciones médicas.	determinadas	0.35	es	False	en|cierto|caso|haber|arancel|de|referencia|,|como|el|que|operar|en|el|sector|de|el|salud|para|determinado|prestación|médico|.	determinado
es_489	spanish	Es uno de los puestos claves de la organización, y en muchas ocasiones se lo reconoce como el segundo al mando luego del gerente general; quien lo supervisa, acorde a la estructura jerárquica.	supervisa	0.25	es	False	ser|uno|de|el|puesto|clave|de|el|organización|,|y|en|mucho|ocasión|él|él|reconocer|como|el|segundo|a|el|mando|luego|de|el|gerente|general|;|quien|él|supervisar|,|acordar|a|el|estructura|jerárquico|.	supervisar
es_490	spanish	Casi todos los estados exigen a los automovilistas el seguro de responsabilidad para automóviles que cubre costos médicos y reparaciones del vehículo entre otros costos.	reparaciones	0.25	es	False	casi|todo|el|estado|exigir|a|el|automovilista|el|seguro|de|responsabilidad|para|automóvil|que|cubrir|costo|médico|y|reparación|de|el|vehículo|entre|otro|costo|.	reparación
es_491	spanish	Si este indicador baja de 1, implicaría que la empresa no está en capacidad de cubrir sus obligaciones de corto plazo con los activos líquidos que posee.	indicador	0.425	es	False	si|este|indicador|bajo|de|1|,|implicar|que|el|empresa|no|estar|en|capacidad|de|cubrir|su|obligación|de|corto|plazo|con|el|activo|líquido|que|poseer|.	indicador
es_492	spanish	Cuando este último caso sucede, el proyecto o la inversión no es económicamente rentable y no debe ejecutarse.	económicamente	0.35	es	False	cuando|este|último|caso|suceder|,|el|proyecto|o|el|inversión|no|ser|económicamente|rentable|y|no|deber|ejecutar|él|.	económicamente
es_493	spanish	Entonces, esta persona se dirige a un banco con la factura y realiza una operación conocida como factoring.	realiza	0.2	es	False	entonces|,|este|persona|él|dirigir|a|uno|banco|con|el|factura|y|realizar|uno|operación|conocido|como|factoring|.	realizar
es_494	spanish	El administrador de escenarios es una herramienta en Excel que permite alterar múltiples variables con el objetivo de observar el efecto en otras variables de resultados.	variables	0.55	es	False	el|administrador|de|escenario|ser|uno|herramienta|en|Excel|que|permitir|alterar|múltiple|variable|con|el|objetivo|de|observar|el|efecto|en|otro|variable|de|resultado|.	variable
es_495	spanish	Para el conjunto de la economía, porque contribuyen de forma decisiva a la asignación eficiente de los recursos.	decisiva	0.35	es	False	para|el|conjunto|de|el|economía|,|porque|contribuir|de|forma|decisivo|a|el|asignación|eficiente|de|el|recurso|.	decisivo
es_496	spanish	Las deudas, la elaboración del presupuesto familiar, las cuentas por pagar, etc. pueden ser objeto de dolorosos conflictos familiares y, por esta razón, muchas parejas optan por no hablar de dinero para evitar disputas y con lo cual no se hacen ningún favor.	elaboración	0.25	es	False	el|deuda|,|el|elaboración|de|el|presupuesto|familiar|,|el|cuenta|por|pagar|,|etc.|poder|ser|objeto|de|doloroso|conflicto|familiar|y|,|por|este|razón|,|mucho|pareja|optar|por|no|hablar|de|dinero|para|evitar|disputa|y|con|él|cual|no|él|hacer|ninguno|favor|.	elaboración
es_497	spanish	Elusión tributaria: Es una figura consistente en no pagar determinados impuestos que se han establecido, amparándose en subterfugios o resquicios legales, no previstos por el legislador en el momento de redactar la ley.	determinados	0.4	es	False	elusión|tributario|:|ser|uno|figura|consistente|en|no|pagar|determinado|impuesto|que|él|haber|establecer|,|amparar|él|en|subterfugio|o|resquicio|legal|,|no|previsto|por|el|legislador|en|el|momento|de|redactar|el|ley|.	determinado
es_498	spanish	El impuesto a los réditos es también un buen instrumento para conocer el monto de las rentas y de la riqueza nacional.	monto	0.275	es	False	el|impuesto|a|el|rédito|ser|también|uno|buen|instrumento|para|conocer|el|monto|de|el|renta|y|de|el|riqueza|nacional|.	monto
es_499	spanish	Los hombres se dedicaban preferentemente a la caza y confeccionaban los utensilios de piedra.	caza	0.4	es	False	el|hombre|él|dedicar|preferentemente|a|el|caza|y|confeccionar|el|utensilio|de|piedra|.	caza
es_500	spanish	En este sentido, el análisis vertical permite responder la interrogante anterior, señalando el uso que se dio a los ingresos de la compañía en el período de análisis.	responder	0.175	es	False	en|este|sentido|,|el|análisis|vertical|permitir|responder|el|interrogante|anterior|,|señalar|el|uso|que|él|dar|a|el|ingreso|de|el|compañía|en|el|período|de|análisis|.	responder
es_501	spanish	Así se podrán reparar más rápido los carros, y se podrá recibir mayor número de los que actualmente se pueden atender.	rápido	0.175	es	False	así|él|poder|reparar|más|rápido|el|carro|,|y|él|poder|recibir|mayor|número|de|el|que|actualmente|él|poder|atender|.	rápido
es_502	spanish	Luego, haga un cuadro donde pueda colocar cuánto debe reunir semanal o mensualmente para lograr cada una de sus metas, dependiendo del plazo que éstas tengan.	metas	0.2	es	False	luego|,|hacer|uno|cuadro|donde|poder|colocar|cuánto|deber|reunir|semanal|o|mensualmente|para|lograr|cada|uno|de|su|meta|,|depender|de|el|plazo|que|este|tener|.	meta
es_503	spanish	Estas tarjetas acarrean pocos riesgos y te ayudan a crear buenos antecedentes crediticios al mostrar tu capacidad para usar una tarjeta con responsabilidad.	mostrar	0.175	es	False	este|tarjeta|acarrear|poco|riesgo|y|tú|ayudar|a|crear|buen|antecedente|crediticio|a|el|mostrar|tu|capacidad|para|usar|uno|tarjeta|con|responsabilidad|.	mostrar
es_504	spanish	Los acreedores confían en la información crediticia para ver cómo has gestionado tus préstamos en el pasado y determinar qué posibilidades tienes de pagar un nuevo préstamo.	confían	0.25	es	False	el|acreedor|confiar|en|el|información|crediticia|para|ver|cómo|haber|gestionar|tu|préstamo|en|el|pasado|y|determinar|qué|posibilidad|tener|de|pagar|uno|nuevo|préstamo|.	confiar
es_505	spanish	Cheque de caja: se solicita al banco, y este procede a retirar el monto solicitado de la cuenta corriente o de inversión del solicitante o se deposita en la cuenta que el banco destine.	destine	0.325	es	False	cheque|de|caja|:|él|solicitar|a|el|banco|,|y|este|proceder|a|retirar|el|monto|solicitar|de|el|cuenta|corriente|o|de|inversión|de|el|solicitante|o|él|depositar|en|el|cuenta|que|el|banco|destinar|.	destinar
es_506	spanish	Las fuerzas de crecimiento dan lugar a un movimiento hacia arriba en la jerarquía, mientras que las fuerzas regresivas empujan las necesidades prepotentes hacia abajo en la misma.	empujan	0.175	es	False	el|fuerza|de|crecimiento|dar|lugar|a|uno|movimiento|hacia|arriba|en|el|jerarquía|,|mientras|que|el|fuerza|regresivo|empujar|el|necesidad|prepotente|hacia|abajo|en|el|mismo|.	empujar
es_507	spanish	Prepararse para el futuro es también prepararse para la jubilación y para los posibles gastos médicos todo lo cual requiere planeación, ahorro y un número limitado de deudas.	limitado	0.35	es	False	preparar|él|para|el|futuro|ser|también|preparar|él|para|el|jubilación|y|para|el|posible|gasto|médico|todo|él|cual|requerir|planeación|,|ahorro|y|uno|número|limitado|de|deuda|.	limitado
es_508	spanish	El mercado es el lugar donde se transan las mercancías y los servicios; es la expresión que define el lugar físico o figurado donde se encuentran vendedores y compradores.	define	0.3	es	False	el|mercado|ser|el|lugar|donde|él|transar|el|mercancía|y|el|servicio|;|ser|el|expresión|que|definir|el|lugar|físico|o|figurado|donde|él|encontrar|vendedor|y|comprador|.	definir
es_509	spanish	En cambio, aunque desaparecieran todos los privilegios y quedara únicamente el privilegio fiscal, bastaría esta desigualdad para mantener separadas las clases, ya que nunca podrían reunirse para discutir y decidir los asuntos que más les interesan y los que con mayor frecuencia se suscitan.	decidir	0.35	es	False	en|cambio|,|aunque|desaparecer|todo|el|privilegio|y|quedar|únicamente|el|privilegio|fiscal|,|bastar|este|desigualdad|para|mantener|separado|el|clase|,|ya|que|nunca|poder|reunir|él|para|discutir|y|decidir|el|asunto|que|más|él|interesar|y|el|que|con|mayor|frecuencia|él|suscitar|.	decidir
es_510	spanish	Finalmente, se incluye el valor positivo por la adquisición del préstamo y los valores negativos por la amortización de la deuda que se obtiene de la tabla 21.	préstamo	0.3	es	False	finalmente|,|él|incluir|el|valor|positivo|por|el|adquisición|de|el|préstamo|y|el|valor|negativo|por|el|amortización|de|el|deuda|que|él|obtener|de|el|tabla|21|.	préstamo
es_511	spanish	Además de los anteriores, en la economía global hay indicadores financieros que entregan información sobre el pulso bursátil, el número y los montos de las transacciones de acciones de sociedades, bonos u otros instrumentos financieros y de inversión.	bonos	0.425	es	False	además|de|el|anterior|,|en|el|economía|global|haber|indicador|financiero|que|entregar|información|sobre|el|pulso|bursátil|,|el|número|y|el|monto|de|el|transacción|de|acción|de|sociedad|,|bono|u|otro|instrumento|financiero|y|de|inversión|.	bono
es_512	spanish	Con lo anterior, surge otro paso en la planeación y lo que sigue lo explican muy bien los varias veces mencionados Alonso, Brailovsky y Ortiz y a lo cual queremos ceñirnos adaptándolo y trascribiéndolo aquí en toda su dimensión, dada su relevancia.	dimensión	0.375	es	False	con|él|anterior|,|surgir|otro|paso|en|el|planeación|y|él|que|seguir|él|explicar|mucho|bien|el|varios|vez|mencionado|Alonso|,|brailovsky|y|ortiz|y|a|él|cual|querer|ceñir|yo|adaptar|él|y|trascribir|él|aquí|en|todo|su|dimensión|,|dado|su|relevancia|.	dimensión
es_513	spanish	En la quiebra prevista en el capítulo 7, tus activos se venden y el dinero se divide entre tus acreedores.	activos	0.6	es	False	en|el|quiebra|previsto|en|el|capítulo|7|,|tu|activo|él|vender|y|el|dinero|él|dividir|entre|tu|acreedor|.	activo
es_514	spanish	«El sistema de administración financiera del Estado comprende el conjunto de procesos administrativos que permiten la obtención de recursos y su aplicación a la concreción de los logros de los objetivos del Estado [	administrativos	0.45	es	False	«|el|sistema|de|administración|financiero|de|el|Estado|comprender|el|conjunto|de|proceso|administrativo|que|permitir|el|obtención|de|recurso|y|su|aplicación|a|el|concreción|de|el|logro|de|el|objetivo|de|el|Estado|[	administrativo
es_515	spanish	Crea una lista de gastos previsibles y piensa cómo crees que gastas tu dinero en un mes normal.	Crea	0.2	es	False	creer|uno|lista|de|gasto|previsible|y|pensar|cómo|creer|que|gasta|tu|dinero|en|uno|mes|normal|.	creer
es_516	spanish	Por no dejar pasar la oportunidad, usted puede ir a un vendedor de automóviles, escoger uno y pagarlo a plazos.	pagarlo	0.25	es	False	por|no|dejar|pasar|el|oportunidad|,|tú|poder|ir|a|uno|vendedor|de|automóvil|,|escoger|uno|y|pagar|él|a|plazo|.	pagar|él
es_517	spanish	Autorrealización: Son las más elevadas, se hallan en la cima de la jerarquía, a través de su satisfacción personal, encuentran un sentido a la vida mediante el desarrollo de su potencial en una actividad.	elevadas	0.375	es	False	autorrealización|:|ser|el|más|elevado|,|él|hallar|en|el|cima|de|el|jerarquía|,|a|través|de|su|satisfacción|personal|,|encontrar|uno|sentido|a|el|vida|mediante|el|desarrollo|de|su|potencial|en|uno|actividad|.	elevado
es_518	spanish	El segundo principio establece que no basta con incrementar las entradas de efectivo, sino que éstas deben acelerarse.	entradas	0.2	es	False	el|segundo|principio|establecer|que|no|bastar|con|incrementar|el|entrada|de|efectivo|,|sino|que|este|deber|acelerar|él|.	entrada
es_519	spanish	Realizan una adecuación de las necesidades entre prestamistas y prestatarios en cuanto a cantidades y plazos.	prestamistas	0.375	es	False	realizan|uno|adecuación|de|el|necesidad|entre|prestamista|y|prestatario|en|cuanto|a|cantidad|y|plazo|.	prestamista
es_520	spanish	No obstante, dado que existe esa disminución, la tarea siguiente sería buscar qué pudo haber ocasionado esa variación.	variación	0.3	es	False	no|obstante|,|dado|que|existir|ese|disminución|,|el|tarea|siguiente|ser|buscar|qué|poder|haber|ocasionar|ese|variación|.	variación
es_521	spanish	Como resultado, una emergencia costosa, como la súbita pérdida de empleo o la acumulación de demasiadas cuentas médicas, podrían enviar a cualquier persona que no esté financieramente preparada a vivir endeudada durante años y, en algunos casos, a la bancarrota.	endeudada	0.45	es	False	como|resultado|,|uno|emergencia|costoso|,|como|el|súbito|pérdida|de|empleo|o|el|acumulación|de|demasiado|cuenta|médico|,|poder|enviar|a|cualquiera|persona|que|no|estar|financieramente|preparado|a|vivir|endeudado|durante|año|y|,|en|alguno|caso|,|a|el|bancarrota|.	endeudado
es_522	spanish	Los problemas de la economía urbana son en gran parte de naturaleza social, y las muchas propuestas para mejorar el bienestar social y económico de los grupos minoritarios indican una recia voluntad para cooperar en la solución de estos problemas.	bienestar	0.3	es	False	el|problema|de|el|economía|urbano|ser|en|gran|parte|de|naturaleza|social|,|y|el|mucho|propuesta|para|mejorar|el|bienestar|social|y|económico|de|el|grupo|minoritario|indicar|uno|recio|voluntad|para|cooperar|en|el|solución|de|este|problema|.	bienestar
es_523	spanish	El seguimiento o monitoreo y evaluación, que es la tercera etapa, permitirá ir visualizando la puesta en marcha y el cumplimiento del plan de acción, para contribuir al logro de sus objetivos y metas, así como plantear recomendaciones para evitar desviaciones; es decir, una forma de evaluación concurrente.	puesta	0.45	es	False	el|seguimiento|o|monitoreo|y|evaluación|,|que|ser|el|tercero|etapa|,|permitir|ir|visualizar|el|puesta|en|marcha|y|el|cumplimiento|de|el|plan|de|acción|,|para|contribuir|a|el|logro|de|su|objetivo|y|meta|,|así|como|plantear|recomendación|para|evitar|desviación|;|es|decir|,|uno|forma|de|evaluación|concurrente|.	puesto
es_524	spanish	Los bienes y servicios utilizados por las personas o la sociedad para satisfacer sus necesidades se denominan satisfactores o productos, o simplemente bienes.	utilizados	0.225	es	False	el|bien|y|servicio|utilizado|por|el|persona|o|el|sociedad|para|satisfacer|su|necesidad|él|denominar|satisfactor|o|producto|,|o|simplemente|bien|.	utilizado
es_525	spanish	Si se visita una fábrica de refrigeradoras y de estufas se encontrará que allí, según su tamaño, trabajan muchos obreros, quienes procesan las láminas de acero y construyen, con otras actividades los muebles metálicos.	muebles	0.2	es	False	si|él|visitar|uno|fábrica|de|refrigerador|y|de|estufa|él|encontrar|que|allí|,|según|su|tamaño|,|trabajar|mucho|obrero|,|quien|procesar|el|lámina|de|acero|y|construir|,|con|otro|actividad|el|mueble|metálico|.	mueble
es_526	spanish	Pero a muchas personas no les gusta ceñirse a él porque sencillamente no les gusta y porque los presupuestos contienen once de los obstáculos que impiden que estos se hagan.	gusta	0.15	es	False	pero|a|mucho|persona|no|él|gustar|ceñir|él|a|él|porque|sencillamente|no|él|gustar|y|porque|el|presupuesto|contener|once|de|el|obstáculo|que|impedir|que|este|él|hacer|.	gustar
es_527	spanish	El asegurado es quien se espera que tome la decisión sobre la cuantía del seguro, calculado sobre sus ingresos, para posibilitar la cuota que debe atender y también proyectando cual sería el valor o costo ajustado de los gastos familiares, tomando en cuenta también el tamaño y características de la familia.	atender	0.225	es	False	el|asegurar|ser|quien|él|esperar|que|tomar|el|decisión|sobre|el|cuantía|de|el|seguro|,|calculado|sobre|su|ingreso|,|para|posibilitar|el|cuota|que|deber|atender|y|también|proyectar|cual|ser|el|valor|o|costo|ajustado|de|el|gasto|familiar|,|tomar|en|cuenta|también|el|tamaño|y|característica|de|el|familia|.	atender
es_528	spanish	Una de las mejores formas de gestionar el riesgo es distribuir tus inversiones y ahorros a través de diversos canales.	inversiones	0.25	es	False	uno|de|el|mejor|forma|de|gestionar|el|riesgo|ser|distribuir|tu|inversión|y|ahorro|a|través|de|diverso|canal|.	inversión
es_529	spanish	Al momento de la entrega de estos cheques, el banco pide que el solicitante los firme, y solo podrá cobrarlos esta persona al firmar nuevamente los cheques en la parte de abajo, así la entidad que los recibe podrá cotejar que las firmas sean idénticas.	entidad	0.425	es	False	a|el|momento|de|el|entrega|de|este|cheque|,|el|banco|pedir|que|el|solicitante|él|firmar|,|y|sólo|poder|cobrar|él|este|persona|a|el|firmar|nuevamente|el|cheque|en|el|parte|de|abajo|,|así|el|entidad|que|él|recibir|poder|cotejar|que|el|firma|ser|idéntico|.	entidad
es_530	spanish	El punto de equilibrio, dependiendo del giro del negocio, puede expresarse en cantidades o en términos monetarios.	cantidades	0.15	es	False	el|punto|de|equilibrio|,|depender|de|el|giro|de|el|negocio|,|poder|expresar|él|en|cantidad|o|en|término|monetario|.	cantidad
es_531	spanish	Como se indicó al inicio del capítulo, para la construcción del EFE se emplean dos métodos: directo e indirecto.	directo	0.175	es	False	como|él|indicar|a|el|inicio|de|el|capítulo|,|para|el|construcción|de|el|EFE|él|emplear|dos|método|:|directo|e|indirecto|.	directo
es_532	spanish	Otras disposiciones, como el artículo 19 de la Ley de Bancos, establecen que estas entidades deben conservar los libros y documentación por diez años, salvo que la Superintendencia de Bancos e Instituciones Financieras autorice su destrucción con anterioridad.	anterioridad	0.325	es	False	otro|disposición|,|como|el|artículo|19|de|el|Ley|de|Bancos|,|establecer|que|este|entidad|deber|conservar|el|libro|y|documentación|por|diez|año|,|salvo|que|el|Superintendencia|de|Bancos|e|Instituciones|Financieras|autorizar|su|destrucción|con|anterioridad|.	anterioridad
es_533	spanish	Es posible evitar el crecimiento de una deuda utilizando su tarjeta de crédito solamente cuando pueda cancelar la totalidad de su saldo todos los meses.	saldo	0.3	es	False	ser|posible|evitar|el|crecimiento|de|uno|deuda|utilizar|su|tarjeta|de|crédito|solamente|cuando|poder|cancelar|el|totalidad|de|su|saldo|todo|el|mes|.	saldo
es_534	spanish	Al igual que se mencionó en la sección de la tabla de datos, el administrador de escenarios requiere que toda la información del flujo de caja se encuentre correctamente formulada antes de su ejecución.	encuentre	0.125	es	False	a|el|igual|que|él|mencionar|en|el|sección|de|el|tabla|de|dato|,|el|administrador|de|escenario|requerir|que|todo|el|información|de|el|flujo|de|caja|él|encontrar|correctamente|formulado|antes|de|su|ejecución|.	encontrar
es_535	spanish	Estimado Cliente. Queremos informarle que personas inescrupulosas están solicitando información a nuestros clientes en nombre de nuestra Institución, por consiguiente, para verificar si su cuenta fue afectada ingrese en los siguientes campos su número de Tarjeta y contraseña...	ingrese	0.175	es	False	estimado|Cliente|.|querer|informar|él|que|persona|inescrupuloso|estar|solicitar|información|a|nuestro|cliente|en|nombre|de|nuestro|institución|,|por|consiguiente|,|para|verificar|si|su|cuenta|ser|afectar|ingresar|en|el|siguiente|campo|su|número|de|tarjeta|y|contraseña|...	ingresar
es_536	spanish	Por ejemplo: Tengo que mantenerme al día con las tendencias, o me sentiré avergonzado.	avergonzado	0.2	es	False	por|ejemplo|:|tener|que|mantener|yo|a|el|día|con|el|tendencia|,|o|yo|sentir|avergonzado|.	avergonzado
es_537	spanish	Sin duda, estaremos de acuerdo en que el metal en un automóvil de último modelo es más útil que un montón de mineral de hierro o unos pocos lingotes de acero.	metal	0.225	es	False	sin|duda|,|estar|de|acuerdo|en|que|el|metal|en|uno|automóvil|de|último|modelo|ser|más|útil|que|uno|montón|de|mineral|de|hierro|o|uno|poco|lingote|de|acero|.	metal
es_538	spanish	Eficiencia: Ausencia de despilfarro o utilización de los recursos económicos, que reporta el máximo nivel de satisfacción posible, con los factores y la tecnología dados.	reporta	0.3	es	False	eficiencia|:|ausencia|de|despilfarro|o|utilización|de|el|recurso|económico|,|que|reportar|el|máximo|nivel|de|satisfacción|posible|,|con|el|factor|y|el|tecnología|dado|.	reportar
es_539	spanish	En el origen, los impuestos eran aplicados a las personas, por los soberanos y el clero, para financiar los asuntos de las castas gobernantes y ceremonias religiosas respectivamente.	castas	0.825	es	False	en|el|origen|,|el|impuesto|ser|aplicar|a|el|persona|,|por|el|soberano|y|el|clero|,|para|financiar|el|asunto|de|el|casta|gobernante|y|ceremonia|religioso|respectivamente|.	casta
es_540	spanish	También, deben considerarse, los aspectos relativos a la conceptualización e ideas generales sobre la historia de la tributación, su importancia, propósitos, características y equidad o justicia de un buen impuesto; la educabilidad y la dimensión moral de los impuestos y, los impuestos y las finanzas personales.	personales	0.225	es	False	también|,|deber|considerar|él|,|el|aspecto|relativo|a|el|conceptualización|e|idea|general|sobre|el|historia|de|el|tributación|,|su|importancia|,|propósito|,|característica|y|equidad|o|justicia|de|uno|buen|impuesto|;|el|educabilidad|y|el|dimensión|moral|de|el|impuesto|y|,|el|impuesto|y|el|finanzas|personal|.	personal
es_541	spanish	En resumen, acorde a las tablas presentadas, se han incrementado los ingresos, las utilidades, la capitalización y el efectivo.	presentadas	0.175	es	False	en|resumen|,|acordar|a|el|tabla|presentado|,|él|haber|incrementar|el|ingreso|,|el|utilidad|,|el|capitalización|y|el|efectivo|.	presentado
es_542	spanish	En el primero, el bien o servicio se consume directamente y no es utilizado para generar otros productos.	utilizado	0.175	es	False	en|el|primero|,|el|bien|o|servicio|él|consumir|directamente|y|no|ser|utilizar|para|generar|otro|producto|.	utilizado
es_543	spanish	Se han logrado tremendos incrementos en la producción total como resultado del desarrollo de la energía eléctrica y hoy también la marina y la eólica que se están tratando de aprovechar para usos industriales y otros.	marina	0.525	es	False	él|haber|lograr|tremendo|incremento|en|el|producción|total|como|resultado|de|el|desarrollo|de|el|energía|eléctrico|y|hoy|también|el|marina|y|el|eólico|que|él|estar|tratar|de|aprovechar|para|uso|industrial|y|otro|.	marina
es_544	spanish	Cobros derivados del reembolso de anticipos y préstamos a terceros (distintos de las operaciones de este tipo hechas por entidades financieras).	hechas	0.175	es	False	cobros|derivado|de|el|reembolso|de|anticipo|y|préstamo|a|tercero|(|distinto|de|el|operación|de|este|tipo|hecho|por|entidad|financiero|)|.	hecho
es_545	spanish	La inversión requerida es de $15,000 que incluyen: $5,000 en maquinarias y equipos, $2,000 en mobiliario; el saldo corresponde al capital de trabajo.	mobiliario	0.475	es	False	el|inversión|requerido|ser|de|115,000|que|incluir|:|$5000|en|maquinario|y|equipo|,|22000|en|mobiliario|;|el|saldo|corresponder|a|el|capital|de|trabajo|.	mobiliario
es_546	spanish	Los ingresos activos están constituidos por el salario o sueldo que se percibe, cuando se tiene un empleo, honorarios que se cobran como contraprestación de servicios, comisiones y otros pagos de la misma naturaleza.	honorarios	0.625	es	False	el|ingreso|activo|estar|constituir|por|el|salario|o|sueldo|que|él|percibir|,|cuando|él|tener|uno|empleo|,|honorario|que|él|cobrar|como|contraprestación|de|servicio|,|comisión|y|otro|pago|de|el|mismo|naturaleza|.	honorario
es_547	spanish	La Economía como una disciplina científica que es y que tiene, por consiguiente, su propia estructura de conocimientos tiene asimismo una serie de principios y leyes como los siguientes: Los individuos se enfrentan a disyuntivas o alternativas.	científica	0.3	es	False	el|Economía|como|uno|disciplina|científico|que|ser|y|que|tener|,|por|consiguiente|,|su|propio|estructura|de|conocimiento|tener|asimismo|uno|serie|de|principio|y|ley|como|el|siguiente|:|el|individuo|él|enfrentar|a|disyuntiva|o|alternativa|.	científico
es_548	spanish	La diferencia estriba en que mientras las necesidades de déficit pueden ser satisfechas, las necesidades del ser son una fuerza impelente continua.	continua	0.325	es	False	el|diferencia|estribar|en|que|mientras|el|necesidad|de|déficit|poder|ser|satisfecer|,|el|necesidad|de|el|ser|ser|uno|fuerza|impelente|continuo|.	continuo
es_549	spanish	Con intereses, ese monto de ahorros mensuales les permitiría ahorrar el pago inicial y comprar su vivienda en 24 meses.	vivienda	0.175	es	False	con|interés|,|ese|monto|de|ahorro|mensual|él|permitir|ahorrar|el|pago|inicial|y|comprar|su|vivienda|en|24|mes|.	vivienda
es_550	spanish	tuve una experiencia espeluznante en relación con los gastos que uno debe hacer por alguna enfermedad.	tuve	0.225	es	False	tener|uno|experiencia|espeluznante|en|relación|con|el|gasto|que|uno|deber|hacer|por|alguno|enfermedad|.	tener
es_551	spanish	De partida, el tema concierne a todos los individuos y durante toda la vida, pues las finanzas explican la procedencia y uso de los ingresos y recursos que se disponen para satisfacer las necesidades particulares de todas y todos.	satisfacer	0.15	es	False	de|partida|,|el|tema|concernir|a|todo|el|individuo|y|durante|todo|el|vida|,|pues|el|finanzas|explicar|el|procedencia|y|uso|de|el|ingreso|y|recurso|que|él|disponer|para|satisfacer|el|necesidad|particular|de|todo|y|todo|.	satisfacer
es_552	spanish	La riqueza con cara humana es lo que percibe y estudia el humanismo, y bajo esta óptica, es que debe inclinarse la educación financiera que deben tener todas las personas que se propongan como meta construir un futuro personal, familiar y social, tranquilo y sostenible.	estudia	0.15	es	False	el|riqueza|con|cara|humano|ser|él|que|percibir|y|estudiar|el|humanismo|,|y|bajo|este|óptico|,|ser|que|deber|inclinar|él|el|educación|financiero|que|deber|tener|todo|el|persona|que|él|proponer|como|meta|construir|uno|futuro|personal|,|familiar|y|social|,|tranquilo|y|sostenible|.	estudiar
es_553	spanish	Me merezco despilfarrar un poco de vez en cuando y será como una recompensa por mi esfuerzo.	merezco	0.225	es	False	yo|merecer|despilfarrar|uno|poco|de|vez|en|cuando|y|ser|como|uno|recompensa|por|mi|esfuerzo|.	merecer
es_554	spanish	Aplicarla no es fácil, porque usted tiene que demorar la gratificación de hoy para arreglar el desastre que hizo ayer.	ayer	0.05	es	False	aplicar|él|no|ser|fácil|,|porque|tú|tener|que|demorar|el|gratificación|de|hoy|para|arreglar|el|desastre|que|hacer|ayer|.	ayer
es_555	spanish	La importancia y trascendencia de las funciones económicas del cheque, derivan de su consideración de medio o instrumento de pago.	derivan	0.5	es	False	el|importancia|y|trascendencia|de|el|función|económico|de|el|cheque|,|derivar|de|su|consideración|de|medio|o|instrumento|de|pago|.	derivar
es_556	spanish	Si solicitas una tarjeta de crédito, úsala para comprar cosas que puedes pagar y paga lo que debes a la brevedad.	paga	0.05	es	False	si|solicitar|uno|tarjeta|de|crédito|,|úsalo|para|comprar|cosa|que|poder|pagar|y|pagar|él|que|deber|a|el|brevedad|.	pagar
es_557	spanish	precisa de un préstamo hipotecario con el que afrontar el pago de la vivienda.	precisa	0.325	es	False	precisar|de|uno|préstamo|hipotecario|con|el|que|afrontar|el|pago|de|el|vivienda|.	preciso
es_558	spanish	Pues, el uso de mi chequera testimoniará que soy una persona cumplida y que soy ordenada en la administración de mis cuentas.	ordenada	0.1	es	False	pues|,|el|uso|de|mi|chequera|testimoniar|que|ser|uno|persona|cumplido|y|que|ser|ordenado|en|el|administración|de|mi|cuenta|.	ordenado
es_559	spanish	Estos delitos son difíciles de probar y los ejecutores reciben bajas penas a pesar de que afectan pasivamente a gran cantidad de personas.	pasivamente	0.475	es	False	este|delito|ser|difícil|de|probar|y|el|ejecutor|recibir|baja|pena|a|pesar|de|que|afectar|pasivamente|a|gran|cantidad|de|persona|.	pasivamente
es_560	spanish	Por ejemplo, considere una panadería que reemplace sus cajeros por ánforas; el pan se coloca en las perchas y se invita a los clientes a tomar el que quieran y comerlo.	quieran	0.075	es	False	por|ejemplo|,|considerar|uno|panadería|que|reemplacer|su|cajero|por|ánfora|;|el|pan|él|colocar|en|el|percha|y|él|invitar|a|el|cliente|a|tomar|el|que|querer|y|comer|él|.	querer
es_561	spanish	En la década de los sesenta del siglo XX, el filósofo y comunicador canadiense Marshall McLuhan anticipó nuestras vidas en comunidad universal gracias a los progresos tecnológicos en comunicaciones e interconexiones humanas a escala global y acuñó la expresión «aldea global» para describir la tierra que habitamos.	progresos	0.225	es	False	en|el|década|de|el|sesenta|de|el|siglo|xx|,|el|filósofo|y|comunicador|canadiense|marshall|mcluhan|anticipar|nuestro|vida|en|comunidad|universal|gracia|a|el|progreso|tecnológico|en|comunicación|e|interconexión|humano|a|escala|global|y|acuñar|el|expresión|«|aldea|global|»|para|describir|el|tierra|que|habitar|.	progreso
es_562	spanish	Sin embargo, la producción total y el nivel de vida están afectados por la composición y estructura de edades de la población, su educación y el tamaño de la fuerza obrera y productiva, la destreza y movilidad de los trabajadores y la laboriosidad y actitud psicológica de las personas.	movilidad	0.35	es	False	sin|embargo|,|el|producción|total|y|el|nivel|de|vida|estar|afectado|por|el|composición|y|estructura|de|edad|de|el|población|,|su|educación|y|el|tamaño|de|el|fuerza|obrero|y|productivo|,|el|destreza|y|movilidad|de|el|trabajador|y|el|laboriosidad|y|actitud|psicológico|de|el|persona|.	movilidad
es_563	spanish	Para vivir en ese clima de fe y optimismo, indispensable a la felicidad, hemos de hacer la guerra a dos enemigos: el escepticismo y los estados o fenómenos psicológicos enemigos del optimismo.	optimismo	0.25	es	False	para|vivir|en|ese|clima|de|fe|y|optimismo|,|indispensable|a|el|felicidad|,|haber|de|hacer|el|guerra|a|dos|enemigo|:|el|escepticismo|y|el|estado|o|fenómeno|psicológico|enemigo|de|el|optimismo|.	optimismo
es_564	spanish	Está indexada con el IPC, de ahí que su fluctuación siga las variaciones del costo de la vida mensual, similar a la UF (unidad de fomento).	variaciones	0.45	es	False	estar|indexado|con|el|IPC|,|de|ahí|que|su|fluctuación|seguir|el|variación|de|el|costo|de|el|vida|mensual|,|similar|a|el|UF|(|unidad|de|fomento|)|.	variación
es_565	spanish	El análisis de la teoría señalada es importante en las finanzas porque implica que un administrador no debe limitarse a establecer un precio acorde al costo de producción que mantiene.	limitarse	0.225	es	False	el|análisis|de|el|teoría|señalar|ser|importante|en|el|finanzas|porque|implicar|que|uno|administrador|no|deber|limitar|él|a|establecer|uno|precio|acordar|a|el|costo|de|producción|que|mantener|.	limitar|él
es_566	spanish	Al mismo tiempo, como economía abierta al mundo, es un importador de bienes durables de uso doméstico e industrial, como automóviles, artículos electrónicos, vestuario y alimentos de consumo masivo.	masivo	0.275	es	False	a|el|mismo|tiempo|,|como|economía|abierto|a|el|mundo|,|ser|uno|importador|de|bien|durable|de|uso|doméstico|e|industrial|,|como|automóvil|,|artículo|electrónico|,|vestuario|y|alimento|de|consumo|masivo|.	masivo
es_567	spanish	Reducir los plazos y los costes de intermediación al facilitar la búsqueda de contrapartida para cada operación y agilizar los procedimientos de liquidación.	agilizar	0.25	es	False	reducir|el|plazo|y|el|coste|de|intermediación|a|el|facilitar|el|búsqueda|de|contrapartida|para|cada|operación|y|agilizar|el|procedimiento|de|liquidación|.	agilizar
es_568	spanish	La producción, digamos sencillamente que es, entre las diferentes acepciones del concepto y según el enfoque económico, crear cosas o servicios con valor económico.	enfoque	0.35	es	False	el|producción|,|decir|sencillamente|que|ser|,|entre|el|diferente|acepción|de|el|concepto|y|según|el|enfoque|económico|,|crear|cosa|o|servicio|con|valor|económico|.	enfoque
es_569	spanish	Los índices y razones presentan ratios de las cuentas de balance y estado de resultados con el objetivo de correlacionar información que no puede observarse a través del análisis vertical o el análisis horizontal.	horizontal	0.5	es	False	el|índice|y|razón|presentar|ratio|de|el|cuenta|de|balance|y|estado|de|resultado|con|el|objetivo|de|correlacionar|información|que|no|poder|observar|él|a|través|de|el|análisis|vertical|o|el|análisis|horizontal|.	horizontal
es_570	spanish	Por ejemplo, si se incrementan los documentos por pagar, significa que la empresa se ha endeudado, por tanto, recibió efectivo.	recibió	0.1	es	False	por|ejemplo|,|si|él|incrementar|el|documento|por|pagar|,|significar|que|el|empresa|él|haber|endeudar|,|por|tanto|,|recibir|efectivo|.	recibir
es_571	spanish	Cómo y cuándo usar los fondos del plan jubilatorio, saber cuáles son las distribuciones mínimas exigidas y abrir cuentas de ahorros jubilatorios, por tu cuenta o a través de tu empleador.	mínimas	0.15	es	False	cómo|y|cuándo|usar|el|fondo|de|el|plan|jubilatorio|,|saber|cuál|ser|el|distribución|mínimo|exigido|y|abrir|cuenta|de|ahorro|jubilatorio|,|por|tu|cuenta|o|a|través|de|tu|empleador|.	mínimo
es_572	spanish	La clave para lograr sus objetivos financieros, personales y familiares, es planificarlos apropiadamente y darles mucho seguimiento a través de este presupuesto.	clave	0.225	es	False	el|clave|para|lograr|su|objetivo|financiero|,|personal|y|familiar|,|ser|planificar|él|apropiadamente|y|dar|él|mucho|seguimiento|a|través|de|este|presupuesto|.	clave
es_573	spanish	El Banco Mundial, en el libro pobreza	pobreza	0.075	es	False	el|Banco|Mundial|,|en|el|libro|pobreza	pobreza
es_574	spanish	La reducción de estas dos últimas puede colaborar al mencionado incremento del efectivo, ya sea por procesos de cobranzas o incrementos en ventas.	mencionado	0.2	es	False	el|reducción|de|este|dos|último|poder|colaborar|a|el|mencionado|incremento|de|el|efectivo|,|ya|ser|por|proceso|de|cobranza|o|incremento|en|venta|.	mencionado
es_575	spanish	Algunos de ustedes tienen grandes deudas, han cavado un gran hoyo y se demoraron bastante tiempo en caer en esa hondonada, por lo tanto van a requerir de tiempo para salir de ella.	hoyo	0.15	es	False	alguno|de|tú|tener|grande|deuda|,|haber|cavar|uno|gran|hoyo|y|él|demorar|bastante|tiempo|en|caer|en|ese|hondonada|,|por|él|tanto|ir|a|requerir|de|tiempo|para|salir|de|él|.	hoyo
es_576	spanish	Es importante pensar que cuando se exceden los tiempos para el pago de ellos se sufren unos recargos que, aunque a veces parezca que son intrascendentes o poco gravosos, de alguna manera afectan el presupuesto personal o familiar y esto sin mencionar otros inconvenientes, dificultades o problemas que acarrea tal incumplimiento.	incumplimiento	0.375	es	False	ser|importante|pensar|que|cuando|él|exceder|el|tiempo|para|el|pago|de|él|él|sufrir|uno|recargo|que|,|aunque|a|vez|parecer|que|ser|intrascendente|o|poco|gravoso|,|de|alguno|manera|afectar|el|presupuesto|personal|o|familiar|y|este|sin|mencionar|otro|inconveniente|,|dificultad|o|problema|que|acarrear|tal|incumplimiento|.	incumplimiento
es_577	spanish	Por ejemplo, generalmente la hipoteca es uno de los mejores tipos de endeudamiento, porque la mayoría de las viviendas aumenta de valor con el paso del tiempo.	viviendas	0.225	es	False	por|ejemplo|,|generalmente|el|hipoteca|ser|uno|de|el|mejor|tipo|de|endeudamiento|,|porque|el|mayoría|de|el|vivienda|aumentar|de|valor|con|el|paso|de|el|tiempo|.	vivienda
es_578	spanish	Los tipos de seguros disponibles se expanden y se ha llegado al grado en que el sector financiero está muy directamente relacionado con el tema.	financiero	0.225	es	False	el|tipo|de|seguro|disponible|él|expandir|y|él|haber|llegar|a|el|grado|en|que|el|sector|financiero|estar|mucho|directamente|relacionado|con|el|tema|.	financiero
es_579	spanish	Pero uno no puede dejar que el derrotismo lo detenga e impida que haga un presupuesto.	detenga	0.2	es	False	pero|uno|no|poder|dejar|que|el|derrotismo|él|detenga|e|impedir|que|hacer|uno|presupuesto|.	detenga
es_580	spanish	En espacios monopólicos, el comprador no tiene la posibilidad de seleccionar, en uno u otro oferente, lo que le parezca más conveniente, como sí lo hace en mercados competitivos.	monopólicos	0.825	es	False	en|espacio|monopólico|,|el|comprador|no|tener|el|posibilidad|de|seleccionar|,|en|uno|u|otro|oferente|,|él|que|él|parecer|más|conveniente|,|como|sí|él|hacer|en|mercado|competitivo|.	monopólico
es_581	spanish	El seguro de responsabilidad civil, también denominado de cobertura completa, te protege ante las reclamaciones de terceros por lesiones y daños a la propiedad.	cobertura	0.475	es	False	el|seguro|de|responsabilidad|civil|,|también|denominado|de|cobertura|completo|,|tú|proteger|ante|el|reclamación|de|tercero|por|lesión|y|daño|a|el|propiedad|.	cobertura
es_582	spanish	El lucro, en cambio, aunque es un sinónimo de utilidad, ganancias o beneficio, es la expresión peyorativa de la utilidad.	lucro	0.525	es	False	el|lucro|,|en|cambio|,|aunque|ser|uno|sinónimo|de|utilidad|,|ganancia|o|beneficio|,|ser|el|expresión|peyorativo|de|el|utilidad|.	lucro
es_583	spanish	Estos trabajadores debían entregar a la empresa una boleta por los honorarios, donde se señalaba claramente el monto del total, el descuento del 10 % y la suma por recibir, además de los datos del trabajador y del destinatario.	entregar	0.1	es	False	este|trabajador|deber|entregar|a|el|empresa|uno|boleta|por|el|honorario|,|donde|él|señalar|claramente|el|monto|de|el|total|,|el|descuento|de|el|10|%|y|el|suma|por|recibir|,|además|de|el|dato|de|el|trabajador|y|de|el|destinatario|.	entregar
es_584	spanish	Tal vez se cuestione por qué tiene que someterse a esta disciplina e inconveniencia de presupuestar su propia vida.	inconveniencia	0.45	es	False	tal|vez|él|cuestionar|por|qué|tener|que|someter|él|a|este|disciplina|e|inconveniencia|de|presupuestar|su|propio|vida|.	inconveniencia
es_585	spanish	Las transacciones en cajeros deben ser personalizadas, no preste su tarjeta y no de la clave a ningún amigo o conocido para que realice las transacciones por usted.	tarjeta	0.175	es	False	el|transacción|en|cajero|deber|ser|personalizar|,|no|prestir|su|tarjeta|y|no|de|el|clave|a|ninguno|amigo|o|conocido|para|que|realizar|el|transacción|por|tú|.	tarjeta
es_586	spanish	Tiene que educarse activamente en estas materias (rendimientos, balances y contabilidad, negocios, mercados, negociación, contratos) y desarrollar aptitudes comerciales.	educarse	0.125	es	False	tener|que|educar|él|activamente|en|este|materia|(|rendimiento|,|balance|y|contabilidad|,|negocio|,|mercado|,|negociación|,|contrato|)|y|desarrollar|aptitud|comercial|.	educar|él
es_587	spanish	Tal vez una familia numerosa ocupaba una pocilga o una pequeña parte de un inquilinato, compuesta de dos o tres cuartos.	compuesta	0.225	es	False	tal|vez|uno|familia|numeroso|ocupar|uno|pocilga|o|uno|pequeño|parte|de|uno|inquilinato|,|compuesto|de|dos|o|tres|cuarto|.	compuesto
es_588	spanish	La tarea fundamental de la empresa es la de organizar y poner en acción los factores productivos que son los recursos naturales (materias primas), el trabajo y el capital, para transformarlos en bienes y servicios.	transformarlos	0.3	es	False	el|tarea|fundamental|de|el|empresa|ser|el|de|organizar|y|poner|en|acción|el|factor|productivo|que|ser|el|recurso|natural|(|materia|primo|)|,|el|trabajo|y|el|capital|,|para|transformar|él|en|bien|y|servicio|.	transformar|él
es_589	spanish	El problema es que esas penalizaciones tienen a la larga una repercusión negativa en la historia de crédito, la cual es muy importante en todas las finanzas y desde luego, en las finanzas personales y familiares.	repercusión	0.375	es	False	el|problema|ser|que|ese|penalización|tener|a|el|largo|uno|repercusión|negativo|en|el|historia|de|crédito|,|el|cual|ser|mucho|importante|en|todo|el|finanzas|y|desde|luego|,|en|el|finanzas|personal|y|familiar|.	repercusión
es_590	spanish	El desempleo involuntario es un fenómeno muy común y que se ha acentuado calamitosamente en los últimos tiempos, en los países y en las economías modernas.	involuntario	0.4	es	False	el|desempleo|involuntario|ser|uno|fenómeno|mucho|común|y|que|él|haber|acentuado|calamitosamente|en|el|último|tiempo|,|en|el|país|y|en|el|economía|moderno|.	involuntario
es_591	spanish	De cierto modo, lo global se contrapone a lo tribal, entendiendo esto último como la conveniencia de la defensa de las culturas locales, en su mayoría de orígenes ancestrales.	ancestrales	0.475	es	False	de|cierto|modo|,|él|global|él|contraponer|a|él|tribal|,|entender|este|último|como|el|conveniencia|de|el|defensa|de|el|cultura|local|,|en|su|mayoría|de|origen|ancestral|.	ancestral
es_592	spanish	A continuación, te presentamos un panorama general de los tipos de inversiones habituales.	panorama	0.325	es	False	a|continuación|,|tú|presentar|uno|panorama|general|de|el|tipo|de|inversión|habitual|.	panorama
es_593	spanish	Los accionistas comunes están sujetos a que la compañía decida no distribuir los dividendos y que los montos distribuidos fluctúen considerablemente de un periodo a otro.	sujetos	0.25	es	False	el|accionista|común|estar|sujeto|a|que|el|compañía|decidir|no|distribuir|el|dividendo|y|que|el|monto|distribuido|fluctuar|considerablemente|de|uno|periodo|a|otro|.	sujeto
es_594	spanish	Al igual que en el resto de las disciplinas, en la Economía se distinguen tres tipos fundamentales de leyes: Leyes causales: las determinan las relaciones en las que, a continuación de un hecho, acción o acto determinado, sobreviene constantemente otro hecho determinado, en un lapso determinado.	distinguen	0.15	es	False	a|el|igual|que|en|el|resto|de|el|disciplina|,|en|el|Economía|él|distinguir|tres|tipo|fundamental|de|ley|:|leyes|causal|:|él|determinar|el|relación|en|el|que|,|a|continuación|de|uno|hecho|,|acción|o|acto|determinado|,|sobrevenir|constantemente|otro|hecho|determinado|,|en|uno|lapso|determinado|.	distinguir
es_595	spanish	Esta circunstancia o familiaridad hace que el concepto sea comprendido fácilmente, aunque quizás no el uso o manejo adecuado, ya que para este se requieren otras habilidades y valores más que el solo conocimiento.	comprendido	0.125	es	False	este|circunstancia|o|familiaridad|hacer|que|el|concepto|ser|comprender|fácilmente|,|aunque|quizás|no|el|uso|o|manejo|adecuado|,|ya|que|para|este|él|requerir|otro|habilidad|y|valor|más|que|el|solo|conocimiento|.	comprendido
es_596	spanish	Evalúa dar al menos algunos de los siguientes pasos: Antes de omitir un pago, llama a tus acreedores para analizar las opciones.	opciones	0.025	es	False	evalúar|dar|a|el|menos|alguno|de|el|siguiente|paso|:|antes|de|omitir|uno|pago|,|llamar|a|tu|acreedor|para|analizar|el|opción|.	opción
es_597	spanish	La austeridad significa realizar el gasto necesario y está asociado al ahorro, que tiene una connotación completamente diferente al de avaricia que se refiere a un afán desordenado de poseer riquezas o dinero para atesorarlo, que puede inducir a actuar con envidia y actos negativos.	asociado	0.3	es	False	el|austeridad|significar|realizar|el|gasto|necesario|y|estar|asociado|a|el|ahorro|,|que|tener|uno|connotación|completamente|diferente|a|el|de|avaricia|que|él|referir|a|uno|afán|desordenado|de|poseer|riqueza|o|dinero|para|atesorar|él|,|que|poder|inducir|a|actuar|con|envidia|y|acto|negativo|.	asociado
es_598	spanish	Si te denegaron un crédito, tienes derecho a obtener un informe crediticio gratis.	tienes	0.1	es	False	si|tú|denegar|uno|crédito|,|tener|derecho|a|obtener|uno|informe|crediticio|gratis|.	tener
es_599	spanish	Si la agencia determina que la información que contiene el informe es inexacta, el acreedor debe notificar a las otras agencias de informes crediticios sobre la existencia del error para que ellos también puedan corregir la información.	corregir	0.1538461538	es	False	si|el|agencia|determinar|que|el|información|que|contener|el|informe|ser|inexacto|,|el|acreedor|deber|notificar|a|el|otro|agencia|de|informe|crediticio|sobre|el|existencia|de|el|error|para|que|él|también|poder|corregir|el|información|.	corregir
es_600	spanish	Anteriormente, mencionamos las formas de averiguar a dónde va a parar tu dinero y cómo detener las fugas de dinero.	fugas	0.4615384615	es	False	anteriormente|,|mencionar|el|forma|de|averiguar|a|dónde|ir|a|parar|tu|dinero|y|cómo|detener|el|fuga|de|dinero|.	fuga
es_601	spanish	Por otra parte, el tercer principio se orienta a los egresos y señala:	orienta	0.3653846154	es	False	por|otro|parte|,|el|tercero|principio|él|orientar|a|el|egreso|y|señalar|:	orientar
es_602	spanish	Todos los habitantes de la sociedad toman decisiones económicas, para mejorar sus remuneraciones, su consumo y, consecuentemente, elevar su bienestar.	elevar	0.2307692308	es	False	todo|el|habitante|de|el|sociedad|tomar|decisión|económico|,|para|mejorar|su|remuneración|,|su|consumo|y|,|consecuentemente|,|elevar|su|bienestar|.	elevar
es_603	spanish	Dependiendo de las circunstancias y particularidades de cada proyecto, es posible que tenga que evaluarse la rentabilidad ante movimientos de tres o más variables.	evaluarse	0.2307692308	es	False	depender|de|el|circunstancia|y|particularidad|de|cada|proyecto|,|ser|posible|que|tener|que|evaluar|él|el|rentabilidad|ante|movimiento|de|tres|o|más|variable|.	evaluar|él
es_604	spanish	El Banco Mundial, al definir la pobreza, establece un tope de ingreso de un dólar al día por persona.	dólar	0.2307692308	es	False	el|Banco|Mundial|,|a|el|definir|el|pobreza|,|establecer|uno|tope|de|ingreso|de|uno|dólar|a|el|día|por|persona|.	dólar
es_605	spanish	Para poder cumplir con los nuevos pedidos, la empresa necesita construir nuevos hornos, comprar más materiales y contratar más personas para su manejo y el de las nuevas máquinas que también se tuvo que adquirir.	contratar	0.1923076923	es	False	para|poder|cumplir|con|el|nuevo|pedido|,|el|empresa|necesitar|construir|nuevo|horno|,|comprar|más|material|y|contratar|más|persona|para|su|manejo|y|el|de|el|nuevo|máquina|que|también|él|tener|que|adquirir|.	contratar
es_606	spanish	La mejor forma de evitar el pago de tasas de interés altas y penalidades, es llevando la cuenta de los gastos realizados con su tarjeta de crédito.	tasas	0.5576923077	es	False	el|mejor|forma|de|evitar|el|pago|de|tasa|de|interés|alto|y|penalidad|,|ser|llevar|el|cuenta|de|el|gasto|realizado|con|su|tarjeta|de|crédito|.	tasa
es_607	spanish	Cada vez que ellos se metían en una situación que no les gustaba, las primeras palabras que balbuceaban era	metían	0.2307692308	es	False	cada|vez|que|él|él|meter|en|uno|situación|que|no|él|gustar|,|el|primero|palabra|que|balbucear|ser	meter
es_608	spanish	Una incapacidad, y máxime si se trata de una incapacidad total es supremamente complicada para cualquier persona, y algunos dicen que lo es más que la misma muerte prematura, porque además de la pérdida de la fuente generadora de ingresos hay que sumar por lo general los gastos médicos.	médicos	0.1538461538	es	False	uno|incapacidad|,|y|máxime|si|él|tratar|de|uno|incapacidad|total|ser|supremamente|complicado|para|cualquiera|persona|,|y|alguno|decir|que|él|ser|más|que|el|mismo|muerte|prematura|,|porque|además|de|el|pérdida|de|el|fuente|generador|de|ingreso|haber|que|sumar|por|él|general|el|gasto|médico|.	médico
es_609	spanish	Para ello disponen de sistemas de información que les proporcionan datos financieros y no financieros periódicamente.	periódicamente	0.3653846154	es	False	para|él|disponer|de|sistema|de|información|que|él|proporcionar|dato|financiero|y|no|financiero|periódicamente|.	periódicamente
es_610	spanish	La lista de cuentas aludida es invaluable para la familia si usted llega a estar incapacitado o muere repentinamente.	incapacitado	0.2692307692	es	False	el|lista|de|cuenta|aludido|ser|invaluable|para|el|familia|si|tú|llegar|a|estar|incapacitado|o|morir|repentinamente|.	incapacitado
es_611	spanish	Cada año, en los meses de marzo y abril, el Servicio de Impuestos Internos propone declaraciones digitales a los contribuyentes (declaraciones de renta precalculadas por la institución), particularmente para personas naturales y pequeñas empresas.	propone	0.2307692308	es	False	cada|año|,|en|el|mes|de|marzo|y|abril|,|el|Servicio|de|Impuestos|Internos|proponer|declaración|digital|a|el|contribuyente|(|declaración|de|renta|precalculado|por|el|institución|)|,|particularmente|para|persona|natural|y|pequeño|empresa|.	proponer
es_612	spanish	Diez años si la prescripción se interrumpe mediante reconocimiento escrito de la obligación tributaria por parte del contribuyente.	interrumpe	0.2884615385	es	False	Diez|año|si|el|prescripción|él|interrumper|mediante|reconocimiento|escrito|de|el|obligación|tributario|por|parte|de|el|contribuyente|.	interrumper
es_613	spanish	Hoy en día han surgido los diferentes medios de pago (antes mencionados) que eliminan el riesgo de robo y se pueden recuperar en caso de extravío, son fáciles de manejar y permiten el control de ingresos y gastos.	permiten	0.1923076923	es	False	hoy|en|día|haber|surgir|el|diferente|medio|de|pago|(|antes|mencionado|)|que|eliminar|el|riesgo|de|robo|y|él|poder|recuperar|en|caso|de|extravío|,|ser|fácil|de|manejar|y|permitir|el|control|de|ingreso|y|gasto|.	permitir
es_614	spanish	Por consiguiente, primero compran las cosas que necesitan, después las que más desean y prescinden de lo demás.	compran	0.05769230769	es	False	por|consiguiente|,|primero|comprar|el|cosa|que|necesitar|,|después|el|que|más|desear|y|prescindir|de|él|demás|.	comprar
es_615	spanish	Por ejemplo, en la tabla anterior se muestra una reducción de los Otros Ingresos, sin embargo no se puede identificar cuál es la razón para dicha reducción.	identificar	0.1923076923	es	False	por|ejemplo|,|en|el|tabla|anterior|él|mostrar|uno|reducción|de|el|otro|Ingresos|,|sin|embargo|no|él|poder|identificar|cuál|ser|el|razón|para|dicho|reducción|.	identificar
es_616	spanish	Con frecuencia, estas compañías cobran honorarios costosos por cosas que podrías hacer tú mismo.	compañías	0.2115384615	es	False	con|frecuencia|,|este|compañía|cobrar|honorario|costoso|por|cosa|que|poder|hacer|tú|mismo|.	compañía
es_617	spanish	También, en los países existen otras instituciones depositarias de ahorros como las cajas de ahorro, asociaciones de ahorro y préstamo, por ejemplo que, por lo general, otorgan préstamos hipotecarios para vivienda, préstamos al consumidor o para fines específicos.	cajas	0.5192307692	es	False	también|,|en|el|país|existir|otro|institución|depositario|de|ahorro|como|el|caja|de|ahorro|,|asociación|de|ahorro|y|préstamo|,|por|ejemplo|que|,|por|él|general|,|otorgar|préstamo|hipotecario|para|vivienda|,|préstamo|a|el|consumidor|o|para|fin|específico|.	caja
es_618	spanish	El documento antes citado, la define también como: el rompimiento del equilibrio psicofisiológico que experimenta el ser humano, provocado por la falta o exceso de algo.	experimenta	0.2884615385	es	False	el|documento|antes|citado|,|él|definir|también|como|:|el|rompimiento|de|el|equilibrio|psicofisiológico|que|experimentar|el|ser|humano|,|provocado|por|el|falta|o|exceso|de|algo|.	experimentar
es_619	spanish	La función de concentración de recursos, tiene que ver con la racionalidad de las personas que invierten al decidir cómo y dónde destinar sus recursos financieros, teniendo en cuenta la evaluación que realicen de la relación riesgo	concentración	0.3846153846	es	False	el|función|de|concentración|de|recurso|,|tener|que|ver|con|el|racionalidad|de|el|persona|que|invertir|a|el|decidir|cómo|y|dónde|destinar|su|recurso|financiero|,|tener|en|cuenta|el|evaluación|que|realizar|de|el|relación|riesgo	concentración
es_620	spanish	Después surgió la moneda y posteriormente surgió el papel-moneda, que por mucho tiempo fueron los principales medios para los intercambios comerciales.	intercambios	0.1730769231	es	False	después|surgir|el|moneda|y|posteriormente|surgir|el|papel-moneda|,|que|por|mucho|tiempo|ser|el|principal|medio|para|el|intercambio|comercial|.	intercambio
es_621	spanish	A éstos se les coloca una fecha posterior al momento en que se elabora el cheque, como manera de recordarle al que lo recibe que la cuenta no tendrá los fondos suficientes si no hasta el día que se indica en el cheque y que sólo entonces podrá hacerlo efectivo.	suficientes	0.2692307692	es	False	a|este|él|él|colocar|uno|fecha|posterior|a|el|momento|en|que|él|elaborar|el|cheque|,|como|manera|de|recordar|él|a|el|que|él|recibir|que|el|cuenta|no|tener|el|fondo|suficiente|si|no|hasta|el|día|que|él|indicar|en|el|cheque|y|que|sólo|entonces|poder|hacer|él|efectivo|.	suficiente
es_622	spanish	Colisión: Choque de dos cuerpos. Oposición y pugna de ideas, principios o intereses. Parte del ingreso que no se destina al ahorro, sino que es aplicado a la adquisición de alimentos, educación, ocio, entre otros.	ahorro	0.2692307692	es	False	Colisión|:|choque|de|dos|cuerpo|.|Oposición|y|pugna|de|idea|,|principio|o|interés|.|parte|de|el|ingreso|que|no|él|destinar|a|el|ahorro|,|sino|que|ser|aplicar|a|el|adquisición|de|alimento|,|educación|,|ocio|,|entre|otro|.	ahorro
es_623	spanish	La corrupción, en tanto, es lo opuesto a la honradez y se la asocia con el vicio, el soborno, la perversión y otros calificativos vinculados a lo inmoral y a la falta de ética personal y empresarial en el actuar.	soborno	0.3076923077	es	False	el|corrupción|,|en|tanto|,|ser|él|opuesto|a|el|honradez|y|él|él|asociar|con|el|vicio|,|el|soborno|,|el|perversión|y|otro|calificativo|vinculado|a|él|inmoral|y|a|el|falta|de|ética|personal|y|empresarial|en|el|actuar|.	soborno
ja_1	japanese	それをエラストが連れ戻すことで恩を売り、なおかつ結婚を認めさせようという計画である。	連れ戻す	0.3	ja	True	其れ|を|エ-et|ラスト-last|が|連れ戻す|事|で|恩|を|売る|、|尚且つ|結婚|を|認める|させる|と|言う|計画|だ|有る|。	連れ戻す
ja_2	japanese	それをエラストが連れ戻すことで恩を売り、なおかつ結婚を認めさせようという計画である。	恩を売り	0.7	ja	True	其れ|を|エ-et|ラスト-last|が|連れ戻す|事|で|恩|を|売る|、|尚且つ|結婚|を|認める|させる|と|言う|計画|だ|有る|。	恩|を|売る
ja_3	japanese	それをエラストが連れ戻すことで恩を売り、なおかつ結婚を認めさせようという計画である。	なおかつ	0.5	ja	True	其れ|を|エ-et|ラスト-last|が|連れ戻す|事|で|恩|を|売る|、|尚且つ|結婚|を|認める|させる|と|言う|計画|だ|有る|。	尚且つ
ja_4	japanese	各種の自動車、自転車、市電など、ぜんぜん気にかけない。	各種の	0.2	ja	True	各種|の|自動|車|、|自転|車|、|市電|など|、|全然|気|に|掛ける|ない|。	各種|の
ja_5	japanese	各種の自動車、自転車、市電など、ぜんぜん気にかけない。	市電	0.475	ja	True	各種|の|自動|車|、|自転|車|、|市電|など|、|全然|気|に|掛ける|ない|。	市電
ja_6	japanese	各種の自動車、自転車、市電など、ぜんぜん気にかけない。	気にかけない	0.475	ja	True	各種|の|自動|車|、|自転|車|、|市電|など|、|全然|気|に|掛ける|ない|。	気|に|掛ける|ない
ja_7	japanese	ドラマに関する感想を募集し、週ごとにピックアップして回答も掲載した。	募集し	0.1	ja	True	ドラマ-drama|に|関する|感想|を|募集|為る|、|週|毎|に|ピックアップ-pick-up|為る|て|回答|も|掲載|為る|た|。	募集|為る
ja_8	japanese	ドラマに関する感想を募集し、週ごとにピックアップして回答も掲載した。	ピックアップして	0.05	ja	True	ドラマ-drama|に|関する|感想|を|募集|為る|、|週|毎|に|ピックアップ-pick-up|為る|て|回答|も|掲載|為る|た|。	ピックアップ-pick-up|為る|て
ja_9	japanese	ドラマに関する感想を募集し、週ごとにピックアップして回答も掲載した。	掲載した	0.4	ja	True	ドラマ-drama|に|関する|感想|を|募集|為る|、|週|毎|に|ピックアップ-pick-up|為る|て|回答|も|掲載|為る|た|。	掲載|為る|た
ja_10	japanese	再びはじめに戻れば、{a,b}=cまたは{a,b}={c,d}である。	再び	0.075	ja	True	再び|始め|に|戻る|ば|、|｛|a|,|b|｝|＝|c|又|は|｛|a|,|b|｝|＝|｛|c|,|d|｝|だ|有る|。	再び
ja_11	japanese	再びはじめに戻れば、{a,b}=cまたは{a,b}={c,d}である。	はじめ	0.025	ja	True	再び|始め|に|戻る|ば|、|｛|a|,|b|｝|＝|c|又|は|｛|a|,|b|｝|＝|｛|c|,|d|｝|だ|有る|。	始め
ja_12	japanese	再びはじめに戻れば、{a,b}=cまたは{a,b}={c,d}である。	または	0.075	ja	True	再び|始め|に|戻る|ば|、|｛|a|,|b|｝|＝|c|又|は|｛|a|,|b|｝|＝|｛|c|,|d|｝|だ|有る|。	又|は
ja_13	japanese	旧基準の製品を使用する場合は、収納部分の扉のロックが壊れていたら、直ちに使用を中止してください。	旧	0.15	ja	True	旧|基準|の|製品|を|使用|為る|場合|は|、|収納|部分|の|扉|の|ロック-rock（音楽）|が|壊れる|て|居る|た|、|直ちに|使用|を|中止|為る|て|下さる|。	旧
ja_14	japanese	旧基準の製品を使用する場合は、収納部分の扉のロックが壊れていたら、直ちに使用を中止してください。	ロック	0.025	ja	True	旧|基準|の|製品|を|使用|為る|場合|は|、|収納|部分|の|扉|の|ロック-rock（音楽）|が|壊れる|て|居る|た|、|直ちに|使用|を|中止|為る|て|下さる|。	ロック-rock（音楽）
ja_15	japanese	旧基準の製品を使用する場合は、収納部分の扉のロックが壊れていたら、直ちに使用を中止してください。	直ちに	0.275	ja	True	旧|基準|の|製品|を|使用|為る|場合|は|、|収納|部分|の|扉|の|ロック-rock（音楽）|が|壊れる|て|居る|た|、|直ちに|使用|を|中止|為る|て|下さる|。	直ちに
ja_16	japanese	楽譜にはそれぞれ、長大な標題がリストによって書き添えられている。	長大な	0.475	ja	True	楽譜|に|は|其々|、|長大|だ|表題|が|リスト-list|に|因る|て|書き添える|られる|て|居る|。	長大|だ
ja_17	japanese	楽譜にはそれぞれ、長大な標題がリストによって書き添えられている。	標題	0.375	ja	True	楽譜|に|は|其々|、|長大|だ|表題|が|リスト-list|に|因る|て|書き添える|られる|て|居る|。	表題
ja_18	japanese	楽譜にはそれぞれ、長大な標題がリストによって書き添えられている。	書き添えられて	0.6	ja	True	楽譜|に|は|其々|、|長大|だ|表題|が|リスト-list|に|因る|て|書き添える|られる|て|居る|。	書き添える|られる|て
ja_19	japanese	過去の作品で馴染み深かった音楽が一部変更されている（戦闘曲やレベルアップ音など）。	馴染み深かった	0.5	ja	True	過去|の|作品|で|馴染み深い|た|音楽|が|一部|変更|為る|れる|て|居る|（|戦闘|曲|や|レベル-level|アップ-up|音|など|）|。	馴染み深い|た
ja_20	japanese	過去の作品で馴染み深かった音楽が一部変更されている（戦闘曲やレベルアップ音など）。	変更されて	0.1	ja	True	過去|の|作品|で|馴染み深い|た|音楽|が|一部|変更|為る|れる|て|居る|（|戦闘|曲|や|レベル-level|アップ-up|音|など|）|。	変更|為る|れる|て
ja_21	japanese	過去の作品で馴染み深かった音楽が一部変更されている（戦闘曲やレベルアップ音など）。	戦闘曲	0.425	ja	True	過去|の|作品|で|馴染み深い|た|音楽|が|一部|変更|為る|れる|て|居る|（|戦闘|曲|や|レベル-level|アップ-up|音|など|）|。	戦闘|曲
ja_22	japanese	登場人物の衣装・小物に現代のデザインを応用したものが随所に登場している。	小物	0.225	ja	True	登場|人物|の|衣装|・|小物|に|現代|の|デザイン-design|を|応用|為る|た|物|が|随所|に|登場|為る|て|居る|。	小物
ja_23	japanese	登場人物の衣装・小物に現代のデザインを応用したものが随所に登場している。	応用した	0.225	ja	True	登場|人物|の|衣装|・|小物|に|現代|の|デザイン-design|を|応用|為る|た|物|が|随所|に|登場|為る|て|居る|。	応用|為る|た
ja_24	japanese	登場人物の衣装・小物に現代のデザインを応用したものが随所に登場している。	随所	0.725	ja	True	登場|人物|の|衣装|・|小物|に|現代|の|デザイン-design|を|応用|為る|た|物|が|随所|に|登場|為る|て|居る|。	随所
ja_25	japanese	店が繰り返し強盗被害にあっていたことなどを考慮したためとされる。	繰り返し	0.2	ja	True	店|が|繰り返す|強盗|被害|に|有る|て|居る|た|事|など|を|考慮|為る|た|為|と|為る|れる|。	繰り返し
ja_26	japanese	店が繰り返し強盗被害にあっていたことなどを考慮したためとされる。	強盗被害	0.4	ja	True	店|が|繰り返す|強盗|被害|に|有る|て|居る|た|事|など|を|考慮|為る|た|為|と|為る|れる|。	強盗|被害
ja_27	japanese	店が繰り返し強盗被害にあっていたことなどを考慮したためとされる。	考慮した	0.4	ja	True	店|が|繰り返す|強盗|被害|に|有る|て|居る|た|事|など|を|考慮|為る|た|為|と|為る|れる|。	考慮|為る|た
ja_28	japanese	リスナーが、柴田をキレさせるようなメールを送ってきて山崎が「まあまあまあ、柴田さん」と諫めるコーナー。	キレさせる	0.375	ja	True	リスナー-listener|が|、|シバタ|を|切れる|させる|様|だ|メール-mail|を|送る|て|来る|て|ヤマザキ|が|「|まあまあ|まあ|、|シバタ|さん|」|と|諫める|コーナー-corner|。	切れる|させる
ja_29	japanese	リスナーが、柴田をキレさせるようなメールを送ってきて山崎が「まあまあまあ、柴田さん」と諫めるコーナー。	諫める	0.775	ja	True	リスナー-listener|が|、|シバタ|を|切れる|させる|様|だ|メール-mail|を|送る|て|来る|て|ヤマザキ|が|「|まあまあ|まあ|、|シバタ|さん|」|と|諫める|コーナー-corner|。	諫める
ja_30	japanese	リスナーが、柴田をキレさせるようなメールを送ってきて山崎が「まあまあまあ、柴田さん」と諫めるコーナー。	コーナー	0.1	ja	True	リスナー-listener|が|、|シバタ|を|切れる|させる|様|だ|メール-mail|を|送る|て|来る|て|ヤマザキ|が|「|まあまあ|まあ|、|シバタ|さん|」|と|諫める|コーナー-corner|。	コーナー-corner
ja_31	japanese	「気に入らねえ奴はブッとばす」というのが口癖。	奴	0.25	ja	False	「|気|に|入る|ない|奴|は|ぶっ飛ぶ|です|」|と|言う|の|が|口癖|。	奴
ja_32	japanese	「気に入らねえ奴はブッとばす」というのが口癖。	ブッとばす	0.4	ja	False	「|気|に|入る|ない|奴|は|ぶっ飛ぶ|です|」|と|言う|の|が|口癖|。	ぶっ|飛ばす
ja_33	japanese	「気に入らねえ奴はブッとばす」というのが口癖。	口癖	0.575	ja	False	「|気|に|入る|ない|奴|は|ぶっ飛ぶ|です|」|と|言う|の|が|口癖|。	口癖
ja_34	japanese	パトカーは600メートルほど離れた路上でワゴン車を見失ったものの、その後タクシーと衝突したワゴン車を発見した。	パトカー	0.075	ja	False	パトカー-patrol car|は|600|メートル-metre|ほど|離れる|た|路上|で|ワゴン-wagon|車|を|見失う|た|物|の|、|其の|後|タクシー-taxi|と|衝突|為る|た|ワゴン-wagon|車|を|発見|為る|た|。	パトカー-patrol car
ja_35	japanese	パトカーは600メートルほど離れた路上でワゴン車を見失ったものの、その後タクシーと衝突したワゴン車を発見した。	衝突した	0.35	ja	False	パトカー-patrol car|は|600|メートル-metre|ほど|離れる|た|路上|で|ワゴン-wagon|車|を|見失う|た|物|の|、|其の|後|タクシー-taxi|と|衝突|為る|た|ワゴン-wagon|車|を|発見|為る|た|。	衝突|為る|た
ja_36	japanese	パトカーは600メートルほど離れた路上でワゴン車を見失ったものの、その後タクシーと衝突したワゴン車を発見した。	発見した	0.075	ja	False	パトカー-patrol car|は|600|メートル-metre|ほど|離れる|た|路上|で|ワゴン-wagon|車|を|見失う|た|物|の|、|其の|後|タクシー-taxi|と|衝突|為る|た|ワゴン-wagon|車|を|発見|為る|た|。	発見|為る|た
ja_37	japanese	サラリーマンや中高年層が主流で、酒類を品書きに加えて好評を得ている。	主流	0.5	ja	False	サラリーマン-salaryman|や|中高年|層|が|主流|で|、|酒類|を|品書き|に|加える|て|好評|を|得る|て|居る|。	主流
ja_38	japanese	サラリーマンや中高年層が主流で、酒類を品書きに加えて好評を得ている。	品書き	0.45	ja	False	サラリーマン-salaryman|や|中高年|層|が|主流|で|、|酒類|を|品書き|に|加える|て|好評|を|得る|て|居る|。	品書き
ja_39	japanese	サラリーマンや中高年層が主流で、酒類を品書きに加えて好評を得ている。	好評を得ている	0.35	ja	False	サラリーマン-salaryman|や|中高年|層|が|主流|で|、|酒類|を|品書き|に|加える|て|好評|を|得る|て|居る|。	好評|を|得る|て|居る
ja_40	japanese	気象庁は土砂災害や川の氾濫、浸水被害に厳重な警戒をするように呼びかけている。	川の氾濫	0.625	ja	False	気象|庁|は|土砂|災害|や|川|の|氾濫|、|浸水|被害|に|厳重|だ|警戒|を|為る|様|だ|呼び掛ける|て|居る|。	川|の|氾濫
ja_41	japanese	気象庁は土砂災害や川の氾濫、浸水被害に厳重な警戒をするように呼びかけている。	浸水被害	0.425	ja	False	気象|庁|は|土砂|災害|や|川|の|氾濫|、|浸水|被害|に|厳重|だ|警戒|を|為る|様|だ|呼び掛ける|て|居る|。	浸水|被害
ja_42	japanese	気象庁は土砂災害や川の氾濫、浸水被害に厳重な警戒をするように呼びかけている。	厳重な	0.4	ja	False	気象|庁|は|土砂|災害|や|川|の|氾濫|、|浸水|被害|に|厳重|だ|警戒|を|為る|様|だ|呼び掛ける|て|居る|。	厳重|だ
ja_43	japanese	彼らがそれらのアプリを使うのは、友人から肯定してもらうことで自分の存在の正当性を確認しようとする試みなのである。	肯定して	0.425	ja	False	彼|等|が|其れ|等|の|アプリ-application|を|使う|の|は|、|友人|から|肯定|為る|て|貰う|事|で|自分|の|存在|の|正当|性|を|確認|為る|と|為る|試み|だ|の|だ|有る|。	肯定|為る|て
ja_44	japanese	彼らがそれらのアプリを使うのは、友人から肯定してもらうことで自分の存在の正当性を確認しようとする試みなのである。	正当性	0.4	ja	False	彼|等|が|其れ|等|の|アプリ-application|を|使う|の|は|、|友人|から|肯定|為る|て|貰う|事|で|自分|の|存在|の|正当|性|を|確認|為る|と|為る|試み|だ|の|だ|有る|。	正当|性
ja_45	japanese	彼らがそれらのアプリを使うのは、友人から肯定してもらうことで自分の存在の正当性を確認しようとする試みなのである。	試み	0.3	ja	False	彼|等|が|其れ|等|の|アプリ-application|を|使う|の|は|、|友人|から|肯定|為る|て|貰う|事|で|自分|の|存在|の|正当|性|を|確認|為る|と|為る|試み|だ|の|だ|有る|。	試み
ja_46	japanese	お子さんが被害に遭わないように、保護者がお子さんのインターネット利用をきちんと見守っていく必要があります。	被害に遭わない	0.5	ja	False	御|子|さん|が|被害|に|会う|ない|様|だ|、|保護|者|が|御|子|さん|の|インターネット-internet|利用|を|きちんと|見守る|て|行く|必要|が|有る|ます|。	被害|に|会う|ない
ja_47	japanese	お子さんが被害に遭わないように、保護者がお子さんのインターネット利用をきちんと見守っていく必要があります。	きちんと	0.0	ja	False	御|子|さん|が|被害|に|会う|ない|様|だ|、|保護|者|が|御|子|さん|の|インターネット-internet|利用|を|きちんと|見守る|て|行く|必要|が|有る|ます|。	きちんと
ja_48	japanese	お子さんが被害に遭わないように、保護者がお子さんのインターネット利用をきちんと見守っていく必要があります。	見守って	0.075	ja	False	御|子|さん|が|被害|に|会う|ない|様|だ|、|保護|者|が|御|子|さん|の|インターネット-internet|利用|を|きちんと|見守る|て|行く|必要|が|有る|ます|。	見守る|て
ja_49	japanese	斜面地では、不思議と祭りの喧騒もなく、静かで穏やかな時間が流れている。	不思議と	0.2	ja	False	斜面|地|で|は|、|不思議|と|祭り|の|喧騒|も|無い|、|静か|だ|穏やか|だ|時間|が|流れる|て|居る|。	不思議|と
ja_50	japanese	斜面地では、不思議と祭りの喧騒もなく、静かで穏やかな時間が流れている。	喧騒	0.675	ja	False	斜面|地|で|は|、|不思議|と|祭り|の|喧騒|も|無い|、|静か|だ|穏やか|だ|時間|が|流れる|て|居る|。	喧騒
ja_51	japanese	斜面地では、不思議と祭りの喧騒もなく、静かで穏やかな時間が流れている。	穏やかな	0.275	ja	False	斜面|地|で|は|、|不思議|と|祭り|の|喧騒|も|無い|、|静か|だ|穏やか|だ|時間|が|流れる|て|居る|。	穏やか|だ
ja_52	japanese	フランスでは日本の食パンに比べてやや小振りなタイプが広く嗜好されている。	やや	0.1	ja	False	フランス-France|で|は|日本|の|食|パン-pao|に|比べる|て|やや|小振り|だ|タイプ-type|が|広い|嗜好|為る|れる|て|居る|。	やや
ja_53	japanese	フランスでは日本の食パンに比べてやや小振りなタイプが広く嗜好されている。	小振りな	0.55	ja	False	フランス-France|で|は|日本|の|食|パン-pao|に|比べる|て|やや|小振り|だ|タイプ-type|が|広い|嗜好|為る|れる|て|居る|。	小振り|だ
ja_54	japanese	フランスでは日本の食パンに比べてやや小振りなタイプが広く嗜好されている。	嗜好されて	0.75	ja	False	フランス-France|で|は|日本|の|食|パン-pao|に|比べる|て|やや|小振り|だ|タイプ-type|が|広い|嗜好|為る|れる|て|居る|。	嗜好|為る|れる|て
ja_55	japanese	増田はあがって、夫婦の脇へどかっとあぐらをかいた。	脇	0.3	ja	False	マスダ|は|上がる|て|、|夫婦|の|脇|へ|どか|と|胡座|を|掻く|た|。	脇
ja_56	japanese	増田はあがって、夫婦の脇へどかっとあぐらをかいた。	どかっと	0.775	ja	False	マスダ|は|上がる|て|、|夫婦|の|脇|へ|どか|と|胡座|を|掻く|た|。	どか|と
ja_57	japanese	増田はあがって、夫婦の脇へどかっとあぐらをかいた。	あぐらをかいた	0.775	ja	False	マスダ|は|上がる|て|、|夫婦|の|脇|へ|どか|と|胡座|を|掻く|た|。	胡座|を|掻く|た
ja_58	japanese	⼤病院は救急や重い症状の患者さんの治療を担う役割を持っています。	救急	0.15	ja	False	⼤|病院|は|救急|や|重い|症状|の|患者|さん|の|治療|を|担う|役割|を|持つ|て|居る|ます|。	救急
ja_59	japanese	⼤病院は救急や重い症状の患者さんの治療を担う役割を持っています。	患者さん	0.1	ja	False	⼤|病院|は|救急|や|重い|症状|の|患者|さん|の|治療|を|担う|役割|を|持つ|て|居る|ます|。	患者|さん
ja_60	japanese	⼤病院は救急や重い症状の患者さんの治療を担う役割を持っています。	担う	0.25	ja	False	⼤|病院|は|救急|や|重い|症状|の|患者|さん|の|治療|を|担う|役割|を|持つ|て|居る|ます|。	担う
ja_61	japanese	暗闇で物が見えないという現実の危険・想像上の危険に対する恐怖から来ていると考えられる。	暗闇	0.25	ja	False	暗闇|で|物|が|見える|ない|と|言う|現実|の|危険|・|想像|上|の|危険|に|対する|恐怖|から|来る|て|居る|と|考える|られる|。	暗闇
ja_62	japanese	暗闇で物が見えないという現実の危険・想像上の危険に対する恐怖から来ていると考えられる。	想像上の	0.2	ja	False	暗闇|で|物|が|見える|ない|と|言う|現実|の|危険|・|想像|上|の|危険|に|対する|恐怖|から|来る|て|居る|と|考える|られる|。	想像|上|の
ja_63	japanese	暗闇で物が見えないという現実の危険・想像上の危険に対する恐怖から来ていると考えられる。	恐怖	0.2	ja	False	暗闇|で|物|が|見える|ない|と|言う|現実|の|危険|・|想像|上|の|危険|に|対する|恐怖|から|来る|て|居る|と|考える|られる|。	恐怖
ja_64	japanese	「自分たちが何か偉大で強力なものの一部であるという感覚」であると説明している。	偉大で	0.225	ja	False	「|自分|達|が|何|か|偉大|だ|強力|だ|物|の|一部|だ|有る|と|言う|感覚|」|だ|有る|と|説明|為る|て|居る|。	偉大|だ
ja_65	japanese	「自分たちが何か偉大で強力なものの一部であるという感覚」であると説明している。	強力な	0.125	ja	False	「|自分|達|が|何|か|偉大|だ|強力|だ|物|の|一部|だ|有る|と|言う|感覚|」|だ|有る|と|説明|為る|て|居る|。	強力|だ
ja_66	japanese	「自分たちが何か偉大で強力なものの一部であるという感覚」であると説明している。	感覚	0.125	ja	False	「|自分|達|が|何|か|偉大|だ|強力|だ|物|の|一部|だ|有る|と|言う|感覚|」|だ|有る|と|説明|為る|て|居る|。	感覚
ja_67	japanese	まず、保証人である経営者が、ガイドラインに示す条件に即して次のような対応を行いました。	保証人	0.1	ja	False	先ず|、|保証|人|だ|有る|経営|者|が|、|ガイドライン-guideline|に|示す|条件|に|即する|て|次|の|様|だ|対応|を|行う|ます|た|。	保証|人
ja_68	japanese	まず、保証人である経営者が、ガイドラインに示す条件に即して次のような対応を行いました。	示す	0.1	ja	False	先ず|、|保証|人|だ|有る|経営|者|が|、|ガイドライン-guideline|に|示す|条件|に|即する|て|次|の|様|だ|対応|を|行う|ます|た|。	示す
ja_69	japanese	まず、保証人である経営者が、ガイドラインに示す条件に即して次のような対応を行いました。	に即して	0.575	ja	False	先ず|、|保証|人|だ|有る|経営|者|が|、|ガイドライン-guideline|に|示す|条件|に|即する|て|次|の|様|だ|対応|を|行う|ます|た|。	に|即する|て
ja_70	japanese	しかし、歩道は凹凸があって、混雑しており、二輪車の移動には適していません。	凹凸	0.225	ja	False	然し|、|歩道|は|凹凸|が|有る|て|、|混雑|為る|て|居る|、|二|輪|車|の|移動|に|は|適する|て|居る|ます|ず|。	凹凸
ja_71	japanese	しかし、歩道は凹凸があって、混雑しており、二輪車の移動には適していません。	二輪車	0.2	ja	False	然し|、|歩道|は|凹凸|が|有る|て|、|混雑|為る|て|居る|、|二|輪|車|の|移動|に|は|適する|て|居る|ます|ず|。	二|輪|車
ja_72	japanese	しかし、歩道は凹凸があって、混雑しており、二輪車の移動には適していません。	適していません	0.225	ja	False	然し|、|歩道|は|凹凸|が|有る|て|、|混雑|為る|て|居る|、|二|輪|車|の|移動|に|は|適する|て|居る|ます|ず|。	適する|て|居る|ます|ず
ja_73	japanese	ほかの様々な観察をいくつも行い、総合的に判断せざるを得ない。	観察	0.275	ja	False	他|の|様々|だ|観察|を|幾|つ|も|行う|、|総合|的|だ|判断|為る|ず|を|得る|ない|。	観察
ja_74	japanese	ほかの様々な観察をいくつも行い、総合的に判断せざるを得ない。	総合的に	0.125	ja	False	他|の|様々|だ|観察|を|幾|つ|も|行う|、|総合|的|だ|判断|為る|ず|を|得る|ない|。	総合|的|だ
ja_75	japanese	ほかの様々な観察をいくつも行い、総合的に判断せざるを得ない。	判断せざるを得ない	0.375	ja	False	他|の|様々|だ|観察|を|幾|つ|も|行う|、|総合|的|だ|判断|為る|ず|を|得る|ない|。	判断|為る|ず|を|得る|ない
ja_76	japanese	ビヤは反対者に対して強硬な姿勢をとると一部からは批判されており、またしばしば国民に対して超然としていると非難されている。	強硬な	0.525	ja	False	ビール-beer|は|反対|者|に|対する|て|強硬|だ|姿勢|を|取る|と|一部|から|は|批判|為る|れる|て|居る|、|又|屡|国民|に|対する|て|超然|と|為る|て|居る|と|非難|為る|れる|て|居る|。	強硬|だ
ja_77	japanese	ビヤは反対者に対して強硬な姿勢をとると一部からは批判されており、またしばしば国民に対して超然としていると非難されている。	しばしば	0.4	ja	False	ビール-beer|は|反対|者|に|対する|て|強硬|だ|姿勢|を|取る|と|一部|から|は|批判|為る|れる|て|居る|、|又|屡|国民|に|対する|て|超然|と|為る|て|居る|と|非難|為る|れる|て|居る|。	屡
ja_78	japanese	ビヤは反対者に対して強硬な姿勢をとると一部からは批判されており、またしばしば国民に対して超然としていると非難されている。	超然としている	0.75	ja	False	ビール-beer|は|反対|者|に|対する|て|強硬|だ|姿勢|を|取る|と|一部|から|は|批判|為る|れる|て|居る|、|又|屡|国民|に|対する|て|超然|と|為る|て|居る|と|非難|為る|れる|て|居る|。	超然|と|為る|て|居る
ja_79	japanese	飼い主は命を預かるものとして、ペットがその命を終えるまで責任を持つ必要があります。	飼い主	0.025	ja	False	飼い主|は|命|を|預かる|物|と|為る|て|、|ペット-pet|が|其の|命|を|終える|まで|責任|を|持つ|必要|が|有る|ます|。	飼い主
ja_80	japanese	飼い主は命を預かるものとして、ペットがその命を終えるまで責任を持つ必要があります。	命を預かる	0.2	ja	False	飼い主|は|命|を|預かる|物|と|為る|て|、|ペット-pet|が|其の|命|を|終える|まで|責任|を|持つ|必要|が|有る|ます|。	命|を|預かる
ja_81	japanese	飼い主は命を預かるものとして、ペットがその命を終えるまで責任を持つ必要があります。	もの	0.075	ja	False	飼い主|は|命|を|預かる|物|と|為る|て|、|ペット-pet|が|其の|命|を|終える|まで|責任|を|持つ|必要|が|有る|ます|。	物
ja_82	japanese	積極的に参加される方が多くて、不安の強い方にはスタッフが寄り添いながら場を共有している。	積極的に	0.05	ja	False	積極|的|だ|参加|為る|れる|方|が|多い|て|、|不安|の|強い|方|に|は|スタッフ-staff|が|寄り添う|ながら|場|を|共有|為る|て|居る|。	積極|的|だ
ja_83	japanese	積極的に参加される方が多くて、不安の強い方にはスタッフが寄り添いながら場を共有している。	寄り添い	0.4	ja	False	積極|的|だ|参加|為る|れる|方|が|多い|て|、|不安|の|強い|方|に|は|スタッフ-staff|が|寄り添う|ながら|場|を|共有|為る|て|居る|。	寄り添う
ja_84	japanese	積極的に参加される方が多くて、不安の強い方にはスタッフが寄り添いながら場を共有している。	場	0.125	ja	False	積極|的|だ|参加|為る|れる|方|が|多い|て|、|不安|の|強い|方|に|は|スタッフ-staff|が|寄り添う|ながら|場|を|共有|為る|て|居る|。	場
ja_85	japanese	これ以降、芋づる式に窃盗団のメンバーが検挙されていった。	芋づる式に	0.825	ja	False	此れ|以降|、|芋蔓|式|に|窃盗|団|の|メンバー-member|が|検挙|為る|れる|て|行く|た|。	芋蔓|式|に
ja_86	japanese	これ以降、芋づる式に窃盗団のメンバーが検挙されていった。	窃盗団	0.575	ja	False	此れ|以降|、|芋蔓|式|に|窃盗|団|の|メンバー-member|が|検挙|為る|れる|て|行く|た|。	窃盗|団
ja_87	japanese	これ以降、芋づる式に窃盗団のメンバーが検挙されていった。	検挙されて	0.65	ja	False	此れ|以降|、|芋蔓|式|に|窃盗|団|の|メンバー-member|が|検挙|為る|れる|て|行く|た|。	検挙|為る|れる|て
ja_88	japanese	「4億円を隠蔽するため、故意に虚偽記載したことは明白」とした。	隠蔽する	0.825	ja	False	「|4|億|円-助数詞|を|隠蔽|為る|為|、|故意|に|虚偽|記載|為る|た|事|は|明白|」|と|為る|た|。	隠蔽|為る
ja_89	japanese	「4億円を隠蔽するため、故意に虚偽記載したことは明白」とした。	故意に	0.55	ja	False	「|4|億|円-助数詞|を|隠蔽|為る|為|、|故意|に|虚偽|記載|為る|た|事|は|明白|」|と|為る|た|。	故意|に
ja_90	japanese	「4億円を隠蔽するため、故意に虚偽記載したことは明白」とした。	虚偽	0.625	ja	False	「|4|億|円-助数詞|を|隠蔽|為る|為|、|故意|に|虚偽|記載|為る|た|事|は|明白|」|と|為る|た|。	虚偽
ja_91	japanese	かつての旅人たちは、旅の疲れを名物菓子で癒やしたことだろう。	かつての	0.25	ja	False	嘗て|の|旅人|達|は|、|旅|の|疲れ|を|名物|菓子|で|癒す|た|事|だ|。	嘗て|の
ja_92	japanese	かつての旅人たちは、旅の疲れを名物菓子で癒やしたことだろう。	名物	0.05	ja	False	嘗て|の|旅人|達|は|、|旅|の|疲れ|を|名物|菓子|で|癒す|た|事|だ|。	名物
ja_93	japanese	かつての旅人たちは、旅の疲れを名物菓子で癒やしたことだろう。	癒やした	0.25	ja	False	嘗て|の|旅人|達|は|、|旅|の|疲れ|を|名物|菓子|で|癒す|た|事|だ|。	癒す|た
ja_94	japanese	指圧師は二十前後の体格のいい女で、黒いスラックスと白い清潔なブラウスを着けていた。	体格のいい	0.25	ja	False	指圧|師|は|二十|前後|の|体格|の|良い|女|だ|、|黒い|スラックス-slacks|と|白い|清潔|だ|ブラウス-blouse|を|付ける|て|居る|た|。	体格|の|良い
ja_95	japanese	指圧師は二十前後の体格のいい女で、黒いスラックスと白い清潔なブラウスを着けていた。	スラックス	0.225	ja	False	指圧|師|は|二十|前後|の|体格|の|良い|女|だ|、|黒い|スラックス-slacks|と|白い|清潔|だ|ブラウス-blouse|を|付ける|て|居る|た|。	スラックス-slacks
ja_96	japanese	指圧師は二十前後の体格のいい女で、黒いスラックスと白い清潔なブラウスを着けていた。	清潔な	0.25	ja	False	指圧|師|は|二十|前後|の|体格|の|良い|女|だ|、|黒い|スラックス-slacks|と|白い|清潔|だ|ブラウス-blouse|を|付ける|て|居る|た|。	清潔|だ
ja_97	japanese	当初、「ちょっと男っぽ過ぎるかな」と思っていたが、監督から「いいね！」と言われたため、パンチの動きをガンガン入れたという。	当初	0.325	ja	False	当初|、|「|一寸|男|ぽい|過ぎる|か|な|」|と|思う|て|居る|た|が|、|監督|から|「|良い|ね|！|」|と|言う|れる|た|為|、|パンチ-punch|の|動き|を|がんがん|入れる|た|と|言う|。	当初
ja_98	japanese	当初、「ちょっと男っぽ過ぎるかな」と思っていたが、監督から「いいね！」と言われたため、パンチの動きをガンガン入れたという。	男っぽ過ぎる	0.125	ja	False	当初|、|「|一寸|男|ぽい|過ぎる|か|な|」|と|思う|て|居る|た|が|、|監督|から|「|良い|ね|！|」|と|言う|れる|た|為|、|パンチ-punch|の|動き|を|がんがん|入れる|た|と|言う|。	男|ぽい|過ぎる
ja_99	japanese	当初、「ちょっと男っぽ過ぎるかな」と思っていたが、監督から「いいね！」と言われたため、パンチの動きをガンガン入れたという。	ガンガン	0.275	ja	False	当初|、|「|一寸|男|ぽい|過ぎる|か|な|」|と|思う|て|居る|た|が|、|監督|から|「|良い|ね|！|」|と|言う|れる|た|為|、|パンチ-punch|の|動き|を|がんがん|入れる|た|と|言う|。	がんがん
ja_100	japanese	国内用には開催国チームをフィーチャーした映像制作が積極的に行われるが、国際映像制作では中立性が重視される。	開催国	0.4	ja	False	国内|用|に|は|開催|国|チーム-team|を|フィーチャー-feature|為る|た|映像|制作|が|積極|的|だ|行う|れる|が|、|国際|映像|制作|で|は|中立|性|が|重視|為る|れる|。	開催|国
ja_101	japanese	国内用には開催国チームをフィーチャーした映像制作が積極的に行われるが、国際映像制作では中立性が重視される。	フィーチャーした	0.3	ja	False	国内|用|に|は|開催|国|チーム-team|を|フィーチャー-feature|為る|た|映像|制作|が|積極|的|だ|行う|れる|が|、|国際|映像|制作|で|は|中立|性|が|重視|為る|れる|。	フィーチャー-feature|為る|た
ja_102	japanese	国内用には開催国チームをフィーチャーした映像制作が積極的に行われるが、国際映像制作では中立性が重視される。	中立性	0.375	ja	False	国内|用|に|は|開催|国|チーム-team|を|フィーチャー-feature|為る|た|映像|制作|が|積極|的|だ|行う|れる|が|、|国際|映像|制作|で|は|中立|性|が|重視|為る|れる|。	中立|性
ja_103	japanese	詐欺の電話は誰にでもかかってくる可能性があります。	詐欺	0.25	ja	False	詐欺|の|電話|は|誰|に|だ|も|掛かる|て|来る|可能|性|が|有る|ます|。	詐欺
ja_104	japanese	詐欺の電話は誰にでもかかってくる可能性があります。	誰にでも	0.05	ja	False	詐欺|の|電話|は|誰|に|だ|も|掛かる|て|来る|可能|性|が|有る|ます|。	誰|に|だ|も
ja_105	japanese	詐欺の電話は誰にでもかかってくる可能性があります。	可能性があります	0.025	ja	False	詐欺|の|電話|は|誰|に|だ|も|掛かる|て|来る|可能|性|が|有る|ます|。	可能|性|が|有る|ます
ja_106	japanese	醤油の起源は、遥か中世の時代、中国に渡り修行を積んだ禅僧が伝えた特別な味噌に始まる。	遥か	0.475	ja	False	醤油|の|起源|は|、|遥か|中世|の|時代|、|中国|に|渡る|修行|を|積む|た|禅僧|が|伝える|た|特別|だ|味噌|に|始まる|。	遥か
ja_107	japanese	醤油の起源は、遥か中世の時代、中国に渡り修行を積んだ禅僧が伝えた特別な味噌に始まる。	修行を積んだ	0.525	ja	False	醤油|の|起源|は|、|遥か|中世|の|時代|、|中国|に|渡る|修行|を|積む|た|禅僧|が|伝える|た|特別|だ|味噌|に|始まる|。	修行|を|積む|た
ja_108	japanese	醤油の起源は、遥か中世の時代、中国に渡り修行を積んだ禅僧が伝えた特別な味噌に始まる。	禅僧	0.625	ja	False	醤油|の|起源|は|、|遥か|中世|の|時代|、|中国|に|渡る|修行|を|積む|た|禅僧|が|伝える|た|特別|だ|味噌|に|始まる|。	禅僧
ja_109	japanese	半纏については各町会で色が異なり個性的であるが、浴衣は白が基調であるため、一見ではどこの所属か分からない事がある。	半纏	0.875	ja	False	半纏|に|つく|て|は|各|町会|で|色|が|異なる|個性|的|だ|有る|が|、|浴衣|は|白|が|基調|だ|有る|為|、|一見|で|は|何処|の|所属|か|分かる|ない|事|が|有る|。	半纏
ja_110	japanese	半纏については各町会で色が異なり個性的であるが、浴衣は白が基調であるため、一見ではどこの所属か分からない事がある。	個性的である	0.2	ja	False	半纏|に|つく|て|は|各|町会|で|色|が|異なる|個性|的|だ|有る|が|、|浴衣|は|白|が|基調|だ|有る|為|、|一見|で|は|何処|の|所属|か|分かる|ない|事|が|有る|。	個性|的|だ|有る
ja_111	japanese	半纏については各町会で色が異なり個性的であるが、浴衣は白が基調であるため、一見ではどこの所属か分からない事がある。	基調	0.55	ja	False	半纏|に|つく|て|は|各|町会|で|色|が|異なる|個性|的|だ|有る|が|、|浴衣|は|白|が|基調|だ|有る|為|、|一見|で|は|何処|の|所属|か|分かる|ない|事|が|有る|。	基調
ja_112	japanese	匿名の書き込みであっても、その内容には責任を持つ必要があるということを覚えておきましょう。	匿名の	0.55	ja	False	匿名|の|書き込み|だ|有る|て|も|、|其の|内容|に|は|責任|を|持つ|必要|が|有る|と|言う|事|を|覚える|て|置く|ます|。	匿名|の
ja_113	japanese	匿名の書き込みであっても、その内容には責任を持つ必要があるということを覚えておきましょう。	書き込み	0.15	ja	False	匿名|の|書き込み|だ|有る|て|も|、|其の|内容|に|は|責任|を|持つ|必要|が|有る|と|言う|事|を|覚える|て|置く|ます|。	書き込み
ja_114	japanese	匿名の書き込みであっても、その内容には責任を持つ必要があるということを覚えておきましょう。	責任を持つ	0.125	ja	False	匿名|の|書き込み|だ|有る|て|も|、|其の|内容|に|は|責任|を|持つ|必要|が|有る|と|言う|事|を|覚える|て|置く|ます|。	責任|を|持つ
ja_115	japanese	それまで頭の中で渦巻いていたものが、しだいに一点へ凝集し、鮮やかなかたちをとるのが感じられた。	渦巻いて	0.675	ja	False	其れ|まで|頭|の|中|で|渦巻く|て|居る|た|物|が|、|次第|に|一|点|へ|凝集|為る|、|鮮やか|だ|形|を|取る|の|が|感ずる|られる|た|。	渦巻く|て
ja_116	japanese	それまで頭の中で渦巻いていたものが、しだいに一点へ凝集し、鮮やかなかたちをとるのが感じられた。	凝集し	0.825	ja	False	其れ|まで|頭|の|中|で|渦巻く|て|居る|た|物|が|、|次第|に|一|点|へ|凝集|為る|、|鮮やか|だ|形|を|取る|の|が|感ずる|られる|た|。	凝集|為る
ja_117	japanese	それまで頭の中で渦巻いていたものが、しだいに一点へ凝集し、鮮やかなかたちをとるのが感じられた。	鮮やかな	0.2	ja	False	其れ|まで|頭|の|中|で|渦巻く|て|居る|た|物|が|、|次第|に|一|点|へ|凝集|為る|、|鮮やか|だ|形|を|取る|の|が|感ずる|られる|た|。	鮮やか|だ
ja_118	japanese	そのうえで、年末に向けて、世界に伍して競争できる投資支援パッケージを作っていきます。	そのうえで	0.125	ja	False	其の|上|で|、|年末|に|向ける|て|、|世界|に|伍する|て|競争|出来る|投資|支援|パッケージ-package|を|作る|て|行く|ます|。	其の|上|で
ja_119	japanese	そのうえで、年末に向けて、世界に伍して競争できる投資支援パッケージを作っていきます。	世界に伍して	0.65	ja	False	其の|上|で|、|年末|に|向ける|て|、|世界|に|伍する|て|競争|出来る|投資|支援|パッケージ-package|を|作る|て|行く|ます|。	世界|に|伍する|て
ja_120	japanese	そのうえで、年末に向けて、世界に伍して競争できる投資支援パッケージを作っていきます。	パッケージ	0.1	ja	False	其の|上|で|、|年末|に|向ける|て|、|世界|に|伍する|て|競争|出来る|投資|支援|パッケージ-package|を|作る|て|行く|ます|。	パッケージ-package
ja_121	japanese	周囲でも結婚、おめでたが続き、ヨウ子は2児の母となる。	周囲	0.2	ja	False	周囲|で|も|結婚|、|おめでた|が|続く|、|ヨウ|子|は|2|児|の|母|と|成る|。	周囲
ja_122	japanese	周囲でも結婚、おめでたが続き、ヨウ子は2児の母となる。	おめでた	0.25	ja	False	周囲|で|も|結婚|、|おめでた|が|続く|、|ヨウ|子|は|2|児|の|母|と|成る|。	おめでた
ja_123	japanese	周囲でも結婚、おめでたが続き、ヨウ子は2児の母となる。	2児	0.225	ja	False	周囲|で|も|結婚|、|おめでた|が|続く|、|ヨウ|子|は|2|児|の|母|と|成る|。	2|児
ja_124	japanese	大雪でカーポートが基礎の部分から倒れ、柱が自動車に当たってフロントガラスが割れた。	カーポート	0.325	ja	False	大雪|で|カーポート-carport|が|基礎|の|部分|から|倒れる|、|柱|が|自動|車|に|当たる|て|フロント-front|ガラス-glass|が|割れる|た|。	カーポート-carport
ja_125	japanese	大雪でカーポートが基礎の部分から倒れ、柱が自動車に当たってフロントガラスが割れた。	基礎	0.275	ja	False	大雪|で|カーポート-carport|が|基礎|の|部分|から|倒れる|、|柱|が|自動|車|に|当たる|て|フロント-front|ガラス-glass|が|割れる|た|。	基礎
ja_126	japanese	大雪でカーポートが基礎の部分から倒れ、柱が自動車に当たってフロントガラスが割れた。	フロントガラス	0.075	ja	False	大雪|で|カーポート-carport|が|基礎|の|部分|から|倒れる|、|柱|が|自動|車|に|当たる|て|フロント-front|ガラス-glass|が|割れる|た|。	フロント-front|ガラス-glass
ja_127	japanese	事務所には工場主と、幾人かの事務員が詰めている。	工場主	0.25	ja	False	事務|所|に|は|工場|主|と|、|幾|人|か|の|事務|員|が|詰める|て|居る|。	工場|主
ja_128	japanese	事務所には工場主と、幾人かの事務員が詰めている。	幾人	0.5	ja	False	事務|所|に|は|工場|主|と|、|幾|人|か|の|事務|員|が|詰める|て|居る|。	幾|人
ja_129	japanese	事務所には工場主と、幾人かの事務員が詰めている。	詰めて	0.3	ja	False	事務|所|に|は|工場|主|と|、|幾|人|か|の|事務|員|が|詰める|て|居る|。	詰める|て
ja_130	japanese	その上でさらに嘘をつき、家庭内だけではなくクラスでも居場所を失ってしまう。	嘘をつき	0.125	ja	False	其の|上|で|更に|嘘|を|つく|、|家庭|内|だけ|で|は|無い|クラス-class|で|も|居る|場所|を|失う|て|仕舞う|。	嘘|を|つく
ja_131	japanese	その上でさらに嘘をつき、家庭内だけではなくクラスでも居場所を失ってしまう。	家庭内	0.15	ja	False	其の|上|で|更に|嘘|を|つく|、|家庭|内|だけ|で|は|無い|クラス-class|で|も|居る|場所|を|失う|て|仕舞う|。	家庭|内
ja_132	japanese	その上でさらに嘘をつき、家庭内だけではなくクラスでも居場所を失ってしまう。	居場所を失って	0.225	ja	False	其の|上|で|更に|嘘|を|つく|、|家庭|内|だけ|で|は|無い|クラス-class|で|も|居る|場所|を|失う|て|仕舞う|。	居る|場所|を|失う|て
ja_133	japanese	独立後まもなく通貨価値の著しい下落に直面したが、1980年代半ばより安定した。	著しい	0.425	ja	False	独立|後|間|も|無い|通貨|価値|の|著しい|下落|に|直面|為る|た|が|、|1980|年|代|半ば|より|安定|為る|た|。	著しい
ja_134	japanese	独立後まもなく通貨価値の著しい下落に直面したが、1980年代半ばより安定した。	直面した	0.225	ja	False	独立|後|間|も|無い|通貨|価値|の|著しい|下落|に|直面|為る|た|が|、|1980|年|代|半ば|より|安定|為る|た|。	直面|為る|た
ja_135	japanese	独立後まもなく通貨価値の著しい下落に直面したが、1980年代半ばより安定した。	半ば	0.175	ja	False	独立|後|間|も|無い|通貨|価値|の|著しい|下落|に|直面|為る|た|が|、|1980|年|代|半ば|より|安定|為る|た|。	半ば
ja_136	japanese	なお，実施期間（市が接種費用を助成している期間）は，１０月１日～１２月３１日となっております。	接種	0.425	ja	False	猶|，|実施|期間|（|市|が|接種|費用|を|助成|為る|て|居る|期間|）|は|，|テン-ten|月|一日|から|１２|月|３１|日|と|成る|て|居る|ます|。	接種
ja_137	japanese	なお，実施期間（市が接種費用を助成している期間）は，１０月１日～１２月３１日となっております。	助成して	0.525	ja	False	猶|，|実施|期間|（|市|が|接種|費用|を|助成|為る|て|居る|期間|）|は|，|テン-ten|月|一日|から|１２|月|３１|日|と|成る|て|居る|ます|。	助成|為る|て
ja_138	japanese	なお，実施期間（市が接種費用を助成している期間）は，１０月１日～１２月３１日となっております。	期間	0.075	ja	False	猶|，|実施|期間|（|市|が|接種|費用|を|助成|為る|て|居る|期間|）|は|，|テン-ten|月|一日|から|１２|月|３１|日|と|成る|て|居る|ます|。	期間
ja_139	japanese	ラインは取り除かれ、検査され、3つが交換された。	取り除かれ	0.4	ja	False	ライン-line|は|取り除く|れる|、|検査|為る|れる|、|3|つ|が|交換|為る|れる|た|。	取り除く|れる
ja_140	japanese	ラインは取り除かれ、検査され、3つが交換された。	検査され	0.125	ja	False	ライン-line|は|取り除く|れる|、|検査|為る|れる|、|3|つ|が|交換|為る|れる|た|。	検査|為る|れる
ja_141	japanese	ラインは取り除かれ、検査され、3つが交換された。	交換された	0.15	ja	False	ライン-line|は|取り除く|れる|、|検査|為る|れる|、|3|つ|が|交換|為る|れる|た|。	交換|為る|れる|た
ja_142	japanese	この方法により、ほとんど透明な生物細胞の内部構造を観察することが可能である。	透明な	0.2	ja	False	此の|方法|に|因る|、|殆ど|透明|だ|生物|細胞|の|内部|構造|を|観察|為る|事|が|可能|だ|有る|。	透明|だ
ja_143	japanese	この方法により、ほとんど透明な生物細胞の内部構造を観察することが可能である。	生物細胞	0.325	ja	False	此の|方法|に|因る|、|殆ど|透明|だ|生物|細胞|の|内部|構造|を|観察|為る|事|が|可能|だ|有る|。	生物|細胞
ja_144	japanese	この方法により、ほとんど透明な生物細胞の内部構造を観察することが可能である。	内部構造	0.35	ja	False	此の|方法|に|因る|、|殆ど|透明|だ|生物|細胞|の|内部|構造|を|観察|為る|事|が|可能|だ|有る|。	内部|構造
ja_145	japanese	このようにシステム面では凝っているが、その一方でシナリオが類型化した没個性的なものであることが欠点として指摘されている。	凝って	0.5	ja	False	此の|様|だ|システム-system|面|で|は|凝る|て|居る|が|、|其の|一方|で|シナリオ-scenario|が|類型|化|為る|た|没|個性|的|だ|物|だ|有る|事|が|欠点|と|為る|て|指摘|為る|れる|て|居る|。	凝る|て
ja_146	japanese	このようにシステム面では凝っているが、その一方でシナリオが類型化した没個性的なものであることが欠点として指摘されている。	没個性的な	0.775	ja	False	此の|様|だ|システム-system|面|で|は|凝る|て|居る|が|、|其の|一方|で|シナリオ-scenario|が|類型|化|為る|た|没|個性|的|だ|物|だ|有る|事|が|欠点|と|為る|て|指摘|為る|れる|て|居る|。	没|個性|的|だ
ja_147	japanese	このようにシステム面では凝っているが、その一方でシナリオが類型化した没個性的なものであることが欠点として指摘されている。	指摘されて	0.2	ja	False	此の|様|だ|システム-system|面|で|は|凝る|て|居る|が|、|其の|一方|で|シナリオ-scenario|が|類型|化|為る|た|没|個性|的|だ|物|だ|有る|事|が|欠点|と|為る|て|指摘|為る|れる|て|居る|。	指摘|為る|れる|て
ja_148	japanese	メディアの一部では、これが本当にスポーツであるかという議論があり、多くの場合それは広く冗談であると考えられている。	メディア	0.0	ja	False	メディア-media|の|一部|で|は|、|此れ|が|本当|に|スポーツ-sport|だ|有る|か|と|言う|議論|が|有る|、|多く|の|場合|其れ|は|広い|冗談|だ|有る|と|考える|られる|て|居る|。	メディア-media
ja_149	japanese	メディアの一部では、これが本当にスポーツであるかという議論があり、多くの場合それは広く冗談であると考えられている。	議論	0.125	ja	False	メディア-media|の|一部|で|は|、|此れ|が|本当|に|スポーツ-sport|だ|有る|か|と|言う|議論|が|有る|、|多く|の|場合|其れ|は|広い|冗談|だ|有る|と|考える|られる|て|居る|。	議論
ja_150	japanese	メディアの一部では、これが本当にスポーツであるかという議論があり、多くの場合それは広く冗談であると考えられている。	冗談	0.075	ja	False	メディア-media|の|一部|で|は|、|此れ|が|本当|に|スポーツ-sport|だ|有る|か|と|言う|議論|が|有る|、|多く|の|場合|其れ|は|広い|冗談|だ|有る|と|考える|られる|て|居る|。	冗談
ja_151	japanese	2019年、スクランブル交差点からセンター街を中心とした一帯に、渋谷区が25基の櫓（高さ1.5m）を設置。	一帯	0.275	ja	False	2019|年|、|スクランブル-scramble|交差|点|から|センター-center|街|を|中心|と|為る|た|一帯|に|、|シブヤ|区|が|25|基|の|櫓|（|高い|さ|1|．|5|m|）|を|設置|。	一帯
ja_152	japanese	2019年、スクランブル交差点からセンター街を中心とした一帯に、渋谷区が25基の櫓（高さ1.5m）を設置。	櫓	0.95	ja	False	2019|年|、|スクランブル-scramble|交差|点|から|センター-center|街|を|中心|と|為る|た|一帯|に|、|シブヤ|区|が|25|基|の|櫓|（|高い|さ|1|．|5|m|）|を|設置|。	櫓
ja_153	japanese	2019年、スクランブル交差点からセンター街を中心とした一帯に、渋谷区が25基の櫓（高さ1.5m）を設置。	設置	0.3	ja	False	2019|年|、|スクランブル-scramble|交差|点|から|センター-center|街|を|中心|と|為る|た|一帯|に|、|シブヤ|区|が|25|基|の|櫓|（|高い|さ|1|．|5|m|）|を|設置|。	設置
ja_154	japanese	初登場時とは打って変わってクールな性格で、また、弱点がほとんどないため、女子からはモテるという。	打って変わって	0.45	ja	False	初|登場|時|と|は|打つ|て|変わる|て|クール-cool|だ|性格|で|、|又|、|弱点|が|殆ど|無い|為|、|女子|から|は|もてる|と|言う|。	打つ|て|変わる|て
ja_155	japanese	初登場時とは打って変わってクールな性格で、また、弱点がほとんどないため、女子からはモテるという。	クールな	0.05	ja	False	初|登場|時|と|は|打つ|て|変わる|て|クール-cool|だ|性格|で|、|又|、|弱点|が|殆ど|無い|為|、|女子|から|は|もてる|と|言う|。	クール-cool|だ
ja_156	japanese	初登場時とは打って変わってクールな性格で、また、弱点がほとんどないため、女子からはモテるという。	モテる	0.075	ja	False	初|登場|時|と|は|打つ|て|変わる|て|クール-cool|だ|性格|で|、|又|、|弱点|が|殆ど|無い|為|、|女子|から|は|もてる|と|言う|。	もてる
ja_157	japanese	連載は100回を超え、読者からのお便りに答える新企画も実施しており精力的に活動している。	連載	0.45	ja	False	連載|は|100|回|を|越える|、|読者|から|の|御|便り|に|答える|新|企画|も|実施|為る|て|居る|精力|的|だ|活動|為る|て|居る|。	連載
ja_158	japanese	連載は100回を超え、読者からのお便りに答える新企画も実施しており精力的に活動している。	お便り	0.375	ja	False	連載|は|100|回|を|越える|、|読者|から|の|御|便り|に|答える|新|企画|も|実施|為る|て|居る|精力|的|だ|活動|為る|て|居る|。	御|便り
ja_159	japanese	連載は100回を超え、読者からのお便りに答える新企画も実施しており精力的に活動している。	精力的に	0.325	ja	False	連載|は|100|回|を|越える|、|読者|から|の|御|便り|に|答える|新|企画|も|実施|為る|て|居る|精力|的|だ|活動|為る|て|居る|。	精力|的|だ
ja_160	japanese	専門家は衛生状態の悪化について懸念を示している。	衛生状態	0.35	ja	False	専門|家|は|衛生|状態|の|悪化|に|つく|て|懸念|を|示す|て|居る|。	衛生|状態
ja_161	japanese	専門家は衛生状態の悪化について懸念を示している。	悪化	0.1	ja	False	専門|家|は|衛生|状態|の|悪化|に|つく|て|懸念|を|示す|て|居る|。	悪化
ja_162	japanese	専門家は衛生状態の悪化について懸念を示している。	懸念を示して	0.425	ja	False	専門|家|は|衛生|状態|の|悪化|に|つく|て|懸念|を|示す|て|居る|。	懸念|を|示す|て
ja_163	japanese	同年代でも夢を叶えている人がいると思うと、私も自分自身とちゃんと向き合わなきゃって。	叶えて	0.15	ja	False	同|年代|で|も|夢|を|叶える|て|居る|人|が|居る|と|思う|と|、|私-代名詞|も|自分|自身|と|ちゃんと|向き合う|ない|って|。	叶える|て
ja_164	japanese	同年代でも夢を叶えている人がいると思うと、私も自分自身とちゃんと向き合わなきゃって。	ちゃんと	0.0	ja	False	同|年代|で|も|夢|を|叶える|て|居る|人|が|居る|と|思う|と|、|私-代名詞|も|自分|自身|と|ちゃんと|向き合う|ない|って|。	ちゃんと
ja_165	japanese	同年代でも夢を叶えている人がいると思うと、私も自分自身とちゃんと向き合わなきゃって。	向き合わなきゃ	0.2	ja	False	同|年代|で|も|夢|を|叶える|て|居る|人|が|居る|と|思う|と|、|私-代名詞|も|自分|自身|と|ちゃんと|向き合う|ない|って|。	向き合う|ない
ja_166	japanese	彼女の才能に感服したジャクソンは、アリーを次のコンサートで起用することにした。	才能	0.125	ja	False	彼女|の|才能|に|感服|為る|た|ジャクソン-Jackson|は|、|アリー-外国|を|次|の|コンサート-concert|で|起用|為る|事|に|為る|た|。	才能
ja_167	japanese	彼女の才能に感服したジャクソンは、アリーを次のコンサートで起用することにした。	感服した	0.525	ja	False	彼女|の|才能|に|感服|為る|た|ジャクソン-Jackson|は|、|アリー-外国|を|次|の|コンサート-concert|で|起用|為る|事|に|為る|た|。	感服|為る|た
ja_168	japanese	彼女の才能に感服したジャクソンは、アリーを次のコンサートで起用することにした。	起用する	0.475	ja	False	彼女|の|才能|に|感服|為る|た|ジャクソン-Jackson|は|、|アリー-外国|を|次|の|コンサート-concert|で|起用|為る|事|に|為る|た|。	起用|為る
ja_169	japanese	草案が否決されれば、各派連立による現在の移行政府にとって大きな痛手となる。	草案	0.65	ja	False	草案|が|否決|為る|れる|ば|、|各派|連立|に|因る|現在|の|移行|政府|に|取る|て|大きな|痛手|と|成る|。	草案
ja_170	japanese	草案が否決されれば、各派連立による現在の移行政府にとって大きな痛手となる。	各派	0.5	ja	False	草案|が|否決|為る|れる|ば|、|各派|連立|に|因る|現在|の|移行|政府|に|取る|て|大きな|痛手|と|成る|。	各派
ja_171	japanese	草案が否決されれば、各派連立による現在の移行政府にとって大きな痛手となる。	痛手	0.625	ja	False	草案|が|否決|為る|れる|ば|、|各派|連立|に|因る|現在|の|移行|政府|に|取る|て|大きな|痛手|と|成る|。	痛手
ja_172	japanese	いくらかの特殊なワインは、製造者の望む味を達成するために、ボトリングの前に別のワインとの混合（ブレンド）がなされる。	特殊な	0.4	ja	False	幾ら|か|の|特殊|だ|ワイン-wine|は|、|製造|者|の|望む|味|を|達成|為る|為|に|、|ボトリング-bottling|の|前|に|別|の|ワイン-wine|と|の|混合|（|ブレンド-blend|）|が|成す|れる|。	特殊|だ
ja_173	japanese	いくらかの特殊なワインは、製造者の望む味を達成するために、ボトリングの前に別のワインとの混合（ブレンド）がなされる。	達成する	0.275	ja	False	幾ら|か|の|特殊|だ|ワイン-wine|は|、|製造|者|の|望む|味|を|達成|為る|為|に|、|ボトリング-bottling|の|前|に|別|の|ワイン-wine|と|の|混合|（|ブレンド-blend|）|が|成す|れる|。	達成|為る
ja_174	japanese	いくらかの特殊なワインは、製造者の望む味を達成するために、ボトリングの前に別のワインとの混合（ブレンド）がなされる。	ボトリング	0.175	ja	False	幾ら|か|の|特殊|だ|ワイン-wine|は|、|製造|者|の|望む|味|を|達成|為る|為|に|、|ボトリング-bottling|の|前|に|別|の|ワイン-wine|と|の|混合|（|ブレンド-blend|）|が|成す|れる|。	ボトリング-bottling
ja_175	japanese	その結果、音声・画像・自然言語を対象とする諸問題に対し、他の手法を圧倒する高い性能を示し、2010年代に普及した。	諸問題	0.35	ja	False	其の|結果|、|音声|・|画像|・|自然|言語|を|対象|と|為る|諸|問題|に|対する|、|他|の|手法|を|圧倒|為る|高い|性能|を|示す|、|2010|年|代|に|普及|為る|た|。	諸|問題
ja_176	japanese	その結果、音声・画像・自然言語を対象とする諸問題に対し、他の手法を圧倒する高い性能を示し、2010年代に普及した。	圧倒する	0.275	ja	False	其の|結果|、|音声|・|画像|・|自然|言語|を|対象|と|為る|諸|問題|に|対する|、|他|の|手法|を|圧倒|為る|高い|性能|を|示す|、|2010|年|代|に|普及|為る|た|。	圧倒|為る
ja_177	japanese	その結果、音声・画像・自然言語を対象とする諸問題に対し、他の手法を圧倒する高い性能を示し、2010年代に普及した。	普及した	0.3	ja	False	其の|結果|、|音声|・|画像|・|自然|言語|を|対象|と|為る|諸|問題|に|対する|、|他|の|手法|を|圧倒|為る|高い|性能|を|示す|、|2010|年|代|に|普及|為る|た|。	普及|為る|た
ja_178	japanese	栄養バランスのとれた、規則正しい食生活をするために、次のようなことから実践してみましょう。	とれた	0.15	ja	False	栄養|バランス-balance|の|取れる|た|、|規則|正しい|食|生活|を|為る|為|に|、|次|の|様|だ|事|から|実践|為る|て|見る|ます|。	取れる|た
ja_179	japanese	栄養バランスのとれた、規則正しい食生活をするために、次のようなことから実践してみましょう。	規則正しい	0.25	ja	False	栄養|バランス-balance|の|取れる|た|、|規則|正しい|食|生活|を|為る|為|に|、|次|の|様|だ|事|から|実践|為る|て|見る|ます|。	規則|正しい
ja_180	japanese	栄養バランスのとれた、規則正しい食生活をするために、次のようなことから実践してみましょう。	実践して	0.4	ja	False	栄養|バランス-balance|の|取れる|た|、|規則|正しい|食|生活|を|為る|為|に|、|次|の|様|だ|事|から|実践|為る|て|見る|ます|。	実践|為る|て
ja_181	japanese	消費者の側も、そうした旅行業者の情報提供のやり方に慣れていると考えられます。	消費者	0.075	ja	False	消費|者|の|側|も|、|そう|為る|た|旅行|業|者|の|情報|提供|の|遣る|方|に|慣れる|て|居る|と|考える|られる|ます|。	消費|者
ja_182	japanese	消費者の側も、そうした旅行業者の情報提供のやり方に慣れていると考えられます。	旅行業者	0.15	ja	False	消費|者|の|側|も|、|そう|為る|た|旅行|業|者|の|情報|提供|の|遣る|方|に|慣れる|て|居る|と|考える|られる|ます|。	旅行|業|者
ja_183	japanese	消費者の側も、そうした旅行業者の情報提供のやり方に慣れていると考えられます。	慣れて	0.15	ja	False	消費|者|の|側|も|、|そう|為る|た|旅行|業|者|の|情報|提供|の|遣る|方|に|慣れる|て|居る|と|考える|られる|ます|。	慣れる|て
ja_184	japanese	太古から変わらない日の入りへの思いは、今日まで連綿と受け継がれています。	太古	0.575	ja	False	太古|から|変わる|ない|日の入り|へ|の|思い|は|、|今日|まで|連綿|と|受け継ぐ|れる|て|居る|ます|。	太古
ja_185	japanese	太古から変わらない日の入りへの思いは、今日まで連綿と受け継がれています。	連綿と	0.8	ja	False	太古|から|変わる|ない|日の入り|へ|の|思い|は|、|今日|まで|連綿|と|受け継ぐ|れる|て|居る|ます|。	連綿|と
ja_186	japanese	太古から変わらない日の入りへの思いは、今日まで連綿と受け継がれています。	受け継がれて	0.475	ja	False	太古|から|変わる|ない|日の入り|へ|の|思い|は|、|今日|まで|連綿|と|受け継ぐ|れる|て|居る|ます|。	受け継ぐ|れる|て
ja_187	japanese	しかし、2000年代の経済不況のあおりを受け、彼の会社は大半のクライアントを失い倒産。	あおり	0.65	ja	False	然し|、|2000|年代|の|経済|不況|の|煽り|を|受ける|、|彼|の|会社|は|大半|の|クライアント-client|を|失う|倒産|。	煽り
ja_188	japanese	しかし、2000年代の経済不況のあおりを受け、彼の会社は大半のクライアントを失い倒産。	クライアント	0.05	ja	False	然し|、|2000|年代|の|経済|不況|の|煽り|を|受ける|、|彼|の|会社|は|大半|の|クライアント-client|を|失う|倒産|。	クライアント-client
ja_189	japanese	しかし、2000年代の経済不況のあおりを受け、彼の会社は大半のクライアントを失い倒産。	倒産	0.425	ja	False	然し|、|2000|年代|の|経済|不況|の|煽り|を|受ける|、|彼|の|会社|は|大半|の|クライアント-client|を|失う|倒産|。	倒産
ja_190	japanese	「不思議だねえ」彼はがっくりと板の間に腰をおろし、嘆息するように言いました。	がっくりと	0.425	ja	False	「|不思議|だ|ね|」|彼|は|がっくり|と|板の間|に|腰|を|下ろす|、|嘆息|為る|様|だ|言う|ます|た|。	がっくり|と
ja_191	japanese	「不思議だねえ」彼はがっくりと板の間に腰をおろし、嘆息するように言いました。	腰をおろし	0.35	ja	False	「|不思議|だ|ね|」|彼|は|がっくり|と|板の間|に|腰|を|下ろす|、|嘆息|為る|様|だ|言う|ます|た|。	腰|を|下ろし
ja_192	japanese	「不思議だねえ」彼はがっくりと板の間に腰をおろし、嘆息するように言いました。	嘆息する	0.75	ja	False	「|不思議|だ|ね|」|彼|は|がっくり|と|板の間|に|腰|を|下ろす|、|嘆息|為る|様|だ|言う|ます|た|。	嘆息|為る
ja_193	japanese	迅速に適切な解決を図るために、相談窓口を活用することをお奨めします。	迅速に	0.475	ja	False	迅速|だ|適切|だ|解決|を|図る|為|に|、|相談|窓口|を|活用|為る|事|を|御|勧める|為る|ます|。	迅速|だ
ja_194	japanese	迅速に適切な解決を図るために、相談窓口を活用することをお奨めします。	活用する	0.175	ja	False	迅速|だ|適切|だ|解決|を|図る|為|に|、|相談|窓口|を|活用|為る|事|を|御|勧める|為る|ます|。	活用|為る
ja_195	japanese	迅速に適切な解決を図るために、相談窓口を活用することをお奨めします。	お奨めします	0.35	ja	False	迅速|だ|適切|だ|解決|を|図る|為|に|、|相談|窓口|を|活用|為る|事|を|御|勧める|為る|ます|。	御|勧める|為る|ます
ja_196	japanese	津田氏だって、憂国の好青年だった事においては変りは無いのだ。	氏	0.1	ja	False	ツダ|氏|だ|って|、|憂国|の|好|青年|だ|た|事|に|於く|て|は|変わり|は|無い|の|だ|。	氏
ja_197	japanese	津田氏だって、憂国の好青年だった事においては変りは無いのだ。	憂国の	0.575	ja	False	ツダ|氏|だ|って|、|憂国|の|好|青年|だ|た|事|に|於く|て|は|変わり|は|無い|の|だ|。	憂国|の
ja_198	japanese	津田氏だって、憂国の好青年だった事においては変りは無いのだ。	好青年	0.475	ja	False	ツダ|氏|だ|って|、|憂国|の|好|青年|だ|た|事|に|於く|て|は|変わり|は|無い|の|だ|。	好|青年
ja_199	japanese	パイ生地で作られることで、サクサクとしたパイのように仕上がる。	パイ生地	0.325	ja	False	パイ-pie|生地|で|作る|れる|事|だ|、|さくさく|と|為る|た|パイ-pie|の|様|だ|仕上がる|。	パイ-pie|生地
ja_200	japanese	パイ生地で作られることで、サクサクとしたパイのように仕上がる。	サクサクとした	0.225	ja	False	パイ-pie|生地|で|作る|れる|事|だ|、|さくさく|と|為る|た|パイ-pie|の|様|だ|仕上がる|。	さくさく|と|為る|た
ja_201	japanese	パイ生地で作られることで、サクサクとしたパイのように仕上がる。	仕上がる	0.175	ja	False	パイ-pie|生地|で|作る|れる|事|だ|、|さくさく|と|為る|た|パイ-pie|の|様|だ|仕上がる|。	仕上がる
ja_202	japanese	以降は表舞台に復帰することはなく、近年では京都にあった自宅も処分していた。	表舞台	0.575	ja	False	以降|は|表|舞台|に|復帰|為る|事|は|無い|、|近年|で|は|キョウト|に|有る|た|自宅|も|処分|為る|て|居る|た|。	表|舞台
ja_203	japanese	以降は表舞台に復帰することはなく、近年では京都にあった自宅も処分していた。	復帰する	0.35	ja	False	以降|は|表|舞台|に|復帰|為る|事|は|無い|、|近年|で|は|キョウト|に|有る|た|自宅|も|処分|為る|て|居る|た|。	復帰|為る
ja_204	japanese	以降は表舞台に復帰することはなく、近年では京都にあった自宅も処分していた。	処分して	0.325	ja	False	以降|は|表|舞台|に|復帰|為る|事|は|無い|、|近年|で|は|キョウト|に|有る|た|自宅|も|処分|為る|て|居る|た|。	処分|為る|て
ja_205	japanese	天然ボケで大らかな性格であることもあり、周りから煙たがられている航達にも気兼ねなく話しかける。	大らかな	0.45	ja	False	天然|惚け|で|大らか|だ|性格|だ|有る|事|も|有る|、|周り|から|煙たい|がる|れる|て|居る|航|達|に|も|気兼ね|無い|話し掛ける|。	大らか|だ
ja_206	japanese	天然ボケで大らかな性格であることもあり、周りから煙たがられている航達にも気兼ねなく話しかける。	煙たがられて	0.625	ja	False	天然|惚け|で|大らか|だ|性格|だ|有る|事|も|有る|、|周り|から|煙たい|がる|れる|て|居る|航|達|に|も|気兼ね|無い|話し掛ける|。	煙たい|がる|れる|て
ja_207	japanese	天然ボケで大らかな性格であることもあり、周りから煙たがられている航達にも気兼ねなく話しかける。	気兼ねなく	0.625	ja	False	天然|惚け|で|大らか|だ|性格|だ|有る|事|も|有る|、|周り|から|煙たい|がる|れる|て|居る|航|達|に|も|気兼ね|無い|話し掛ける|。	気兼ね|無い
ja_208	japanese	一生懸命、伝わるように話したり、緊張しながら声をかけにいったり。	一生懸命	0.125	ja	False	一生|懸命|、|伝わる|様|だ|話す|たり|、|緊張|為る|ながら|声|を|掛ける|に|行く|たり|。	一生|懸命
ja_209	japanese	一生懸命、伝わるように話したり、緊張しながら声をかけにいったり。	伝わる	0.025	ja	False	一生|懸命|、|伝わる|様|だ|話す|たり|、|緊張|為る|ながら|声|を|掛ける|に|行く|たり|。	伝わる
ja_210	japanese	一生懸命、伝わるように話したり、緊張しながら声をかけにいったり。	緊張し	0.1	ja	False	一生|懸命|、|伝わる|様|だ|話す|たり|、|緊張|為る|ながら|声|を|掛ける|に|行く|たり|。	緊張|為る
ja_211	japanese	共同作戦を練るのは専らジェリーの役目で、持ち前の聡明な頭脳と天才的なひらめきで体力派のトムと共に巧みな連携プレーを披露する。	専ら	0.675	ja	False	共同|作戦|を|練る|の|は|専ら|ジェリー-Jerry|の|役目|だ|、|持ち前|の|聡明|だ|頭脳|と|天才|的|だ|閃き|で|体力|派|の|トム-Thom|と|共|に|巧み|だ|連携|プレー-play|を|披露|為る|。	専ら
ja_212	japanese	共同作戦を練るのは専らジェリーの役目で、持ち前の聡明な頭脳と天才的なひらめきで体力派のトムと共に巧みな連携プレーを披露する。	持ち前の	0.55	ja	False	共同|作戦|を|練る|の|は|専ら|ジェリー-Jerry|の|役目|だ|、|持ち前|の|聡明|だ|頭脳|と|天才|的|だ|閃き|で|体力|派|の|トム-Thom|と|共|に|巧み|だ|連携|プレー-play|を|披露|為る|。	持ち前|の
ja_213	japanese	共同作戦を練るのは専らジェリーの役目で、持ち前の聡明な頭脳と天才的なひらめきで体力派のトムと共に巧みな連携プレーを披露する。	ひらめき	0.525	ja	False	共同|作戦|を|練る|の|は|専ら|ジェリー-Jerry|の|役目|だ|、|持ち前|の|聡明|だ|頭脳|と|天才|的|だ|閃き|で|体力|派|の|トム-Thom|と|共|に|巧み|だ|連携|プレー-play|を|披露|為る|。	閃き
ja_214	japanese	子どもから一瞬たりとも目を離さないことはできず、限界があります。	たりとも	0.625	ja	False	子供|から|一瞬|たり|と|も|目|を|離す|ない|事|は|出来る|ず|、|限界|が|有る|ます|。	たり|と|も
ja_215	japanese	子どもから一瞬たりとも目を離さないことはできず、限界があります。	離さない	0.175	ja	False	子供|から|一瞬|たり|と|も|目|を|離す|ない|事|は|出来る|ず|、|限界|が|有る|ます|。	離す|ない
ja_216	japanese	子どもから一瞬たりとも目を離さないことはできず、限界があります。	限界	0.15	ja	False	子供|から|一瞬|たり|と|も|目|を|離す|ない|事|は|出来る|ず|、|限界|が|有る|ます|。	限界
ja_217	japanese	広い庭の林のような木立ちにかこまれて、古風なレンガ建てがぽつんと立っていた。	木立ち	0.475	ja	False	広い|庭|の|林|の|様|だ|木立ち|に|囲む|れる|て|、|古風|だ|煉瓦|建て|が|ぽつん|と|立つ|て|居る|た|。	木立ち
ja_218	japanese	広い庭の林のような木立ちにかこまれて、古風なレンガ建てがぽつんと立っていた。	古風な	0.35	ja	False	広い|庭|の|林|の|様|だ|木立ち|に|囲む|れる|て|、|古風|だ|煉瓦|建て|が|ぽつん|と|立つ|て|居る|た|。	古風|だ
ja_219	japanese	広い庭の林のような木立ちにかこまれて、古風なレンガ建てがぽつんと立っていた。	ぽつんと	0.575	ja	False	広い|庭|の|林|の|様|だ|木立ち|に|囲む|れる|て|、|古風|だ|煉瓦|建て|が|ぽつん|と|立つ|て|居る|た|。	ぽつん|と
ja_220	japanese	中学三年生の頃から二人でユニットを組み音楽を始める。	頃	0.05	ja	False	中学|三|年|生|の|頃|から|二人|で|ユニット-unit|を|組む|音楽|を|始める|。	頃
ja_221	japanese	中学三年生の頃から二人でユニットを組み音楽を始める。	ユニット	0.05	ja	False	中学|三|年|生|の|頃|から|二人|で|ユニット-unit|を|組む|音楽|を|始める|。	ユニット-unit
ja_222	japanese	中学三年生の頃から二人でユニットを組み音楽を始める。	組み	0.125	ja	False	中学|三|年|生|の|頃|から|二人|で|ユニット-unit|を|組む|音楽|を|始める|。	組
ja_223	japanese	私に拒絶されて、少年たちは明らかに失望し、途方にくれた。	拒絶されて	0.475	ja	False	私-代名詞|に|拒絶|為る|れる|て|、|少年|達|は|明らか|だ|失望|為る|、|途方|に|呉れる|た|。	拒絶|為る|れる|て
ja_224	japanese	私に拒絶されて、少年たちは明らかに失望し、途方にくれた。	失望し	0.3	ja	False	私-代名詞|に|拒絶|為る|れる|て|、|少年|達|は|明らか|だ|失望|為る|、|途方|に|呉れる|た|。	失望|為る
ja_225	japanese	私に拒絶されて、少年たちは明らかに失望し、途方にくれた。	途方にくれた	0.625	ja	False	私-代名詞|に|拒絶|為る|れる|て|、|少年|達|は|明らか|だ|失望|為る|、|途方|に|呉れる|た|。	途方|に|呉れる|た
ja_226	japanese	その結果、この技術により、多くの美容師が客単価の向上に浴することができた。	美容師	0.125	ja	False	其の|結果|、|此の|技術|に|因る|、|多く|の|美容|師|が|客|単価|の|向上|に|浴する|事|が|出来る|た|。	美容|師
ja_227	japanese	その結果、この技術により、多くの美容師が客単価の向上に浴することができた。	単価	0.225	ja	False	其の|結果|、|此の|技術|に|因る|、|多く|の|美容|師|が|客|単価|の|向上|に|浴する|事|が|出来る|た|。	単価
ja_228	japanese	その結果、この技術により、多くの美容師が客単価の向上に浴することができた。	浴する	0.5	ja	False	其の|結果|、|此の|技術|に|因る|、|多く|の|美容|師|が|客|単価|の|向上|に|浴する|事|が|出来る|た|。	浴する
ja_229	japanese	かつては列強にも引けを取らない存在だったが、貴族達の専横もあり国力が低下している。	列強	0.55	ja	False	嘗て|は|列強|に|も|引け|を|取る|ない|存在|だ|た|が|、|貴族|達|の|専横|も|有る|国力|が|低下|為る|て|居る|。	列強
ja_230	japanese	かつては列強にも引けを取らない存在だったが、貴族達の専横もあり国力が低下している。	引けを取らない	0.575	ja	False	嘗て|は|列強|に|も|引け|を|取る|ない|存在|だ|た|が|、|貴族|達|の|専横|も|有る|国力|が|低下|為る|て|居る|。	引け|を|取る|ない
ja_231	japanese	かつては列強にも引けを取らない存在だったが、貴族達の専横もあり国力が低下している。	専横	0.75	ja	False	嘗て|は|列強|に|も|引け|を|取る|ない|存在|だ|た|が|、|貴族|達|の|専横|も|有る|国力|が|低下|為る|て|居る|。	専横
ja_232	japanese	暇さえあれば眠らねばならぬような勤務が、私を待っているのだ。	さえ	0.125	ja	False	暇|さえ|有る|ば|眠る|ず|ば|成る|ず|様|だ|勤務|が|、|私-代名詞|を|待つ|て|居る|の|だ|。	さえ
ja_233	japanese	暇さえあれば眠らねばならぬような勤務が、私を待っているのだ。	眠らねばならぬ	0.425	ja	False	暇|さえ|有る|ば|眠る|ず|ば|成る|ず|様|だ|勤務|が|、|私-代名詞|を|待つ|て|居る|の|だ|。	眠る|ず|ば|成る|ず
ja_234	japanese	暇さえあれば眠らねばならぬような勤務が、私を待っているのだ。	勤務	0.175	ja	False	暇|さえ|有る|ば|眠る|ず|ば|成る|ず|様|だ|勤務|が|、|私-代名詞|を|待つ|て|居る|の|だ|。	勤務
ja_235	japanese	全身が汗ばみ、ほおはほてり、心臓は異様に鼓動していた。	汗ばみ	0.45	ja	False	全身|が|汗|ばみ|、|頬|は|火照る|、|心臓|は|異様|だ|鼓動|為る|て|居る|た|。	汗|ばみ
ja_236	japanese	全身が汗ばみ、ほおはほてり、心臓は異様に鼓動していた。	ほてり	0.7	ja	False	全身|が|汗|ばみ|、|頬|は|火照る|、|心臓|は|異様|だ|鼓動|為る|て|居る|た|。	火照る
ja_237	japanese	全身が汗ばみ、ほおはほてり、心臓は異様に鼓動していた。	鼓動して	0.55	ja	False	全身|が|汗|ばみ|、|頬|は|火照る|、|心臓|は|異様|だ|鼓動|為る|て|居る|た|。	鼓動|為る|て
ja_238	japanese	単純にボールを止められる範囲が広がり、ハイボールの処理もしやすくなるためである。	単純に	0.15	ja	False	単純|だ|ボール-ball|を|止める|られる|範囲|が|広がる|、|ハイ-high|ボール-ball|の|処理|も|為る|易い|成る|為|だ|有る|。	単純|だ
ja_239	japanese	単純にボールを止められる範囲が広がり、ハイボールの処理もしやすくなるためである。	範囲	0.175	ja	False	単純|だ|ボール-ball|を|止める|られる|範囲|が|広がる|、|ハイ-high|ボール-ball|の|処理|も|為る|易い|成る|為|だ|有る|。	範囲
ja_240	japanese	単純にボールを止められる範囲が広がり、ハイボールの処理もしやすくなるためである。	処理	0.275	ja	False	単純|だ|ボール-ball|を|止める|られる|範囲|が|広がる|、|ハイ-high|ボール-ball|の|処理|も|為る|易い|成る|為|だ|有る|。	処理
ja_241	japanese	連日の猛暑や、節電対策のために冷感グッズを使用されるかたも増えていると思います。	猛暑	0.375	ja	False	連日|の|猛暑|や|、|節電|対策|の|為|に|冷感|グッズ-goods|を|使用|為る|れる|方|も|増える|て|居る|と|思う|ます|。	猛暑
ja_242	japanese	連日の猛暑や、節電対策のために冷感グッズを使用されるかたも増えていると思います。	節電対策の	0.225	ja	False	連日|の|猛暑|や|、|節電|対策|の|為|に|冷感|グッズ-goods|を|使用|為る|れる|方|も|増える|て|居る|と|思う|ます|。	節電|対策|の
ja_243	japanese	連日の猛暑や、節電対策のために冷感グッズを使用されるかたも増えていると思います。	冷感グッズ	0.2	ja	False	連日|の|猛暑|や|、|節電|対策|の|為|に|冷感|グッズ-goods|を|使用|為る|れる|方|も|増える|て|居る|と|思う|ます|。	冷感|グッズ-goods
ja_244	japanese	ポールは13歳年上で、医学を志し、古典にも通暁した人物であった。	志し	0.45	ja	False	ポール-Paul|は|13|歳|年上|だ|、|医学|を|志す|、|古典|に|も|通暁|為る|た|人物|だ|有る|た|。	志す
ja_245	japanese	ポールは13歳年上で、医学を志し、古典にも通暁した人物であった。	古典	0.35	ja	False	ポール-Paul|は|13|歳|年上|だ|、|医学|を|志す|、|古典|に|も|通暁|為る|た|人物|だ|有る|た|。	古典
ja_246	japanese	ポールは13歳年上で、医学を志し、古典にも通暁した人物であった。	通暁した	0.8	ja	False	ポール-Paul|は|13|歳|年上|だ|、|医学|を|志す|、|古典|に|も|通暁|為る|た|人物|だ|有る|た|。	通暁|為る|た
ja_247	japanese	第2主題はほの暗く、柔和な旋律で第1ヴァイオリンによって提示される。	ほの暗く	0.65	ja	False	第|2|主題|は|仄|暗い|、|柔和|だ|旋律|で|第|1|バイオリン-violin|に|因る|て|提示|為る|れる|。	仄|暗い
ja_248	japanese	第2主題はほの暗く、柔和な旋律で第1ヴァイオリンによって提示される。	柔和な	0.45	ja	False	第|2|主題|は|仄|暗い|、|柔和|だ|旋律|で|第|1|バイオリン-violin|に|因る|て|提示|為る|れる|。	柔和|だ
ja_249	japanese	第2主題はほの暗く、柔和な旋律で第1ヴァイオリンによって提示される。	旋律	0.775	ja	False	第|2|主題|は|仄|暗い|、|柔和|だ|旋律|で|第|1|バイオリン-violin|に|因る|て|提示|為る|れる|。	旋律
ja_250	japanese	2009年7月22日、鉱物・石油相を解任され、足掛け19年に及ぶ閣僚在任に終止符を打った。	解任され	0.55	ja	False	2009|年|7|月|22|日|、|鉱物|・|石油|相|を|解任|為る|れる|、|足掛け|19|年|に|及ぶ|閣僚|在任|に|終止|符|を|打つ|た|。	解任|為る|れる
ja_251	japanese	2009年7月22日、鉱物・石油相を解任され、足掛け19年に及ぶ閣僚在任に終止符を打った。	足掛け	0.675	ja	False	2009|年|7|月|22|日|、|鉱物|・|石油|相|を|解任|為る|れる|、|足掛け|19|年|に|及ぶ|閣僚|在任|に|終止|符|を|打つ|た|。	足掛け
ja_252	japanese	2009年7月22日、鉱物・石油相を解任され、足掛け19年に及ぶ閣僚在任に終止符を打った。	終止符を打った	0.725	ja	False	2009|年|7|月|22|日|、|鉱物|・|石油|相|を|解任|為る|れる|、|足掛け|19|年|に|及ぶ|閣僚|在任|に|終止|符|を|打つ|た|。	終止|符|を|打つ|た
ja_253	japanese	斜めにさす日光が、その杉のてっぺんで淡く煙っていた。	さす	0.35	ja	False	斜め|に|差す-他動詞|日光|が|、|其の|杉|の|天辺|で|淡い|煙る|て|居る|た|。	差す-他動詞
ja_254	japanese	斜めにさす日光が、その杉のてっぺんで淡く煙っていた。	てっぺん	0.45	ja	False	斜め|に|差す-他動詞|日光|が|、|其の|杉|の|天辺|で|淡い|煙る|て|居る|た|。	天辺
ja_255	japanese	斜めにさす日光が、その杉のてっぺんで淡く煙っていた。	煙って	0.4	ja	False	斜め|に|差す-他動詞|日光|が|、|其の|杉|の|天辺|で|淡い|煙る|て|居る|た|。	煙る|て
ja_256	japanese	以降、翌1988年8月29日のサマースラムでアルティメット・ウォリアーに秒殺されてタイトルを失うまで、454日に渡って同王座を保持し続けた。	翌	0.225	ja	False	以降|、|翌|1988|年|8|月|29|日|の|サマー-summer|スラム-slum|で|アルティ|メット-met|・|ウォリアー-warrior|に|秒殺|為る|れる|て|タイトル-title|を|失う|まで|、|454|日|に|渡る|て|同|王座|を|保持|為る|続ける|た|。	翌
ja_257	japanese	以降、翌1988年8月29日のサマースラムでアルティメット・ウォリアーに秒殺されてタイトルを失うまで、454日に渡って同王座を保持し続けた。	秒殺されて	0.75	ja	False	以降|、|翌|1988|年|8|月|29|日|の|サマー-summer|スラム-slum|で|アルティ|メット-met|・|ウォリアー-warrior|に|秒殺|為る|れる|て|タイトル-title|を|失う|まで|、|454|日|に|渡る|て|同|王座|を|保持|為る|続ける|た|。	秒殺|為る|れる|て
ja_258	japanese	以降、翌1988年8月29日のサマースラムでアルティメット・ウォリアーに秒殺されてタイトルを失うまで、454日に渡って同王座を保持し続けた。	王座	0.475	ja	False	以降|、|翌|1988|年|8|月|29|日|の|サマー-summer|スラム-slum|で|アルティ|メット-met|・|ウォリアー-warrior|に|秒殺|為る|れる|て|タイトル-title|を|失う|まで|、|454|日|に|渡る|て|同|王座|を|保持|為る|続ける|た|。	王座
ja_259	japanese	こうした中で、別荘に由来する様々な営みが発展した。	別荘	0.325	ja	False	こう|為る|た|中|で|、|別荘|に|由来|為る|様々|だ|営み|が|発展|為る|た|。	別荘
ja_260	japanese	こうした中で、別荘に由来する様々な営みが発展した。	由来する	0.325	ja	False	こう|為る|た|中|で|、|別荘|に|由来|為る|様々|だ|営み|が|発展|為る|た|。	由来|為る
ja_261	japanese	こうした中で、別荘に由来する様々な営みが発展した。	営み	0.325	ja	False	こう|為る|た|中|で|、|別荘|に|由来|為る|様々|だ|営み|が|発展|為る|た|。	営み
ja_262	japanese	現在は日本におらず、海外で忙しい生活を送っている。	海外	0.025	ja	False	現在|は|日本|に|居る|ず|、|海外|で|忙しい|生活|を|送る|て|居る|。	海外
ja_263	japanese	現在は日本におらず、海外で忙しい生活を送っている。	忙しい	0.0	ja	False	現在|は|日本|に|居る|ず|、|海外|で|忙しい|生活|を|送る|て|居る|。	忙しい
ja_264	japanese	現在は日本におらず、海外で忙しい生活を送っている。	送って	0.05	ja	False	現在|は|日本|に|居る|ず|、|海外|で|忙しい|生活|を|送る|て|居る|。	送る|て
ja_265	japanese	何かわけがあることと察し、「ではちょっと一二時間」と云って、三時頃に買い物袋を提げて出かける。	わけ	0.175	ja	False	何|か|訳|が|有る|事|と|察する|、|「|で|は|一寸|一|二|時間|」|と|言う|て|、|三|時|頃|に|買い物|袋|を|下げる|て|出掛ける|。	訳
ja_266	japanese	何かわけがあることと察し、「ではちょっと一二時間」と云って、三時頃に買い物袋を提げて出かける。	察し	0.375	ja	False	何|か|訳|が|有る|事|と|察する|、|「|で|は|一寸|一|二|時間|」|と|言う|て|、|三|時|頃|に|買い物|袋|を|下げる|て|出掛ける|。	察し
ja_267	japanese	何かわけがあることと察し、「ではちょっと一二時間」と云って、三時頃に買い物袋を提げて出かける。	提げて	0.525	ja	False	何|か|訳|が|有る|事|と|察する|、|「|で|は|一寸|一|二|時間|」|と|言う|て|、|三|時|頃|に|買い物|袋|を|下げる|て|出掛ける|。	下げる|て
ja_268	japanese	その後フロストの不正が判明し判定勝ちとなるも、ベジータに対戦権を譲って棄権する流れはアニメと同じ。	判明し	0.4	ja	False	其の|後|フロスト-Frost|の|不正|が|判明|為る|判定|勝ち|と|成る|も|、|ベジータ|に|対戦|権|を|譲る|て|棄権|為る|流れ|は|アニメ-animation|と|同じ|。	判明|為る
ja_269	japanese	その後フロストの不正が判明し判定勝ちとなるも、ベジータに対戦権を譲って棄権する流れはアニメと同じ。	譲って	0.475	ja	False	其の|後|フロスト-Frost|の|不正|が|判明|為る|判定|勝ち|と|成る|も|、|ベジータ|に|対戦|権|を|譲る|て|棄権|為る|流れ|は|アニメ-animation|と|同じ|。	譲る|て
ja_270	japanese	その後フロストの不正が判明し判定勝ちとなるも、ベジータに対戦権を譲って棄権する流れはアニメと同じ。	棄権する	0.675	ja	False	其の|後|フロスト-Frost|の|不正|が|判明|為る|判定|勝ち|と|成る|も|、|ベジータ|に|対戦|権|を|譲る|て|棄権|為る|流れ|は|アニメ-animation|と|同じ|。	棄権|為る
ja_271	japanese	そのくせずいぶん部下を愛したりしたのだから、一緒に面白く遊んだこともあったのだろう。	そのくせ	0.225	ja	False	其の|癖|随分|部下|を|愛する|たり|為る|た|の|だ|から|、|一緒|に|面白い|遊ぶ|た|事|も|有る|た|の|だ|。	其の|癖
ja_272	japanese	そのくせずいぶん部下を愛したりしたのだから、一緒に面白く遊んだこともあったのだろう。	ずいぶん	0.075	ja	False	其の|癖|随分|部下|を|愛する|たり|為る|た|の|だ|から|、|一緒|に|面白い|遊ぶ|た|事|も|有る|た|の|だ|。	随分
ja_273	japanese	そのくせずいぶん部下を愛したりしたのだから、一緒に面白く遊んだこともあったのだろう。	部下	0.125	ja	False	其の|癖|随分|部下|を|愛する|たり|為る|た|の|だ|から|、|一緒|に|面白い|遊ぶ|た|事|も|有る|た|の|だ|。	部下
ja_274	japanese	――おまえにも罠をかけられる危険がある、だが、やはり承知してもらわなければならない。	おまえ	0.025	ja	False	―|―|御前|に|も|罠|を|掛ける|られる|危険|が|有る|、|だ|が|、|矢張り|承知|為る|て|貰う|ない|ば|成る|ない|。	御前
ja_275	japanese	――おまえにも罠をかけられる危険がある、だが、やはり承知してもらわなければならない。	罠をかけられる	0.45	ja	False	―|―|御前|に|も|罠|を|掛ける|られる|危険|が|有る|、|だ|が|、|矢張り|承知|為る|て|貰う|ない|ば|成る|ない|。	罠|を|掛ける|られる
ja_276	japanese	――おまえにも罠をかけられる危険がある、だが、やはり承知してもらわなければならない。	承知して	0.325	ja	False	―|―|御前|に|も|罠|を|掛ける|られる|危険|が|有る|、|だ|が|、|矢張り|承知|為る|て|貰う|ない|ば|成る|ない|。	承知|為る|て
ja_277	japanese	発生件数が多かったり、幼児や高齢者の重症化事例が見られたりして問題となっている食中毒があります。	幼児	0.175	ja	False	発生|件数|が|多い|たり|、|幼児|や|高齢|者|の|重症|化|事例|が|見る|られる|たり|為る|て|問題|と|成る|て|居る|食|中毒|が|有る|ます|。	幼児
ja_278	japanese	発生件数が多かったり、幼児や高齢者の重症化事例が見られたりして問題となっている食中毒があります。	重症化	0.35	ja	False	発生|件数|が|多い|たり|、|幼児|や|高齢|者|の|重症|化|事例|が|見る|られる|たり|為る|て|問題|と|成る|て|居る|食|中毒|が|有る|ます|。	重症|化
ja_279	japanese	発生件数が多かったり、幼児や高齢者の重症化事例が見られたりして問題となっている食中毒があります。	食中毒	0.175	ja	False	発生|件数|が|多い|たり|、|幼児|や|高齢|者|の|重症|化|事例|が|見る|られる|たり|為る|て|問題|と|成る|て|居る|食|中毒|が|有る|ます|。	食|中毒
ja_280	japanese	しかし迎えに行こうか行くまいか、まだ決めかねていた。	迎え	0.125	ja	False	然し|迎える|に|行く|か|行く|まい|か|、|未だ|決める|兼ねる|て|居る|た|。	迎える
ja_281	japanese	しかし迎えに行こうか行くまいか、まだ決めかねていた。	行くまい	0.3	ja	False	然し|迎える|に|行く|か|行く|まい|か|、|未だ|決める|兼ねる|て|居る|た|。	行く|まい
ja_282	japanese	しかし迎えに行こうか行くまいか、まだ決めかねていた。	決めかねていた	0.5	ja	False	然し|迎える|に|行く|か|行く|まい|か|、|未だ|決める|兼ねる|て|居る|た|。	決める|兼ねる|て|居る|た
ja_283	japanese	この方はもう亡くなられて、息子さんの代になっている。	方	0.05	ja	False	此の|方|は|もう|亡くなる|れる|て|、|息子|さん|の|代|に|成る|て|居る|。	方
ja_284	japanese	この方はもう亡くなられて、息子さんの代になっている。	亡くなられて	0.1	ja	False	此の|方|は|もう|亡くなる|れる|て|、|息子|さん|の|代|に|成る|て|居る|。	亡くなる|れる|て
ja_285	japanese	この方はもう亡くなられて、息子さんの代になっている。	代	0.25	ja	False	此の|方|は|もう|亡くなる|れる|て|、|息子|さん|の|代|に|成る|て|居る|。	代
ja_286	japanese	欲しいものはどんな手を使っても手に入れなければ気がすまないタイプ。	手	0.1	ja	False	欲しい|物|は|どんな|手|を|使う|て|も|手|に|入れる|ない|ば|気|が|済む|ない|タイプ-type|。	手
ja_287	japanese	欲しいものはどんな手を使っても手に入れなければ気がすまないタイプ。	手に入れなけれ	0.15	ja	False	欲しい|物|は|どんな|手|を|使う|て|も|手|に|入れる|ない|ば|気|が|済む|ない|タイプ-type|。	手|に|入れる|ない
ja_288	japanese	欲しいものはどんな手を使っても手に入れなければ気がすまないタイプ。	気がすまない	0.2	ja	False	欲しい|物|は|どんな|手|を|使う|て|も|手|に|入れる|ない|ば|気|が|済む|ない|タイプ-type|。	気|が|済む|ない
ja_289	japanese	レールの上を前後する台車に材料を置くことで一定の厚みが決まり、精度の高い直線挽きを加工できる。	台車	0.225	ja	False	レール-rail|の|上|を|前後|為る|台車|に|材料|を|置く|事|で|一定|の|厚み|が|決まる|、|精度|の|高い|直線|挽き|を|加工|出来る|。	台車
ja_290	japanese	レールの上を前後する台車に材料を置くことで一定の厚みが決まり、精度の高い直線挽きを加工できる。	精度	0.375	ja	False	レール-rail|の|上|を|前後|為る|台車|に|材料|を|置く|事|で|一定|の|厚み|が|決まる|、|精度|の|高い|直線|挽き|を|加工|出来る|。	精度
ja_291	japanese	レールの上を前後する台車に材料を置くことで一定の厚みが決まり、精度の高い直線挽きを加工できる。	直線挽き	0.675	ja	False	レール-rail|の|上|を|前後|為る|台車|に|材料|を|置く|事|で|一定|の|厚み|が|決まる|、|精度|の|高い|直線|挽き|を|加工|出来る|。	直線|挽き
ja_292	japanese	障がい福祉サービスを利用する場合の自己負担は所得等に応じて負担上限月額が設定されます。	自己負担	0.2	ja	False	障害|福祉|サービス-service|を|利用|為る|場合|の|自己|負担|は|所得|等|に|応ずる|て|負担|上限|月額|が|設定|為る|れる|ます|。	自己|負担
ja_293	japanese	障がい福祉サービスを利用する場合の自己負担は所得等に応じて負担上限月額が設定されます。	所得	0.275	ja	False	障害|福祉|サービス-service|を|利用|為る|場合|の|自己|負担|は|所得|等|に|応ずる|て|負担|上限|月額|が|設定|為る|れる|ます|。	所得
ja_294	japanese	障がい福祉サービスを利用する場合の自己負担は所得等に応じて負担上限月額が設定されます。	負担上限月額	0.45	ja	False	障害|福祉|サービス-service|を|利用|為る|場合|の|自己|負担|は|所得|等|に|応ずる|て|負担|上限|月額|が|設定|為る|れる|ます|。	負担|上限|月額
ja_295	japanese	乾燥した状態でも、4℃では8週間程度、20℃では4週間以上感染力を失わないとされている。	乾燥した	0.175	ja	False	乾燥|為る|た|状態|で|も|、|4|度|で|は|8|週間|程度|、|20|度|で|は|4|週間|以上|感染|力|を|失う|ない|と|為る|れる|て|居る|。	乾燥|為る|た
ja_296	japanese	乾燥した状態でも、4℃では8週間程度、20℃では4週間以上感染力を失わないとされている。	感染力	0.3	ja	False	乾燥|為る|た|状態|で|も|、|4|度|で|は|8|週間|程度|、|20|度|で|は|4|週間|以上|感染|力|を|失う|ない|と|為る|れる|て|居る|。	感染|力
ja_297	japanese	乾燥した状態でも、4℃では8週間程度、20℃では4週間以上感染力を失わないとされている。	失わない	0.1	ja	False	乾燥|為る|た|状態|で|も|、|4|度|で|は|8|週間|程度|、|20|度|で|は|4|週間|以上|感染|力|を|失う|ない|と|為る|れる|て|居る|。	失う|ない
ja_298	japanese	「あぶないぞ」と人垣の中からどなる者があった、「やめろ、ぶしゅう」	ぞ	0.05	ja	False	「|危ない|ぞ|」|と|人垣|の|中|から|怒鳴る|者|が|有る|た|、|「|止める|、|ブ|周|」	ぞ
ja_299	japanese	「あぶないぞ」と人垣の中からどなる者があった、「やめろ、ぶしゅう」	人垣	0.575	ja	False	「|危ない|ぞ|」|と|人垣|の|中|から|怒鳴る|者|が|有る|た|、|「|止める|、|ブ|周|」	人垣
ja_300	japanese	「あぶないぞ」と人垣の中からどなる者があった、「やめろ、ぶしゅう」	どなる	0.525	ja	False	「|危ない|ぞ|」|と|人垣|の|中|から|怒鳴る|者|が|有る|た|、|「|止める|、|ブ|周|」	どう|成る
ja_301	japanese	元々普通のゲームとして開発されたものでも、何らかの学習的側面を持つものがある。	開発された	0.15	ja	False	元々|普通|の|ゲーム-game|と|為る|て|開発|為る|れる|た|物|だ|も|、|何|等|か|の|学習|的|側面|を|持つ|物|が|有る|。	開発|為る|れる|た
ja_302	japanese	元々普通のゲームとして開発されたものでも、何らかの学習的側面を持つものがある。	何らかの	0.3	ja	False	元々|普通|の|ゲーム-game|と|為る|て|開発|為る|れる|た|物|だ|も|、|何|等|か|の|学習|的|側面|を|持つ|物|が|有る|。	何|等|か|の
ja_303	japanese	元々普通のゲームとして開発されたものでも、何らかの学習的側面を持つものがある。	学習的側面	0.325	ja	False	元々|普通|の|ゲーム-game|と|為る|て|開発|為る|れる|た|物|だ|も|、|何|等|か|の|学習|的|側面|を|持つ|物|が|有る|。	学習|的|側面
ja_304	japanese	住民の反対にもかかわらず計画は進み、2003年には建設が開始され、2005年に施設は完成した。	にもかかわらず	0.175	ja	False	住民|の|反対|に|も|関わる|ず|計画|は|進む|、|2003|年|に|は|建設|が|開始|為る|れる|、|2005|年|に|施設|は|完成|為る|た|。	に|も|関わる|ず
ja_305	japanese	住民の反対にもかかわらず計画は進み、2003年には建設が開始され、2005年に施設は完成した。	建設	0.2	ja	False	住民|の|反対|に|も|関わる|ず|計画|は|進む|、|2003|年|に|は|建設|が|開始|為る|れる|、|2005|年|に|施設|は|完成|為る|た|。	建設
ja_306	japanese	住民の反対にもかかわらず計画は進み、2003年には建設が開始され、2005年に施設は完成した。	施設	0.125	ja	False	住民|の|反対|に|も|関わる|ず|計画|は|進む|、|2003|年|に|は|建設|が|開始|為る|れる|、|2005|年|に|施設|は|完成|為る|た|。	施設
ja_307	japanese	傷つけられないうちに、早く、このまま、わかれたいとあせり、れいのお道化の煙幕を張りめぐらすのでした。	あせり	0.45	ja	False	傷付ける|られる|ない|内|に|、|早い|、|此の|侭|、|分かれる|たい|と|焦る|、|零|の|御|道化|の|煙幕|を|張り巡らす|の|です|た|。	焦り
ja_308	japanese	傷つけられないうちに、早く、このまま、わかれたいとあせり、れいのお道化の煙幕を張りめぐらすのでした。	お道化	0.675	ja	False	傷付ける|られる|ない|内|に|、|早い|、|此の|侭|、|分かれる|たい|と|焦る|、|零|の|御|道化|の|煙幕|を|張り巡らす|の|です|た|。	御|道化
ja_309	japanese	傷つけられないうちに、早く、このまま、わかれたいとあせり、れいのお道化の煙幕を張りめぐらすのでした。	張りめぐらす	0.725	ja	False	傷付ける|られる|ない|内|に|、|早い|、|此の|侭|、|分かれる|たい|と|焦る|、|零|の|御|道化|の|煙幕|を|張り巡らす|の|です|た|。	張り巡らす
ja_310	japanese	ご自宅で利用できるガスの種類は、ガス事業者に確認してください。	ご自宅	0.075	ja	False	御|自宅|で|利用|出来る|ガス-gas|の|種類|は|、|ガス-gas|事業|者|に|確認|為る|て|下さる|。	御|自宅
ja_311	japanese	ご自宅で利用できるガスの種類は、ガス事業者に確認してください。	利用できる	0.05	ja	False	御|自宅|で|利用|出来る|ガス-gas|の|種類|は|、|ガス-gas|事業|者|に|確認|為る|て|下さる|。	利用|出来る
ja_312	japanese	ご自宅で利用できるガスの種類は、ガス事業者に確認してください。	ガス事業者	0.125	ja	False	御|自宅|で|利用|出来る|ガス-gas|の|種類|は|、|ガス-gas|事業|者|に|確認|為る|て|下さる|。	ガス-gas|事業|者
ja_313	japanese	2003年からは事実上のリーダーとなり、チームにとってなくてはならない存在に。	事実上の	0.225	ja	False	2003|年|から|は|事実|上|の|リーダー-leader|と|成る|、|チーム-team|に|取る|てる|ない|て|は|成る|ない|存在|に|。	事実|上|の
ja_314	japanese	2003年からは事実上のリーダーとなり、チームにとってなくてはならない存在に。	リーダー	0.0	ja	False	2003|年|から|は|事実|上|の|リーダー-leader|と|成る|、|チーム-team|に|取る|てる|ない|て|は|成る|ない|存在|に|。	リーダー-leader
ja_315	japanese	2003年からは事実上のリーダーとなり、チームにとってなくてはならない存在に。	なくてはならない	0.125	ja	False	2003|年|から|は|事実|上|の|リーダー-leader|と|成る|、|チーム-team|に|取る|てる|ない|て|は|成る|ない|存在|に|。	無い|て|は|成る|ない
ja_316	japanese	この短刀も談話室の飾り棚にある中の一つであった。	短刀	0.425	ja	False	此の|短刀|も|談話|室|の|飾り棚|に|有る|中|の|一|つ|だ|有る|た|。	短刀
ja_317	japanese	この短刀も談話室の飾り棚にある中の一つであった。	談話室	0.275	ja	False	此の|短刀|も|談話|室|の|飾り棚|に|有る|中|の|一|つ|だ|有る|た|。	談話|室
ja_318	japanese	この短刀も談話室の飾り棚にある中の一つであった。	飾り棚	0.325	ja	False	此の|短刀|も|談話|室|の|飾り棚|に|有る|中|の|一|つ|だ|有る|た|。	飾り棚
ja_319	japanese	久しぶりに一人になって、寝転んで本など見ていると、思いがけなく宿の主人が入って来て辞儀をした。	寝転んで	0.275	ja	False	久しい|振り|に|一人|に|成る|て|、|寝転ぶ|て|本|など|見る|て|居る|と|、|思い掛ける|ない|宿|の|主人|が|入る|て|来る|て|辞儀|を|為る|た|。	寝転ぶ|て
ja_320	japanese	久しぶりに一人になって、寝転んで本など見ていると、思いがけなく宿の主人が入って来て辞儀をした。	思いがけなく	0.3	ja	False	久しい|振り|に|一人|に|成る|て|、|寝転ぶ|て|本|など|見る|て|居る|と|、|思い掛ける|ない|宿|の|主人|が|入る|て|来る|て|辞儀|を|為る|た|。	思い掛ける|ない
ja_321	japanese	久しぶりに一人になって、寝転んで本など見ていると、思いがけなく宿の主人が入って来て辞儀をした。	辞儀	0.425	ja	False	久しい|振り|に|一人|に|成る|て|、|寝転ぶ|て|本|など|見る|て|居る|と|、|思い掛ける|ない|宿|の|主人|が|入る|て|来る|て|辞儀|を|為る|た|。	辞儀
ja_322	japanese	リズとは対照的に純和風ないでたちであり、日本古来の文化にも詳しい。	対照的に	0.4	ja	False	リズ-Liz|と|は|対照|的|だ|純|和風|だ|出で立ち|だ|有る|、|日本|古来|の|文化|に|も|詳しい|。	対照|的|だ
ja_323	japanese	リズとは対照的に純和風ないでたちであり、日本古来の文化にも詳しい。	純和風な	0.65	ja	False	リズ-Liz|と|は|対照|的|だ|純|和風|だ|出で立ち|だ|有る|、|日本|古来|の|文化|に|も|詳しい|。	純|和風|だ
ja_324	japanese	リズとは対照的に純和風ないでたちであり、日本古来の文化にも詳しい。	いでたち	0.775	ja	False	リズ-Liz|と|は|対照|的|だ|純|和風|だ|出で立ち|だ|有る|、|日本|古来|の|文化|に|も|詳しい|。	出で立ち
ja_325	japanese	しかし、職場でのトラブルをきっかけに、仕事を無断で休みがちになり、解雇されてしまいました。	職場	0.125	ja	False	然し|、|職場|で|の|トラブル-trouble|を|切っ掛け|に|、|仕事|を|無断|で|休む|勝ち|だ|成る|、|解雇|為る|れる|て|仕舞う|ます|た|。	職場
ja_326	japanese	しかし、職場でのトラブルをきっかけに、仕事を無断で休みがちになり、解雇されてしまいました。	無断で	0.25	ja	False	然し|、|職場|で|の|トラブル-trouble|を|切っ掛け|に|、|仕事|を|無断|で|休む|勝ち|だ|成る|、|解雇|為る|れる|て|仕舞う|ます|た|。	無断|だ
ja_327	japanese	しかし、職場でのトラブルをきっかけに、仕事を無断で休みがちになり、解雇されてしまいました。	解雇されて	0.35	ja	False	然し|、|職場|で|の|トラブル-trouble|を|切っ掛け|に|、|仕事|を|無断|で|休む|勝ち|だ|成る|、|解雇|為る|れる|て|仕舞う|ます|た|。	解雇|為る|れる|て
ja_328	japanese	そうしてその洪水の中を異常に真剣な顔つきで、泳ぎまわっている青年男女の大群ではなかったろうか。	顔つき	0.45	ja	False	そう|為る|て|其の|洪水|の|中|を|異常|だ|真剣|だ|顔付き|だ|、|泳ぎ回る|て|居る|青年|男女|の|大群|で|は|無い|た|か|。	顔付き
ja_329	japanese	そうしてその洪水の中を異常に真剣な顔つきで、泳ぎまわっている青年男女の大群ではなかったろうか。	泳ぎまわって	0.375	ja	False	そう|為る|て|其の|洪水|の|中|を|異常|だ|真剣|だ|顔付き|だ|、|泳ぎ回る|て|居る|青年|男女|の|大群|で|は|無い|た|か|。	泳ぎ回る|て
ja_330	japanese	そうしてその洪水の中を異常に真剣な顔つきで、泳ぎまわっている青年男女の大群ではなかったろうか。	大群	0.4	ja	False	そう|為る|て|其の|洪水|の|中|を|異常|だ|真剣|だ|顔付き|だ|、|泳ぎ回る|て|居る|青年|男女|の|大群|で|は|無い|た|か|。	大群
ja_331	japanese	また、気圧の関係でボールのスピードや飛距離が変わり、感覚のずれを口にする日本代表選手もいた。	飛距離	0.35	ja	False	又|、|気圧|の|関係|で|ボール-ball|の|スピード-speed|や|飛|距離|が|変わる|、|感覚|の|ずれ|を|口|に|為る|日本|代表|選手|も|居る|た|。	飛|距離
ja_332	japanese	また、気圧の関係でボールのスピードや飛距離が変わり、感覚のずれを口にする日本代表選手もいた。	ずれ	0.325	ja	False	又|、|気圧|の|関係|で|ボール-ball|の|スピード-speed|や|飛|距離|が|変わる|、|感覚|の|ずれ|を|口|に|為る|日本|代表|選手|も|居る|た|。	ずれ
ja_333	japanese	また、気圧の関係でボールのスピードや飛距離が変わり、感覚のずれを口にする日本代表選手もいた。	口にする	0.25	ja	False	又|、|気圧|の|関係|で|ボール-ball|の|スピード-speed|や|飛|距離|が|変わる|、|感覚|の|ずれ|を|口|に|為る|日本|代表|選手|も|居る|た|。	口|に|為る
ja_334	japanese	そのような問題点はあったにせよ彼らはこの案を受け入れた。	にせよ	0.475	ja	False	其の|様|だ|問題|点|は|有る|た|に|為る|彼|等|は|此の|案|を|受け入れる|た|。	に|為る
ja_335	japanese	そのような問題点はあったにせよ彼らはこの案を受け入れた。	案	0.25	ja	False	其の|様|だ|問題|点|は|有る|た|に|為る|彼|等|は|此の|案|を|受け入れる|た|。	案
ja_336	japanese	そのような問題点はあったにせよ彼らはこの案を受け入れた。	受け入れた	0.15	ja	False	其の|様|だ|問題|点|は|有る|た|に|為る|彼|等|は|此の|案|を|受け入れる|た|。	受け入れる|た
ja_337	japanese	なぜ、古代において女性がこのように力強く活躍したのであろうか？	古代	0.2	ja	False	何故|、|古代|に|於く|て|女性|が|此の|様|だ|力強い|活躍|為る|た|の|だ|有る|か|？	古代
ja_338	japanese	なぜ、古代において女性がこのように力強く活躍したのであろうか？	力強く	0.125	ja	False	何故|、|古代|に|於く|て|女性|が|此の|様|だ|力強い|活躍|為る|た|の|だ|有る|か|？	力強い
ja_339	japanese	なぜ、古代において女性がこのように力強く活躍したのであろうか？	活躍した	0.15	ja	False	何故|、|古代|に|於く|て|女性|が|此の|様|だ|力強い|活躍|為る|た|の|だ|有る|か|？	活躍|為る|た
ja_340	japanese	大学卒業後一旦地元に戻り、他の仕事をしながら機会を伺う。	一旦	0.175	ja	False	大学|卒業|後|一旦|地元|に|戻る|、|他|の|仕事|を|為る|ながら|機会|を|伺う|。	一旦
ja_341	japanese	大学卒業後一旦地元に戻り、他の仕事をしながら機会を伺う。	地元	0.1	ja	False	大学|卒業|後|一旦|地元|に|戻る|、|他|の|仕事|を|為る|ながら|機会|を|伺う|。	地元
ja_342	japanese	大学卒業後一旦地元に戻り、他の仕事をしながら機会を伺う。	伺う	0.275	ja	False	大学|卒業|後|一旦|地元|に|戻る|、|他|の|仕事|を|為る|ながら|機会|を|伺う|。	伺う
ja_343	japanese	これからも「教える、教えられるフラットな関係」で、お互いを尊重しあう関係づくりが重要であると感じています。	フラットな	0.2	ja	False	此れ|から|も|「|教える|、|教える|られる|フラット-flat|だ|関係|」|で|、|御|互い|を|尊重|為る|合う|関係|作り|が|重要|だ|有る|と|感ずる|て|居る|ます|。	フラット-flat|だ
ja_344	japanese	これからも「教える、教えられるフラットな関係」で、お互いを尊重しあう関係づくりが重要であると感じています。	尊重し	0.225	ja	False	此れ|から|も|「|教える|、|教える|られる|フラット-flat|だ|関係|」|で|、|御|互い|を|尊重|為る|合う|関係|作り|が|重要|だ|有る|と|感ずる|て|居る|ます|。	尊重|為る
ja_345	japanese	これからも「教える、教えられるフラットな関係」で、お互いを尊重しあう関係づくりが重要であると感じています。	関係づくり	0.2	ja	False	此れ|から|も|「|教える|、|教える|られる|フラット-flat|だ|関係|」|で|、|御|互い|を|尊重|為る|合う|関係|作り|が|重要|だ|有る|と|感ずる|て|居る|ます|。	関係|作り
ja_346	japanese	特に、依存症に陥っている場合は、本人の意思や家族の努力だけで解決するのは困難です。	依存症	0.425	ja	False	特に|、|依存|症|に|陥る|て|居る|場合|は|、|本人|の|意思|や|家族|の|努力|だけ|で|解決|為る|の|は|困難|です|。	依存|症
ja_347	japanese	特に、依存症に陥っている場合は、本人の意思や家族の努力だけで解決するのは困難です。	陥って	0.45	ja	False	特に|、|依存|症|に|陥る|て|居る|場合|は|、|本人|の|意思|や|家族|の|努力|だけ|で|解決|為る|の|は|困難|です|。	陥る|て
ja_348	japanese	特に、依存症に陥っている場合は、本人の意思や家族の努力だけで解決するのは困難です。	意思	0.225	ja	False	特に|、|依存|症|に|陥る|て|居る|場合|は|、|本人|の|意思|や|家族|の|努力|だけ|で|解決|為る|の|は|困難|です|。	意思
ja_349	japanese	ここでは通常、広告やリンクについてより詳細に書かれたコンテンツが表示される。	通常	0.1	ja	False	此処|で|は|通常|、|広告|や|リンク-link|に|つく|て|より|詳細|に|書く|れる|た|コンテンツ-contents|が|表示|為る|れる|。	通常
ja_350	japanese	ここでは通常、広告やリンクについてより詳細に書かれたコンテンツが表示される。	詳細に	0.125	ja	False	此処|で|は|通常|、|広告|や|リンク-link|に|つく|て|より|詳細|に|書く|れる|た|コンテンツ-contents|が|表示|為る|れる|。	詳細|だ
ja_351	japanese	ここでは通常、広告やリンクについてより詳細に書かれたコンテンツが表示される。	コンテンツ	0.0	ja	False	此処|で|は|通常|、|広告|や|リンク-link|に|つく|て|より|詳細|に|書く|れる|た|コンテンツ-contents|が|表示|為る|れる|。	コンテンツ-contents
ja_352	japanese	神石地区の中心部と集落とを結ぶ県道の拡幅整備を県に要望したが、通行台数が見込めないことから望み薄との状況であった。	集落	0.425	ja	False	ジンセキ|地区|の|中心|部|と|集落|と|を|結ぶ|県道|の|拡幅|整備|を|県|に|要望|為る|た|が|、|通行|台数|が|見込む|ない|事|から|望み薄|と|の|状況|だ|有る|た|。	集落
ja_353	japanese	神石地区の中心部と集落とを結ぶ県道の拡幅整備を県に要望したが、通行台数が見込めないことから望み薄との状況であった。	見込めない	0.3	ja	False	ジンセキ|地区|の|中心|部|と|集落|と|を|結ぶ|県道|の|拡幅|整備|を|県|に|要望|為る|た|が|、|通行|台数|が|見込む|ない|事|から|望み薄|と|の|状況|だ|有る|た|。	見込む|ない
ja_354	japanese	神石地区の中心部と集落とを結ぶ県道の拡幅整備を県に要望したが、通行台数が見込めないことから望み薄との状況であった。	望み薄	0.55	ja	False	ジンセキ|地区|の|中心|部|と|集落|と|を|結ぶ|県道|の|拡幅|整備|を|県|に|要望|為る|た|が|、|通行|台数|が|見込む|ない|事|から|望み薄|と|の|状況|だ|有る|た|。	望み薄
ja_355	japanese	町に足を踏み入れながら、ふっとそんな言葉が浮んで来た。	足を踏み入れ	0.35	ja	False	町|に|足|を|踏み入れる|ながら|、|ふっ|と|そんな|言葉|が|浮かぶ|て|来る|た|。	足|を|踏み入れる
ja_356	japanese	町に足を踏み入れながら、ふっとそんな言葉が浮んで来た。	ふっと	0.6	ja	False	町|に|足|を|踏み入れる|ながら|、|ふっ|と|そんな|言葉|が|浮かぶ|て|来る|た|。	ふっ|と
ja_357	japanese	町に足を踏み入れながら、ふっとそんな言葉が浮んで来た。	浮んで	0.15	ja	False	町|に|足|を|踏み入れる|ながら|、|ふっ|と|そんな|言葉|が|浮かぶ|て|来る|た|。	浮かぶ|て
ja_358	japanese	建築家たちのなすべきことは、ランファンの意図したデザインの壮大な仕上げをすることであると考えられた。	なすべき	0.375	ja	False	建築|家|達|の|成す|べし|事|は|、|ラン-run|ファン-fan（熱狂者）|の|意図|為る|た|デザイン-design|の|壮大|だ|仕上げ|を|為る|事|だ|有る|と|考える|られる|た|。	成す|べし
ja_359	japanese	建築家たちのなすべきことは、ランファンの意図したデザインの壮大な仕上げをすることであると考えられた。	意図した	0.35	ja	False	建築|家|達|の|成す|べし|事|は|、|ラン-run|ファン-fan（熱狂者）|の|意図|為る|た|デザイン-design|の|壮大|だ|仕上げ|を|為る|事|だ|有る|と|考える|られる|た|。	意図|為る|た
ja_360	japanese	建築家たちのなすべきことは、ランファンの意図したデザインの壮大な仕上げをすることであると考えられた。	壮大な	0.425	ja	False	建築|家|達|の|成す|べし|事|は|、|ラン-run|ファン-fan（熱狂者）|の|意図|為る|た|デザイン-design|の|壮大|だ|仕上げ|を|為る|事|だ|有る|と|考える|られる|た|。	壮大|だ
ja_361	japanese	喉は白く、腹部は汚白色で脇にかけて茶色くなり、胸に黒い斑点がある。	腹部	0.45	ja	False	喉|は|白い|、|腹部|は|汚|白色|で|脇|に|掛ける|て|茶色い|成る|、|胸|に|黒い|斑点|が|有る|。	腹部
ja_362	japanese	喉は白く、腹部は汚白色で脇にかけて茶色くなり、胸に黒い斑点がある。	汚白色	0.5	ja	False	喉|は|白い|、|腹部|は|汚|白色|で|脇|に|掛ける|て|茶色い|成る|、|胸|に|黒い|斑点|が|有る|。	汚|白色
ja_363	japanese	喉は白く、腹部は汚白色で脇にかけて茶色くなり、胸に黒い斑点がある。	斑点	0.85	ja	False	喉|は|白い|、|腹部|は|汚|白色|で|脇|に|掛ける|て|茶色い|成る|、|胸|に|黒い|斑点|が|有る|。	斑点
ja_364	japanese	その他に所有している武器はプレイヤーの馬に保管し、プレイヤーと馬とのつながりを強化する方法になった。	所有して	0.325	ja	False	其の|他|に|所有|為る|て|居る|武器|は|プレーヤー-player|の|馬|に|保管|為る|、|プレーヤー-player|と|馬|と|の|繋がり|を|強化|為る|方法|に|成る|た|。	所有|為る|て
ja_365	japanese	その他に所有している武器はプレイヤーの馬に保管し、プレイヤーと馬とのつながりを強化する方法になった。	つながり	0.125	ja	False	其の|他|に|所有|為る|て|居る|武器|は|プレーヤー-player|の|馬|に|保管|為る|、|プレーヤー-player|と|馬|と|の|繋がり|を|強化|為る|方法|に|成る|た|。	繋がり
ja_366	japanese	その他に所有している武器はプレイヤーの馬に保管し、プレイヤーと馬とのつながりを強化する方法になった。	強化する	0.15	ja	False	其の|他|に|所有|為る|て|居る|武器|は|プレーヤー-player|の|馬|に|保管|為る|、|プレーヤー-player|と|馬|と|の|繋がり|を|強化|為る|方法|に|成る|た|。	強化|為る
ja_367	japanese	ジャケットにチノという黒尽くめの格好をしていつも教会にいるものの、教会関係者ではない。	チノ	0.525	ja	False	ジャケット-jacket|に|チノ-chino|と|言う|黒|尽くめ|の|格好|を|為る|て|何時|も|教会|に|居る|物|の|、|教会|関係|者|だ|は|無い|。	チノ-chino
ja_368	japanese	ジャケットにチノという黒尽くめの格好をしていつも教会にいるものの、教会関係者ではない。	黒尽くめ	0.65	ja	False	ジャケット-jacket|に|チノ-chino|と|言う|黒|尽くめ|の|格好|を|為る|て|何時|も|教会|に|居る|物|の|、|教会|関係|者|だ|は|無い|。	黒|尽くめ
ja_369	japanese	ジャケットにチノという黒尽くめの格好をしていつも教会にいるものの、教会関係者ではない。	格好	0.3	ja	False	ジャケット-jacket|に|チノ-chino|と|言う|黒|尽くめ|の|格好|を|為る|て|何時|も|教会|に|居る|物|の|、|教会|関係|者|だ|は|無い|。	格好
ja_370	japanese	敢えて典型的なアイドル路線とも言えるこの曲が選ばれることになった。	敢えて	0.55	ja	False	敢えて|典型|的|だ|アイドル-idol|路線|と|も|言う|此の|曲|が|選ぶ|れる|事|に|成る|た|。	敢えて
ja_371	japanese	敢えて典型的なアイドル路線とも言えるこの曲が選ばれることになった。	典型的な	0.35	ja	False	敢えて|典型|的|だ|アイドル-idol|路線|と|も|言う|此の|曲|が|選ぶ|れる|事|に|成る|た|。	典型|的|だ
ja_372	japanese	敢えて典型的なアイドル路線とも言えるこの曲が選ばれることになった。	アイドル路線	0.35	ja	False	敢えて|典型|的|だ|アイドル-idol|路線|と|も|言う|此の|曲|が|選ぶ|れる|事|に|成る|た|。	アイドル-idol|路線
ja_373	japanese	総延長550kmにもおよぶ坑道から鉱石を運び出すトロッコ軌道をめぐらせ、地下1,000mの奥底へとつながっています。	坑道	0.725	ja	False	総|延長|550|km|に|も|及ぶ|坑道|から|鉱石|を|運び出す|トロッコ-truck|軌道|を|巡る|せる|、|地下|1|,|000|m|の|奥底|へ|と|繋がる|て|居る|ます|。	坑道
ja_374	japanese	総延長550kmにもおよぶ坑道から鉱石を運び出すトロッコ軌道をめぐらせ、地下1,000mの奥底へとつながっています。	トロッコ	0.375	ja	False	総|延長|550|km|に|も|及ぶ|坑道|から|鉱石|を|運び出す|トロッコ-truck|軌道|を|巡る|せる|、|地下|1|,|000|m|の|奥底|へ|と|繋がる|て|居る|ます|。	トロッコ-truck
ja_375	japanese	総延長550kmにもおよぶ坑道から鉱石を運び出すトロッコ軌道をめぐらせ、地下1,000mの奥底へとつながっています。	軌道	0.525	ja	False	総|延長|550|km|に|も|及ぶ|坑道|から|鉱石|を|運び出す|トロッコ-truck|軌道|を|巡る|せる|、|地下|1|,|000|m|の|奥底|へ|と|繋がる|て|居る|ます|。	軌道
ja_376	japanese	この地域のブドウ栽培に関する初の言及は12世紀に遡る。	栽培	0.6	ja	False	此の|地域|の|葡萄|栽培|に|関する|初|の|言及|は|12|世紀|に|遡る|。	栽培
ja_377	japanese	この地域のブドウ栽培に関する初の言及は12世紀に遡る。	言及	0.4	ja	False	此の|地域|の|葡萄|栽培|に|関する|初|の|言及|は|12|世紀|に|遡る|。	言及
ja_378	japanese	この地域のブドウ栽培に関する初の言及は12世紀に遡る。	遡る	0.575	ja	False	此の|地域|の|葡萄|栽培|に|関する|初|の|言及|は|12|世紀|に|遡る|。	遡る
ja_379	japanese	皮膚だけでなく、かなり深く切り、血の量も相当で、すぐ病院に行っている。	皮膚	0.175	ja	False	皮膚|だけ|だ|無い|、|可成|深い|切る|、|血|の|量|も|相当|だ|、|直ぐ|病院|に|行く|て|居る|。	皮膚
ja_380	japanese	皮膚だけでなく、かなり深く切り、血の量も相当で、すぐ病院に行っている。	切り	0.125	ja	False	皮膚|だけ|だ|無い|、|可成|深い|切る|、|血|の|量|も|相当|だ|、|直ぐ|病院|に|行く|て|居る|。	切り
ja_381	japanese	皮膚だけでなく、かなり深く切り、血の量も相当で、すぐ病院に行っている。	相当で	0.275	ja	False	皮膚|だけ|だ|無い|、|可成|深い|切る|、|血|の|量|も|相当|だ|、|直ぐ|病院|に|行く|て|居る|。	相当|だ
ja_382	japanese	直径4cm未満のものは子供の周りに置かないようにしましょう。	直径	0.375	ja	False	直径|4|cm|未満|の|物|は|子供|の|周り|に|置く|ない|様|だ|為る|ます|。	直径
ja_383	japanese	直径4cm未満のものは子供の周りに置かないようにしましょう。	未満の	0.125	ja	False	直径|4|cm|未満|の|物|は|子供|の|周り|に|置く|ない|様|だ|為る|ます|。	未満|の
ja_384	japanese	直径4cm未満のものは子供の周りに置かないようにしましょう。	周り	0.1	ja	False	直径|4|cm|未満|の|物|は|子供|の|周り|に|置く|ない|様|だ|為る|ます|。	周り
ja_385	japanese	医療機関の受診に先立って居場所を利用することができる。	医療機関	0.225	ja	False	医療|機関|の|受診|に|先立つ|て|居る|場所|を|利用|為る|事|が|出来る|。	医療|機関
ja_386	japanese	医療機関の受診に先立って居場所を利用することができる。	に先立って	0.3	ja	False	医療|機関|の|受診|に|先立つ|て|居る|場所|を|利用|為る|事|が|出来る|。	に|先立つ|て
ja_387	japanese	医療機関の受診に先立って居場所を利用することができる。	利用する	0.075	ja	False	医療|機関|の|受診|に|先立つ|て|居る|場所|を|利用|為る|事|が|出来る|。	利用|為る
ja_388	japanese	追手が来るという不安が次第にはっきりした形をとって胸の中に今拡がり始めたのである。	追手	0.45	ja	False	追っ手|が|来る|と|言う|不安|が|次第|に|はっきり|為る|た|形|を|取る|て|胸|の|中|に|今|広がる|始める|た|の|だ|有る|。	追っ手
ja_389	japanese	追手が来るという不安が次第にはっきりした形をとって胸の中に今拡がり始めたのである。	次第に	0.25	ja	False	追っ手|が|来る|と|言う|不安|が|次第|に|はっきり|為る|た|形|を|取る|て|胸|の|中|に|今|広がる|始める|た|の|だ|有る|。	次第|に
ja_390	japanese	追手が来るという不安が次第にはっきりした形をとって胸の中に今拡がり始めたのである。	はっきりした	0.15	ja	False	追っ手|が|来る|と|言う|不安|が|次第|に|はっきり|為る|た|形|を|取る|て|胸|の|中|に|今|広がる|始める|た|の|だ|有る|。	はっきり|為る|た
ja_391	japanese	下積み時代は実家からの仕送りがあったためバイトは小遣い稼ぎ程度で、明治記念館の結婚式場での配膳などをしていた。	下積み	0.525	ja	False	下積み|時代|は|実家|から|の|仕送り|が|有る|た|為|バイト-Arbeit|は|小遣い|稼ぎ|程度|で|、|明治|記念|館|の|結婚|式場|で|の|配膳|など|を|為る|て|居る|た|。	下積み
ja_392	japanese	下積み時代は実家からの仕送りがあったためバイトは小遣い稼ぎ程度で、明治記念館の結婚式場での配膳などをしていた。	仕送り	0.375	ja	False	下積み|時代|は|実家|から|の|仕送り|が|有る|た|為|バイト-Arbeit|は|小遣い|稼ぎ|程度|で|、|明治|記念|館|の|結婚|式場|で|の|配膳|など|を|為る|て|居る|た|。	仕送り
ja_393	japanese	下積み時代は実家からの仕送りがあったためバイトは小遣い稼ぎ程度で、明治記念館の結婚式場での配膳などをしていた。	配膳	0.7	ja	False	下積み|時代|は|実家|から|の|仕送り|が|有る|た|為|バイト-Arbeit|は|小遣い|稼ぎ|程度|で|、|明治|記念|館|の|結婚|式場|で|の|配膳|など|を|為る|て|居る|た|。	配膳
ja_394	japanese	また、年を重ねると、いくつもの病気を抱え、何種類も薬を飲んでいる人も少なくありません。	年を重ねる	0.25	ja	False	又|、|年|を|重ねる|と|、|幾|つ|も|の|病気|を|抱える|、|何|種類|も|薬|を|飲む|て|居る|人|も|少ない|有る|ます|ず|。	年|を|重ねる
ja_395	japanese	また、年を重ねると、いくつもの病気を抱え、何種類も薬を飲んでいる人も少なくありません。	いくつもの	0.175	ja	False	又|、|年|を|重ねる|と|、|幾|つ|も|の|病気|を|抱える|、|何|種類|も|薬|を|飲む|て|居る|人|も|少ない|有る|ます|ず|。	幾|つ|も|の
ja_396	japanese	また、年を重ねると、いくつもの病気を抱え、何種類も薬を飲んでいる人も少なくありません。	抱え	0.275	ja	False	又|、|年|を|重ねる|と|、|幾|つ|も|の|病気|を|抱える|、|何|種類|も|薬|を|飲む|て|居る|人|も|少ない|有る|ます|ず|。	抱え
ja_397	japanese	ザクザクとした食感で、簡単に食べられて時間短縮になり、ヘルシーで栄養がとれることから、主に朝食に用いられる。	ザクザクとした	0.2	ja	False	ざくざく|と|為る|た|食感|で|、|簡単|だ|食べる|られる|て|時間|短縮|に|成る|、|ヘルシー-healthy|だ|栄養|が|取れる|事|から|、|主に|朝食|に|用いる|られる|。	ざくざく|と|為る|た
ja_398	japanese	ザクザクとした食感で、簡単に食べられて時間短縮になり、ヘルシーで栄養がとれることから、主に朝食に用いられる。	時間短縮になり	0.325	ja	False	ざくざく|と|為る|た|食感|で|、|簡単|だ|食べる|られる|て|時間|短縮|に|成る|、|ヘルシー-healthy|だ|栄養|が|取れる|事|から|、|主に|朝食|に|用いる|られる|。	時間|短縮|に|成る
ja_399	japanese	ザクザクとした食感で、簡単に食べられて時間短縮になり、ヘルシーで栄養がとれることから、主に朝食に用いられる。	主に	0.125	ja	False	ざくざく|と|為る|た|食感|で|、|簡単|だ|食べる|られる|て|時間|短縮|に|成る|、|ヘルシー-healthy|だ|栄養|が|取れる|事|から|、|主に|朝食|に|用いる|られる|。	主に
ja_400	japanese	息子や孫などになりすました犯人から電話があり、仕事に関するトラブルなどを口実に、お金を要求する詐欺です。	なりすました	0.425	ja	False	息子|や|孫|など|に|成り済ます|た|犯人|から|電話|が|有る|、|仕事|に|関する|トラブル-trouble|など|を|口実|に|、|御|金|を|要求|為る|詐欺|です|。	成り済ます|た
ja_401	japanese	息子や孫などになりすました犯人から電話があり、仕事に関するトラブルなどを口実に、お金を要求する詐欺です。	犯人	0.1	ja	False	息子|や|孫|など|に|成り済ます|た|犯人|から|電話|が|有る|、|仕事|に|関する|トラブル-trouble|など|を|口実|に|、|御|金|を|要求|為る|詐欺|です|。	犯人
ja_402	japanese	息子や孫などになりすました犯人から電話があり、仕事に関するトラブルなどを口実に、お金を要求する詐欺です。	を口実に	0.475	ja	False	息子|や|孫|など|に|成り済ます|た|犯人|から|電話|が|有る|、|仕事|に|関する|トラブル-trouble|など|を|口実|に|、|御|金|を|要求|為る|詐欺|です|。	を|口実|に
ja_403	japanese	彼は自分が獲得したメダルの多くを、家族の生計を支えるために売却した。	獲得した	0.425	ja	False	彼|は|自分|が|獲得|為る|た|メダル-medal|の|多く|を|、|家族|の|生計|を|支える|為|に|売却|為る|た|。	獲得|為る|た
ja_404	japanese	彼は自分が獲得したメダルの多くを、家族の生計を支えるために売却した。	生計	0.45	ja	False	彼|は|自分|が|獲得|為る|た|メダル-medal|の|多く|を|、|家族|の|生計|を|支える|為|に|売却|為る|た|。	生計
ja_405	japanese	彼は自分が獲得したメダルの多くを、家族の生計を支えるために売却した。	売却した	0.375	ja	False	彼|は|自分|が|獲得|為る|た|メダル-medal|の|多く|を|、|家族|の|生計|を|支える|為|に|売却|為る|た|。	売却|為る|た
ja_406	japanese	この取組のすばらしいところは，作業工程を細かく分けることができるため，様々特性のある方に参加してもらうことができること。	取組	0.375	ja	False	此の|取り組み|の|素晴らしい|所|は|，|作業|工程|を|細かい|分ける|事|が|出来る|為|，|様々|特性|の|有る|方|に|参加|為る|て|貰う|事|が|出来る|事|。	取り組み
ja_407	japanese	この取組のすばらしいところは，作業工程を細かく分けることができるため，様々特性のある方に参加してもらうことができること。	作業工程	0.45	ja	False	此の|取り組み|の|素晴らしい|所|は|，|作業|工程|を|細かい|分ける|事|が|出来る|為|，|様々|特性|の|有る|方|に|参加|為る|て|貰う|事|が|出来る|事|。	作業|工程
ja_408	japanese	この取組のすばらしいところは，作業工程を細かく分けることができるため，様々特性のある方に参加してもらうことができること。	特性	0.25	ja	False	此の|取り組み|の|素晴らしい|所|は|，|作業|工程|を|細かい|分ける|事|が|出来る|為|，|様々|特性|の|有る|方|に|参加|為る|て|貰う|事|が|出来る|事|。	特性
ja_409	japanese	その際のパフォーマンスが話題となり、各スポーツ新聞等で取り上げられる。	パフォーマンス	0.0	ja	False	其の|際|の|パフォーマンス-performance|が|話題|と|成る|、|各|スポーツ-sport|新聞|等|で|取り上げる|られる|。	パフォーマンス-performance
ja_410	japanese	その際のパフォーマンスが話題となり、各スポーツ新聞等で取り上げられる。	話題	0.05	ja	False	其の|際|の|パフォーマンス-performance|が|話題|と|成る|、|各|スポーツ-sport|新聞|等|で|取り上げる|られる|。	話題
ja_411	japanese	その際のパフォーマンスが話題となり、各スポーツ新聞等で取り上げられる。	取り上げられる	0.2	ja	False	其の|際|の|パフォーマンス-performance|が|話題|と|成る|、|各|スポーツ-sport|新聞|等|で|取り上げる|られる|。	取り上げる|られる
ja_412	japanese	「私は神への信仰を持つことが愚かなことであるとわかった」そして、彼はそれ以降犠牲祭を決して実行しなかった。	愚かな	0.4	ja	False	「|私-代名詞|は|神|へ|の|信仰|を|持つ|事|が|愚か|だ|事|だ|有る|と|分かる|た|」|そして|、|彼|は|其れ|以降|犠牲|祭|を|決して|実行|為る|ない|た|。	愚か|だ
ja_413	japanese	「私は神への信仰を持つことが愚かなことであるとわかった」そして、彼はそれ以降犠牲祭を決して実行しなかった。	犠牲祭	0.5	ja	False	「|私-代名詞|は|神|へ|の|信仰|を|持つ|事|が|愚か|だ|事|だ|有る|と|分かる|た|」|そして|、|彼|は|其れ|以降|犠牲|祭|を|決して|実行|為る|ない|た|。	犠牲|祭
ja_414	japanese	「私は神への信仰を持つことが愚かなことであるとわかった」そして、彼はそれ以降犠牲祭を決して実行しなかった。	決して	0.2	ja	False	「|私-代名詞|は|神|へ|の|信仰|を|持つ|事|が|愚か|だ|事|だ|有る|と|分かる|た|」|そして|、|彼|は|其れ|以降|犠牲|祭|を|決して|実行|為る|ない|た|。	決して
ja_415	japanese	山麓では比類ない巨大庭園を持った迎賓館が造られた。	山麓	0.675	ja	False	山麓|で|は|比類|無い|巨大|庭園|を|持つ|た|迎賓|館|が|作る|れる|た|。	山麓
ja_416	japanese	山麓では比類ない巨大庭園を持った迎賓館が造られた。	比類ない	0.55	ja	False	山麓|で|は|比類|無い|巨大|庭園|を|持つ|た|迎賓|館|が|作る|れる|た|。	比類|無い
ja_417	japanese	山麓では比類ない巨大庭園を持った迎賓館が造られた。	迎賓館	0.775	ja	False	山麓|で|は|比類|無い|巨大|庭園|を|持つ|た|迎賓|館|が|作る|れる|た|。	迎賓|館
ja_418	japanese	また、振込口座は、請求者欄に記載の親権者の口座を指定してください。	振込	0.15	ja	False	又|、|振り込み|口座|は|、|請求|者|欄|に|記載|の|親権|者|の|口座|を|指定|為る|て|下さる|。	振り込み
ja_419	japanese	また、振込口座は、請求者欄に記載の親権者の口座を指定してください。	記載の	0.225	ja	False	又|、|振り込み|口座|は|、|請求|者|欄|に|記載|の|親権|者|の|口座|を|指定|為る|て|下さる|。	記載|の
ja_420	japanese	また、振込口座は、請求者欄に記載の親権者の口座を指定してください。	親権者	0.4	ja	False	又|、|振り込み|口座|は|、|請求|者|欄|に|記載|の|親権|者|の|口座|を|指定|為る|て|下さる|。	親権|者
ja_421	japanese	一連の動機が次々に示され、快活だがせわしない印象もある。	一連の	0.35	ja	False	一連|の|動機|が|次々|に|示す|れる|、|快活|だ|が|忙しない|印象|も|有る|。	一連|の
ja_422	japanese	一連の動機が次々に示され、快活だがせわしない印象もある。	快活だ	0.425	ja	False	一連|の|動機|が|次々|に|示す|れる|、|快活|だ|が|忙しない|印象|も|有る|。	快活|だ
ja_423	japanese	一連の動機が次々に示され、快活だがせわしない印象もある。	せわしない	0.7	ja	False	一連|の|動機|が|次々|に|示す|れる|、|快活|だ|が|忙しない|印象|も|有る|。	忙しない
ja_424	japanese	大雪の際に強い味方となる除雪機ですが、誤った使い方をすると命を落とす危険もあります。	大雪	0.1	ja	False	大雪|の|際|に|強い|味方|と|成る|除雪|機|です|が|、|誤る|た|使う|方|を|為る|と|命|を|落とす|危険|も|有る|ます|。	大雪
ja_425	japanese	大雪の際に強い味方となる除雪機ですが、誤った使い方をすると命を落とす危険もあります。	味方	0.225	ja	False	大雪|の|際|に|強い|味方|と|成る|除雪|機|です|が|、|誤る|た|使う|方|を|為る|と|命|を|落とす|危険|も|有る|ます|。	味方
ja_426	japanese	大雪の際に強い味方となる除雪機ですが、誤った使い方をすると命を落とす危険もあります。	命を落とす	0.25	ja	False	大雪|の|際|に|強い|味方|と|成る|除雪|機|です|が|、|誤る|た|使う|方|を|為る|と|命|を|落とす|危険|も|有る|ます|。	命|を|落とす
ja_427	japanese	昔貧乏だった頃の癖が抜けないのか、何かと出費をケチる。	貧乏だった	0.15	ja	False	昔|貧乏|だ|た|頃|の|癖|が|抜ける|ない|の|か|、|何|か|と|出費|を|けちる|。	貧乏|だ|た
ja_428	japanese	昔貧乏だった頃の癖が抜けないのか、何かと出費をケチる。	何かと	0.325	ja	False	昔|貧乏|だ|た|頃|の|癖|が|抜ける|ない|の|か|、|何|か|と|出費|を|けちる|。	何|か|と
ja_429	japanese	昔貧乏だった頃の癖が抜けないのか、何かと出費をケチる。	ケチる	0.425	ja	False	昔|貧乏|だ|た|頃|の|癖|が|抜ける|ない|の|か|、|何|か|と|出費|を|けちる|。	けちる
ja_430	japanese	思い出のこもったドレスで出演しようと夢見るが、テレビ漬けで太った身体では着ることができない。	思い出のこもった	0.35	ja	False	思い出|の|籠もる|た|ドレス-dress|で|出演|為る|と|夢見る|が|、|テレビ-television|漬け|で|太る|た|体|で|は|着る|事|が|出来る|ない|。	思い出|の|籠もる|た
ja_431	japanese	思い出のこもったドレスで出演しようと夢見るが、テレビ漬けで太った身体では着ることができない。	出演しよう	0.25	ja	False	思い出|の|籠もる|た|ドレス-dress|で|出演|為る|と|夢見る|が|、|テレビ-television|漬け|で|太る|た|体|で|は|着る|事|が|出来る|ない|。	出演|為る
ja_432	japanese	思い出のこもったドレスで出演しようと夢見るが、テレビ漬けで太った身体では着ることができない。	漬け	0.55	ja	False	思い出|の|籠もる|た|ドレス-dress|で|出演|為る|と|夢見る|が|、|テレビ-television|漬け|で|太る|た|体|で|は|着る|事|が|出来る|ない|。	浸ける
ja_433	japanese	当時には日本で唯一の、全ての授業を英語で行うという大学であった。	当時	0.125	ja	False	当時|に|は|日本|で|唯一|の|、|全て|の|授業|を|英語|で|行う|と|言う|大学|だ|有る|た|。	当時
ja_434	japanese	当時には日本で唯一の、全ての授業を英語で行うという大学であった。	唯一の	0.225	ja	False	当時|に|は|日本|で|唯一|の|、|全て|の|授業|を|英語|で|行う|と|言う|大学|だ|有る|た|。	唯一|の
ja_435	japanese	当時には日本で唯一の、全ての授業を英語で行うという大学であった。	授業	0.05	ja	False	当時|に|は|日本|で|唯一|の|、|全て|の|授業|を|英語|で|行う|と|言う|大学|だ|有る|た|。	授業
ja_436	japanese	中国では年に400万匹の猫が食べられており、その消費は増加傾向にある。	匹	0.075	ja	False	中国|で|は|年|に|400|万|匹|の|猫|が|食べる|られる|て|居る|、|其の|消費|は|増加|傾向|に|有る|。	匹
ja_437	japanese	中国では年に400万匹の猫が食べられており、その消費は増加傾向にある。	消費	0.15	ja	False	中国|で|は|年|に|400|万|匹|の|猫|が|食べる|られる|て|居る|、|其の|消費|は|増加|傾向|に|有る|。	消費
ja_438	japanese	中国では年に400万匹の猫が食べられており、その消費は増加傾向にある。	増加傾向にある	0.3	ja	False	中国|で|は|年|に|400|万|匹|の|猫|が|食べる|られる|て|居る|、|其の|消費|は|増加|傾向|に|有る|。	増加|傾向|に|有る
ja_439	japanese	ですから、こんどの場合には、この方法は除外しなければならないのです。	こんど	0.025	ja	False	です|から|、|今度|の|場合|に|は|、|此の|方法|は|除外|為る|ない|ば|成る|ない|の|です|。	今度
ja_440	japanese	ですから、こんどの場合には、この方法は除外しなければならないのです。	方法	0.1	ja	False	です|から|、|今度|の|場合|に|は|、|此の|方法|は|除外|為る|ない|ば|成る|ない|の|です|。	方法
ja_441	japanese	ですから、こんどの場合には、この方法は除外しなければならないのです。	除外しなければならない	0.375	ja	False	です|から|、|今度|の|場合|に|は|、|此の|方法|は|除外|為る|ない|ば|成る|ない|の|です|。	除外|為る|ない|ば|成る|ない
ja_442	japanese	「そうしてくださる？でも、尾行される心配があるわ。よほど注意しないと」	くださる	0.125	ja	False	「|そう|為る|て|下さる|？|で|も|、|尾行|為る|れる|心配|が|有る|わ|。|余程|注意|為る|ない|と|」	下さる
ja_443	japanese	「そうしてくださる？でも、尾行される心配があるわ。よほど注意しないと」	尾行される	0.525	ja	False	「|そう|為る|て|下さる|？|で|も|、|尾行|為る|れる|心配|が|有る|わ|。|余程|注意|為る|ない|と|」	尾行|為る|れる
ja_444	japanese	「そうしてくださる？でも、尾行される心配があるわ。よほど注意しないと」	よほど	0.375	ja	False	「|そう|為る|て|下さる|？|で|も|、|尾行|為る|れる|心配|が|有る|わ|。|余程|注意|為る|ない|と|」	余程
ja_445	japanese	スタッフと一緒に作ったお菓子などを食べながら意見交換ができる。	スタッフ	0.0	ja	False	スタッフ-staff|と|一緒|に|作る|た|御|菓子|など|を|食べる|ながら|意見|交換|が|出来る|。	スタッフ-staff
ja_446	japanese	スタッフと一緒に作ったお菓子などを食べながら意見交換ができる。	お菓子	0.025	ja	False	スタッフ-staff|と|一緒|に|作る|た|御|菓子|など|を|食べる|ながら|意見|交換|が|出来る|。	御|菓子
ja_447	japanese	スタッフと一緒に作ったお菓子などを食べながら意見交換ができる。	意見交換	0.15	ja	False	スタッフ-staff|と|一緒|に|作る|た|御|菓子|など|を|食べる|ながら|意見|交換|が|出来る|。	意見|交換
ja_448	japanese	ところが、一週間ほど経って、なんでも雪のひどく降っている夜だった。	ところが	0.2	ja	False	所|が|、|一|週間|ほど|経つ|て|、|何|で|も|雪|の|酷い|降る|て|居る|夜|だ|た|。	所|が
ja_449	japanese	ところが、一週間ほど経って、なんでも雪のひどく降っている夜だった。	なんでも	0.25	ja	False	所|が|、|一|週間|ほど|経つ|て|、|何|で|も|雪|の|酷い|降る|て|居る|夜|だ|た|。	何|で|も
ja_450	japanese	ところが、一週間ほど経って、なんでも雪のひどく降っている夜だった。	ひどく	0.05	ja	False	所|が|、|一|週間|ほど|経つ|て|、|何|で|も|雪|の|酷い|降る|て|居る|夜|だ|た|。	酷い
ja_451	japanese	また宮城県内に現存する最古の擬洋風建築であり、仙台市の指定文化財となっている。	現存する	0.275	ja	False	又|ミヤギ|県|内|に|現存|為る|最古|の|擬|洋風|建築|だ|有る|、|センダイ|市|の|指定|文化|財|と|成る|て|居る|。	現存|為る
ja_452	japanese	また宮城県内に現存する最古の擬洋風建築であり、仙台市の指定文化財となっている。	擬洋風建築	0.75	ja	False	又|ミヤギ|県|内|に|現存|為る|最古|の|擬|洋風|建築|だ|有る|、|センダイ|市|の|指定|文化|財|と|成る|て|居る|。	擬|洋風|建築
ja_453	japanese	また宮城県内に現存する最古の擬洋風建築であり、仙台市の指定文化財となっている。	指定文化財	0.475	ja	False	又|ミヤギ|県|内|に|現存|為る|最古|の|擬|洋風|建築|だ|有る|、|センダイ|市|の|指定|文化|財|と|成る|て|居る|。	指定|文化|財
ja_454	japanese	離婚に向けての話し合いの席で、慰謝料の減額を要求する夫に対し、逆にもう100万円上乗せするよう吹っかける。	慰謝料	0.7	ja	False	離婚|に|向ける|て|の|話し合い|の|席|で|、|慰謝|料|の|減額|を|要求|為る|夫|に|対する|、|逆|だ|もう|100|万|円-助数詞|上乗せ|為る|様|吹っ掛ける|。	慰謝|料
ja_455	japanese	離婚に向けての話し合いの席で、慰謝料の減額を要求する夫に対し、逆にもう100万円上乗せするよう吹っかける。	上乗せする	0.525	ja	False	離婚|に|向ける|て|の|話し合い|の|席|で|、|慰謝|料|の|減額|を|要求|為る|夫|に|対する|、|逆|だ|もう|100|万|円-助数詞|上乗せ|為る|様|吹っ掛ける|。	上乗せ|為る
ja_456	japanese	離婚に向けての話し合いの席で、慰謝料の減額を要求する夫に対し、逆にもう100万円上乗せするよう吹っかける。	吹っかける	0.5	ja	False	離婚|に|向ける|て|の|話し合い|の|席|で|、|慰謝|料|の|減額|を|要求|為る|夫|に|対する|、|逆|だ|もう|100|万|円-助数詞|上乗せ|為る|様|吹っ掛ける|。	吹っ掛ける
ja_457	japanese	仲間たちを心から信頼しており、自由すぎるメンバーに手を焼きつつも、常にチームのことを一番に考える。	仲間	0.075	ja	False	仲間|達|を|心|から|信頼|為る|て|居る|、|自由|過ぎる|メンバー-member|に|手|を|焼く|つつ|も|、|常|に|チーム-team|の|事|を|一番|に|考える|。	仲間
ja_458	japanese	仲間たちを心から信頼しており、自由すぎるメンバーに手を焼きつつも、常にチームのことを一番に考える。	手を焼きつつも	0.55	ja	False	仲間|達|を|心|から|信頼|為る|て|居る|、|自由|過ぎる|メンバー-member|に|手|を|焼く|つつ|も|、|常|に|チーム-team|の|事|を|一番|に|考える|。	手|を|焼く|つつ|も
ja_459	japanese	仲間たちを心から信頼しており、自由すぎるメンバーに手を焼きつつも、常にチームのことを一番に考える。	常に	0.175	ja	False	仲間|達|を|心|から|信頼|為る|て|居る|、|自由|過ぎる|メンバー-member|に|手|を|焼く|つつ|も|、|常|に|チーム-team|の|事|を|一番|に|考える|。	常|に
ja_460	japanese	かれの理性はそれを否定したけれども、眼前の事実をどうすることもできなかった。	理性	0.35	ja	False	彼|の|理性|は|其れ|を|否定|為る|た|けれど|も|、|眼前|の|事実|を|どう|為る|事|も|出来る|ない|た|。	理性
ja_461	japanese	かれの理性はそれを否定したけれども、眼前の事実をどうすることもできなかった。	けれども	0.05	ja	False	彼|の|理性|は|其れ|を|否定|為る|た|けれど|も|、|眼前|の|事実|を|どう|為る|事|も|出来る|ない|た|。	けれど|も
ja_462	japanese	かれの理性はそれを否定したけれども、眼前の事実をどうすることもできなかった。	眼前	0.475	ja	False	彼|の|理性|は|其れ|を|否定|為る|た|けれど|も|、|眼前|の|事実|を|どう|為る|事|も|出来る|ない|た|。	眼前
ja_463	japanese	物語を考え、その話に記憶したい対象を登場させる方法である。	記憶したい	0.225	ja	False	物語|を|考える|、|其の|話|に|記憶|為る|たい|対象|を|登場|為る|せる|方法|だ|有る|。	記憶|為る|たい
ja_464	japanese	物語を考え、その話に記憶したい対象を登場させる方法である。	対象	0.25	ja	False	物語|を|考える|、|其の|話|に|記憶|為る|たい|対象|を|登場|為る|せる|方法|だ|有る|。	対象
ja_465	japanese	物語を考え、その話に記憶したい対象を登場させる方法である。	登場させる	0.25	ja	False	物語|を|考える|、|其の|話|に|記憶|為る|たい|対象|を|登場|為る|せる|方法|だ|有る|。	登場|為る|せる
ja_466	japanese	老人が客を連れてここにいることを、よく知っている様子である。	老人	0.15	ja	False	老人|が|客|を|連れる|て|此処|に|居る|事|を|、|良く|知る|て|居る|様子|だ|有る|。	老人
ja_467	japanese	老人が客を連れてここにいることを、よく知っている様子である。	客	0.125	ja	False	老人|が|客|を|連れる|て|此処|に|居る|事|を|、|良く|知る|て|居る|様子|だ|有る|。	客
ja_468	japanese	老人が客を連れてここにいることを、よく知っている様子である。	様子	0.15	ja	False	老人|が|客|を|連れる|て|此処|に|居る|事|を|、|良く|知る|て|居る|様子|だ|有る|。	様子
ja_469	japanese	市道幹線道路は，降雪量やわだちなど交通に支障があると判断されるときに，除雪等を行います。	わだち	0.8	ja	False	市道|幹線|道路|は|，|降雪|量|や|轍|など|交通|に|支障|が|有る|と|判断|為る|れる|時|に|，|除雪|等|を|行う|ます|。	轍
ja_470	japanese	市道幹線道路は，降雪量やわだちなど交通に支障があると判断されるときに，除雪等を行います。	支障	0.5	ja	False	市道|幹線|道路|は|，|降雪|量|や|轍|など|交通|に|支障|が|有る|と|判断|為る|れる|時|に|，|除雪|等|を|行う|ます|。	支障
ja_471	japanese	市道幹線道路は，降雪量やわだちなど交通に支障があると判断されるときに，除雪等を行います。	除雪	0.45	ja	False	市道|幹線|道路|は|，|降雪|量|や|轍|など|交通|に|支障|が|有る|と|判断|為る|れる|時|に|，|除雪|等|を|行う|ます|。	除雪
ja_472	japanese	激動の日々を経て、復興を遂げた昭和の時代を顧み、国の将来に思いをいたす。	激動の	0.525	ja	False	激動|の|日々|を|経る|て|、|復興|を|遂げる|た|昭和|の|時代|を|顧みる|、|国|の|将来|に|思い|を|致す|。	激動|の
ja_473	japanese	激動の日々を経て、復興を遂げた昭和の時代を顧み、国の将来に思いをいたす。	遂げた	0.45	ja	False	激動|の|日々|を|経る|て|、|復興|を|遂げる|た|昭和|の|時代|を|顧みる|、|国|の|将来|に|思い|を|致す|。	遂げる|た
ja_474	japanese	激動の日々を経て、復興を遂げた昭和の時代を顧み、国の将来に思いをいたす。	顧み	0.65	ja	False	激動|の|日々|を|経る|て|、|復興|を|遂げる|た|昭和|の|時代|を|顧みる|、|国|の|将来|に|思い|を|致す|。	顧み
ja_475	japanese	料理の名前や調理法を驚くべき早さでマスターした。	調理法	0.225	ja	False	料理|の|名前|や|調理|法|を|驚く|べし|早い|さ|で|マスター-master|為る|た|。	調理|法
ja_476	japanese	料理の名前や調理法を驚くべき早さでマスターした。	驚くべき	0.175	ja	False	料理|の|名前|や|調理|法|を|驚く|べし|早い|さ|で|マスター-master|為る|た|。	驚く|べし
ja_477	japanese	料理の名前や調理法を驚くべき早さでマスターした。	マスターした	0.05	ja	False	料理|の|名前|や|調理|法|を|驚く|べし|早い|さ|で|マスター-master|為る|た|。	マスター-master|為る|た
ja_478	japanese	ますさんは子供のシャツの繕いに全神経を集中することで、辛うじて自己克服に成功した。	繕い	0.725	ja	False	升|さん|は|子供|の|シャツ-shirt|の|繕い|に|全|神経|を|集中|為る|事|だ|、|辛うじて|自己|克服|に|成功|為る|た|。	繕い
ja_479	japanese	ますさんは子供のシャツの繕いに全神経を集中することで、辛うじて自己克服に成功した。	辛うじて	0.625	ja	False	升|さん|は|子供|の|シャツ-shirt|の|繕い|に|全|神経|を|集中|為る|事|だ|、|辛うじて|自己|克服|に|成功|為る|た|。	辛うじて
ja_480	japanese	ますさんは子供のシャツの繕いに全神経を集中することで、辛うじて自己克服に成功した。	自己克服	0.525	ja	False	升|さん|は|子供|の|シャツ-shirt|の|繕い|に|全|神経|を|集中|為る|事|だ|、|辛うじて|自己|克服|に|成功|為る|た|。	自己|克服
ja_481	japanese	これらの手形の処理で日本銀行が損失を被った場合は1億円を限りに政府が補償する。	被った	0.3	ja	False	此れ|等|の|手形|の|処理|で|日本|銀行|が|損失|を|被る|た|場合|は|1|億|円-助数詞|を|限り|に|政府|が|補償|為る|。	被る|た
ja_482	japanese	これらの手形の処理で日本銀行が損失を被った場合は1億円を限りに政府が補償する。	を限りに	0.225	ja	False	此れ|等|の|手形|の|処理|で|日本|銀行|が|損失|を|被る|た|場合|は|1|億|円-助数詞|を|限り|に|政府|が|補償|為る|。	を|限り|に
ja_483	japanese	これらの手形の処理で日本銀行が損失を被った場合は1億円を限りに政府が補償する。	補償する	0.35	ja	False	此れ|等|の|手形|の|処理|で|日本|銀行|が|損失|を|被る|た|場合|は|1|億|円-助数詞|を|限り|に|政府|が|補償|為る|。	補償|為る
ja_484	japanese	また、思想内容の変遷は漸次変化するものであるから、明確な時間で区切ることはできないとする学説も存在する。	変遷	0.7	ja	False	又|、|思想|内容|の|変遷|は|漸次|変化|為る|物|だ|有る|から|、|明確|だ|時間|で|区切る|事|は|出来る|ない|と|為る|学説|も|存在|為る|。	変遷
ja_485	japanese	また、思想内容の変遷は漸次変化するものであるから、明確な時間で区切ることはできないとする学説も存在する。	漸次	0.85	ja	False	又|、|思想|内容|の|変遷|は|漸次|変化|為る|物|だ|有る|から|、|明確|だ|時間|で|区切る|事|は|出来る|ない|と|為る|学説|も|存在|為る|。	漸次
ja_486	japanese	また、思想内容の変遷は漸次変化するものであるから、明確な時間で区切ることはできないとする学説も存在する。	区切る	0.425	ja	False	又|、|思想|内容|の|変遷|は|漸次|変化|為る|物|だ|有る|から|、|明確|だ|時間|で|区切る|事|は|出来る|ない|と|為る|学説|も|存在|為る|。	区切る
ja_487	japanese	これらの異常現象に見舞われた人間はうろたえ、無力さをさらけ出す。	見舞われた	0.475	ja	False	此れ|等|の|異常|現象|に|見舞う|れる|た|人間|は|狼狽える|、|無力|さ|を|曝け出す|。	見舞う|れる|た
ja_488	japanese	これらの異常現象に見舞われた人間はうろたえ、無力さをさらけ出す。	うろたえ	0.825	ja	False	此れ|等|の|異常|現象|に|見舞う|れる|た|人間|は|狼狽える|、|無力|さ|を|曝け出す|。	狼狽える
ja_489	japanese	これらの異常現象に見舞われた人間はうろたえ、無力さをさらけ出す。	さらけ出す	0.75	ja	False	此れ|等|の|異常|現象|に|見舞う|れる|た|人間|は|狼狽える|、|無力|さ|を|曝け出す|。	曝け出す
ja_490	japanese	いや、涙よごれの顔よりも、じつは若い清盛の身なりの方が、およそ人目を引くものだった。	涙よごれの	0.35	ja	False	否|、|涙|汚れ|の|顔|より|も|、|実|は|若い|キヨモリ|の|身形|の|方|が|、|凡そ|人目|を|引く-他動詞|物|だ|た|。	涙|汚れ|の
ja_491	japanese	いや、涙よごれの顔よりも、じつは若い清盛の身なりの方が、およそ人目を引くものだった。	身なり	0.4	ja	False	否|、|涙|汚れ|の|顔|より|も|、|実|は|若い|キヨモリ|の|身形|の|方|が|、|凡そ|人目|を|引く-他動詞|物|だ|た|。	身形
ja_492	japanese	いや、涙よごれの顔よりも、じつは若い清盛の身なりの方が、およそ人目を引くものだった。	人目を引く	0.4	ja	False	否|、|涙|汚れ|の|顔|より|も|、|実|は|若い|キヨモリ|の|身形|の|方|が|、|凡そ|人目|を|引く-他動詞|物|だ|た|。	人目|を|引く-他動詞
ja_493	japanese	近年のアウトドアブームで、登山を始めた方や機会が増えた方もいらっしゃると思います。	近年	0.125	ja	False	近年|の|アウトドア-outdoor|ブーム-boom|で|、|登山|を|始める|た|方|や|機会|が|増える|た|方|も|いらっしゃる|と|思う|ます|。	近年
ja_494	japanese	近年のアウトドアブームで、登山を始めた方や機会が増えた方もいらっしゃると思います。	アウトドアブーム	0.075	ja	False	近年|の|アウトドア-outdoor|ブーム-boom|で|、|登山|を|始める|た|方|や|機会|が|増える|た|方|も|いらっしゃる|と|思う|ます|。	アウトドア-outdoor|ブーム-boom
ja_495	japanese	近年のアウトドアブームで、登山を始めた方や機会が増えた方もいらっしゃると思います。	登山	0.125	ja	False	近年|の|アウトドア-outdoor|ブーム-boom|で|、|登山|を|始める|た|方|や|機会|が|増える|た|方|も|いらっしゃる|と|思う|ます|。	登山
ja_496	japanese	刺激が強く急激に催し、また悪寒や吐き気などといった症状を誘発させる場合もある。	催し	0.475	ja	False	刺激|が|強い|急激|だ|催す|、|又|悪寒|や|吐き気|など|と|言う|た|症状|を|誘発|為る|せる|場合|も|有る|。	催し
ja_497	japanese	刺激が強く急激に催し、また悪寒や吐き気などといった症状を誘発させる場合もある。	悪寒	0.375	ja	False	刺激|が|強い|急激|だ|催す|、|又|悪寒|や|吐き気|など|と|言う|た|症状|を|誘発|為る|せる|場合|も|有る|。	悪寒
ja_498	japanese	刺激が強く急激に催し、また悪寒や吐き気などといった症状を誘発させる場合もある。	誘発させる	0.5	ja	False	刺激|が|強い|急激|だ|催す|、|又|悪寒|や|吐き気|など|と|言う|た|症状|を|誘発|為る|せる|場合|も|有る|。	誘発|為る|せる
ja_499	japanese	いまだ真価を究めざるうちに、向うみずに追っ払うというのは、芸能人の心構に反するところじゃないか」	究めざる	0.675	ja	False	未だ|真価|を|極める|ず|内|に|、|向こう|水|に|追い払う|と|言う|の|は|、|芸能|人|の|心|構え|に|反する|所|だ|無い|か|」	極める|ず
ja_500	japanese	いまだ真価を究めざるうちに、向うみずに追っ払うというのは、芸能人の心構に反するところじゃないか」	向うみずに	0.7	ja	False	未だ|真価|を|極める|ず|内|に|、|向こう|水|に|追い払う|と|言う|の|は|、|芸能|人|の|心|構え|に|反する|所|だ|無い|か|」	向こう|水|に
ja_501	japanese	いまだ真価を究めざるうちに、向うみずに追っ払うというのは、芸能人の心構に反するところじゃないか」	追っ払う	0.55	ja	False	未だ|真価|を|極める|ず|内|に|、|向こう|水|に|追い払う|と|言う|の|は|、|芸能|人|の|心|構え|に|反する|所|だ|無い|か|」	追い払う
ja_502	japanese	原爆投下と同時刻の8時15分には、参加者全員が1分間黙祷して犠牲者の冥福を祈った。	黙祷して	0.725	ja	False	原爆|投下|と|同|時刻|の|8|時|15|分|に|は|、|参加|者|全員|が|1|分間|黙祷|為る|て|犠牲|者|の|冥福|を|祈る|た|。	黙祷|為る|て
ja_503	japanese	原爆投下と同時刻の8時15分には、参加者全員が1分間黙祷して犠牲者の冥福を祈った。	犠牲者	0.325	ja	False	原爆|投下|と|同|時刻|の|8|時|15|分|に|は|、|参加|者|全員|が|1|分間|黙祷|為る|て|犠牲|者|の|冥福|を|祈る|た|。	犠牲|者
ja_504	japanese	原爆投下と同時刻の8時15分には、参加者全員が1分間黙祷して犠牲者の冥福を祈った。	冥福	0.725	ja	False	原爆|投下|と|同|時刻|の|8|時|15|分|に|は|、|参加|者|全員|が|1|分間|黙祷|為る|て|犠牲|者|の|冥福|を|祈る|た|。	冥福
ja_505	japanese	ジェネリック医薬品を希望する場合、病院・診療所・保険薬局で医師・薬剤師にそのことを伝えてください。	ジェネリック医薬品	0.125	ja	False	ジェネリック|医薬|品|を|希望|為る|場合|、|病院|・|診療|所|・|保険|薬局|で|医師|・|薬剤|師|に|其の|事|を|伝える|て|下さる|。	ジェネリック|医薬|品
ja_506	japanese	ジェネリック医薬品を希望する場合、病院・診療所・保険薬局で医師・薬剤師にそのことを伝えてください。	医師	0.125	ja	False	ジェネリック|医薬|品|を|希望|為る|場合|、|病院|・|診療|所|・|保険|薬局|で|医師|・|薬剤|師|に|其の|事|を|伝える|て|下さる|。	医師
ja_507	japanese	ジェネリック医薬品を希望する場合、病院・診療所・保険薬局で医師・薬剤師にそのことを伝えてください。	薬剤師	0.175	ja	False	ジェネリック|医薬|品|を|希望|為る|場合|、|病院|・|診療|所|・|保険|薬局|で|医師|・|薬剤|師|に|其の|事|を|伝える|て|下さる|。	薬剤|師
ja_508	japanese	この夜の酒宴は、今後の対策の協議という名目だったのですが、ろくに結論も出ずに終った。	酒宴	0.475	ja	False	此の|夜|の|酒宴|は|、|今後|の|対策|の|協議|と|言う|名目|だ|た|の|です|が|、|碌に|結論|も|出る|ず|に|終わる|た|。	酒宴
ja_509	japanese	この夜の酒宴は、今後の対策の協議という名目だったのですが、ろくに結論も出ずに終った。	名目	0.45	ja	False	此の|夜|の|酒宴|は|、|今後|の|対策|の|協議|と|言う|名目|だ|た|の|です|が|、|碌に|結論|も|出る|ず|に|終わる|た|。	名目
ja_510	japanese	この夜の酒宴は、今後の対策の協議という名目だったのですが、ろくに結論も出ずに終った。	ろくに	0.65	ja	False	此の|夜|の|酒宴|は|、|今後|の|対策|の|協議|と|言う|名目|だ|た|の|です|が|、|碌に|結論|も|出る|ず|に|終わる|た|。	碌に
ja_511	japanese	彼は左手で、筒の中から豚の毛をひょいとつまみあげる。	筒	0.4	ja	False	彼|は|左手|だ|、|筒|の|中|から|豚|の|毛|を|ひょい|と|摘み上げる|。	筒
ja_512	japanese	彼は左手で、筒の中から豚の毛をひょいとつまみあげる。	ひょいと	0.7	ja	False	彼|は|左手|だ|、|筒|の|中|から|豚|の|毛|を|ひょい|と|摘み上げる|。	ひょい|と
ja_513	japanese	彼は左手で、筒の中から豚の毛をひょいとつまみあげる。	つまみあげる	0.45	ja	False	彼|は|左手|だ|、|筒|の|中|から|豚|の|毛|を|ひょい|と|摘み上げる|。	摘み上げる
ja_514	japanese	健康自体の考え方がかなり広い意味があるため、様々な形での健康管理システムが考えられている。	自体	0.2	ja	False	健康|自体|の|考える|方|が|可成|広い|意味|が|有る|為|、|様々|だ|形|で|の|健康|管理|システム-system|が|考える|られる|て|居る|。	自体
ja_515	japanese	健康自体の考え方がかなり広い意味があるため、様々な形での健康管理システムが考えられている。	広い	0.025	ja	False	健康|自体|の|考える|方|が|可成|広い|意味|が|有る|為|、|様々|だ|形|で|の|健康|管理|システム-system|が|考える|られる|て|居る|。	広い
ja_516	japanese	健康自体の考え方がかなり広い意味があるため、様々な形での健康管理システムが考えられている。	様々な	0.025	ja	False	健康|自体|の|考える|方|が|可成|広い|意味|が|有る|為|、|様々|だ|形|で|の|健康|管理|システム-system|が|考える|られる|て|居る|。	様々|だ
ja_517	japanese	商業出版の世界に初めて入ったときの仕事は電話帳を編集することだった。	商業出版	0.3	ja	False	商業|出版|の|世界|に|初めて|入る|た|時|の|仕事|は|電話|帳|を|編集|為る|事|だ|た|。	商業|出版
ja_518	japanese	商業出版の世界に初めて入ったときの仕事は電話帳を編集することだった。	電話帳	0.175	ja	False	商業|出版|の|世界|に|初めて|入る|た|時|の|仕事|は|電話|帳|を|編集|為る|事|だ|た|。	電話|帳
ja_519	japanese	商業出版の世界に初めて入ったときの仕事は電話帳を編集することだった。	編集する	0.225	ja	False	商業|出版|の|世界|に|初めて|入る|た|時|の|仕事|は|電話|帳|を|編集|為る|事|だ|た|。	編集|為る
ja_520	japanese	映像自体は1983年に既に完成していたが、実際にテレビ放送されたのは、それから2年後となった。	映像	0.125	ja	False	映像|自体|は|1983|年|に|既に|完成|為る|て|居る|た|が|、|実際|に|テレビ-television|放送|為る|れる|た|の|は|、|其れ|から|2|年|後|と|成る|た|。	映像
ja_521	japanese	映像自体は1983年に既に完成していたが、実際にテレビ放送されたのは、それから2年後となった。	既に	0.25	ja	False	映像|自体|は|1983|年|に|既に|完成|為る|て|居る|た|が|、|実際|に|テレビ-television|放送|為る|れる|た|の|は|、|其れ|から|2|年|後|と|成る|た|。	既に
ja_522	japanese	映像自体は1983年に既に完成していたが、実際にテレビ放送されたのは、それから2年後となった。	完成して	0.175	ja	False	映像|自体|は|1983|年|に|既に|完成|為る|て|居る|た|が|、|実際|に|テレビ-television|放送|為る|れる|た|の|は|、|其れ|から|2|年|後|と|成る|た|。	完成|為る|て
ja_523	japanese	脂肪が多い肉を食べ続けたところ、「バランスの取れた食事」を取っていたときよりも健康体となった。	脂肪	0.225	ja	False	脂肪|が|多い|肉|を|食べる|続ける|た|所|、|「|バランス-balance|の|取れる|た|食事|」|を|取る|て|居る|た|時|より|も|健康|体|と|成る|た|。	脂肪
ja_524	japanese	脂肪が多い肉を食べ続けたところ、「バランスの取れた食事」を取っていたときよりも健康体となった。	バランスの取れた	0.075	ja	False	脂肪|が|多い|肉|を|食べる|続ける|た|所|、|「|バランス-balance|の|取れる|た|食事|」|を|取る|て|居る|た|時|より|も|健康|体|と|成る|た|。	バランス-balance|の|取れる|た
ja_525	japanese	脂肪が多い肉を食べ続けたところ、「バランスの取れた食事」を取っていたときよりも健康体となった。	健康体	0.25	ja	False	脂肪|が|多い|肉|を|食べる|続ける|た|所|、|「|バランス-balance|の|取れる|た|食事|」|を|取る|て|居る|た|時|より|も|健康|体|と|成る|た|。	健康|体
ja_526	japanese	同時に、市場分析は市場の魅力を判断することでもあります。	市場分析	0.3	ja	False	同時|に|、|市場|分析|は|市場|の|魅力|を|判断|為る|事|で|も|有る|ます|。	市場|分析
ja_527	japanese	同時に、市場分析は市場の魅力を判断することでもあります。	魅力	0.125	ja	False	同時|に|、|市場|分析|は|市場|の|魅力|を|判断|為る|事|で|も|有る|ます|。	魅力
ja_528	japanese	同時に、市場分析は市場の魅力を判断することでもあります。	判断する	0.1	ja	False	同時|に|、|市場|分析|は|市場|の|魅力|を|判断|為る|事|で|も|有る|ます|。	判断|為る
ja_529	japanese	部隊に見捨てられ歩兵に包囲されてもなお抗戦するがついに降服する。	歩兵	0.475	ja	False	部隊|に|見捨てる|られる|歩兵|に|包囲|為る|れる|て|も|猶|抗戦|為る|が|遂に|降伏|為る|。	歩兵
ja_530	japanese	部隊に見捨てられ歩兵に包囲されてもなお抗戦するがついに降服する。	抗戦する	0.525	ja	False	部隊|に|見捨てる|られる|歩兵|に|包囲|為る|れる|て|も|猶|抗戦|為る|が|遂に|降伏|為る|。	抗戦|為る
ja_531	japanese	部隊に見捨てられ歩兵に包囲されてもなお抗戦するがついに降服する。	降服する	0.575	ja	False	部隊|に|見捨てる|られる|歩兵|に|包囲|為る|れる|て|も|猶|抗戦|為る|が|遂に|降伏|為る|。	降伏|為る
ja_532	japanese	両手をついて、地面に腹ばいになって、ほんとうに巨大なヘビのかっこうで、女のくちびるをむさぼった。	腹ばい	0.525	ja	False	両手|を|つく|て|、|地面|に|腹這い|に|成る|て|、|本当|に|巨大|だ|蛇|の|格好|だ|、|女|の|唇|を|貪る|た|。	腹這い
ja_533	japanese	両手をついて、地面に腹ばいになって、ほんとうに巨大なヘビのかっこうで、女のくちびるをむさぼった。	巨大な	0.175	ja	False	両手|を|つく|て|、|地面|に|腹這い|に|成る|て|、|本当|に|巨大|だ|蛇|の|格好|だ|、|女|の|唇|を|貪る|た|。	巨大|だ
ja_534	japanese	両手をついて、地面に腹ばいになって、ほんとうに巨大なヘビのかっこうで、女のくちびるをむさぼった。	むさぼった	0.825	ja	False	両手|を|つく|て|、|地面|に|腹這い|に|成る|て|、|本当|に|巨大|だ|蛇|の|格好|だ|、|女|の|唇|を|貪る|た|。	貪る|た
ja_535	japanese	日本経済新聞によると、フロリダ半島では、ハリケーンから避難する自動車により高速道路が渋滞している。	ハリケーン	0.05	ja	False	日本|経済|新聞|に|因る|と|、|フロリダ-Florida|半島|で|は|、|ハリケーン-hurricane|から|避難|為る|自動|車|に|因る|高速|道路|が|渋滞|為る|て|居る|。	ハリケーン-hurricane
ja_536	japanese	日本経済新聞によると、フロリダ半島では、ハリケーンから避難する自動車により高速道路が渋滞している。	避難する	0.2	ja	False	日本|経済|新聞|に|因る|と|、|フロリダ-Florida|半島|で|は|、|ハリケーン-hurricane|から|避難|為る|自動|車|に|因る|高速|道路|が|渋滞|為る|て|居る|。	避難|為る
ja_537	japanese	日本経済新聞によると、フロリダ半島では、ハリケーンから避難する自動車により高速道路が渋滞している。	渋滞して	0.3	ja	False	日本|経済|新聞|に|因る|と|、|フロリダ-Florida|半島|で|は|、|ハリケーン-hurricane|から|避難|為る|自動|車|に|因る|高速|道路|が|渋滞|為る|て|居る|。	渋滞|為る|て
ja_538	japanese	前述の通り茅野市は八ヶ岳連峰に入っており、登山の足掛かりとなる場所です。	前述の	0.475	ja	False	前述|の|通り|チノ|市|は|ヤツガタケ|連峰|に|入る|て|居る|、|登山|の|足掛かり|と|成る|場所|です|。	前述|の
ja_539	japanese	前述の通り茅野市は八ヶ岳連峰に入っており、登山の足掛かりとなる場所です。	連峰	0.65	ja	False	前述|の|通り|チノ|市|は|ヤツガタケ|連峰|に|入る|て|居る|、|登山|の|足掛かり|と|成る|場所|です|。	連峰
ja_540	japanese	前述の通り茅野市は八ヶ岳連峰に入っており、登山の足掛かりとなる場所です。	足掛かり	0.675	ja	False	前述|の|通り|チノ|市|は|ヤツガタケ|連峰|に|入る|て|居る|、|登山|の|足掛かり|と|成る|場所|です|。	足掛かり
ja_541	japanese	「あら、日曜なんかで、混雑すること、ありませんのよ。山奥ですもの」	なんかで	0.25	ja	False	「|あら|、|日曜|なんか|だ|、|混雑|為る|事|、|有る|ます|ず|の|よ|。|山奥|です|もの|」	何|か|だ
ja_542	japanese	「あら、日曜なんかで、混雑すること、ありませんのよ。山奥ですもの」	混雑する	0.225	ja	False	「|あら|、|日曜|なんか|だ|、|混雑|為る|事|、|有る|ます|ず|の|よ|。|山奥|です|もの|」	混雑|為る
ja_543	japanese	「あら、日曜なんかで、混雑すること、ありませんのよ。山奥ですもの」	山奥	0.275	ja	False	「|あら|、|日曜|なんか|だ|、|混雑|為る|事|、|有る|ます|ず|の|よ|。|山奥|です|もの|」	山奥
ja_544	japanese	警察大学のやり方にならい、湯気をあててそっと開封する手を思いついたのです。	にならい	0.45	ja	False	警察|大学|の|遣る|方|に|倣う|、|湯気|を|当てる|て|そっと|開封|為る|手|を|思い付く|た|の|です|。	に|倣う
ja_545	japanese	警察大学のやり方にならい、湯気をあててそっと開封する手を思いついたのです。	そっと	0.475	ja	False	警察|大学|の|遣る|方|に|倣う|、|湯気|を|当てる|て|そっと|開封|為る|手|を|思い付く|た|の|です|。	そっと
ja_546	japanese	警察大学のやり方にならい、湯気をあててそっと開封する手を思いついたのです。	開封する	0.35	ja	False	警察|大学|の|遣る|方|に|倣う|、|湯気|を|当てる|て|そっと|開封|為る|手|を|思い付く|た|の|です|。	開封|為る
ja_547	japanese	962名収容可能な「フレアホール」は可動式パネルで分割も可能なため様々な用途で使用でき、フレキシビリティの高いホールとなっている。	収容可能な	0.525	ja	False	962|名|収容|可能|だ|「|フレア-flare|ホール-hall|」|は|可動|式|パネル-panel|で|分割|も|可能|だ|為|様々|だ|用途|で|使用|出来る|、|フレキシビリティー-flexibility|の|高い|ホール-hall|と|成る|て|居る|。	収容|可能|だ
ja_548	japanese	962名収容可能な「フレアホール」は可動式パネルで分割も可能なため様々な用途で使用でき、フレキシビリティの高いホールとなっている。	可動式	0.5	ja	False	962|名|収容|可能|だ|「|フレア-flare|ホール-hall|」|は|可動|式|パネル-panel|で|分割|も|可能|だ|為|様々|だ|用途|で|使用|出来る|、|フレキシビリティー-flexibility|の|高い|ホール-hall|と|成る|て|居る|。	可動|式
ja_549	japanese	962名収容可能な「フレアホール」は可動式パネルで分割も可能なため様々な用途で使用でき、フレキシビリティの高いホールとなっている。	フレキシビリティ	0.075	ja	False	962|名|収容|可能|だ|「|フレア-flare|ホール-hall|」|は|可動|式|パネル-panel|で|分割|も|可能|だ|為|様々|だ|用途|で|使用|出来る|、|フレキシビリティー-flexibility|の|高い|ホール-hall|と|成る|て|居る|。	フレキシビリティー-flexibility
ja_550	japanese	加えて、このような命令をした場合には、その旨が公表されます。	加えて	0.225	ja	False	加える|て|、|此の|様|だ|命令|を|為る|た|場合|に|は|、|其の|旨|が|公表|為る|れる|ます|。	加える|て
ja_551	japanese	加えて、このような命令をした場合には、その旨が公表されます。	旨	0.375	ja	False	加える|て|、|此の|様|だ|命令|を|為る|た|場合|に|は|、|其の|旨|が|公表|為る|れる|ます|。	旨
ja_552	japanese	加えて、このような命令をした場合には、その旨が公表されます。	公表されます	0.2	ja	False	加える|て|、|此の|様|だ|命令|を|為る|た|場合|に|は|、|其の|旨|が|公表|為る|れる|ます|。	公表|為る|れる|ます
ja_553	japanese	ただし実用性は乏しく、航空機を搭載したことはほとんどなく、滑走台も後に撤去されている。	乏しく	0.35	ja	False	但し|実用|性|は|乏しい|、|航空|機|を|搭載|為る|た|事|は|殆ど|無い|、|滑走|台|も|後|に|撤去|為る|れる|て|居る|。	乏しい
ja_554	japanese	ただし実用性は乏しく、航空機を搭載したことはほとんどなく、滑走台も後に撤去されている。	搭載した	0.5	ja	False	但し|実用|性|は|乏しい|、|航空|機|を|搭載|為る|た|事|は|殆ど|無い|、|滑走|台|も|後|に|撤去|為る|れる|て|居る|。	搭載|為る|た
ja_555	japanese	ただし実用性は乏しく、航空機を搭載したことはほとんどなく、滑走台も後に撤去されている。	撤去されて	0.475	ja	False	但し|実用|性|は|乏しい|、|航空|機|を|搭載|為る|た|事|は|殆ど|無い|、|滑走|台|も|後|に|撤去|為る|れる|て|居る|。	撤去|為る|れる|て
ja_556	japanese	所々でおちゃらけているが、彼には彼なりのダンディズムがあり、いざという時は非常に頼りになる人物。	おちゃらけている	0.725	ja	False	所々|で|御|ちゃらける|て|居る|が|、|彼|に|は|彼|形|の|ダンディズム-dandyism|が|有る|、|いざ|と|言う|時|は|非常|だ|頼り|に|成る|人物|。	御|ちゃらける|て|居る
ja_557	japanese	所々でおちゃらけているが、彼には彼なりのダンディズムがあり、いざという時は非常に頼りになる人物。	ダンディズム	0.425	ja	False	所々|で|御|ちゃらける|て|居る|が|、|彼|に|は|彼|形|の|ダンディズム-dandyism|が|有る|、|いざ|と|言う|時|は|非常|だ|頼り|に|成る|人物|。	ダンディズム-dandyism
ja_558	japanese	所々でおちゃらけているが、彼には彼なりのダンディズムがあり、いざという時は非常に頼りになる人物。	いざという時	0.625	ja	False	所々|で|御|ちゃらける|て|居る|が|、|彼|に|は|彼|形|の|ダンディズム-dandyism|が|有る|、|いざ|と|言う|時|は|非常|だ|頼り|に|成る|人物|。	いざ|と|言う|時
ja_559	japanese	小さな波にも足をすくわれ、沖に流されたり、溺れたりすることもあります。	足をすくわれ	0.5	ja	False	小さな|波|に|も|足|を|掬う|れる|、|沖|に|流す|れる|たり|、|溺れる|たり|為る|事|も|有る|ます|。	足|を|掬う|れる
ja_560	japanese	小さな波にも足をすくわれ、沖に流されたり、溺れたりすることもあります。	沖	0.325	ja	False	小さな|波|に|も|足|を|掬う|れる|、|沖|に|流す|れる|たり|、|溺れる|たり|為る|事|も|有る|ます|。	沖
ja_561	japanese	小さな波にも足をすくわれ、沖に流されたり、溺れたりすることもあります。	溺れたり	0.4	ja	False	小さな|波|に|も|足|を|掬う|れる|、|沖|に|流す|れる|たり|、|溺れる|たり|為る|事|も|有る|ます|。	溺れる|たり
ja_562	japanese	断られても、声をかけた人の善意は伝わりますので、がっかりしないでください。	声をかけた	0.125	ja	False	断る|れる|て|も|、|声|を|掛ける|た|人|の|善意|は|伝わる|ます|の|だ|、|がっかり|為る|ない|て|下さる|。	声|を|掛ける|た
ja_563	japanese	断られても、声をかけた人の善意は伝わりますので、がっかりしないでください。	善意	0.275	ja	False	断る|れる|て|も|、|声|を|掛ける|た|人|の|善意|は|伝わる|ます|の|だ|、|がっかり|為る|ない|て|下さる|。	善意
ja_564	japanese	断られても、声をかけた人の善意は伝わりますので、がっかりしないでください。	がっかりしないで	0.075	ja	False	断る|れる|て|も|、|声|を|掛ける|た|人|の|善意|は|伝わる|ます|の|だ|、|がっかり|為る|ない|て|下さる|。	がっかり|為る|ない|て
ja_565	japanese	どちらにも抵抗感やぎこちなさや、気まずい感じなどはなかった。	抵抗感	0.375	ja	False	何方|に|も|抵抗|感|や|ぎこちない|さ|や|、|気まずい|感じ|など|は|無い|た|。	抵抗|感
ja_566	japanese	どちらにも抵抗感やぎこちなさや、気まずい感じなどはなかった。	ぎこちなさ	0.825	ja	False	何方|に|も|抵抗|感|や|ぎこちない|さ|や|、|気まずい|感じ|など|は|無い|た|。	ぎこちない|さ
ja_567	japanese	どちらにも抵抗感やぎこちなさや、気まずい感じなどはなかった。	気まずい	0.2	ja	False	何方|に|も|抵抗|感|や|ぎこちない|さ|や|、|気まずい|感じ|など|は|無い|た|。	気まずい
ja_568	japanese	しかしゴジラは日本に牙を向くかの如く、今度は首都東京への侵攻を開始した。	牙を向く	0.525	ja	False	然し|ゴジラ|は|日本|に|牙|を|向く|か|の|ごとし|、|今度|は|首都|トウキョウ|へ|の|侵攻|を|開始|為る|た|。	牙|を|向く
ja_569	japanese	しかしゴジラは日本に牙を向くかの如く、今度は首都東京への侵攻を開始した。	如く	0.65	ja	False	然し|ゴジラ|は|日本|に|牙|を|向く|か|の|ごとし|、|今度|は|首都|トウキョウ|へ|の|侵攻|を|開始|為る|た|。	ごとし
ja_570	japanese	しかしゴジラは日本に牙を向くかの如く、今度は首都東京への侵攻を開始した。	侵攻	0.4	ja	False	然し|ゴジラ|は|日本|に|牙|を|向く|か|の|ごとし|、|今度|は|首都|トウキョウ|へ|の|侵攻|を|開始|為る|た|。	侵攻
ja_571	japanese	何時がきたから今日はこれでおしまいなどは、教育者の考える事ではないぞ、と述べている。	おしまい	0.025	ja	False	何|時|が|来る|た|から|今日|は|此れ|で|御|仕舞い|など|は|、|教育|者|の|考える|事|で|は|無い|ぞ|、|と|述べる|て|居る|。	御|仕舞い
ja_572	japanese	何時がきたから今日はこれでおしまいなどは、教育者の考える事ではないぞ、と述べている。	教育者	0.15	ja	False	何|時|が|来る|た|から|今日|は|此れ|で|御|仕舞い|など|は|、|教育|者|の|考える|事|で|は|無い|ぞ|、|と|述べる|て|居る|。	教育|者
ja_573	japanese	何時がきたから今日はこれでおしまいなどは、教育者の考える事ではないぞ、と述べている。	述べて	0.15	ja	False	何|時|が|来る|た|から|今日|は|此れ|で|御|仕舞い|など|は|、|教育|者|の|考える|事|で|は|無い|ぞ|、|と|述べる|て|居る|。	述べる|て
ja_574	japanese	「時節柄、余りぱっとせんように、云う趣意かも知れんな」	時節柄	0.7	ja	False	「|時節|柄|、|余り|ぱっ|と|為る|ず|様|だ|、|言う|趣意|か|も|知れる|ず|な|」	時節|柄
ja_575	japanese	「時節柄、余りぱっとせんように、云う趣意かも知れんな」	ぱっとせん	0.775	ja	False	「|時節|柄|、|余り|ぱっ|と|為る|ず|様|だ|、|言う|趣意|か|も|知れる|ず|な|」	ぱっ|と|為る|ず
ja_576	japanese	「時節柄、余りぱっとせんように、云う趣意かも知れんな」	趣意	0.6	ja	False	「|時節|柄|、|余り|ぱっ|と|為る|ず|様|だ|、|言う|趣意|か|も|知れる|ず|な|」	趣意
ja_577	japanese	このツアーは、事件とそれに関与した人々を広く知らしめるべく企画された。	関与した	0.425	ja	False	此の|ツアー-tour|は|、|事件|と|其れ|に|関与|為る|た|人々|を|広い|知る|しめる|べし|企画|為る|れる|た|。	関与|為る|た
ja_578	japanese	このツアーは、事件とそれに関与した人々を広く知らしめるべく企画された。	知らしめる	0.45	ja	False	此の|ツアー-tour|は|、|事件|と|其れ|に|関与|為る|た|人々|を|広い|知る|しめる|べし|企画|為る|れる|た|。	知る|しめる
ja_579	japanese	このツアーは、事件とそれに関与した人々を広く知らしめるべく企画された。	企画された	0.225	ja	False	此の|ツアー-tour|は|、|事件|と|其れ|に|関与|為る|た|人々|を|広い|知る|しめる|べし|企画|為る|れる|た|。	企画|為る|れる|た
ja_580	japanese	なお、改正により電子取引データの保存義務が2年間猶予されることになった。	改正	0.325	ja	False	猶|、|改正|に|因る|電子|取り引き|データ-data|の|保存|義務|が|2|年間|猶予|為る|れる|事|に|成る|た|。	改正
ja_581	japanese	なお、改正により電子取引データの保存義務が2年間猶予されることになった。	保存義務	0.275	ja	False	猶|、|改正|に|因る|電子|取り引き|データ-data|の|保存|義務|が|2|年間|猶予|為る|れる|事|に|成る|た|。	保存|義務
ja_582	japanese	なお、改正により電子取引データの保存義務が2年間猶予されることになった。	猶予される	0.675	ja	False	猶|、|改正|に|因る|電子|取り引き|データ-data|の|保存|義務|が|2|年間|猶予|為る|れる|事|に|成る|た|。	猶予|為る|れる
ja_583	japanese	今後とも、高い独立性を有する原子力規制委員会が厳格に規制を行っていくという方針は変わりません。	有する	0.275	ja	False	今後|共|、|高い|独立|性|を|有する|原子|力|規制|委員|会|が|厳格|だ|規制|を|行う|て|行く|と|言う|方針|は|変わる|ます|ず|。	有する
ja_584	japanese	今後とも、高い独立性を有する原子力規制委員会が厳格に規制を行っていくという方針は変わりません。	厳格に	0.525	ja	False	今後|共|、|高い|独立|性|を|有する|原子|力|規制|委員|会|が|厳格|だ|規制|を|行う|て|行く|と|言う|方針|は|変わる|ます|ず|。	厳格|だ
ja_585	japanese	今後とも、高い独立性を有する原子力規制委員会が厳格に規制を行っていくという方針は変わりません。	方針	0.25	ja	False	今後|共|、|高い|独立|性|を|有する|原子|力|規制|委員|会|が|厳格|だ|規制|を|行う|て|行く|と|言う|方針|は|変わる|ます|ず|。	方針
ja_586	japanese	一方で、不適切なサイトなどにアクセスし、犯罪やトラブルに巻き込まれるケースも絶えません。	不適切な	0.225	ja	False	一方|で|、|不|適切|だ|サイト-site|など|に|アクセス-access|為る|、|犯罪|や|トラブル-trouble|に|巻き込む|れる|ケース-case|も|絶える|ます|ず|。	不|適切|だ
ja_587	japanese	一方で、不適切なサイトなどにアクセスし、犯罪やトラブルに巻き込まれるケースも絶えません。	巻き込まれる	0.175	ja	False	一方|で|、|不|適切|だ|サイト-site|など|に|アクセス-access|為る|、|犯罪|や|トラブル-trouble|に|巻き込む|れる|ケース-case|も|絶える|ます|ず|。	巻き込む|れる
ja_588	japanese	一方で、不適切なサイトなどにアクセスし、犯罪やトラブルに巻き込まれるケースも絶えません。	絶えません	0.45	ja	False	一方|で|、|不|適切|だ|サイト-site|など|に|アクセス-access|為る|、|犯罪|や|トラブル-trouble|に|巻き込む|れる|ケース-case|も|絶える|ます|ず|。	絶える|ます|ず
ja_589	japanese	正常に妊娠するためには、卵子が順調に発育すること。	妊娠する	0.075	ja	False	正常|だ|妊娠|為る|為|に|は|、|卵子|が|順調|だ|発育|為る|事|。	妊娠|為る
ja_590	japanese	正常に妊娠するためには、卵子が順調に発育すること。	順調に	0.125	ja	False	正常|だ|妊娠|為る|為|に|は|、|卵子|が|順調|だ|発育|為る|事|。	順調|だ
ja_591	japanese	正常に妊娠するためには、卵子が順調に発育すること。	発育する	0.4	ja	False	正常|だ|妊娠|為る|為|に|は|、|卵子|が|順調|だ|発育|為る|事|。	発育|為る
ja_592	japanese	例えば、視野が狭くなったり、記憶力・判断力が低下したり、筋力が衰えたり、反射神経が鈍くなったり…。	視野	0.325	ja	False	例えば|、|視野|が|狭い|成る|たり|、|記憶|力|・|判断|力|が|低下|為る|たり|、|筋力|が|衰える|たり|、|反射|神経|が|鈍い|成る|たり|…|。	視野
ja_593	japanese	例えば、視野が狭くなったり、記憶力・判断力が低下したり、筋力が衰えたり、反射神経が鈍くなったり…。	衰えたり	0.525	ja	False	例えば|、|視野|が|狭い|成る|たり|、|記憶|力|・|判断|力|が|低下|為る|たり|、|筋力|が|衰える|たり|、|反射|神経|が|鈍い|成る|たり|…|。	衰える|たり
ja_594	japanese	例えば、視野が狭くなったり、記憶力・判断力が低下したり、筋力が衰えたり、反射神経が鈍くなったり…。	鈍く	0.425	ja	False	例えば|、|視野|が|狭い|成る|たり|、|記憶|力|・|判断|力|が|低下|為る|たり|、|筋力|が|衰える|たり|、|反射|神経|が|鈍い|成る|たり|…|。	鈍い
ja_595	japanese	この不正取引の情報はチケット販売委託会社の幹部がやりとりした電子メールにより判明した。	チケット販売委託会社	0.25	ja	False	此の|不正|取り引き|の|情報|は|チケット-ticket|販売|委託|会社|の|幹部|が|遣り取り|為る|た|電子|メール-mail|に|因る|判明|為る|た|。	チケット-ticket|販売|委託|会社
ja_596	japanese	この不正取引の情報はチケット販売委託会社の幹部がやりとりした電子メールにより判明した。	幹部	0.375	ja	False	此の|不正|取り引き|の|情報|は|チケット-ticket|販売|委託|会社|の|幹部|が|遣り取り|為る|た|電子|メール-mail|に|因る|判明|為る|た|。	幹部
ja_597	japanese	この不正取引の情報はチケット販売委託会社の幹部がやりとりした電子メールにより判明した。	やりとりした	0.175	ja	False	此の|不正|取り引き|の|情報|は|チケット-ticket|販売|委託|会社|の|幹部|が|遣り取り|為る|た|電子|メール-mail|に|因る|判明|為る|た|。	遣り取り|為る|た
ja_598	japanese	うち2回はこれ以上ないほどの完璧な失敗に終わった。	うち	0.25	ja	False	内|2|回|は|此れ|以上|無い|ほど|の|完璧|だ|失敗|に|終わる|た|。	内
ja_599	japanese	うち2回はこれ以上ないほどの完璧な失敗に終わった。	これ以上ない	0.275	ja	False	内|2|回|は|此れ|以上|無い|ほど|の|完璧|だ|失敗|に|終わる|た|。	此れ|以上|無い
ja_600	japanese	うち2回はこれ以上ないほどの完璧な失敗に終わった。	完璧な	0.125	ja	False	内|2|回|は|此れ|以上|無い|ほど|の|完璧|だ|失敗|に|終わる|た|。	完璧|だ
