file	language	correlation	corr_tubelex	n	n_missing	corr_without_missing
spanish_lcp_labels	Spanish	-0.5866674613669746	0.9524809641567933	593	11	-0.5783877788618862
english_lcp_labels	English	-0.748900412870658	0.9439891839635255	570	34	-0.6761635676113321
