file	language	Pearson's r	MAE	MSE	R2
english_lcp_labels	English	0.7259279394527807	0.09758998494377367	0.017906690797211952	0.5125675844699829
