file	language	Pearson's r	MAE	MSE	R2
spanish_lcp_labels	Spanish	0.5179421848397787	0.1422727823740493	0.029577093664454653	0.16315449151397265
english_lcp_labels	English	0.6413772815715435	0.10812022563809848	0.02447723436594998	0.33371287818590223
japanese_lcp_labels	Japanese	0.5816421068109418	0.1341983676844891	0.029018452300853263	0.32783816858087933
