file	language	Pearson's r	MAE	MSE	R2
spanish_lcp_labels	Spanish	0.6035914912871118	0.12264512682775705	0.023758012447765535	0.3277978481245649
english_lcp_labels	English	0.7656697736277327	0.09568489510806426	0.016438258358179837	0.5525393234644096
japanese_lcp_labels	Japanese	0.6612570694981776	0.12780806959468102	0.02567085965486533	0.4053793131065737
