file	language	Pearson's r	MAE	MSE	R2
spanish_lcp_labels	Spanish	-0.5161410317151635	0.18079536308554717	0.04428855671552189	-0.2530872771064252
