file	language	Pearson's r	MAE	MSE	R2
english_lcp_labels	English	0.7013313682073328	0.10014863262503108	0.01929233800812187	0.47484931621287907
