file	language	correlation	corr_tubelex	n	n_missing	corr_without_missing
spanish_lcp_labels	Spanish	-0.5589919403549046	0.9325704113154162	593	5	-0.5530930238753569
english_lcp_labels	English	-0.7614851898408335	0.963269672150815	570	6	-0.7629640749631917
japanese_lcp_labels	Japanese	-0.6053213462391912	0.8538746084325012	570	4	-0.605389920555602
