file	language	Pearson's r	MAE	MSE	R2
japanese_lcp_labels	Japanese	0.5278455940919549	0.1462204753592591	0.03343424611537809	0.22555400722148966
