file	language	Pearson's r	MAE	MSE	R2
japanese_lcp_labels	Japanese	0.5777914797107249	0.1345335373113044	0.0293249027752417	0.3207397778752479
