file	language	Pearson's r	MAE	MSE	R2
spanish_lcp_labels	Spanish	0.5877020930900111	0.12498343813913493	0.02447157628740877	0.30760848465978596
english_lcp_labels	English	0.7644871394947668	0.09569582994312908	0.016458881150946094	0.5519779568888167
