file	language	Pearson's r	MAE	MSE	R2
spanish_lcp_labels	Spanish	0.6268369833282316	0.14531252693033203	0.02933107263617306	0.17011533745936014
