file	language	correlation	corr_tubelex	n	n_missing	corr_without_missing
spanish_lcp_labels	Spanish	-0.5044129036501974	0.7804803589280421	593	204	-0.3872587425013812
english_lcp_labels	English	-0.6391511006225111	0.8325373774580336	570	123	-0.5180979069882088
