file	language	Pearson's r	MAE	MSE	R2
spanish_lcp_labels	Spanish	-0.4541363691769616	0.18097927063884262	0.04436558735368637	-0.2552667591168982
english_lcp_labels	English	0.6508546468796509	0.10862732403474919	0.023318374312730185	0.36525784433286423
japanese_lcp_labels	Japanese	0.48704472106364943	0.14884793142115432	0.03318822870523149	0.23125257140577804
