file	language	Pearson's r	MAE	MSE	R2
spanish_lcp_labels	Spanish	0.5082619439194311	0.13752052628594988	0.028757271128975054	0.18635030697694466
