file	language	Pearson's r	MAE	MSE	R2
japanese_lcp_labels	Japanese	0.6344993787369102	0.1351069122298127	0.028370827675832894	0.3428392633847195
