file	language	Pearson's r	MAE	MSE	R2
english_lcp_labels	English	0.7013313682073334	0.10014863262503108	0.019292338008121857	0.4748493162128794
