file	language	Pearson's r	MAE	MSE	R2
spanish_lcp_labels	Spanish	0.6026628910519397	0.12392468513245161	0.023973073163408663	0.3217129840747198
english_lcp_labels	English	0.7544277936165025	0.09351698322515341	0.016327801270135323	0.5555460412241384
japanese_lcp_labels	Japanese	0.642944400271599	0.13003755858795085	0.026415488204252473	0.38813129159619464
