file	language	correlation	corr_tubelex	n	n_missing	corr_without_missing
spanish_lcp_labels	Spanish	-0.6026628910519393	0.9791503143969371	593	11	-0.5958586072401458
english_lcp_labels	English	-0.7494522042402278	0.9437975839561298	570	34	-0.6770484747904298
japanese_lcp_labels	Japanese	-0.6429444002715989	0.9715552397922814	570	9	-0.6387853892767034
