file	language	Pearson's r	MAE	MSE	R2
japanese_lcp_labels	Japanese	0.5651827832193169	0.13552625606824215	0.029955674468961222	0.30612905182886285
