file	language	Pearson's r	MAE	MSE	R2
spanish_lcp_labels	Spanish	0.6501491470849452	0.12777294259637131	0.02478696945171933	0.29868484408999996
english_lcp_labels	English	0.7577959207088233	0.09401028400928185	0.016134290349729952	0.5608135413129495
japanese_lcp_labels	Japanese	0.6215867063925269	0.14728173143571563	0.033081000666350203	0.23373632189138915
