file	language	Pearson's r	MAE	MSE	R2
spanish_lcp_labels	Spanish	0.5589919403549051	0.12933876911004383	0.02588468942317402	0.26762628106454445
english_lcp_labels	English	0.7625755384850283	0.09184428889152205	0.0155211644345762	0.5775032496031031
japanese_lcp_labels	Japanese	0.6053213462391909	0.1324591659122932	0.02745028535904521	0.3641620204751318
