file	language	Pearson's r	MAE	MSE	R2
japanese_lcp_labels	Japanese	0.6096264341083444	0.13355975212451293	0.028112329612804413	0.34882692012333927
