file	language	Pearson's r	MAE	MSE	R2
spanish_lcp_labels	Spanish	0.5045520254718262	0.14492189949502854	0.030576449949445503	0.13487900143507636
english_lcp_labels	English	0.6411239653111465	0.1081622043826367	0.02450201272684306	0.3330383941933116
