file	language	Pearson's r	MAE	MSE	R2
english_lcp_labels	English	0.7173693819039385	0.10565488717434275	0.022875479297289926	0.37731375067798645
