file	language	Pearson's r	MAE	MSE	R2
japanese_lcp_labels	Japanese	0.6628835009364135	0.12487067360611606	0.02487537311604367	0.4238053712319376
